title,author,url,description,host_platform,language,image,dateAdded,id,status,link,timeAdded,contentHash,itunesId,source,dead,is_corporate
Money Chats & Mishaps,FAM Brokers,https://feeds.transistor.fm/money-chats-mishaps,"<p>Join us as we explore lending, loans, and investing essentials, sharing real stories (and a few financial blunders) along the way. We demystify the complexities of money and offer practical tips to boost your financial confidence—all without the jargon. Perfect for anyone eager to laugh and learn about managing their finances!</p>",Transistor,en,https://img.transistorcdn.com/dD5uCvXdaDuMvuqNZLLWOZh6ONqB-F6gKrcL5S8xdwQ/rs:fill:0:0:1/w:1400/h:1400/q:60/mb:500000/aHR0cHM6Ly9pbWct/dXBsb2FkLXByb2R1/Y3Rpb24udHJhbnNp/c3Rvci5mbS8wYWY4/OWY3ZTc1MDNmYmRi/N2NmMmQ4NTUwNWY1/YmYyNS5wbmc.jpg,2026-08-11 08:35:52,7987695,confirmed,https://rss.com/podcasts/money-chats-mishaps,1786437352,380686fc690fee78463c8d783ad1da31,,4,0,INDIVIDUAL
Big people t,Addai,https://rss.buzzsprout.com/2633718.rss,<p>About Addai's Journey from Jbay to PE</p>,Buzzsprout,en-us,https://storage.buzzsprout.com/quffv9y64soxslew89jffnocrjcw?.jpg,2026-08-11 08:32:51,7987694,confirmed,,1786437171,2af3483d527bb43fe5acc0e790d8fc19,,4,0,INDIVIDUAL
The Echo Chamber,The Echo Chamber,https://feeds.megaphone.fm/CTTII7119977755,"<li><p>A deep dive into the latest trends, industry insights, and creative forces shaping the modern music landscape.</p>
</li>",Megaphone,en,"https://megaphone.imgix.net/podcasts/43845c1a-8224-11f1-a3a8-b318030fa100/image/580b922a9b74f00fff2f90892c0598a0.png?ixlib=rails-4.3.1&max-w=3000&max-h=3000&fit=crop&auto=format,compress",2026-08-11 08:30:58,7987692,confirmed,,1786437058,a17f77bef02e6c06aef4b4f698b318e3,6792131335.0,2,0,CORPORATE
Midnight Horror Stories,Midnight Horror Stories,https://www.spreaker.com/show/7255214/episodes/feed,"Midnight Horror Stories é um podcast dedicado a histórias assustadoras, mistérios inexplicáveis, lendas sombrias e relatos que vão arrepiar até os mais corajosos. 🌙👻<br /><br />Prepare-se para entrar num mundo de suspense, terror e mistério, onde cada episódio traz uma nova história para ouvir no silêncio da noite.<br /><br />Midnight Horror Stories — True Stories. Dark Nights. Endless Fear.",Spreaker,en,https://d3wo5wojvuv7l.cloudfront.net/t_rss_itunes_square_1400/images.spreaker.com/original/6aba398677ef86053592ab6143e82b0f.jpg,2026-08-11 08:30:13,7987691,confirmed,https://www.spreaker.com/podcast/midnight-horror-stories--7255214,1786437013,a6c8831545f2e60134226ae91a633003,,4,0,INDIVIDUAL
World Poadcasts,Carsonree,https://www.spreaker.com/show/7255213/episodes/feed,"Welcome to World Podcasts, where global voices connect through powerful conversations, insights, and stories. We are dedicated to creating high-quality podcast content that helps brands, businesses, and creators reach audiences worldwide. Our platform focuses on innovation, digital growth, entrepreneurship, technology, and modern business trends. Through professional podcast publishing and worldwide distribution, we help increase online visibility, authority, and audience engagement.",Spreaker,en,https://d3wo5wojvuv7l.cloudfront.net/t_rss_itunes_square_1400/images.spreaker.com/original/4c5d8308b1a93412affff7400a11ee17.jpg,2026-08-11 08:29:00,7987690,confirmed,https://www.spreaker.com/podcast/world-poadcasts--7255213,1786436940,5e7e02d7b39184928fcdb9575660fde6,,4,0,INDIVIDUAL
CopyFonty - Fonts & Typography,Shahbakht Khan,https://anchor.fm/s/115db9208/podcast/rss,"CopyFonty is a resource for exploring fonts, typography, and creative text tools. Learn about font styles, typography basics, font selection, readability, and useful ways to identify fonts used on websites. We share practical tips for designers, developers, content creators, and anyone interested in better web typography. Explore more font and typography tools at https://copyfonty.com/",Anchor,en,https://d3t3ozftmdmh3i.cloudfront.net/staging/podcast_uploaded_nologo/46516786/46516786-1786278563528-1e24c5f9cae07.jpg,2026-08-11 08:28:57,7987689,confirmed,https://podcasters.spotify.com/pod/show/shahbakht-khan9,1786436937,7a994b9482186696664c574d102fbca9,,0,0,INDIVIDUAL
2026 Pietermaritzburg ijtima,IJTIMA COLLECTION,https://www.spreaker.com/show/7255145/episodes/feed,2026 Pietermaritzburg ijtima Program Collection,Spreaker,en,https://d3wo5wojvuv7l.cloudfront.net/t_rss_itunes_square_1400/images.spreaker.com/original/f4f01cd93315739e5480e5202b0ba5f2.jpg,2026-08-11 08:26:37,7987688,confirmed,https://www.spreaker.com/podcast/2026-pietermaritzburg-ijtima--7255145,1786436797,0c953a0cdb6e23bf4b548ea983a98309,,4,0,INDIVIDUAL
Quiet Healing Prayer,Quiet Healing Prayer,https://anchor.fm/s/11555ff80/podcast/rss,"Find peace, hope, and strength through prayer. God bless you.",Anchor,en,https://d3t3ozftmdmh3i.cloudfront.net/staging/podcast_uploaded_nologo/46429248/46429248-1785058940336-32a68b83c2c4d.jpg,2026-08-11 08:09:10,7987684,confirmed,https://podcasters.spotify.com/pod/show/cin-dy,1786435750,ca8fd5ef444d725ef6776e399b4cbde8,6794827933.0,2,0,INDIVIDUAL
fal Podcast,Matt Workman,https://feeds.libsyn.com/627370/rss,"GenMedia Podcast hosted by Matt Workman, Creative Technologist at fal.",Libsyn,en,https://static.libsyn.com/p/assets/0/a/a/4/0aa42c8aff958af716c3140a3186d450/fal_whiteOnBlack_01.jpg,2026-08-11 08:01:48,7987681,confirmed,https://www.falpodcast.com/,1786435308,c2bc5cae6cc5c463d5040aa063d8cddf,6799320720.0,2,0,INDIVIDUAL
The Miss Molly Show,The Miss Molly Show,https://anchor.fm/s/11584bfdc/podcast/rss,"Where Gen X dating gets real. Love, laughs, stories, and zero filter. For those who still got it, and know it. 🔥
Miss Molly is proof that change doesn’t arrive fully formed, it unfolds. For Gen Xers trying to untangle their dating and relationship lives, she offers perspective shaped by experience, not perfection. She knows what it is to get it wrong, and what it takes to start getting it right.
If you’re ready for practical strategies and feral honesty delivered with compassion, clarity, and a sense of humor, welcome to the connection and communion that is The Miss Molly Show.",Anchor,en-us,https://d3t3ozftmdmh3i.cloudfront.net/staging/podcast_uploaded_nologo/46459887/46459887-1785448595029-c24d34ed636c.jpg,2026-08-11 08:00:23,7987680,confirmed,https://missmollyshow.com/,1786435223,683fdbc67b17aa98f87283c0e549d686,6799131241.0,2,0,CORPORATE
The Cheat Code,Isabella Mueller,https://anchor.fm/s/114b1c8d4/podcast/rss,"Welcome to The Cheat Code! Looking for a Christian big sister who’s figuring out life alongside you? I got you! Together, we’ll blend biblical truth, practical advice, and psychology to help you navigate the everyday struggles of your 20s.",Anchor,en-us,https://d3t3ozftmdmh3i.cloudfront.net/staging/podcast_uploaded_nologo/46321629/46321629-1783572075394-32cb02e413edc.jpg,2026-08-11 07:55:49,7987677,confirmed,https://podcasters.spotify.com/pod/show/isabella248,1786434949,4eeacc5660943819f6a7b7b15ba300a4,6799325013.0,2,0,INDIVIDUAL
Morning with God,Powerful Girl Broadcast,https://anchor.fm/s/1152addb4/podcast/rss,"Start your day with faith. Grow in His love. Walk in His purpose.
Morning with God is a devotional podcast from Powerful Girl Broadcast, bringing you short episodes filled with faith, encouragement, and inspiration. Each message is designed to help you pause, reflect, and begin your day with God, no matter where life takes you.
Faith • Encouragement • Inspiration.",Anchor,en-us,https://d3t3ozftmdmh3i.cloudfront.net/staging/podcast_uploaded_nologo/46400981/46400981-1784742196168-a3504941efdf1.jpg,2026-08-11 07:55:04,7987676,confirmed,https://podcasters.spotify.com/pod/show/powerful-girl-broadcast8,1786434904,7faed92573b80a4569c2e458bb78142e,6793235522.0,2,0,CORPORATE
The Back Post,joehanks46,https://anchor.fm/s/fd05f1b0/podcast/rss,Just two guys chewing the fat about hockey in New Zealand! The unofficial.,Anchor,en,https://d3t3ozftmdmh3i.cloudfront.net/staging/podcast_uploaded_nologo/42350252/42350252-1786223194407-32d95366cd37f.jpg,2026-08-11 07:44:25,7987670,confirmed,https://podcasters.spotify.com/pod/show/joehanks46,1786434265,b3a36b177e6090b96fccafe4e9889446,1777369346.0,2,0,INDIVIDUAL
Discussing Theme Parks,Dylan Stewart,https://feeds.acast.com/public/shows/6a792349aa557e62dc065247,A Disney adult and a themed entertainment fanatic respectfully disagree about worldwide theme parks. <hr><p style='color:grey; font-size:0.75em;'> Hosted on Acast. See <a style='color:grey;' target='_blank' rel='noopener noreferrer' href='https://acast.com/privacy'>acast.com/privacy</a> for more information.</p>,Acast,en,https://assets.pippa.io/shows/6a792349aa557e62dc065247/1786433300750-908ed061-dbbe-4b9c-b456-b2e708ab68ad.jpeg,2026-08-11 07:36:16,7987664,confirmed,https://shows.acast.com/discussing-theme-parks,1786433776,fdad0e174fa992863d4169305facca89,,0,0,INDIVIDUAL
Best Teeth Whitening Bristol,bristoldentist25,https://www.spreaker.com/show/7255080/episodes/feed,"Individuals searching for the Best Teeth Whitening Bristol services often look for a dental practice that combines professional care with outstanding results. Optima Dental Office has earned recognition for providing advanced teeth whitening treatments designed to safely remove stains and restore a naturally brighter smile. Whether discoloration is caused by coffee, tea, tobacco, or everyday aging, the experienced dental team offers personalized solutions that help patients achieve noticeable improvements while protecting tooth enamel. Using modern whitening techniques and high-quality materials, Optima Dental Office focuses on delivering comfortable treatments with long-lasting results. Every patient receives a thorough dental assessment before treatment, ensuring the whitening process is suitable for their oral health needs. The practice is known for its patient-focused approach, welcoming environment, and commitment to delivering exceptional cosmetic dental care. For further details, visit: https://optimadentaloffice.com/services/teeth-whitening/",Spreaker,en,https://d3wo5wojvuv7l.cloudfront.net/t_rss_itunes_square_1400/images.spreaker.com/original/df91e4b191a695c38d617e620884ff46.jpg,2026-08-11 07:24:21,7987656,confirmed,https://www.spreaker.com/podcast/best-teeth-whitening-bristol--7255080,1786433061,a5ad4144657a72d63b6875945f8565fb,,4,0,INDIVIDUAL
The Bodhrán Beat,Russel Duke,https://www.spreaker.com/show/7255046/episodes/feed,"Bridget Drums - <a href=""https://bodhran.ca"" target=""_blank"" rel=""noreferrer noopener"">https://bodhran.ca</a>, crafts premium handmade bodhran drums in Canada for musicians around the world. Founded in 1996, each custom-built bodhrán combines select Canadian maple, quality goat skin, precise tuning systems, and skilled woodworking. Designed for beginners, traditional Irish musicians, professional performers, and world percussionists, Bridget Drums also offers bodhrán tippers and accessories.",Spreaker,en,https://d3wo5wojvuv7l.cloudfront.net/t_rss_itunes_square_1400/images.spreaker.com/original/5584f3e655bc24f30eabcf7377f7ebb4.jpg,2026-08-11 07:12:39,7987643,confirmed,https://bodhran.ca,1786432359,91595192fc32f43c08271f36bc922618,,4,0,INDIVIDUAL
Gr8ful Things,Tamyra,https://rss.buzzsprout.com/2538612.rss,"<p><b>Making the Most of Every Day!</b></p><p><br></p><p><b>Do we truly appreciate the positive events, moments, and people in our lives? Join Andrew and Tamyra Telles as they host discussions that encourage us to find gratitude in life's journey, through all its ups and downs. This podcast was created after Andrew received a Stage 4 cancer diagnosis with a prognosis of one year to live, inspiring them to cherish every moment.</b></p><p><b><br></b><br></p>",Buzzsprout,en-us,https://storage.buzzsprout.com/dk27yqdtpo0wg8h10e80ng274aqp?.jpg,2026-08-11 06:56:33,7987638,confirmed,,1786431393,31d0176b25ef884c39f68dff80a8bda8,,4,0,INDIVIDUAL
Full Throstle Podcast 1 - Andy Hunt,Steve Tudgay,https://rss.buzzsprout.com/2636381.rss,"<p>Full Throstle's first podcast features a new season preview chat with Albion luminary Andy Hunt. The striker signed for just £100,000 from Newcastle in March 1993 went on to lead Albion's surge to promotion at Wembley under Ossie Ardiles. Here Hunt and host Steve Tudgay discuss Albion's new goalscoring star Jimmy-Jay Morgan, the importance of the club academy set up - and assess James Morrison's chances of launching another promotion challenge. </p>",Buzzsprout,en-gb,https://storage.buzzsprout.com/cy1tbcioz7z9d3t0x05tcnmdcj54?.jpg,2026-08-11 06:56:16,7987637,confirmed,https://www.buzzsprout.com/2636381,1786431376,b68a4f767dfaaf544de5df4eb6987337,,4,0,INDIVIDUAL
PREVIO,DataLAB by ptagroup,https://rss.buzzsprout.com/2633728.rss,"<p>PREVIO is your weekly summary of the latest news from the world of online marketing, brought to you by the digital marketing agency ptagroup. Every week, we summarize the most important developments in campaigns, tools, AI trends, and the world of data. PREVIO is here for you if you don’t have the time or inclination to follow dozens of different sources but still want to stay on top of what’s happening in the online world. Stay in the loop and get the advantage you need.<br><br>PREVIO is created by DataLAB by ptagroup</p>",Buzzsprout,en,https://storage.buzzsprout.com/e00o874t5zwgn16j58qn16lp7hfp?.jpg,2026-08-11 06:54:39,7987635,confirmed,,1786431279,6a4641b87284c384d1fa040b8a1f10e6,,4,0,INDIVIDUAL
ChristianJCreations Podcast,ChristianJCreations,https://anchor.fm/s/115125ca8/podcast/rss,"Welcome to the ChristianJCreations Podcast, where faith meets everyday life. Through biblical conversations, practical discipleship, workshops, Bible studies, and encouraging discussions, we help individuals and families grow closer to Christ. Whether you’re a husband, father, parent, teacher, ministry leader, or simply seeking a deeper relationship with God, each episode is designed to equip, encourage, and inspire you to live out your faith by serving God and serving others.",Anchor,en,https://d3t3ozftmdmh3i.cloudfront.net/staging/podcast_uploaded_nologo/46384922/46384922-1784414570319-24706694aaec3.jpg,2026-08-11 06:49:47,7987632,confirmed,https://podcasters.spotify.com/pod/show/christianjcreations4,1786430987,f422ba6c3d1f9f656b6552e8c9a7962f,6799438064.0,2,0,INDIVIDUAL
The Emmaus Podcast,Jason Ouellette and Evan Zenobia,https://anchor.fm/s/112c2f82c/podcast/rss,"The Emmaus Podcast’s purpose is to see how all of scripture points toward Jesus.
There may not be a moment I envy more than the road to Emmaus.
On Resurrection day, two men are walking home from Jerusalem. Unbeknownst to them, Jesus walks up and joins their journey. Luke records for us, that beginning with Moses and all the Prophets, Jesus began to interpret to them in all the Scriptures the things concerning Himself. Just imagine the power of that conversation!
The Lord Himself opens His Word, showing them how every promise, every sacrifice, every story is fulfilled through Him.",Anchor,en,https://d3t3ozftmdmh3i.cloudfront.net/staging/podcast_uploaded_nologo/45997347/45997347-1779155870674-0406496366694.jpg,2026-08-11 06:49:44,7987631,confirmed,http://Theemmauspodcast.com,1786430984,0f2fb358c1ca789c569bd605842c6e6d,6798854204.0,2,0,CORPORATE
Klondike Cornerstones,Dawson City Chamber of Commerce,https://rss.buzzsprout.com/2630159.rss,<p>Discover first-hand about what it takes to run a successful small business in the Klondike by listening to the podcast that takes you behind the scenes of some of Dawson’s iconic businesses and the people behind them.</p>,Buzzsprout,en-us,https://storage.buzzsprout.com/olhn7qvqhu8ztautamekums13u19?.jpg,2026-08-11 06:39:06,7987628,confirmed,https://www.buzzsprout.com/2630159,1786430346,1acdbda010d0822d272d7aad0636a226,,4,0,CORPORATE
Braves Blueprint,Ben Weaver,https://anchor.fm/s/115a0bde0/podcast/rss,Ever wondered about who the next wave of Atlanta Braves Superstars are? Well Ben and Ryan have you covered! Braves Blueprint goes over EVERYTHING Atlanta Braves Minor League related and we keep you in the know on all the best up and coming prospects!,Anchor,en-us,https://d3t3ozftmdmh3i.cloudfront.net/staging/podcast_uploaded_nologo/46478232/46478232-1785725600510-d92f65837802d.jpg,2026-08-11 06:39:04,7987627,confirmed,https://podcasters.spotify.com/pod/show/braves-blueprint4,1786430344,d5edf92306cc8042a922fb30a683876c,6799819260.0,2,0,INDIVIDUAL
A Dope Talk Podcast,YOLGBTRAPS.COM,https://rss.buzzsprout.com/1752392.rss,"A Dope Talk is an exclusive interview-esq conversation with some of the dopest artists in LGBT Hip-Hop. Our goal is to introduce and connect LGBT creators, primarily STUDS/Doms/Aggressives of color, to build outside social media. This season Khaosdarapper and Jazi-Mo focus on the artistry and the why's behind their passions through creative conversation and random dope shit. While music is our forte, the focus here is on LGBT Hip-Hop culture, so we extend the welcome to anyone who's dope and wants to talk.",Buzzsprout,en-us,https://d3t3ozftmdmh3i.cloudfront.net/staging/podcast_uploaded_nologo/19873690/2987f64e9b0469da.jpeg,2026-08-11 06:37:47,7987625,confirmed,http://www.yolgbtraps.com,1786430267,0b05668fa6e95e38f186bf1ff3425b42,,4,0,INDIVIDUAL
Mindfully Her,Kendra,https://rss.buzzsprout.com/2636480.rss,"<p><b>Mindfully Her is a safe place for your journey no matter what that journey may look like.<br>It is a space where women are heard, seen, and reminded that they don’t have to navigate life alone. While women are my primary audience, I recognize that mental health, healing, relationships, family, identity, and life’s struggles affect people of every gender and age. So while I intentionally center women, I make space for everyone. I don’t shy away from pain, struggle, uncomfortable conversations, or the complexities of life. But at the heart of Mindfully Her is hope, growth, healing, and understanding. This podcast is also a reflection of my own journey. I’m taking the time to share the people, experiences, lessons, and things that have helped me along the way. Through poetry, history, love, family, recipes, art, storytelling, laughter, and so much more, we explore the many pieces of life that can help us grow, heal, and better understand ourselves and one another. And I’m doing it all while parenting, working, loving, learning, and simply trying to live life. I come to this space with peace in mind, but I am not perfect and I don't pretend to be.<br><br>Some episodes, you’ll get Keshenae: reflective, vulnerable, thoughtful, and intentional. Other episodes, your host may be Nae-Nae the alter ego who brings a different energy, perspective, and maybe a little more unfiltered honesty. And that’s the beauty of Mindfully Her. It’s real. It’s unscripted. It’s straightforward. It’s human. There may not always be a perfect answer, but there will always be room for the conversation.<br><br>Welcome to Mindfully Her a place where we talk about life as it really is, find beauty in the messy parts, and remind ourselves that healing doesn’t have to look perfect to be real.</b></p><p><br></p>",Buzzsprout,en-us,https://storage.buzzsprout.com/wglk0dtewq4caqwai49pjqnh12ru?.jpg,2026-08-11 06:30:41,7987620,confirmed,,1786429841,91d5fc991ba16e65ddb643186654830f,,4,0,INDIVIDUAL
The Boob Doctor,"Dr. Robinson, IBCLC",https://anchor.fm/s/bf1860cc/podcast/rss,"Welcome to The Boob Doctor — where science meets real life. Hosted by Dr. Ashley Robinson, IBCLC, this podcast dives into all things breastfeeding, postpartum, and parenthood with honesty, humor, and research-backed insight. From milk supply myths to sex, sleep, and mental health, every episode empowers you to feed your baby your way.
🌐 ashleyrobinsonibclc.com
📘 https://a.co/d/cLURvL5",Anchor,en,https://d3t3ozftmdmh3i.cloudfront.net/staging/podcast_uploaded_nologo/31960459/31960459-1760971254197-686c89e3114.jpg,2026-08-11 06:30:22,7987619,confirmed,https://www.ashleyrobinsonibclc.com,1786429822,f570d482462484a6155547b7f18247dc,,0,0,INDIVIDUAL
The Sykes Lounge,Chris Sykes,https://anchor.fm/s/115d4e444/podcast/rss,"Welcome to The Sykes Lounge where the lights are low, the conversations run deep, and every word has a place to land. Through spoken word, late-night reflections, letters, and quiet moments over morning coffee, The Sykes Lounge explores love, life, growth, relationships, healing, and the thoughts we often keep to ourselves. Featuring series like Midnight Thoughts, Midnight Lounge, Letters From The Lounge, Whiskey & Wisdom, and Morning Coffee With Sykes. Come in. Take a seat. Stay awhile.",Anchor,en-us,https://d3t3ozftmdmh3i.cloudfront.net/staging/podcast_uploaded_nologo/46512409/46512409-1786205276495-b37ab63375c44.jpg,2026-08-11 06:29:39,7987618,confirmed,https://podcasters.spotify.com/pod/show/the-sykes-lounge4,1786429779,b09a9531676c64ea6aa757f2851ecc61,6799541245.0,2,0,INDIVIDUAL
Regret Roulette,"Jose, Andy and Aaron",https://rss.buzzsprout.com/2636501.rss,"<p>Regret Roulette is the podcast where ""nonsense"" is the primary language and no topic is too random to tackle. Whether we’re spiraling into absurd ""what-if"" scenarios or roasting each other's questionable life choices, it’s a non-stop ride of laughs and loud opinions.</p><p>But it’s not all just fast talk and punchlines. In every episode, we spin the wheel on our own pasts to share the hilarious, cringeworthy, and surprisingly real regrets that made us who we are today.</p><p>It’s loud, it’s unfiltered, and it’s probably a mistake, but we don't regret a thing. New episodes drop bi-weekly!</p><p></p><p></p><p>RSSVERIFY</p>",Buzzsprout,en,https://storage.buzzsprout.com/q0f12nut91tpo3r6qrnphs0kww2d?.jpg,2026-08-11 06:23:42,7987617,confirmed,https://rss.com/podcasts/regret-roulette,1786429422,fd9f619fa98dce77324b716ba460ea86,,4,0,CORPORATE
The Gong,Mitchell Woods,https://feeds.transistor.fm/the-gong,The Official Podcast of The Gong,Transistor,en,https://img.transistorcdn.com/OWdspx-YfWIhjCplx-VYcbXCT2fDj3AU1KML5yYF4Jg/rs:fill:0:0:1/w:1400/h:1400/q:60/mb:500000/aHR0cHM6Ly9pbWct/dXBsb2FkLXByb2R1/Y3Rpb24udHJhbnNp/c3Rvci5mbS8xYWFi/NTNkODU3OTljZWU0/MjFjMzlmMzQ3NjIy/MjNiNy5wbmc.jpg,2026-08-11 06:23:36,7987616,confirmed,,1786429416,aca6b1bc655b971fce187705fb6037c1,,4,0,CORPORATE
Decoding Consciousness,Grace Denney & Hannah Sutherland,https://rss.buzzsprout.com/2627034.rss,"<p>Welcome to Decoding Consciousness.</p><p><br></p><p>What if reality isn't something that happens to you... but something you're creating?</p><p><br></p><p>Hosted by Sisters Grace Denney & Hannah Sutherland, <em>Decoding Consciousness</em> is a podcast exploring the mysteries of the mind, consciousness, and the nature of reality. </p><p><br></p><p>Through honest conversations, personal experiences, and thought-provoking ideas, we dive into psychedelics, spirituality, neuroscience, healing, and the questions that most people are afraid to ask.</p><p>From dimensions, timelines, dreams, death, past lives, and altered states of consciousness to the science of the brain, the power of belief, and how our thoughts shape our lives... we're here to explore it all with curiosity and an open mind.</p><p><br></p><p>We believe your brain is like a computer, your beliefs are the code, and your reality is the output. By decoding the subconscious programming you've inherited throughout your life, you can begin to consciously create a reality that aligns with who you truly are.</p><p><br></p><p>Whether you're psychedelic-curious, deep into your spiritual journey, or simply fascinated by the biggest questions of existence, this podcast is an invitation to think differently, question everything, and discover what's possible when you begin decoding your own consciousness.</p><p><br></p><p>We’ll see you beyond the veil.</p>",Buzzsprout,en-ca,https://storage.buzzsprout.com/dth55kszv14d4jp438a0038tbtjg?.jpg,2026-08-11 06:05:41,7987610,confirmed,https://decodingconsciousness.buzzsprout.com,1786428341,3f5381f1fec162b4304194d5bbd62c7e,,4,0,CORPORATE
CHW 2026,CHW Talks,https://anchor.fm/s/115e55928/podcast/rss,"Castlewellan Holiday Week is a 7-day Christian family event held in August each year in Northern Ireland. It’s a place of connection with God, the Holy Spirit, and each other as we explore scripture, praise, pray, have fun, enjoy the sunshine, the rain, the dish washing, and meals together.",Anchor,en,https://d3t3ozftmdmh3i.cloudfront.net/staging/podcast_uploaded_nologo/46523194/46523194-1786369695113-fa8c1423a2b52.jpg,2026-08-11 05:56:03,7987606,confirmed,https://podcasters.spotify.com/pod/show/katie-scheele,1786427763,b1d9f84de0dffaf0f3b1505f1e74c917,6799978745.0,2,0,INDIVIDUAL
冉濛磕研室,磕学生01号,https://anchor.fm/s/115c73cf4/podcast/rss,"最好最幸福的她们
爱她们的我们",Anchor,en,https://d3t3ozftmdmh3i.cloudfront.net/staging/podcast_uploaded_nologo/46503461/46503461-1786272629753-68a44b2aa815d.jpg,2026-08-11 05:49:02,7987600,confirmed,https://podcasters.spotify.com/pod/show/alex61839,1786427342,6c02a5240fef2b2c22938ae274c7cd9f,6799666600.0,2,0,INDIVIDUAL
Conservative Newswavers,Tim Phillips,https://feeds.acast.com/public/shows/6a7a9fdf5a90490c341c4fdf,"Conservative News, Politics and Cutlure<hr><p style='color:grey; font-size:0.75em;'> Hosted on Acast. See <a style='color:grey;' target='_blank' rel='noopener noreferrer' href='https://acast.com/privacy'>acast.com/privacy</a> for more information.</p>",Acast,en,https://assets.pippa.io/shows/cover/1786421162434-862e32f0-c3bf-450d-bc05-500bae5b4cc8.jpeg,2026-08-11 05:47:45,7987599,confirmed,https://feeds.acast.com/public/shows/conservative-newswavers,1786427265,166f3cca132f6cb7fe0be5a1908d9234,,0,0,INDIVIDUAL
Wassup Max,Max,https://www.spreaker.com/show/7254914/episodes/feed,"Wassup Max is a podcast by me, Max!<br />I talk about anything and everything that comes to my mind. <br />So really, Welcome To My Brain.<br /><br />Become a supporter of this podcast: <a href=""https://www.spreaker.com/podcast/wassup-max--7254914/support?utm_source=rss&utm_medium=rss&utm_campaign=rss"">https://www.spreaker.com/podcast/wassup-max--7254914/support</a>.",Spreaker,en,https://d3wo5wojvuv7l.cloudfront.net/t_rss_itunes_square_1400/images.spreaker.com/original/c84ade62bb3c97a950698b67f25816ad.jpg,2026-08-11 05:43:35,7987597,confirmed,https://www.spreaker.com/podcast/wassup-max--7254914,1786427015,4773517dd4337f1434313dba592c585e,,4,0,INDIVIDUAL
100%: The Story of a Patriot,Upton Sinclair,https://www.spreaker.com/show/7167965/episodes/feed,"Dive into the gripping world of political fervor and personal transformation, as suggested by the title. This podcast invites listeners to explore the complex interplay between individual ambition and collective struggle in the backdrop of a nation's fight for identity and justice. Each episode features a new complete audiobook that delves into themes of patriotism, social justice, and the often turbulent path toward change. While the stories may span different times and settings, they all reflect the universal quest for truth and the sacrifices made in the name of freedom. This is not a single narrative but a diverse collection of unique explorations that challenge listeners to reflect on the cost of conviction and the power of the human spirit. Join us on this auditory journey and discover a new book with every episode, expanding your understanding of what it means to be a patriot.",Spreaker,en,https://d3wo5wojvuv7l.cloudfront.net/t_rss_itunes_square_1400/images.spreaker.com/original/e3a719137aa1c057dd9ef1ded405739f.jpg,2026-08-11 05:41:13,7987594,confirmed,https://www.spreaker.com/podcast/100-the-story-of-a-patriot--7167965,1786426873,901ed273820fcf8014fd45761f586a2d,,4,0,INDIVIDUAL
SNEAKS & PEAKS,Christopher Smith,https://rss.buzzsprout.com/2636483.rss,"<p><b>Sneaks & Peaks is a weekly breakdown of the sneaker resale market from someone who's been in it for over 20 years. Each episode covers the week's notable releases, where resale volume and pricing actually sit right now, and a deeper dive into one trend, release, or piece of sneaker history worth understanding. Expect straight talk on the market's highs (the ""peaks"") tied to the sneakers themselves (the ""sneaks""), plus an open AMA segment where listener questions get answered on air.</b></p><p><br><br></p>",Buzzsprout,en-us,https://storage.buzzsprout.com/q19yvouihrlhnzs9f53cbf6qq43y?.jpg,2026-08-11 05:40:34,7987593,confirmed,,1786426834,f0577dc6216fb001d09d3d2e612818a3,,4,0,CORPORATE
Beneath the Scars with Zoe,Zoe Hethershaw,https://anchor.fm/s/115ddef80/podcast/rss,"I’m Zoe Hethershaw—a holistic health practitioner, Reiki Master, author, and someone who has spent 17 years holding space for people through trauma, grief, loss, and life’s deepest wounds. After 15 years caring for some of our most vulnerable through my own healthcare company, I learned that there is always more beneath the surface. In Beneath the Scar, I investigate the wounds we carry, why they shape us, and how we heal. Through honest conversations with survivors and healers, we’ll explore the mother wound, father wound, rejection, boundaries, love, loss, and what it means to truly understa",Anchor,en-gb,https://d3t3ozftmdmh3i.cloudfront.net/staging/podcast_uploaded_nologo/46518336/46518336-1786298808556-78e020a6a8191.jpg,2026-08-11 05:40:12,7987592,confirmed,https://podcasters.spotify.com/pod/show/zoe-hethershaw6,1786426812,e48ceaff62057a30b2b1d3b775f00ed9,6799762511.0,2,0,INDIVIDUAL
Stories and Pictures,I. L. Peretz,https://www.spreaker.com/show/7164140/episodes/feed,"Embark on an auditory journey where the interplay of storytelling and imagery unfolds, inviting listeners to explore the rich tapestry of human experience. ""Stories and Pictures"" celebrates a rotating collection of short narratives, each one a vivid snapshot of life that transcends time and culture. Through the lens of Yiddish literature, these translated tales illuminate the resilience and creativity of those who faced adversity, offering profound insights into the human spirit. Every episode features a new complete audiobook, showcasing a diverse array of voices and perspectives that resonate with the struggles and triumphs of individuals across generations. This is not a single story but a series of unique explorations, each crafted to spark imagination and reflection. Join us as we invite you to discover a new book with every episode, enriching your understanding of the world through the power of storytelling.",Spreaker,en,https://d3wo5wojvuv7l.cloudfront.net/t_rss_itunes_square_1400/images.spreaker.com/original/2f3fd2453b60633cbd1317d0750e17dd.jpg,2026-08-11 05:38:30,7987590,confirmed,https://www.spreaker.com/podcast/stories-and-pictures--7164140,1786426710,97b195bdf67dfda1c9d67a1796cb4169,,4,0,INDIVIDUAL
South Sea Tales,Jack London,https://www.spreaker.com/show/7164145/episodes/feed,"Embark on a captivating journey through the enchanting yet tumultuous landscapes of the South Pacific as you delve into the rich tapestry of colonial history and human experience with South Sea Tales. This podcast showcases a rotating collection of complete audiobooks that reveal the intricate interplay of cultures, the challenges of seafaring life, and the stark realities of colonialism. Each episode invites you to explore themes of adventure, brotherhood, and the complexities of relationships between Westerners and native populations, all set against the backdrop of breathtaking islands and tumultuous seas. With every new episode, listeners are treated to a distinctive narrative that captures the essence of a bygone era, providing both thrilling escapism and profound insight into the historical forces that shaped these exotic locales. Discover a new book with each episode and immerse yourself in the stories that illuminate the diverse and often harsh realities of life in the South Pacific.",Spreaker,en,https://d3wo5wojvuv7l.cloudfront.net/t_rss_itunes_square_1400/images.spreaker.com/original/6cdf1ec27d63dd6a9bf30dbf0b2dfae3.jpg,2026-08-11 05:38:13,7987589,confirmed,https://www.spreaker.com/podcast/south-sea-tales--7164145,1786426693,d63953d245ac29d1b1e6343bc1ce8b50,,4,0,INDIVIDUAL
"Impossible, Actually",Autonomy Media,https://anchor.fm/s/115a0f3c8/podcast/rss,"Every week, Impossible, Actually tells one extraordinary true story that sounds completely unbelievable—until the evidence proves it happened.
From secret intelligence operations and scientific accidents to incredible survival stories, forgotten inventions, remarkable discoveries, and moments that quietly changed history, each episode explores a single question that seems impossible at first glance.
No conspiracy theories. No clickbait. No fictionalized drama.
Just meticulously researched stories, told with documentary-style narration, that will leave you saying, ""There's no way that's true.""",Anchor,en-us,https://d3t3ozftmdmh3i.cloudfront.net/staging/podcast_uploaded_nologo/46478370/46478370-1785728273016-25c4b544940f3.jpg,2026-08-11 05:37:59,7987588,confirmed,https://podcasters.spotify.com/pod/show/kenblanford6,1786426679,fe365f61d4b3434709745f09865e292a,6799175616.0,2,0,CORPORATE
Sonnets,Constance Naden,https://www.spreaker.com/show/7164578/episodes/feed,"Immerse yourself in the lyrical beauty and emotional depth of sonnets as you explore a rotating collection of timeless works that celebrate the nuances of love, nature, and the human experience. Each episode features a new complete audiobook, inviting listeners to delve into the rhythm and structure that define this cherished poetic form. From reflections on personal journeys to meditations on the passage of time, the sonnets presented here offer a rich tapestry of themes that resonate across cultures and generations. This is not a single story but a series of unique explorations that highlight the versatile power of language and expression. Join us as we uncover the elegance and intricacies of sonnet writing, allowing each episode to transport you to different emotional landscapes and inspire your own appreciation for poetry. Discover a new book with every episode and let the beauty of sonnets enrich your listening experience.",Spreaker,en,https://d3wo5wojvuv7l.cloudfront.net/t_rss_itunes_square_1400/images.spreaker.com/original/123e0b6394d0bc2d0c00a2d399502ab8.jpg,2026-08-11 05:37:46,7987587,confirmed,https://www.spreaker.com/podcast/sonnets--7164578,1786426666,0408efadd3d4939e8c611745ce563a4c,,4,0,INDIVIDUAL
Protecting Australia's Wildlife,Katherine Christie,https://rss.buzzsprout.com/2006798.rss,"<p>Letting you know about the wonderful work being done to protect Australia's unique and precious wildlife, their habitats and our biodiversity.</p>",Buzzsprout,en-gb,https://storage.buzzsprout.com/4sbyzsis6ptyftgsd3ca38yj5ncx?.jpg,2026-08-11 05:37:27,7987586,confirmed,https://protectingaustraliaswildlife.buzzsprout.com,1786426647,0d8c98cd6833699e219adcbad095e49b,,4,0,INDIVIDUAL
Oyegoke Oyebode,Oyegoke Oyebode,https://www.spreaker.com/show/7230606/episodes/feed,"<b><a href=""https://www.semanticscholar.org/paper/Blockchain-anchored-Reinforcement-Learning-with-for-Oyebode/1328cd3640eccca8ae7a2bf27bcd2d3fcdd24214"" target=""_blank"" rel=""noreferrer noopener"">Oyegoke Oyebode</a> </b>is a technical program manager, engineer, and researcher specializing in fintech, artificial intelligence, and digital trust systems. He combines technical expertise with strategic leadership to manage complex programs, deliver scalable digital solutions, and translate emerging technologies into practical business outcomes. His work spans technology innovation, product development, systems engineering, and research, with a focus on building secure, trustworthy, and user-centered digital ecosystems. Passionate about advancing responsible technology, Oyegoke collaborates across multidisciplinary teams to solve complex challenges, accelerate digital transformation, and create solutions that drive sustainable growth, operational excellence, and long-term value.",Spreaker,en,https://d3wo5wojvuv7l.cloudfront.net/t_rss_itunes_square_1400/images.spreaker.com/original/907bc4bf7e1f471a62ae66d4b53314e9.jpg,2026-08-11 05:22:57,7987580,confirmed,https://www.spreaker.com/podcast/oyegoke-oyebode--7230606,1786425777,319a8d3d9a9be935e346d9b24dfdc868,,4,0,INDIVIDUAL
Digital Opportunity,Newman,https://www.spreaker.com/show/7254887/episodes/feed,"Digital Opportunity is a podcast exploring how technology, the internet, artificial intelligence, and digital skills are creating new opportunities for work, business, education, and personal growth. Each episode provides practical ideas and inspiring insights to help listeners understand the digital world, develop valuable skills, discover online opportunities, and prepare for the future of work. Whether you are a student, entrepreneur, professional, or someone looking to start something new, Digital Opportunity will help you learn, adapt, and grow in the digital age.",Spreaker,en,https://d3wo5wojvuv7l.cloudfront.net/t_rss_itunes_square_1400/images.spreaker.com/original/644e1470517758e3bd0adcbb51a5ceac.jpg,2026-08-11 05:02:59,7987567,confirmed,https://www.spreaker.com/podcast/digital-opportunity--7254887,1786424579,058d824f3adbd77934a61341a552b223,,4,0,INDIVIDUAL
Shofar Valley Sermons,Shofar Valley,https://anchor.fm/s/11180246c/podcast/rss,"We’re an active church family that enjoys living life together, growing in faith, learning about God, and working to see His kingdom come in our families and communities.",Anchor,en,https://d3t3ozftmdmh3i.cloudfront.net/staging/podcast_uploaded_nologo/45785779/45785779-1776330509328-9fca9cebaeb5b.jpg,2026-08-11 04:59:52,7987564,confirmed,https://shofaronline.org/church/wellington/,1786424392,7afb448472e38ad7653ec62ececb7bd0,1893664466.0,2,0,INDIVIDUAL
Mateo’s Taqueria,Mateo’s Taqueria,https://www.spreaker.com/show/7254884/episodes/feed,"Mateo's Taqueria brings authentic Mexican catering to events of every size with fresh ingredients and traditional recipes. From sizzling street taco stations and grilled fajitas to homemade enchiladas, flavorful rice, beans, and refreshing aguas frescas, every meal is prepared with care. Their commitment to quality and genuine hospitality helps create memorable dining experiences for family gatherings, corporate events, weddings, and celebrations.",Spreaker,en,https://d3wo5wojvuv7l.cloudfront.net/t_rss_itunes_square_1400/images.spreaker.com/original/bd3a8ae5d2bba8e1c386d2b25bd6ccaa.jpg,2026-08-11 04:58:43,7987563,confirmed,https://www.spreaker.com/podcast/mateo-s-taqueria--7254884,1786424323,a5a57d8004da2bcdd31729ca44c4449e,,4,0,INDIVIDUAL
Steel Mind,Jack Damascus III,https://www.spreaker.com/show/7254882/episodes/feed,"Welcome to <b>Steel Mind</b>, the unvarnished podcast dedicated to navigating men’s mental health, resilience, and inner strength in the modern world. Society often expects men to carry their struggles in silence, but real strength isn’t about hiding your battles—it’s about building the mental fortitude to conquer them. We break down the unspoken challenges men face every day, from burnout, anxiety, and depression to purpose, identity, and modern pressure.<br /><br />Host to raw conversations, expert insights, and practical mindset strategies, <b>Steel Mind</b> gives you the tools to forge an unbreakable psyche without the fluff or toxic clichés. Whether you are rebuilding your life from scratch, striving for emotional mastery, or looking for an authentic space that actually understands the male experience, this show is your blueprint. Subscribe today, drop the weight you were never meant to carry alone, and forge a mind built to endure.<br /><br />",Spreaker,en,https://d3wo5wojvuv7l.cloudfront.net/t_rss_itunes_square_1400/images.spreaker.com/original/c8568afed4f3a1fbd5896c537d2bf204.jpg,2026-08-11 04:58:03,7987561,confirmed,https://www.spreaker.com/podcast/steel-mind--7254882,1786424283,cdc5c2c7488486cb5f55031e9df454c0,,4,0,INDIVIDUAL
The Visioneers Podcast,Glenn Mason and Stuart Hearn,https://anchor.fm/s/1150d5848/podcast/rss,"A marketing podcast about Vision-Led Marketing for businesses and brands, hosted by Founders of The Visioneers, Glenn Mason and Stuart Hearn.",Anchor,en,https://d3t3ozftmdmh3i.cloudfront.net/staging/podcast_uploaded_nologo/46381634/46381634-1784365780797-6081bc97f5b81.jpg,2026-08-11 04:50:15,7987558,confirmed,https://podcasters.spotify.com/pod/show/glennfunk4,1786423815,0f484230d2a00cda952bd01c4fc7147c,6792293923.0,2,0,CORPORATE
Everything's Subjective Podcast,Tamerachy,https://rss.buzzsprout.com/2636458.rss,<p>In a world where everyone one is certain about their opinions everything is still subjective.</p>,Buzzsprout,en-us,https://storage.buzzsprout.com/oukn2sepy85919rgf8xsfpbz9rj4?.jpg,2026-08-11 04:47:21,7987555,confirmed,,1786423641,17c207db5d51a2aecbf11d2f6f41c736,,4,0,INDIVIDUAL
Expert Drywall Repair Near Me For Smooth,ProVision Painting Inc.,https://www.spreaker.com/show/7254848/episodes/feed,"Need drywall repair near you? ProVision Painting Inc. repairs holes, cracks, dents, and wall imperfections before painting. Our careful preparation creates smoother surfaces and cleaner finishes, helping homeowners achieve a polished interior while keeping projects organized, professional, and clean. For More: provision-painting.com/drywall-repair ",Spreaker,en,https://d3wo5wojvuv7l.cloudfront.net/t_rss_itunes_square_1400/images.spreaker.com/original/1eeea729686bc9387b0011c866a1ca75.jpg,2026-08-11 04:44:49,7987553,confirmed,https://www.spreaker.com/podcast/expert-drywall-repair-near-me-for-smooth--7254848,1786423489,0bc6d43ebc34f314ef7cbe4491229397,,4,0,CORPORATE
Techstravaganza Evenings,"Ali Moosa, Macara Slobodian, and Siena Trigiani",https://anchor.fm/s/114b3c88c/podcast/rss,Welcome to the evening workshops! Come join us on the second Thursday of the month for tutorials!,Anchor,en,https://d3t3ozftmdmh3i.cloudfront.net/staging/podcast_uploaded_nologo/46322939/46322939-1783551629245-4f9af58bfe4a9.jpg,2026-08-11 04:41:37,7987552,confirmed,https://podcasters.spotify.com/pod/show/ali-moosa4,1786423297,7d657b273f69e4fe1c11bc41b6accff6,6789653074.0,2,0,CORPORATE
National Weather Service - SOUTHWESTERN COLUMBIA COUNTY FLORIDA FORECAST - by WARN,Weather Alert Radio Network,https://www.omnycontent.com/d/playlist/8fc2c4ad-bb66-4b15-bc51-a97800079141/5a22fbfd-9329-4817-904f-b47d00b990ba/521bc2f7-375c-4f07-b64c-b47d00be0f51/podcast.rss,"The National Weather Service forecast for Southwestern Columbia County Florida from the Weather Alert Radio Network
FLZ522
https://forecast.weather.gov/MapClick.php?zoneid=FLZ522",Megaphone,en-US,https://www.omnycontent.com/d/playlist/8fc2c4ad-bb66-4b15-bc51-a97800079141/5a22fbfd-9329-4817-904f-b47d00b990ba/521bc2f7-375c-4f07-b64c-b47d00be0f51/image.jpg?t=1783164720&size=Large,2026-08-11 04:21:01,7987543,confirmed,https://www.weatheralertradionetwork.org/,1786422061,76bc2f05fe10c3f8dca4a455d5570984,6787462936.0,2,0,CORPORATE
Yet Another Movie Podcast,Yet Another Movie,https://anchor.fm/s/115dcbae8/podcast/rss,"Welcome to a Film and TV show review podcast hosted by Julian Noel and Ben Anthony. 
We don’t claim to be film critics; we just watch far too many movies. So many in fact, that we decided the world needed to hear about it.
Every episode, we dive into the latest movie news before discussing a film, TV show, or entertainment topic. We’ll tell you what we think, whether it’s worth your time, and break down the good, the bad, and the ugly (and maybe one day we will break down The Good, The Bad and The Ugly).
A podcast about yet another movie, or yet another podcast about movies... you decide.",Anchor,en-gb,https://d3t3ozftmdmh3i.cloudfront.net/staging/podcast_uploaded_nologo/46517546/46517546-1786288910815-01ebacf23124a.jpg,2026-08-11 04:19:48,7987541,confirmed,https://podcasters.spotify.com/pod/show/yetanothermoviepod,1786421988,db8bd9de3a8d1544fc15ce7af51e538e,6799702108.0,2,0,INDIVIDUAL
Audio,Mariana,https://www.spreaker.com/show/7254815/episodes/feed,Presentación de inglés,Spreaker,en,https://d3wo5wojvuv7l.cloudfront.net/images.spreaker.com/nuvolari-assets/yellow_square_mic.jpg,2026-08-11 04:12:14,7987538,confirmed,https://www.spreaker.com/podcast/audio--7254815,1786421534,cab4882445b5ea8e6dfb5937b3c755cb,,4,0,INDIVIDUAL
Being in the Colonies,"Dr Rohan Price, University of Tasmania",https://rss.buzzsprout.com/2636442.rss,"<p>In <b>Being in the Colonies: Singapore, Western Australia & Tasmania</b> philosopher Dr Rohan Price follows the ontological fortunes of three British possessions throughout key moments in their history.</p><p><br></p><p>The formula applied across the empire is simple. Violence = freedom and convenience. Prevailing in convenience = Being. Proportional violence = operating within Fate and retaining Being. Excessive violence = a fall from Fate and a loss of Being. Resistance challenges convenience and can transform into Being, too. </p><p><br></p><p>To resist is great but to hold Being is Divine! Well, as close as we can get to divinity...</p><p><br></p><p>Rohan reads six pages of his new book per episode.</p><p><br></p><p>Like the podcast? Order the book: <a href=""https://www.peterlang.com/document/1443302"">Being in the Colonies</a></p>",Buzzsprout,en-au,https://storage.buzzsprout.com/bzzj36ar51v2lsz6e458xnravu8f?.jpg,2026-08-11 04:06:30,7987535,confirmed,,1786421190,350582d45b2a8db3e44012ef8a3a175e,,4,0,CORPORATE
The FUMBLE Report,sjbiv,https://feed.podbean.com/sjbiv/feed.xml,"The FUMBLE Report is a fun and entertaining look at college football, picks against the spread, and - most importantly -a weekly summary of the Sic ’em Browns pickin’ pools!  We aim to entertain, laugh, poke  a little fun and provide some commentary into the goings on of the game we love - College Football!!",Podbean,en,https://pbcdn1.podbean.com/imglogo/image-logo/17784455/TFR_Square66q3m.jpg,2026-08-11 04:06:04,7987534,confirmed,https://sjbiv.podbean.com,1786421164,cb71a7b066f270447c29dbe48514a280,6799583091.0,2,0,INDIVIDUAL
C&C Unscripted,Cody,https://rss.buzzsprout.com/2634890.rss,"<p>An entertainment podcast where  my wife and I share honest conversations about marriage, raising kids, balancing full-time jobs, and navigating the ups and downs of everyday life. With plenty of laughs, relatable stories, and the occasional life lesson, each episode feels like catching up with friends who are figuring it out one conversation at a time.</p><p><br></p>",Buzzsprout,en-us,https://storage.buzzsprout.com/bs3xnk68y2og2hhij39aemrka25m?.jpg,2026-08-11 04:01:33,7987532,confirmed,https://www.buzzsprout.com/2634890,1786420893,b1c6eff0e63fa60bdf5669f90a207118,,4,0,INDIVIDUAL
amorizu's mind,amorizu,https://rss.buzzsprout.com/2636466.rss,<p>idk lol</p>,Buzzsprout,en-us,https://storage.buzzsprout.com/hj7d8433ify45mc0ezay7kw93c18?.jpg,2026-08-11 03:48:01,7987527,confirmed,,1786420081,ee4ffc5e1739d91645d5f8c2c0eb3209,,4,0,INDIVIDUAL
Impact Vector: The Living Cell,Alutus LLC,https://feeds.transistor.fm/impact-vector-the-living-cell,Everything about the living cell.,Transistor,en,https://img.transistorcdn.com/7lhIjHVHXPdWJ9yVUvI5v4_oNQ4bTb5GTEKYfUWzVBQ/rs:fill:0:0:1/w:1400/h:1400/q:60/mb:500000/aHR0cHM6Ly9pbWct/dXBsb2FkLXByb2R1/Y3Rpb24udHJhbnNp/c3Rvci5mbS85OGVi/NDhjMWM1MmI4YTZj/YmExMzQzNTQ1MTRh/YjllNy5wbmc.jpg,2026-08-11 03:46:36,7987526,confirmed,,1786419996,87a1352c52bb6e4c64f490b8bb163c0b,,4,0,CORPORATE
PETRO POLITICS,JACK QUAID,https://www.spreaker.com/show/7254750/episodes/feed,"Welcome to <b>Petro Politics</b>, the definitive podcast dissecting the high-stakes intersection of global power, natural resources, and international relations. In a world where oil, gas, and renewable transitions dictate foreign policy, national security, and economic dominance, we go beyond the headlines to analyze how energy shapes the modern geopolitical chessboard.<br />From resource-driven conflicts and trade sanctions to OPEC maneuvers and the diplomatic shifts of energy superpowers, we break down the hidden forces driving international affairs.Whether you are a foreign policy enthusiast, a student of global economics, or simply looking to understand the real mechanisms governing world politics, <b>Petro Politics</b> provides sharp, unvarnished insights into the strategic battle for the planet's energy future. Tune in, unpack the complex web of global diplomacy, and understand how the struggle for resources determines the fate of nations. Subscribe now to stay ahead of the global game.",Spreaker,en,https://d3wo5wojvuv7l.cloudfront.net/t_rss_itunes_square_1400/images.spreaker.com/original/a44dbb08d0fb49760df52600e3c8ac61.jpg,2026-08-11 03:45:17,7987525,confirmed,https://www.spreaker.com/podcast/petro-politics--7254750,1786419917,208618b1a487c000cf2e0114a81f1f0a,,4,0,INDIVIDUAL
Local News Getweb's Podcast,Local News Getweb,https://rss.buzzsprout.com/2636463.rss,"<p><b>Local News Getweb’s Podcast</b> brings you the latest local news, stories, events, community updates, and important developments that matter to everyday people. 🎙️</p><p><br></p><p>Our goal is to make local news <b>simple, reliable, and easy to understand</b>. From breaking news and community stories to local culture, people, business, education, entertainment, and important public issues—we cover the stories that deserve attention.</p><p><br></p><p>🎧 <b>What you’ll hear:</b></p><p><br></p><ul><li>Latest local news & updates</li><li>Interviews and special conversations</li><li>Community stories and local people</li><li>Local events and important developments</li><li>Business, education & social updates</li><li>Culture, traditions & inspiring stories</li><li>In-depth discussions on important local issues</li></ul><p><b>Stay informed. Stay connected. Stay local.</b></p><p><br></p><p>Follow <b>Local News Getweb’s Podcast</b> and never miss the stories happening around you.</p>",Buzzsprout,en-us,https://storage.buzzsprout.com/7jcz0txz18yodufi8p0xf0nbru5p?.jpg,2026-08-11 03:43:55,7987524,confirmed,,1786419835,2ec33fc1246faa3cf149459f89fe0a44,,4,0,INDIVIDUAL
The Unsettled Question,Anton Sorkin,https://feeds.libsyn.com/626330/rss,"This is a place for those who labor in the vineyards of the law. Each season, Anton sits down with lawyers, scholars, and students to talk through the many challenges of faithful presence in legal practice. 
This podcast is connected to a larger Legal Ministry Network on Substack for Christians working in law. You are not alone. Join us today: https://legalministry.substack.com.",Libsyn,en,https://static.libsyn.com/p/assets/2/9/4/7/2947252f341bbbd3d959afa2a1bf1c87/UQ_LOGO.png,2026-08-11 03:30:13,7987520,confirmed,https://sites.libsyn.com/626330,1786419013,a4429e88e050b74e1b3f1e27a91e0d13,6798401307.0,2,0,INDIVIDUAL
Headlights & Hot Takes Podcast,Headlights & Hot Takes Podcast,https://anchor.fm/s/115734284/podcast/rss,"I talk about movies, shows, video games, and other pop culture topics including fun segments and interesting reviews all while riding my bike!",Anchor,en,https://d3t3ozftmdmh3i.cloudfront.net/staging/podcast_uploaded_nologo/46448425/46448425-1786050665550-66ba94540c973.jpg,2026-08-11 03:25:12,7987517,confirmed,https://podcasters.spotify.com/pod/show/headlights--hot-takes-pod,1786418712,063d6c2b61303fb7a28d72427ccee80a,6799753565.0,2,0,CORPORATE
The Audiobook Shelf - Discover Your Next Great Listen,Peter Jesse,https://feeds.acast.com/public/shows/6a7a9325c399196b517abbee,"<p>Welcome to <strong>The Audiobook Shelf</strong>, the podcast for audiobook lovers. Every episode features honest, spoiler-free reviews of the latest releases, hidden gems, bestselling titles, and timeless classics across every genre.</p><p>Whether you're into thrillers, fantasy, romance, mystery, science fiction, memoirs, or nonfiction, we'll help you decide what's worth listening to. We dive into narration quality, voice performances, production, pacing, and the overall listening experience, so you can find your next favorite audiobook with confidence.</p><p>Join us as we explore unforgettable stories, celebrate incredible narrators, compare editions, and recommend the audiobooks that deserve a spot in your listening queue.</p><p>New episodes every week. Put on your headphones, press play, and discover your next great story.</p><hr><p style='color:grey; font-size:0.75em;'> Hosted on Acast. See <a style='color:grey;' target='_blank' rel='noopener noreferrer' href='https://acast.com/privacy'>acast.com/privacy</a> for more information.</p>",Acast,en,https://assets.pippa.io/shows/cover/1786417869629-46c7cdeb-9044-4c7f-bf57-bc02b864697f.jpeg,2026-08-11 03:24:54,7987516,confirmed,https://feeds.acast.com/public/shows/the-audiobook-shelf-discover-your-next-great-listen,1786418694,be3e20cd900cdef9dc4a7072f4e489d2,,0,0,INDIVIDUAL
The Slumbering Pantheon,The Slumbering Pantheon,https://feeds.transistor.fm/the-slumbering-pantheon,"Welcome to The Slumbering Pantheon.

Here, we set history's battles and grand conquests aside and imagine the quiet lives lived in between — a baker rising before dawn in Pompeii, a soldier's evening at a frontier watch post, a physician's rounds in a medieval village. Each story is a gentle work of historical fiction, grounded in how people really lived, worked, and rested in the old world.

Dim the screen, lower the volume, and let an ordinary day from another age carry you to sleep.",Transistor,en,https://img.transistorcdn.com/sUNkQjz5VBmJAqIVmfSZBXSBUDe0UfC0osVMwYy9PzE/rs:fill:0:0:1/w:1400/h:1400/q:60/mb:500000/aHR0cHM6Ly9pbWct/dXBsb2FkLXByb2R1/Y3Rpb24udHJhbnNp/c3Rvci5mbS9kOTNk/NDk1NjQ4ZGFlMmRm/NDgwOTQ3ZTM1YmI3/OWYyYi5wbmc.jpg,2026-08-11 03:07:54,7987508,confirmed,,1786417674,2ca675f8ca7ad600e41cd033082b7495,,4,0,CORPORATE
His Life,Werner Schreiber,https://anchor.fm/s/fa7fab34/podcast/rss,"Christianity is impossible without the indwelling Life of Christ. He is not just central, He is essential!",Anchor,en-us,https://d3t3ozftmdmh3i.cloudfront.net/staging/podcast_uploaded_nologo/41926709/41926709-1784513828190-d521ffdd80147.jpg,2026-08-11 03:03:46,7987506,confirmed,https://podcasters.spotify.com/pod/show/wernerschreiber,1786417426,0be1982ff82de97408cf1354308ff8b6,6794753813.0,2,0,INDIVIDUAL
Ava The Kitty,Ava,https://anchor.fm/s/115df4d80/podcast/rss,"This podcast with be entertaining about stories, and fun activities. You can listen to this podcast wherever you go, whether it's a trip or you're at home, share this podcast and list some ideas for me to talk about!",Anchor,en-us,https://d3t3ozftmdmh3i.cloudfront.net/staging/podcast_uploaded_nologo/46519232/46519232-1786309066613-d4e60a1a64b98.jpg,2026-08-11 02:53:44,7987500,confirmed,https://podcasters.spotify.com/pod/show/sue42,1786416824,3f579bfb2929b82645a3193a1a435546,6799765311.0,2,0,INDIVIDUAL
Yaya Diamonds Dream Chasers Radio,Dr. Yaya Diamond,https://www.spreaker.com/show/7254617/episodes/feed,"Dream chaser radio was birthed by Singer/entertainer, and daughter of multi-platinum recording artist Evelyn Thomas, Yaya Diamond in 2008. Since she has interviewed many Grammy award winning artists, award winning producers, authors, inventors, etc. She built the station on the foundation of supporting others by giving them the opportunity to showcase their talents on the show and to mentor others who want to go after their dreams. Yaya Diamond has shown the ""Special Talents"" of all who come on the show and not just celebrities, but people like you and I who have goals and dreams.<br /><br />Become a supporter of this podcast: <a href=""https://www.spreaker.com/podcast/yaya-diamonds-dream-chasers-radio--7254617/support?utm_source=rss&utm_medium=rss&utm_campaign=rss"">https://www.spreaker.com/podcast/yaya-diamonds-dream-chasers-radio--7254617/support</a>.",Spreaker,en,https://d3wo5wojvuv7l.cloudfront.net/t_rss_itunes_square_1400/images.spreaker.com/original/338167663f84d5653b19a5010d0c188d.jpg,2026-08-11 02:46:13,7987494,confirmed,https://www.spreaker.com/podcast/yaya-diamonds-dream-chasers-radio--7254617,1786416373,0a7f91ec913d55d665381f4edff4c519,,4,0,INDIVIDUAL
Roseman 360,Roseman University Podcast Network,https://rss.buzzsprout.com/2632983.rss,"<p>The official podcast of Roseman University of Health Sciences, Roseman 360 is where curious minds meet bold ideas — where healthcare, education, research, and innovation come together through conversations that matter. Each episode brings the voices of leaders, educators, clinicians, students, alumni, and changemakers who are advancing health and improving lives.</p>",Buzzsprout,en-us,https://storage.buzzsprout.com/o9og7mkocn2wklv747mbgxbwr415?.jpg,2026-08-11 02:38:37,7987487,confirmed,https://www.buzzsprout.com/2632983,1786415917,d7291403f3649fccf8caf79e07f6792d,,0,0,CORPORATE
Rising Edge,UTEC,https://anchor.fm/s/11377a290/podcast/rss,"“Rising Edge” presented by UTEC, is a show about the stories and people behind science and technology startups — built from Japan or built with Japan, the land of the rising sun. It features industry leaders, entrepreneurs, technology experts and investors contributing to the future of Japan. 
UTEC is one of Asia's oldest and largest deep-tech VC firms. Since 2004, UTEC has raised 6 funds with over $1B dollar AUM with a track record of 21 IPOs & 22 M&As.
Learn more about us on www.ut-ec.co.jp/english and follow us on LinkedIn www.linkedin.com/company/utec",Anchor,en,https://d3t3ozftmdmh3i.cloudfront.net/staging/podcast_uploaded_nologo/46115748/46115748-1784547051832-b0aeac438c444.jpg,2026-08-11 02:38:05,7987485,confirmed,https://www.ut-ec.co.jp/english/,1786415885,5a5cbf4e178dc6e062d6cf866dfa7915,6796143991.0,2,0,CORPORATE
Being Brandworthy,Kaylin Ingram  |  @Kay_Coastal,https://rss.buzzsprout.com/2636434.rss,"<p><b>BEING BRANDWORTHY</b> is a podcast about the people, brands, and big ideas that are worth remembering.</p><p><br></p><p>Hosted by brand strategist, designer, author and storyteller Kaylin Ingram, each episode explores what it really means to build a life and a brand that reflects who you truly are. </p><p><br></p><p>Kaylin sits down with epic entrepreneurs, creatives, founders, visionaries and HUMAN BEINGS who are doing things differently, following what lights them up, and creating brands that are a true reflection of who they are.</p><p><br></p><p>Because being <em>brandworthy</em> isn’t about having the perfect logo, the biggest audience, or the most polished Instagram feed. It’s about knowing who you are, owning what you stand for, and having the courage to show up as it.</p><p><br></p><p>Come for the stories. Stay for the inspiration. Leave a little more ready to become the <b>brandworthy being</b> you were literally born to be.</p>",Buzzsprout,en-us,https://storage.buzzsprout.com/cml31tl255c5dwlf5m9cvv1qkkrd?.jpg,2026-08-11 02:35:36,7987482,confirmed,https://www.buzzsprout.com/2636434,1786415736,55b60ee93cd3e1c3d21953c3b0a019c8,,4,0,INDIVIDUAL
"Inspiring Stories, Inspiring Chesed",Just One Chesed,https://feeds.libsyn.com/626840/rss,"Chesed — the Hebrew word for lovingkindness — has been part of our people's prayers and stories for millennia. But what does it mean to actually live it? Just One Chesed brings together soldiers, teachers, mystics, founders, and everyday givers whose stories reveal how one act of kindness sparks the next — and the hand guiding it all. This is chesed in every form, at every level. Join us.",Libsyn,en,https://static.libsyn.com/p/assets/3/9/1/1/39118f6efee20b7c16c3140a3186d450/2-20260802-7coe5txz74.png,2026-08-11 02:29:51,7987479,confirmed,https://sites.libsyn.com/626840,1786415391,b3b30bf61aa1a94ab3eb066e8eb05896,6799948544.0,2,0,INDIVIDUAL
Molly's Podcast,Molly Britt,https://rss.buzzsprout.com/2636447.rss,<p>Nothing </p>,Buzzsprout,en-us,https://storage.buzzsprout.com/kuz5yswskw7c50v1gw6yvef4n7gn?.jpg,2026-08-11 02:28:30,7987478,confirmed,,1786415310,6d3ce567c6de127fa0b67b9485854bf4,,4,0,INDIVIDUAL
Cardboard Campfire,Cardboard Campfire,https://anchor.fm/s/115246128/podcast/rss,"🔥 Welcome to the first episode of Cardboard Campfire! 🎲 Meet the campers: Tanner, Cole, Charlie, and Keith, as we share how we got into board gaming, the games we can't live without, and the unique gaming group that's become a huge part of our lives. We also play a couple of fun games to wrap things up!
Join our Discord and connect with fellow board game lovers: https://discord.gg/uRtajBryD",Anchor,en,https://d3t3ozftmdmh3i.cloudfront.net/staging/podcast_uploaded_nologo/46396730/46396730-1784595239627-c5f7e2b12893.jpg,2026-08-11 02:26:19,7987477,confirmed,https://podcasters.spotify.com/pod/show/cardboard-campfire7,1786415179,8e2e143c44527562568772384a3e64a8,6799805463.0,2,0,INDIVIDUAL
Jeff & Jill,Jill,https://anchor.fm/s/115652be0/podcast/rss,"A podcast exploring the science, strategy, and sport of CrossFit through conversations between a coach and athlete. Each episode covers training, programming, movement, competition, recovery, and the realities of long-term athletic development.",Anchor,en-ca,https://d3t3ozftmdmh3i.cloudfront.net/staging/podcast_uploaded_nologo/46439192/46439192-1785186763778-815fc6d66537.jpg,2026-08-11 02:23:58,7987474,confirmed,https://podcasters.spotify.com/pod/show/jill74,1786415038,365285dc8c1aa38117d238ffeeeb64e0,6796899428.0,2,0,INDIVIDUAL
My Place 'How Nature Changed My Life',Station House Media Unit,https://anchor.fm/s/115ca2e14/podcast/rss,"Scotland's Granite City, Aberdeen, is famous for its oil industry and its position as one of the UK's most northerly hubs.But in this one-off podcast series we discover another side of the city. My Place reveals the stories of ordinary Aberdonians whose lives have changed thanks to pockets of green and blue amongst the granite.Whether letting stress wash away under the trees of Seaton Park, or watching the waves lap the shore of Aberdeen beach, being out of doors has shaped their lives, their memories and their hopes for the future.Brought to you by shmu and Local Storytelling Exchange.",Anchor,en-gb,https://d3t3ozftmdmh3i.cloudfront.net/staging/podcast_uploaded_nologo/46505389/46505389-1786096940740-a93832d281.jpg,2026-08-11 02:14:15,7987472,confirmed,https://podcasters.spotify.com/pod/show/station-house-media-unit72,1786414455,883664e8e7f90f963e4ebd02d691ce5f,6799061828.0,2,0,CORPORATE
Loose Threads,Heidi Dugan and Stella Ruggiero,https://rss.buzzsprout.com/2636304.rss,<p>Investigative journalists & mystery writers Heidi and Stella unravel real-life cases in Western Pennsylvania.</p>,Buzzsprout,en-us,https://storage.buzzsprout.com/n64lwypqk9g1zs7fkj4w0gn8t14f?.jpg,2026-08-11 02:11:13,7987469,confirmed,,1786414273,8c793536051f9db30812c0d71da7b2e3,,4,0,CORPORATE
Human Psychology & Strange Behavior,Rachel,https://www.spreaker.com/show/7254526/episodes/feed,"Why do we want people who do not want us? Why do embarrassing memories stay with us for years? Why do intelligent people believe things that are false? And why do humans behave so differently when other people are watching?Human Psychology & Strange Behavior is a research-driven documentary podcast exploring the hidden forces behind the way we think, feel and act.Each episode begins with an ordinary human experience and asks a deceptively simple question: Why do humans do this?Through psychology, behavioral science, neuroscience, real-world examples and carefully examined research, the show explores memory, attraction, relationships, loneliness, jealousy, social influence, procrastination, cognitive biases, decision-making, habits, emotions, perception, conformity, trust, motivation and the strange patterns that shape everyday behavior.Rather than relying on pop psychology, personality labels or quick self-help tricks, the podcast follows the evidence, examines competing explanations and separates popular beliefs from what research actually suggests.If you are fascinated by the human mind and want to understand yourself and the people around you more clearly, Human Psychology & Strange Behavior takes you inside the science behind why we think, feel and act the way we do.",Spreaker,en,https://d3wo5wojvuv7l.cloudfront.net/t_rss_itunes_square_1400/images.spreaker.com/original/44a08544a66851210b1c43c415711c51.jpg,2026-08-11 02:08:35,7987468,confirmed,https://www.spreaker.com/podcast/human-psychology-strange-behavior--7254526,1786414115,4144456f0257b9c91f657eaa39351bba,,4,0,INDIVIDUAL
Folkloric Meditations by Joanne Mallory,Joanne Mallory,https://feed.podbean.com/joannemallory/feed.xml,"Joanne Mallory creates literary guided journeys inspired by British folklore, landscape and the numinous in everyday life.
Written and narrated by novelist Joanne Mallory, these carefully crafted meditations invite you to step away from the noise of modern life and into places where ordinary landscapes hold something older, quieter and deeply human.
Inspired by Britain’s coastlines, ancient woodlands, changing seasons and folklore, each journey is written as a piece of immersive literature as much as a meditation.
There are no promises to fix you. No pressure to become someone else. Just beautifully chosen words, spacious silence and gentle invitations to notice the world—and yourself—with a little more curiosity, grace and wonder.
Whether you’re seeking rest, reflection, creative renewal or simply a few quiet moments at the end of the day, you are warmly welcome here.",Podbean,en,https://pbcdn1.podbean.com/imglogo/image-logo/22537741/TheNuminousPodcast.jpeg,2026-08-11 01:59:08,7987460,confirmed,https://joannemallory.podbean.com,1786413548,55c11d652be540b929768e260a51c3f7,6797537336.0,2,0,INDIVIDUAL
Grow Your Wealth Show,Max Boyko,https://rss.buzzsprout.com/1822353.rss,"Discover the answers to your questions about real estate investing, about purchasing properties and about what it’s like to be in the trenches as a real estate investor. Learn about the successes and the challenges of being a successful real estate investor. Join your host Max Boyko as he takes you through the journey of what it’s like buying and selling hundreds of properties. Max will walk you through the different steps and angles of getting started and succeeding in your real estate investing journey. You will be inspired and motivated to learn more about investing and building a portfolio. This show is designed for beginner and intermediate investors. You can count on each episode of the Grow Your Wealth Show to be packed with informative and exciting information which will help you understand more about the details of the real estate investing landscape. Don’t know where to start? Want to know more about being a real estate investor? Are you experienced in real estate, but have questions? The Grow Your Wealth Show is designed for You. This show is Not financial advice. Be sure to do your own research before purchasing real estate.",Buzzsprout,en-us,https://storage.buzzsprout.com/3j5s1v3s1dikl247gnxj8ozne4li?.jpg,2026-08-11 01:56:17,7987458,confirmed,https://optimuscapitalcorp.com/,1786413377,47b30478800c37a4437165850793ba91,,4,0,INDIVIDUAL
Raising Fans,Masen & Jordan,https://anchor.fm/s/115e5c624/podcast/rss,"Welcome to the podcast where sports, family, competition, and a little friendly trash talk all come together.
Hosted by two brother-in-laws and dads who love sports, we cover everything from MLB, NFL, college football, NHL, and NBA to the sports that don’t always get the spotlight. We’ll also dive into our fantasy sports leagues, video game leagues, rivalries, hot takes, predictions, and the stories that make sports fun.
Whether you’re a die-hard fan, a fantasy junkie, a college sports fanatic, or just someone who enjoys talking sports with friends and family, there’s something here for you.",Anchor,en,https://d3t3ozftmdmh3i.cloudfront.net/staging/podcast_uploaded_nologo/46523473/46523473-1786372500331-3d791eb1a6987.jpg,2026-08-11 01:54:15,7987454,confirmed,https://podcasters.spotify.com/pod/show/raising-fans9,1786413255,e5ea5d576a78ffc4beb4f246ea3eadc0,6799840308.0,2,0,CORPORATE
Ryleigh Uncoiled,Ryleigh Gard,https://anchor.fm/s/115d390d0/podcast/rss,"Ryleigh Uncoiled is a reptile podcast hosted by Ryleigh & Dad (Matt), featuring fun, real conversations with the keepers who make this hobby and community so special. We talk reptiles, experiences, lessons learned, and the stories that brought each guest into the hobby.
Because it’s about more than just the animals—it’s about the people behind the reptiles.",Anchor,en-us,https://d3t3ozftmdmh3i.cloudfront.net/staging/podcast_uploaded_nologo/46511540/46511540-1786194106290-6ce6c3ad60b45.jpg,2026-08-11 01:50:46,7987452,confirmed,https://podcasters.spotify.com/pod/show/matt9251,1786413046,ef261eedb4064eb958febfdc67451317,6799717332.0,2,0,INDIVIDUAL
The Pavement,John Harris,https://www.spreaker.com/show/7254519/episodes/feed,Not your typical podcast about the homeless and showing them in a light of a drama of something enjoyable sometimes sad sometimes angry but not pitiful as often as presented,Spreaker,en,https://d3wo5wojvuv7l.cloudfront.net/images.spreaker.com/nuvolari-assets/light_blue_square_mic.jpg,2026-08-11 01:43:23,7987449,confirmed,https://www.spreaker.com/podcast/the-pavement--7254519,1786412603,51e592716a9f3442ab97736e35a99ff4,,4,0,INDIVIDUAL
Metal Gateway Podcast,Brian Sibley,https://rss.libsyn.com/shows/510358/destinations/4377493.xml,A podcast exploring people's metal gateways: in-depth talks with metal musicians (and others in the scene) about how they discovered heavy metal music and how it has shaped their lives. Hosted by Brian Sibley.,Libsyn,en,https://static.libsyn.com/p/assets/8/e/7/e/8e7e964ca5170b6088c4a68c3ddbc4f2/3000x3000-metalgatewaypodcast.jpg,2026-08-11 01:39:47,7987448,confirmed,https://metalgatewaypodcast.com,1786412387,1687c282caf5fedb96963694fee2dec1,1736787833.0,2,0,INDIVIDUAL
The Beat,The Beat,https://rss.buzzsprout.com/2636430.rss,"<p>THE BEAT</p><p><b>Every Team. Every Beat. Every Week.</b></p><p><b>The Beat</b> is an AI-powered sports journalism podcast network built to help fans keep up with the teams they care about.</p><p>Each week, our AI hosts follow the beat—bringing together reporting, analysis, roster moves, injuries, performances, and developing storylines from journalists and news organizations covering your team. We summarize that reporting, separate what’s known from what’s speculation, and discuss what it could mean going forward.</p><p><b>The Beat does not claim credit for the original reporting we discuss.</b> The news comes from the journalists, reporters, teams, and media organizations doing the work. Our job is to bring those stories together, provide attribution where appropriate, add AI-generated analysis and perspective, and turn a week of coverage into one easy-to-follow conversation.</p><p>No fake insider access. No pretending our AI hosts were in the locker room or at practice. Just a new way to follow the reporting surrounding your favorite teams.</p><p>From football and basketball to baseball, hockey, and soccer, there’s a Beat for your team.</p><p><b>The Beat.</b><br><b>Every Team. Every Beat. Every Week.</b><br><em>Your team’s week, in one conversation.</em></p>",Buzzsprout,en-us,https://storage.buzzsprout.com/0jnyj4h8oxvellf4gkrf6pmp7t67?.jpg,2026-08-11 01:22:38,7987439,confirmed,,1786411358,8f407aa56c55a78ac1812fb334b57c5a,,4,0,CORPORATE
Who Run the World,Listen to Girls,https://anchor.fm/s/115abd748/podcast/rss,"In Who Run the World, a group of girls from south east London navigate issues that are affecting their health and wellbeing .
Co-produced, scripted and presented by girls aged 11 to 18 - drawing on their personal experiences and created with the support of NHS clinicians - this series goes to the heart of what matters to girls today. 
As well as sharing their own stories, the girls invite expert guests to discuss hot topics including girls' mental health, the epidemic in violence against women and girls, and why boys need to listen.",Anchor,en-gb,https://d3t3ozftmdmh3i.cloudfront.net/staging/podcast_uploaded_nologo/46485506/46485506-1785918288461-ee1e784cabd73.jpg,2026-08-11 01:17:21,7987434,confirmed,https://podcasters.spotify.com/pod/show/oxleas-nhs6,1786411041,233adb848e0bbb10b6db032b2273d8ef,6797916162.0,2,0,INDIVIDUAL
Financial Fresh Start: Bankruptcy Solutions in LA,financialfreshstart,https://feed.podbean.com/financialfreshstart/feed.xml,"<p>Financial Fresh Start: Bankruptcy Solutions in LA is a podcast dedicated to helping individuals and families navigate the complexities of bankruptcy and debt relief. Hosted by Sean O'Connor, the show features expert insights from attorney Rhonda Walker, who provides practical advice on managing debt, understanding legal options, and making informed financial decisions. Whether you're facing overwhelming debt or simply seeking to understand your options, this podcast offers clear, actionable guidance to help you regain control of your financial future.</p>",Podbean,en,https://pbcdn1.podbean.com/imglogo/image-logo/22544828/Podbean_rondhbl3w3.jpg,2026-08-11 01:08:27,7987428,confirmed,https://financialfreshstart.podbean.com,1786410507,a805ea1da77989f4f1887d5d11abe620,6798739663.0,2,0,INDIVIDUAL
Curiosity and the kid,Thomas Lennon,https://anchor.fm/s/a61eb83c/podcast/rss,"Welcome to ""Curiosity and the Kid"", the podcast that explores the exciting world of the NFL and sports cards through the eyes of curious kids! Hosted by our young and enthusiastic NFL expert and his dad, this podcast is perfect for young football fans who want to learn more about the game and the players who make it great.
Each week, we'll take a deep dive into the latest NFL news, game highlights, and player stats, as well as share fun facts and trivia about the history of the league.",Anchor,en,https://d3t3ozftmdmh3i.cloudfront.net/production/podcast_uploaded_nologo/27770311/27770311-1657481872241-1ce6f8997da5d.jpg,2026-08-11 01:05:14,7987426,confirmed,https://podcasters.spotify.com/pod/show/thomas-lennon69,1786410314,12252332e13a2dacd742f8f58c6d3587,1634612575.0,2,0,INDIVIDUAL
djiRoll-tech-mi,Roman Motorniy,https://feeds.redcircle.com/2b7653b4-7f88-4de0-95a3-812f9c80b6f9,"Проект «iRoll Radio» — это ваш персональный гид по миру современной электронной музыки. Здесь резидент DJ iRoll собирает лучшие танцевальные новинки в стиле tech house, андеграундные бэнгеры и эксклюзивные сеты. Музыка, которая заряжает энергией в любое время суток и переносит вас в самый центр главного танцпола. Слушайте новые выпуски каждую неделю!",Spotify for Podcasters,en-US,https://media.redcircle.com/images/2026/8/10/6/9f02b2e0-d358-434e-b947-1da713c634cd_dj_iroll_tech_mi_3000x3000.jpg,2026-08-11 00:51:47,7987419,confirmed,https://redcircle.com/shows/djiroll-tech-mi,1786409507,0d8e94a7a4086ff797fbf5de68861b73,6799359983.0,2,0,INDIVIDUAL
The Stories Behind Timepieces,Waiba Mannan,https://feeds.redcircle.com/2928582b-dbaa-43c7-965d-92cc8febe4af,"*******************************************************************************************************
The Stories Behind Timepieces: A Beginner’s Guide to Exploring Watches Through History and Conversation
*******************************************************************************************************",Spotify for Podcasters,en-US,https://media.redcircle.com/images/2026/8/11/0/79a55d8f-58f5-4851-a938-3e8039679579_a38bf9db-081b-4566-ac4e-a721f0030d1d.jpg,2026-08-11 00:41:17,7987413,confirmed,https://redcircle.com/shows/the-stories-behind-timepieces,1786408877,ecc97667408d8315bdf5abe7685a1461,,4,0,INDIVIDUAL
Naturally Speaking,Ron Goldman,https://rss.buzzsprout.com/2636418.rss,"<p>Naturally Speaking is where wellness meets honesty. Brought to you by miNATURALS Nutrition — a Canadian supplement company built on the belief that quality shouldn't come with a premium price tag — this show explores gut health, natural remedies, active nutrition, and the science behind the supplements you actually need (and the ones you probably don't). Each episode blends expert insight with real, no-nonsense conversation, because your wellness journey deserves more than marketing hype. New episodes weekly.</p>",Buzzsprout,en-us,https://storage.buzzsprout.com/4pf44achinh5qjji1pucdr9e4udg?.jpg,2026-08-11 00:39:18,7987412,confirmed,,1786408758,290db49e11d746fdbff48f176af7275c,,0,0,INDIVIDUAL
We're Not Doctors,We're Not Doctors,https://www.spreaker.com/show/6235826/episodes/feed,"Welcome to our podcast, where we dive deep into the complexities of mental health and share our personal journeys of resilience and self-discovery. I'm Kourtney, a seasoned teacher with years of experience in special education, and I'm joined by my co-host Jen. Together, we have navigated through a multitude of mental health challenges and tragic losses stemming from these struggles. Our podcast is a safe space where we candidly discuss our experiences with neurodivergence, self-discovery, and the importance of mental health awareness. Join us as we explore the depths of our minds and embark on a journey towards healing and understanding.<br /><br /> Disclaimer: We would like to make it clear that we are not licensed medical professionals. Our podcast, ""We're Not Doctors,"" is intended for entertainment purposes only. Any medical advice or information shared on the podcast is based solely on our personal experiences and should not be taken as professional medical advice. We strongly recommend consulting with a qualified healthcare professional before making any decisions regarding your health. Thank you for listening and understanding our disclaimer.",Spreaker,en,https://d3wo5wojvuv7l.cloudfront.net/t_rss_itunes_square_1400/images.spreaker.com/original/29b2787bd41df2c9a1db6b8382fe2cd1.jpg,2026-08-11 00:17:57,7987401,confirmed,https://www.spreaker.com/podcast/we-re-not-doctors--6235826,1786407477,97956edaf68b7ca2dd8824752f004f37,,4,0,INDIVIDUAL
UnveilHer with Jennifer Fox,Jennifer Fox,https://rss.buzzsprout.com/2636383.rss,"<p><em>UnveilHer with Jennifer Fox</em> goes beneath the obvious - into our stories, relationships, failures, desires, and the questions we sometimes avoid because we might not like the answer. <b>We’ll get curious, get uncomfortable, laugh along the way, and see what’s been there all along.</b></p>",Buzzsprout,en-us,https://storage.buzzsprout.com/3gs0xd76ccjpts1vio98nutt0g2h?.jpg,2026-08-11 00:12:14,7987397,confirmed,https://www.jenniferafox.com,1786407134,ac5042a27280c5f390a3b088d04a1767,,4,0,INDIVIDUAL
Third Quarter Badass,Scott Bluni & Meg Kennedy,https://rss.buzzsprout.com/2627328.rss,"<p><b>Third Quarter Badass</b> tells the stories of athletes, adventurers, competitors, and high performers who are still chasing hard things in the third quarter of life.</p><p><br></p><p>Hosted by Scott Bluni and Meg Kennedy, the show explores what it takes to stay strong, resilient, ambitious, and fully alive as we age. Through conversations with masters athletes, endurance competitors, climbers, sailors, CrossFitters, skiers, equestrians, and other extraordinary people, Third Quarter Badass looks at training, recovery, mindset, identity, reinvention, and the refusal to step quietly out of the arena.</p><p><br></p><p>This is not a podcast about aging gracefully. It is a podcast about staying in the fight, taking on the next challenge, and proving that ambition does not expire.</p><p><br></p><p><b>The third quarter is not a cooldown.</b></p>",Buzzsprout,en-us,https://storage.buzzsprout.com/zx90tup3vyeoxwe80beweib5l12i?.jpg,2026-08-11 00:11:47,7987396,confirmed,http://www.3qbadass.com,1786407107,687ddaacd8c4a825f18f05338ec26fef,,4,0,CORPORATE
Net Replacement Film Podcast for Grower,Reynolds Anton,https://www.spreaker.com/show/7254466/episodes/feed,"<a href=""https://www.netwrap.com.au/net-replacement-film/"" target=""_blank"" rel=""noreferrer noopener""><b>Net Replacement Film</b></a> Podcast for Grower Pros Daily explores modern agricultural covering solutions for greenhouses, nurseries, and protected farming systems. Each episode covers practical insights on net replacement film, crop protection, climate control, greenhouse efficiency, pest management, and sustainable growing strategies. Designed for growers, agricultural professionals, and greenhouse operators, this podcast delivers clear and actionable information to help improve productivity and crop quality in modern farming environments.",Spreaker,en,https://d3wo5wojvuv7l.cloudfront.net/t_rss_itunes_square_1400/images.spreaker.com/original/0da709d17a4f5edf92c8f2ceb3eaa3bc.jpg,2026-08-11 00:10:30,7987395,confirmed,https://www.spreaker.com/podcast/net-replacement-film-podcast-for-grower--7254466,1786407030,57b416ee856eef8b4fa2e172eded89d3,,4,0,INDIVIDUAL
Sleepy Naps | Cozy Bedtime Stories and; Relaxing Sleep Stories Sleepy Naps: Sleep Stories and Medita,Sleepy Naps: Sleep Stories and Meditation Podcast,https://anchor.fm/s/11590d27c/podcast/rss,"🌙 Welcome to Sleepy Naps, your cozy escape into peaceful bedtime stories and deep sleep. Hosted by Sarah Maria Gabrielle, this show is your sanctuary to relax, unwind, de-stress, and drift into restful sleep. Enjoy an immersive collection of romantic adventures, classic fairy tales, gentle mysteries, medieval journeys, and original comforting tales. Featuring calming narration and soothing storytelling, each track is perfectly designed for naps, bedtime, insomnia relief, and quiet evenings. ✨ New relaxing stories uploaded every week.💖 Follow the show on Spotify and subscribe to our YouTube.",Anchor,en-us,https://d3t3ozftmdmh3i.cloudfront.net/staging/podcast_uploaded_nologo/46467799/46467799-1785564241404-0df56deb07e39.jpg,2026-08-11 00:02:24,7987387,confirmed,https://podcasters.spotify.com/pod/show/sleepy-naps-sleep-stories6,1786406544,2a1a77064dfce9e6be78a294de27dea2,6799781275.0,2,0,CORPORATE
Test,Bob Smith,https://www.spreaker.com/show/7254460/episodes/feed,tesing decription,Spreaker,en,https://d3wo5wojvuv7l.cloudfront.net/t_rss_itunes_square_1400/images.spreaker.com/original/19c6a80e03c3ea065c2ff530292baf0e.jpg,2026-08-11 00:01:28,7987386,confirmed,https://www.spreaker.com/podcast/test--7254460,1786406488,646f18a6a92fd0476cdd480b3af1584d,,4,0,CORPORATE
rendlesham forest the field logs,Miles Ellis,https://anchor.fm/s/114182468/podcast/rss,"Most people know Rendlesham Forest for what landed there in December 1980. They treat it like a cold case. But the forest didn't fall silent after the military left.
​Rendlesham Forest: The Field Logs is a boots-on-the-ground podcast recorded directly under the canopy. Each month, we trek into the trees to map the bridge between the past and the present. We bridge the gap between the historic 1980 incident and the anomalies being reported by hikers, campers, and locals today. From space-time distortions and binary codes to 3D and 4D dimensional shifts, we explore what makes this patch of Suffo",Anchor,en-gb,https://d3t3ozftmdmh3i.cloudfront.net/staging/podcast_uploaded_nologo/46220938/46220938-1782154570413-5150e910e2205.jpg,2026-08-11 00:01:17,7987385,confirmed,https://podcasters.spotify.com/pod/show/miles-ellis7,1786406477,f4485ac95a6d7bd13c2c7ed9f50f8a74,6783050763.0,2,0,INDIVIDUAL
Occupied & Unlocked: the OT student’s playbook,Dr L,https://rss.buzzsprout.com/2632427.rss,"<p>Weekly conversations for OT students and pre-OT hopefuls who want the honest version of admissions, fieldwork, and burnout that no program hands you at orientation. Hosted by a professor who has over two decades in the field. Occupied and Unlocked trades the lecture tone for real strategy you can actually use.</p><p><br></p>",Buzzsprout,en-us,https://storage.buzzsprout.com/y9u1pbuqirh4b0gl02rbcrnmi2wc?.jpg,2026-08-11 00:01:01,7987384,confirmed,,1786406461,0ce8bb3b87634686c2f6d162c94c18fa,,4,0,INDIVIDUAL
ChaseWhispers,ChaseWhispers,https://anchor.fm/s/114edb9c0/podcast/rss,"Welcome to ChaseWhispers—a quiet place to slow down. Here you’ll find whispered ASMR, immersive sleep stories, personal attention, gentle sounds, and calming moments designed to help you relax, unwind, and fall asleep. Whether you’re ending a long day or simply looking for a little peace, you’re always welcome here.
All cover images taken and edited by me.",Anchor,en-us,https://d3t3ozftmdmh3i.cloudfront.net/staging/podcast_uploaded_nologo/46360912/46360912-1784071379192-772f09af57a7f.jpg,2026-08-11 00:00:16,7987383,confirmed,https://podcasters.spotify.com/pod/show/chasmr,1786406416,2514cd1f841363b4c5e53647141080e3,6799223679.0,2,0,INDIVIDUAL
The Momentum Creators Driving Modern Economy,Launchpod Studio,https://feeds.megaphone.fm/LPS6618904231,"<p>An academic exploration of the entrepreneurs and leaders reshaping industries through innovation, rigorous problem-solving, and adaptive leadership. The series looks closely at real decision points behind products, services, and business models—how priorities are set, resources allocated, risks assessed, and approaches refined under pressure. It parses methodologies with care, from the use of frameworks and metrics to iterative planning and structured experimentation, while staying honest about constraints, missteps, and course corrections. With attention to sector context and the shifting realities of the contemporary marketplace, it shows how strategies translate into durable value and how teams adapt when conditions change. The tone is research-minded and concrete, aiming to leave listeners with clear, applicable insight into modern strategy and leadership across diverse sectors.</p>",Megaphone,en,"https://megaphone.imgix.net/podcasts/fe5ab1dc-89ff-11f1-9dab-c3c0f7037d34/image/e3b55c17784aaaf2090b5e1e28afa4df.jpeg?ixlib=rails-4.3.1&max-w=3000&max-h=3000&fit=crop&auto=format,compress",2026-08-10 23:58:31,7987381,confirmed,https://www.buzzsprout.com/2632929,1786406311,b6ce0fdeb590e7966d414b701023fbcb,6795246530.0,2,0,CORPORATE
Brain Boost,Brain Boost,https://feeds.redcircle.com/6a649a6c-d7ac-4d5e-9fae-f21ab2736671,"*Brain Boost* is your destination for smarter learning and lifelong growth. Explore science, technology, psychology, history, study strategies, and practical skills through engaging episodes designed to expand your knowledge, sharpen your thinking, and inspire curiosity every day.",Spotify for Podcasters,en-US,https://media.redcircle.com/images/2026/7/26/12/0fe0b53d-9b4a-41af-8811-20019c1f312a_untitled_design.jpg,2026-08-10 23:52:32,7987380,confirmed,https://redcircle.com/shows/brain-boost,1786405952,58714ae66f54e9b9b11d085a4a0d22de,6794874234.0,2,0,INDIVIDUAL
Filed & Fatal,The Unpolished Two Presents:,https://feed.podbean.com/filedandfatal/feed.xml,"<p>The Unpolished Two takes on True Crime. Tune in to hear Kaleigh deep dive into all things True Crime. From information circling the internet to your favorite documentaries, Kaleigh ""files"" into the details behind the cases and debates with guests about what she thinks really happened. </p>",Podbean,en,https://pbcdn1.podbean.com/imglogo/image-logo/22357228/Cozy_Fireplace_Background_Edit_1500_x_1500_px_1800_x_1800_px_68ios.png,2026-08-10 23:44:50,7987377,confirmed,https://filedandfatal.podbean.com,1786405490,db5f8803d52dde90f9c320682633a644,6798894452.0,2,0,CORPORATE
FaZe Rug,FaZe Rug,https://rss.buzzsprout.com/2302749.rss,"My goal is to make you forget about your problems when you watch my vids 😃
Spread Positivity Always ❤️",Buzzsprout,en,https://storage.buzzsprout.com/qulf9yka7z9u2cg2cksjy3dy24eh?.jpg,2026-08-10 23:43:01,7987376,confirmed,https://faze-rug.captivate.fm,1786405381,b34baf76f686a1ecf60add8acb49b646,,4,0,INDIVIDUAL
Built To Code,"Building Digital, Hosted by Rory Smith",https://anchor.fm/s/f583e8ac/podcast/rss,"A construction-talks-tech podcast, where we host builders from across the industry to sit, chat, and have some fun as we check in on how a $12 trillion global industry is adapting to a brave new tech-filled world.",Anchor,en-ca,https://d3t3ozftmdmh3i.cloudfront.net/staging/podcast_uploaded_nologo/41090627/41090627-1714364717027-67e8bedb6152b.jpg,2026-08-10 23:22:37,7987367,confirmed,https://www.buildingdigital.com,1786404157,760f6cc9004e11d84508aa2bba6fd992,1757689169.0,2,0,CORPORATE
Cancel the BOX,David Michael Williamson,https://feed.podbean.com/CanceltheBOX/feed.xml,"<p><strong>Cancel the Box</strong> is a podcast built on leadership, purpose, and brotherhood. Hosted by someone with experience in the fire service, ministry, and peer support, this show delivers real conversations about breaking out of comfort zones, challenging outdated mindsets, and becoming the person you were meant to be.</p>
<p>No fake motivation. No filters. Just real talk about growth, discipline, leadership, and life under pressure.</p>
<p>👊 No labels. No limits. No box.</p>",Podbean,en,https://pbcdn1.podbean.com/imglogo/image-logo/1490248/the_box_1400_x_1400_px_bllaf.png,2026-08-10 23:17:08,7987363,confirmed,https://CanceltheBOX.podbean.com,1786403828,a28e2e04935bb2283f2cabea9569309f,6797088258.0,2,0,INDIVIDUAL
Oh Mary Please,Tom,https://rss.buzzsprout.com/2628733.rss,<p>Interviews with the legendary gay bar owner of 45 years on his adventures</p>,Buzzsprout,en-us,https://storage.buzzsprout.com/jcsq5dtajo99pzmzpp3rcfrasn2q?.jpg,2026-08-10 23:05:21,7987358,confirmed,https://linktr.ee/ohmarypleasepodcast,1786403121,3334279bdaf3f8991ffb0d0dc541115b,,4,0,INDIVIDUAL
The Clinical Tea,Kristina,https://anchor.fm/s/114b381d8/podcast/rss,"The Clinical Tea is a space for founders, investors, builders, and practitioners in health, tech, and wellness to spill the actual tea. Hosted by Kristina, a physician by training and now clinical researcher working in a health tech startup, The Clinical Tea exists for you, the smart consumer. Whether you're a health-conscious millennial trying to make smarter choices, a Gen Z consumer tired of being sold to, a founder building in the health tech space, or a fellow clinical research professional ready to see your world in a more digestible format...this show was made for you.",Anchor,en,https://d3t3ozftmdmh3i.cloudfront.net/staging/podcast_uploaded_nologo/46322758/46322758-1785600342254-ba14a104b2309.jpg,2026-08-10 23:05:00,7987357,confirmed,https://podcasters.spotify.com/pod/show/kristina-does-research5,1786403100,78c90c8739c051e833aaa1c45f349918,6799451783.0,2,0,INDIVIDUAL
Dear MF Diary,Jessica,https://anchor.fm/s/1065153f4/podcast/rss,"Dear MF Diary is a podcast for the souls who’ve been cracked open and are tired of pretending they’re fine. Hosted by Jessica spiritual seeker, truth-teller, and a little hood with a whole lotta healing this show is a space for radical vulnerability, real-ass stories, and the messy magic of transformation.
Each episode dives deep into personal truths, from spiritual awakenings to breakdowns that became breakthroughs. Guests (aka everyday warriors) are invited to share what they’re holding, while the community rallies with resources, advice, or just a whole lot of love.",Anchor,en,https://d3t3ozftmdmh3i.cloudfront.net/staging/podcast_uploaded_nologo/43909605/43909605-1750264884893-ffe37fc119b6b.jpg,2026-08-10 22:59:47,7987353,confirmed,https://glonvivacity.com,1786402787,1c41590712a30afbc773ae512fdfef79,1821521081.0,2,0,INDIVIDUAL
AUDIO,Dayana Fernandez,https://www.spreaker.com/show/7254355/episodes/feed,N,Spreaker,en,https://d3wo5wojvuv7l.cloudfront.net/images.spreaker.com/nuvolari-assets/blue_square_mic.jpg,2026-08-10 22:58:39,7987352,confirmed,https://www.spreaker.com/podcast/audio--7254355,1786402719,2a337caf9323e07f90c9f620db9e6834,,4,0,CORPORATE
Podcast Itinerário 1,Murilo Lages Prata Lima,https://www.spreaker.com/show/7254354/episodes/feed,"Grupo: Murilo, Raphael e Elis",Spreaker,en,https://d3wo5wojvuv7l.cloudfront.net/images.spreaker.com/nuvolari-assets/black_square_mic.jpg,2026-08-10 22:55:35,7987349,confirmed,https://www.spreaker.com/podcast/podcast-itinerario-1--7254354,1786402535,f3ab0c6a2c558cb438c791461ea8738f,,4,0,INDIVIDUAL
The Survivor's Table,Michael Hizer,https://www.spreaker.com/show/7210498/episodes/feed,"The Survivor's Table is a place to sit down, be honest, and talk about what surviving cancer actually looks like. Hosted by five-time cancer survivor Michael Hizer, each episode features real conversations with patients, survivors, and caregivers — mixed with solo reflections that slow down and sit with the parts of this journey that rarely get airtime. The fear that doesn't go away when scans come back clean. The grief of losing an old version of yourself. The caregiver who's exhausted but afraid to say so. There's no single right way to experience cancer, and no single voice that speaks for everyone. Whether you're in treatment, years into remission, or supporting someone you love through it, pull up a chair — there's room for your story here too.",Spreaker,en,https://d3wo5wojvuv7l.cloudfront.net/t_rss_itunes_square_1400/images.spreaker.com/original/527b8bed2b85649b867fa4058ce5cbe5.jpg,2026-08-10 22:42:07,7987344,confirmed,http://www.thesurvivorstable.com,1786401727,09baea67b4c84d27e3f82c866bb58476,,4,0,INDIVIDUAL
Grace City Church Online,Grace City Church,https://rss.buzzsprout.com/2634662.rss,"<p>This is the home for all sermon content from Grace City Church in Wenatchee, Washington. Sit under the teaching of Pastors like Adam James, Josh McPherson, and Kyle McMullen. </p><p><br></p><p>Want to check out the sermons on video, and learn more about Grace City Church? Head over to https://GraceCityChurch.com/Sermons</p><p><br></p><p>Want to check out Pastor Josh McPherson's YouTube page with his sermons and podcasts? Check it out: https://www.youtube.com/@Josh_McPherson</p>",Buzzsprout,en-us,https://storage.buzzsprout.com/2pizkma1gu5vxkcyiwjxl60rffj0?.jpg,2026-08-10 22:35:01,7987339,confirmed,,1786401301,95f8ba4907db06b929beb31de648ed69,,4,0,CORPORATE
Accountable,CPA Crossings,https://rss.buzzsprout.com/2636388.rss,"<p>Accountable tells the biggest accounting mistakes in business—and the lessons that came after. A podcast from CPA Crossings, each standalone episode uses real business cases to explore what went wrong, why the warning signs mattered, how organizations and the profession responded, and what finance professionals can learn from the experience. The stories are built from publicly available records, regulatory materials, court filings, company disclosures, and reputable reporting. The goal is not to pass judgment. It is to borrow experience from situations we did not have to live through ourselves.</p><p><br></p><p><b>Listen free. Earn CPE when you need it.</b><br> Accountable is free wherever you get your podcasts. To earn CPE credit for an Accountable episode, visit www.cpacrossings.com and select the corresponding course. </p><p><br></p><p>Accountable is an educational program produced by CPA Crossings. Episodes are based on publicly available sources, including regulatory materials, court records, company disclosures, governmental investigations, and reputable reporting. The program does not present undisclosed or insider information and is not intended to pass judgment on any company or individual. Allegations, findings, pleas, convictions, settlements, and other legal outcomes are described according to the cited public record.</p><p><br></p><p>Theme music by Theandric. Used with permission. </p>",Buzzsprout,en-us,https://storage.buzzsprout.com/3aa3lrsfymwtkn73fn7rtne01ned?.jpg,2026-08-10 22:28:25,7987335,confirmed,,1786400905,13f4afd56551ebac2baef6341d99218c,,0,0,INDIVIDUAL
Divinely Human,Talk 4 Media,https://www.spreaker.com/show/7233563/episodes/feed,"Divinely Human: Where Divine Wisdom Meets Everyday Life<br /><br />Divinely Human is a show for those seeking a deeper connection to themselves and the wisdom that lives within. Hosted by therapist, author, and speaker Sarah Asha Rose, each episode blends psychology, spirituality, and authentic conversation to explore healing, relationships, intuition, creativity, and personal transformation. Through practical tools and inspiring guests, you’ll learn to trust yourself, reclaim your voice, and remember who you truly are.<br /><br />Divinely Human is broadcast live Tuesdays at 12 Noon ET on W4WN Radio – Women 4 Women Network (<a href=""https://urldefense.proofpoint.com/v2/url?u=http-3A__www.w4wn.com&d=DwMFaQ&c=BSDicqBQBDjDI9RkVyTcHQ&r=uWCfroI8yhBYdmfU3V980uXFax9-5HwF09v59Wv8CbM&m=HzstcCRybMFoIRSAlzUg5NYgQlsMQMSX31P6w6DcewDEhbGRijbmusHINGCO4wiJ&s=9nPQS6fMNG8b2VzBUwple-qXqRRxDPp0iw1Zh37XECI&e="" target=""_blank"" rel=""noreferrer noopener"">www.w4wn.com</a>) part of Talk 4 Radio (<a href=""https://urldefense.proofpoint.com/v2/url?u=http-3A__www.talk4radio.com&d=DwMFaQ&c=BSDicqBQBDjDI9RkVyTcHQ&r=uWCfroI8yhBYdmfU3V980uXFax9-5HwF09v59Wv8CbM&m=HzstcCRybMFoIRSAlzUg5NYgQlsMQMSX31P6w6DcewDEhbGRijbmusHINGCO4wiJ&s=kfnPLKoMa6NLXakP7s0ZtEbYtQqcNE9_9360pXti1dU&e="" target=""_blank"" rel=""noreferrer noopener"">www.talk4radio.com</a>) on the Talk 4 Media Network (<a href=""https://urldefense.proofpoint.com/v2/url?u=http-3A__www.talk4media.com&d=DwMFaQ&c=BSDicqBQBDjDI9RkVyTcHQ&r=uWCfroI8yhBYdmfU3V980uXFax9-5HwF09v59Wv8CbM&m=HzstcCRybMFoIRSAlzUg5NYgQlsMQMSX31P6w6DcewDEhbGRijbmusHINGCO4wiJ&s=qV4gZfRYgGoBD-zruDg55Rt9h5kRkmLXQNY8M8Ep29s&e="" target=""_blank"" rel=""noreferrer noopener"">www.talk4media.com</a>).<br /><br />Divinely Human TV Show is viewed on Talk 4 TV (<a href=""https://urldefense.proofpoint.com/v2/url?u=http-3A__www.talk4tv.com&d=DwMFaQ&c=BSDicqBQBDjDI9RkVyTcHQ&r=uWCfroI8yhBYdmfU3V980uXFax9-5HwF09v59Wv8CbM&m=HzstcCRybMFoIRSAlzUg5NYgQlsMQMSX31P6w6DcewDEhbGRijbmusHINGCO4wiJ&s=4H9THsdhrfCUnImyLmsg9bXAYS8D1-Irb4A2g03pYgE&e="" target=""_blank"" rel=""noreferrer noopener"">www.talk4tv.com</a>).Divinely Human Podcast is also available on Talk 4 Media (<a href=""https://urldefense.proofpoint.com/v2/url?u=http-3A__www.talk4media.com&d=DwMFaQ&c=BSDicqBQBDjDI9RkVyTcHQ&r=uWCfroI8yhBYdmfU3V980uXFax9-5HwF09v59Wv8CbM&m=HzstcCRybMFoIRSAlzUg5NYgQlsMQMSX31P6w6DcewDEhbGRijbmusHINGCO4wiJ&s=qV4gZfRYgGoBD-zruDg55Rt9h5kRkmLXQNY8M8Ep29s&e="" target=""_blank"" rel=""noreferrer noopener"">www.talk4media.com</a>), Talk 4 Podcasting (<a href=""https://urldefense.proofpoint.com/v2/url?u=http-3A__www.talk4podcasting.com&d=DwMFaQ&c=BSDicqBQBDjDI9RkVyTcHQ&r=uWCfroI8yhBYdmfU3V980uXFax9-5HwF09v59Wv8CbM&m=HzstcCRybMFoIRSAlzUg5NYgQlsMQMSX31P6w6DcewDEhbGRijbmusHINGCO4wiJ&s=EuaHzIg9W5dFmp-W7Dp0D36nZEyszXpjGHERMUvoQ8M&e="" target=""_blank"" rel=""noreferrer noopener"">www.talk4podcasting.com</a>), iHeartRadio, Amazon Music, Pandora, Spotify, Audible, and over 100 other podcast outlets.",Spreaker,en,https://d3wo5wojvuv7l.cloudfront.net/t_rss_itunes_square_1400/images.spreaker.com/original/41393c5e130b816d57c8ff9ee67b630d.jpg,2026-08-10 22:23:16,7987332,confirmed,https://www.spreaker.com/podcast/divinely-human--7233563,1786400596,ba3e67432eb758406e09bafb6deaf262,,4,0,CORPORATE
The Mag Podcast,The Mag Podcast,https://feeds.acast.com/public/shows/6a78f4ff769f96ab45400484,"A deep dive into everything Newcastle United — brought to you by <i>The Mag</i>, the independent voice of the club since 1988.<hr><p style='color:grey; font-size:0.75em;'> Hosted on Acast. See <a style='color:grey;' target='_blank' rel='noopener noreferrer' href='https://acast.com/privacy'>acast.com/privacy</a> for more information.</p>",Acast,en,https://assets.pippa.io/shows/6a78f4ff769f96ab45400484/show-cover.jpeg,2026-08-10 22:22:40,7987330,confirmed,https://riverside.com,1786400560,aa0f4b464f3ed039417a0030a4c2befa,6794921843.0,2,0,CORPORATE
ORANGEVILLE WEATHER,Orangeville Weather,https://feeds.transistor.fm/orangeville-weather,"Current weather conditions in Orangeville, Ontario, Canada.",Transistor,en,https://img.transistorcdn.com/hCZVkUqLcKNa0yOVEEcklkxTVO3vdvQ57CG9b0em7uM/rs:fill:0:0:1/w:1400/h:1400/q:60/mb:500000/aHR0cHM6Ly9pbWct/dXBsb2FkLXByb2R1/Y3Rpb24udHJhbnNp/c3Rvci5mbS8zNDc2/Yjg3ZmFmZjMyNDVi/N2M4MzMwMzhjNTRj/MGRkYi5wbmc.jpg,2026-08-10 22:22:31,7987329,confirmed,,1786400551,2529e23d780fe889aa9bb5ab3a2d78ab,,0,0,INDIVIDUAL
The ZVEX Podcast,ZVEX,https://rss.buzzsprout.com/2554439.rss,"<p>Join Zachary Vex of ZVEX Effects as he discusses a number of interesting topics with friends, musicians, colleagues, and creatives. </p>",Buzzsprout,en-us,https://storage.buzzsprout.com/qcc63z4t9agpjdc2dwksjbsr7r7r?.jpg,2026-08-10 22:22:10,7987328,confirmed,,1786400530,1c98b3d1b89281b26914d4a33ebd39c4,,4,0,CORPORATE
The Evviva Podcast,Sarah Tuckett,https://anchor.fm/s/ee9413c8/podcast/rss,"Fall in love with life again! ""Evviva"" translates as ""Hurray! To life!"" Understand yourself, learn nervous system regulation skills & discover what brings vitality back into your life. Somatic therapy-adjacent but not always therapy, I share information & skills to help you navigate life with a dash of rebelliousness & a sprinkling of sweariness. Helping you find laughter, hope and vibrancy again.
Your host, Sarah Tuckett, is a somatic psychotherapist & dance movement therapist in Brisbane.",Anchor,en-au,https://d3t3ozftmdmh3i.cloudfront.net/staging/podcast_uploaded_nologo/39926818/39926818-1782453001574-d2a5bc57fd4ea.jpg,2026-08-10 22:15:06,7987324,confirmed,https://sarahtuckett.com.au/,1786400106,b98ce62c6193d18675bc7c33abc0b017,6791408691.0,2,0,INDIVIDUAL
Weekly Word Refill,southernbelle92,https://feed.podbean.com/southernbelle92/feed.xml,"<p>Here, I will be reading, studying, and breaking down scripture. I love the Word and my desire is that everyone would have an increased hunger and thirst to know God through His word, so that we can grow and live our fullest lives in Christ. The world throws many challenges at us daily but I believe there is a perseverance and joy that can be obtained through familiarizing AND living out what scripture says. If this sounds like something you want to be apart of, come join me for a weekly word refill!</p>",Podbean,en,https://pbcdn1.podbean.com/imglogo/image-logo/22515129/1000035099_ta3v2v.jpg,2026-08-10 22:10:57,7987322,confirmed,https://southernbelle92.podbean.com,1786399857,1fc83b674c5a70c335c0b0a5a5e4cb5f,6794399894.0,2,0,INDIVIDUAL
The 5:00 Project,John C.,https://rss.buzzsprout.com/2634881.rss,"<p>Somewhere along the way, adulthood became less about having things figured out and more about deciding what deserves your limited time and energy.</p><p><br></p><p>Because that’s really the scarce resource.</p><p><br></p><p>The project begins.</p>",Buzzsprout,en-us,https://storage.buzzsprout.com/lr42rehjodxxaq79aadbnkpymbpl?.jpg,2026-08-10 22:07:55,7987320,confirmed,https://www.buzzsprout.com/2634881,1786399675,5d01d223f9850ef8b178724052695b6d,,4,0,INDIVIDUAL
Process Events Podcast,Process Events Podcast,https://anchor.fm/s/114c21edc/podcast/rss,"If you've seen too many case studies and thought: WOW, but HOW? - the Process Events Podcast has answers.
We feature brand experts across strategy, design and adjacent disciplines who open up about the things most people won't:
• How much they charge
• How their creative process really works
• How they handle clients, presentations and the rest
Monthly episodes with guests who've spoken on our stages.
Hosted by Mark E Brown, Head of Process Events APAC and Creative Director at Sentius Creative.
We also host events across the world including Melbourne, Sydney, Hobart, London, Manchester, L",Anchor,en-au,https://d3t3ozftmdmh3i.cloudfront.net/staging/podcast_uploaded_nologo/46332335/46332335-1786292673142-af0870df1ffc.jpg,2026-08-10 22:06:46,7987319,confirmed,https://podcasters.spotify.com/pod/show/process-events-podcast,1786399606,ee388c2835edb1de58fd4db571c0df0f,6799711482.0,2,0,INDIVIDUAL
Penny Forward,Chris Peterson and Liz Bottner,https://feeds.transistor.fm/penny-forward,Penny Forward,Transistor,en,https://img.transistorcdn.com/CJ8w6uUbLSd4ykbmL7AoK7jXgOIoCfp6Oal8s-cdjUo/rs:fill:0:0:1/w:1400/h:1400/q:60/mb:500000/aHR0cHM6Ly9pbWct/dXBsb2FkLXByb2R1/Y3Rpb24udHJhbnNp/c3Rvci5mbS85Mzgw/ZWZjOTJiZWQ4Mzk5/ODkyNzI2ZmZhNjVh/MDkzMi5qcGc.jpg,2026-08-10 22:06:40,7987318,confirmed,https://www.pennyforward.com,1786399600,6d86b34c943ec175060410b70fe347f3,,4,0,CORPORATE
👁️ MR. CREEPS ENCOUNRERS,MR. CREEPS ENCOUNRERS,https://www.spreaker.com/show/7254259/episodes/feed,"👁️ MR. CREEPS ENCOUNRERS — WHERE THE UNKNOWN FINDS YOU Welcome to MR. CREEPS ENCOUNRERS, a channel dedicated to the strangest, creepiest, and most unexplained stories lurking between fear and the unknown. Here, you will discover terrifying encounters, mysterious creatures, paranormal sightings, urban legends, disturbing experiences, unexplained events, and stories from people who claim to have witnessed something they were never supposed to find. Some stories begin completely normally. A walk through the woods. A late-night drive. An empty road. An abandoned house. A camera recording somewhere far from civilization. And then... something appears. At that moment, everything changes. MR. CREEPS ENCOUNRERS was created to explore those moments — the encounters that leave behind unanswered questions and make you think twice before walking alone after dark. From strange figures spotted in remote places to unexplained sounds, mysterious creatures, paranormal encounters, and disturbing events caught in the darkness, every story takes you one step deeper into the unknown. Not everything has to be explained. Sometimes, the scariest part is simply not knowing what was really there. Our content combines horror, suspense, mystery, paranormal stories, and immersive narration to create an unsettling experience for anyone who enjoys frightening encounters and unexplained phenomena. Some stories may be inspired by legends, eyewitness accounts, internet folklore, or reported experiences, while others may be fictional or adapted for entertainment. When a story cannot be independently verified, it should be treated as a mystery rather than established fact. 🎧 Put on your headphones. 🌑 Turn off the lights. 👁️ Look into the darkness. And prepare yourself for stories that might make you wonder: “What would I do if I were there?” Subscribe to MR. CREEPS ENCOUNRERS and discover new encounters, terrifying stories, mysterious sightings, and journeys into the darkest corners of the unknown. Because some encounters may last only a few seconds... but the fear can stay with you forever. MR. CREEPS ENCOUNRERS<br />You never know what might be waiting on the other side of the darkness.",Spreaker,en,https://d3wo5wojvuv7l.cloudfront.net/t_rss_itunes_square_1400/images.spreaker.com/original/d109c24e715888812c056ac58ed71a88.jpg,2026-08-10 22:06:32,7987317,confirmed,https://www.spreaker.com/podcast/mr-creeps-encounrers--7254259,1786399592,f4ea7eaadc4e4f20c8cc2d66fc27137a,,4,0,INDIVIDUAL
Feeling Alive: My Thoughts on Passion,Odd Little Productions,https://anchor.fm/s/115d91bf4/podcast/rss,"In this very short series, I share some of the things I've learned about our passions. What passion is, why it's important, how we can lose our passions, and how passion can help us understand who we are.",Anchor,en-us,https://d3t3ozftmdmh3i.cloudfront.net/staging/podcast_uploaded_nologo/46515173/46515173-1786247435904-d27984ffa7276.jpg,2026-08-10 21:57:42,7987311,confirmed,https://oddlittleproductions.com/,1786399062,5dd1a5176897fcb877e79fc3041782da,6799779457.0,2,0,CORPORATE
Her Whole Health,Rebecca,https://rss.buzzsprout.com/2636379.rss,"<p><b>Her Whole Health</b> is an expert-led podcast for Black women in their 20s and 30s, featuring honest, evidence-based conversations about reproductive health, fertility, PCOS, fibroids, endometriosis, mental health, and so much more.</p>",Buzzsprout,en-us,https://storage.buzzsprout.com/rxlqjf2hv7bhka457jsncn3qo3hf?.jpg,2026-08-10 21:48:19,7987304,confirmed,,1786398499,40f477eadfb681bd15fc02b059edef9a,,4,0,INDIVIDUAL
You're So Introverted,Lucy Briggs,https://anchor.fm/s/8867ee58/podcast/rss,"Welcome to the You're So Introverted podcast. The podcast where I convince myself and others that I actually have a lot of things to say. The hope for this podcast is for me to be able to create space for open dialogue and honest conversations for me, my listeners, and my special guests. Thanks for being here! If you want to continue the conversation, follow me on Instagram @youresointroverted and shoot me a DM. I'd love to hear from you.",Anchor,en,https://d3t3ozftmdmh3i.cloudfront.net/staging/podcast_uploaded_nologo/22785126/22785126-1709824085057-32251ecd71538.jpg,2026-08-10 21:36:07,7987295,confirmed,https://podcasters.spotify.com/pod/show/youresointroverted,1786397767,aff5e1d2b981f69f15779fd4b2e6437f,1614605516.0,2,0,INDIVIDUAL
The African Latino,Michael Reynoso,https://www.spreaker.com/show/7254188/episodes/feed,"Greetings, everyone, and welcome to ""The African Latino."" <br /><br />My name is Michael Reynoso, and we will be discovering my Gabon/Latin roots. The purpose of this channel is exploring my African and Latino identity through ancestry, faith, history, healing, and truth. Sharing my journey from the Dominican Republic to Gabon while breaking stereotypes, inspiring unity, and viewing the world through a biblical lens.<br /><br />What To Expect<br />The History of Gabon, The History of the Dominican Republic, Solving Identity Crisis, The Migration from Gabon to the Americas—Caribbean, United States, South America, etc. Expect more content to come in the future.<br /><br />As I continue to explore my Gabon roots, there will be ""Aha!"" moments along the way as I dig deeper into the truth. Join me on this unforgettable adventure!<br /><br />Become a supporter of this podcast: <a href=""https://www.spreaker.com/podcast/the-african-latino--7254188/support?utm_source=rss&utm_medium=rss&utm_campaign=rss"">https://www.spreaker.com/podcast/the-african-latino--7254188/support</a>.",Spreaker,en,https://d3wo5wojvuv7l.cloudfront.net/t_rss_itunes_square_1400/images.spreaker.com/original/cbb168201374041dd89cd5d985fbbb74.jpg,2026-08-10 21:34:53,7987293,confirmed,https://www.spreaker.com/podcast/the-african-latino--7254188,1786397693,4c5b3cd412985bacd864ca2017187594,,4,0,INDIVIDUAL
Unspoken Bond Podcast,Jackie Ducci,https://rss.buzzsprout.com/2635245.rss,"<p>The Unspoken Bond Podcast explores why the relationships we share with animals are profoundly meaningful. Through compelling conversations, Jackie creates a space where the value of the human-animal bond is validated, honored, and brought to light.</p>",Buzzsprout,en-us,https://storage.buzzsprout.com/ixx8o30ly4dibi5pox3jeevqabra?.jpg,2026-08-10 21:28:13,7987291,confirmed,https://www.jackieducci.com/podcast,1786397293,3a7b332c46080e863145d2f64a579254,,0,0,INDIVIDUAL
Zero Decorum,Felicia Mirabel,https://feeds.redcircle.com/c73bf632-77f1-466f-b43e-77992c5a8736,"Zero Decorum is a personality-driven comedy and skepticism show hosted by Felicia Mirabel, where scams, conspiracies, religion, paranormal claims, internet freakouts, bad experts, wellness grifts, tech nonsense, pop culture sludge, and whatever else crawled out of the internet vents get dragged under fluorescent lights.
This is not a debate show, a lecture, or a polite panel discussion. Felicia finds something ridiculous, fascinating, irritating, or suspicious and makes it everybody else’s problem.
Expect weird callers, questionable experts, live experiments, recurring characters, accidental theology, hostile sales pitches, bizarre internet subcultures, and the occasional phone call to somebody who probably should not have answered.
Entertainment first. Skepticism underneath.
New episodes of Zero Decorum are recorded live, with Felicia at the center of a very strange radio bunker trying to figure out why people believe ridiculous things, who is selling them, and whether any of this can somehow be made even weirder.",Spotify for Podcasters,en-US,https://media.redcircle.com/images/2026/8/10/21/29bf6427-b20d-4686-b88a-bbdd39ed0fb2_zd-sundaynight-square-1400.jpg,2026-08-10 21:23:57,7987289,confirmed,https://redcircle.com/shows/zero-decorum,1786397037,2090f071f32abdca618591add260f8ec,,4,0,INDIVIDUAL
Like a Southern Girl,Laura Koot,https://rss.buzzsprout.com/2636357.rss,"<p><b>This is not a podcast hosted by someone who has it all figured out.</b></p><p><br></p><p>No perfectly curated advice from a woman in a clean house with a green smoothie telling you to just believe in yourself. That's not me, and I'm guessing it's not you either.</p><p><br></p><p>I'm Laura Koot, Mum of two toddlers, living in rural Southland, MBA holder, former corporate suit wearer turned entrepreneur, mentor to women, emcee, public speaker, and this show is for real women living real lives. Busy ones. Ones holding everything together with both hands who still somehow feel like they're falling short. Women who are brilliant, capable, funny and strong, and yet never quite feel like enough.</p><p><br></p><p>Sound familiar?</p><p><br></p><p>Like A Southern Girl is where I sit down and talk through the practical, no-nonsense stuff that actually works. Hard conversations. Backing yourself. Raising confident kids by becoming a more confident woman yourself. Not theory, not fluff, just honest conversations you can actually take into your week.</p><p><br></p><p>Each episode I'm also answering a real question or challenge sent in by a listener, the confidence stuff that's actually holding you back, the situations you don't know how to handle. Got something on your chest? Email me at <a href=""mailto:laura@southerngirl.co.nz"">laura@southerngirl.co.nz</a> and I will answer it confidentially on the show. </p><p><br></p><p>New episodes weekly.</p>",Buzzsprout,en-nz,https://storage.buzzsprout.com/th4xloito99oumh096w3kejl1h4u?.jpg,2026-08-10 21:20:30,7987288,confirmed,https://www.buzzsprout.com/2636357,1786396830,c2f5acbe84d21ec04fa2b8653b5d89d7,,0,0,INDIVIDUAL
Overflow,WARROOM,https://anchor.fm/s/1144b412c/podcast/rss,"Raw worship. Real teaching. Genuine encounters with God. 
This podcast shares moments from our Friday night worship sessions and live teaching recordings to encourage your walk with Christ and help you stay connected to what God is doing - whether you're hearing it for the first time or revisiting a moment that impacted you throughout the week.",Anchor,en,https://d3t3ozftmdmh3i.cloudfront.net/staging/podcast_uploaded_nologo/46254435/46254435-1783123890341-65656049d8511.jpg,2026-08-10 21:16:22,7987283,confirmed,https://podcasters.spotify.com/pod/show/warroom27,1786396582,8a17e02f83dc9b19fa17b54025eb119e,6799520414.0,2,0,INDIVIDUAL
Jeremy Dunnam's Podcast,Jeremy Dunnam,https://rss.buzzsprout.com/1987655.rss,<p>Religion/Comedy</p>,Buzzsprout,en-us,https://storage.buzzsprout.com/2sapjpvdqneqn9bqjsb0t066kd0e?.jpg,2026-08-10 21:12:12,7987279,confirmed,https://www.buzzsprout.com/1987655,1786396332,cc477d4773dedf33e9362cd41eaf5497,,4,0,INDIVIDUAL
Entrevista com Gustavo,Richard Mairynk,https://www.spreaker.com/show/7254159/episodes/feed,Nessa entrevista Gustavo diz a sua opinião sobre a Escola Maria Rosa Rodrigues,Spreaker,en,https://d3wo5wojvuv7l.cloudfront.net/t_rss_itunes_square_1400/images.spreaker.com/original/28d69285db966e749f3fa269287a56d8.jpg,2026-08-10 21:10:03,7987276,confirmed,https://www.spreaker.com/podcast/entrevista-com-gustavo--7254159,1786396203,518c7abbb1254b9323e8f4cc60e4328a,,4,0,INDIVIDUAL
AI Simplified,AI Simplified,https://feed.podbean.com/aisimplifiedshow/feed.xml,"<p><b>AI Simplified helps you understand artificial intelligence, business, careers, money, and technology in a simple and practical way. Join Alex Carter and Sarah Mitchell as they explore AI tools, side hustles, automation, future jobs, and real-world opportunities—without the hype, jargon, or unrealistic promises. </b></p>
<p><b>New episodes every week.</b></p>
<p><b>Learn smarter. Work better. Build your future with AI.</b></p>",Podbean,en,https://pbcdn1.podbean.com/imglogo/image-logo/22424433/AI_Podcast_-_Artificial_Intelligence_-_AI_Simplified_-_ChatGPT_-_AI_Tools_-_Future_Technology_-_Business_Automation_-_AI_Careers_-_Future_of_Work_-_Entrepreneurship_-_Side_Hustles_9exqo.jpg,2026-08-10 21:08:06,7987275,confirmed,https://aisimplifiedshow.podbean.com,1786396086,7508d66237133223a09de9a891fa343b,1896926451.0,2,0,INDIVIDUAL
The Wyvern,Big Pete Kinsella,https://rss.buzzsprout.com/2634091.rss,"<p>Antifascist, vegan and punk comedian, Big Pete, talks to people he likes about things he finds interesting.</p>",Buzzsprout,en-us,https://storage.buzzsprout.com/f1w5zn4dnwdyx7fx0zanhhjtcbfb?.jpg,2026-08-10 21:05:17,7987274,confirmed,https://www.buzzsprout.com/2634091,1786395917,70599be982b4910dda9ba59c4ae674ba,,0,0,INDIVIDUAL
The Blood in Our Soil: A Geographical History of Violence in America,"Tomi Castle-White, PhD",https://anchor.fm/s/115dd8284/podcast/rss,"The Blood in Our Soil is a narrative nonfiction podcast about how violence is built into the places we live. Hosted by Tomi Castle-White, PhD, each episode begins with an American landscape and follows the histories written into it: from forced removal and racial violence to environmental destruction, economic extraction, policing, and the quieter systems that determine who may move, belong, and thrive. Moving between fieldwork, archives, public memory, and personal observation, the series asks not only what happened in a place, but how that violence continues to shape the present.",Anchor,en-us,https://d3t3ozftmdmh3i.cloudfront.net/staging/podcast_uploaded_nologo/46518057/46518057-1786295437746-b9aa463d6b793.jpg,2026-08-10 21:03:28,7987270,confirmed,https://podcasters.spotify.com/pod/show/tomi-castle-white5,1786395808,3c09330429159bcd6e48d5dd3323f749,6799719234.0,2,0,INDIVIDUAL
"Ideas, Stories, Movies, Music, eBooks, Tools, Websites, Creativity & Innovation",GURMEET SINGH DANG,https://feed.podbean.com/gurmeetk/feed.xml,"<p>Discover inspiring ideas, creative stories, books and eBooks, innovative digital tools and websites, original music, songs, movies, musi videos, educational content, and meaningful global projects.</p>
<p>Each episode transforms creativity, knowledge, technology, entertainment, and positive thinking into engaging audio experiences for listeners around the world.<br />Created and presented by GURMEET SINGH DANG, the podcast also takes listeners behind the ideas and concepts developed through GURMEETWEB TECHNICAL LABS® - a Film & Music Production Brand, Record Label and Commercial Publisher.</p>
<p>Listen, learn, discover, imagine and be inspired.</p>
<p>Creativity. Knowledge. Technology. Entertainment. Inspiration.</p>
<p>Concept and Created by GURMEET SINGH DAN</p>
<p>Produced, Published and Promoted by GURMEETWEB TECHNICAL LABS®</p>
<p>Podcast in English — Ideas, Knowledge, Creativity & Inspiration for Hindi Audiences Worldwide.</p>
<p>Online Store:</p>
<p> <a href=""https://store.gurmeetweb.com"" target=""_blank"" rel=""noreferrer noopener"">https://store.gurmeetweb.com</a></p>
<p>Official Website: </p>
<p><a href=""https://gurmeetweb.com"" target=""_blank"" rel=""noreferrer noopener"">https://gurmeetweb.com</a></p>",Podbean,en,https://pbcdn1.podbean.com/imglogo/image-logo/22547753/1000470180.jpg,2026-08-10 20:58:18,7987267,confirmed,https://gurmeetweb.podbean.com,1786395498,dc1d8017deaf007c0beb43be74624796,6799251518.0,2,0,INDIVIDUAL
Dental Billing Talk,I-Med Dental,https://anchor.fm/s/10e364228/podcast/rss,"Dental Billing Talk by iMed Dental is your go-to podcast for simplifying dental billing, insurance claims, and revenue management. Each episode delivers practical tips, expert insights, and real-world strategies to help dental practices reduce denials, improve collections, and focus on what matters most—patient care.",Anchor,en,https://d3t3ozftmdmh3i.cloudfront.net/staging/podcast_uploaded_nologo/45234042/45234042-1769116290066-3b60ef53be147.jpg,2026-08-10 20:57:29,7987265,confirmed,https://podcasters.spotify.com/pod/show/i-med-dental2,1786395449,aedd79f1104ad4737561126a42b020cf,,0,0,INDIVIDUAL
How I See It with Rita,Tayo 'Lufemi,https://www.spreaker.com/show/7254128/episodes/feed,"How I See It With Rita is your go-to spot for authentic commentary on navigating the complexities of modern life. Host Rita shares personal observations, explores diverse perspectives, and unpacks the real stories behind our day-to-day experiences. If you love grounded opinions, meaningful dialogue, and genuine storytelling, this is the show for you.",Spreaker,en,https://d3wo5wojvuv7l.cloudfront.net/images.spreaker.com/nuvolari-assets/green_square_mic.jpg,2026-08-10 20:57:09,7987264,confirmed,https://www.spreaker.com/podcast/how-i-see-it-with-rita--7254128,1786395429,f7bda570d2e286d225c49890c4cf9851,,4,0,INDIVIDUAL
Grounded Intentions,Grounded Intentions,https://anchor.fm/s/11553eab0/podcast/rss,Demystifying the plant & embracing mindful living,Anchor,en-us,https://d3t3ozftmdmh3i.cloudfront.net/staging/podcast_uploaded_nologo/46427884/46427884-1785951739563-1d1f16280d6c4.jpg,2026-08-10 20:56:23,7987263,confirmed,https://podcasters.spotify.com/pod/show/grounded-intentions,1786395383,e66e6af4dcf1961206b912b215b3666e,6799706610.0,2,0,INDIVIDUAL
Forever28,Samantha Stevens,https://anchor.fm/s/10054fab4/podcast/rss,"If Samantha Jones was British, dreaming of Broadway and Forever 28. 
Host Samantha Stevens shares stories, secrets and societal views on thriving not surviving as a single girl in New York City.",Anchor,en,https://d3t3ozftmdmh3i.cloudfront.net/staging/podcast_uploaded_nologo/42905365/42905365-1737657849316-362aa13e2a92d.jpg,2026-08-10 20:55:36,7987262,confirmed,https://podcasters.spotify.com/pod/show/samanthaustevens,1786395336,87bb2f17064adf40b185f2b56566ba32,1792765059.0,2,0,INDIVIDUAL
Abundant Life Hoonah — Sunday Sermons,Abundant Life Hoonah,https://anchor.fm/s/10bf12cbc/podcast/rss,"The weekly message from Adundant life Church in Hoonah, AK.",Anchor,en,https://d3t3ozftmdmh3i.cloudfront.net/staging/podcast_uploaded_nologo/44853223/44853223-1763750164372-746fc729777ce.jpg,2026-08-10 20:45:58,7987254,confirmed,https://abundantlifehoonah.com,1786394758,1a8f63fc8fd01d67c3134d4ea2147f55,1854851673.0,2,0,INDIVIDUAL
The Indigo Project,Mick-,https://anchor.fm/s/11110a830/podcast/rss,"The Indigo Project is a space for open dialogue and honest exploration.
This podcast explores spirituality, consciousness, philosophy, and the deeper questions of human existence, without labels, dogma, or artificial conflict. It’s about understanding, reflecting, and evolving.
Through solo reflections and conversations, each episode touches on truth, awareness, the nature of reality, and the inner voice that guides us.
This isn’t about having all the answers.
It’s about asking better questions.
If you feel there’s more beneath the surface of life…
you’re not alone.",Anchor,en-ca,https://d3t3ozftmdmh3i.cloudfront.net/staging/podcast_uploaded_nologo/45712716/45712716-1778124200302-7010010b828b4.jpg,2026-08-10 20:42:14,7987251,confirmed,https://podcasters.spotify.com/pod/show/machiavemick,1786394534,2ba393691b2264df62c57ee03f8a0bb6,1891867773.0,2,0,INDIVIDUAL
On Your Terms Live with Ann Franzese Bourne,Ann Franzese Bourne,https://anchor.fm/s/113842808/podcast/rss,"Most business content tells you what to do. On Your Terms Live goes deeper, into who you need to become to actually do it.
Hosted by Ann Franzese Bourne, executive coach and strategist, this show is for business owners and leaders who are ready to build something that works for the life they are trying to live.
Some episodes are real conversations with thought leaders and entrepreneurs. Others are solo coaching insights from Ann's work with founders and executives.
Every episode goes where most business content does not.
New episodes every week. journeytosuccess.me",Anchor,en,https://d3t3ozftmdmh3i.cloudfront.net/staging/podcast_uploaded_nologo/46123954/46123954-1780944897666-ee72c19c833c8.jpg,2026-08-10 20:41:08,7987250,confirmed,https://podcasters.spotify.com/pod/show/ann-franzese-bourne,1786394468,086872996112b670a778f85626ab5681,6799227468.0,2,0,INDIVIDUAL
Lovesac Podcast,Brady L,https://www.spreaker.com/show/7254147/episodes/feed,Just kids with ideas,Spreaker,en,https://d3wo5wojvuv7l.cloudfront.net/images.spreaker.com/nuvolari-assets/light_blue_square_mic.jpg,2026-08-10 20:40:48,7987249,confirmed,https://www.spreaker.com/podcast/lovesac-podcast--7254147,1786394448,6c852012a4c7db48b67e630b5e81c37f,,4,0,INDIVIDUAL
TWF - The Women's Fellowship,Kim,https://rss.buzzsprout.com/2636346.rss,"<p>The Women’s Fellowship Podcast is a place for honest conversations, faith-filled encouragement, and stories that remind you that you are not alone and that God is still writing your story. Hosted by Kim Spence-Mullen, the podcast features personal, one-on-one conversations—just you and Kim—while others feature inspiring guests with stories, wisdom, and encouragement to share. Together, we’ll talk about faith, purpose, relationships, business, and the courage to follow where God leads. Our 2026 theme is <em>Your Brave Yes to God, </em>because you may not see the entire road ahead, but you can trust Him with your next step. Pull up a chair. There is a place for you here.</p>",Buzzsprout,en-us,https://storage.buzzsprout.com/qzskzmc91i5jw854ijcol6gndglf?.jpg,2026-08-10 20:37:53,7987247,confirmed,,1786394273,d078889f3b590b817402d55d2fc336ac,,4,0,INDIVIDUAL
Stop The Drift,Shawn Gray,https://feeds.captivate.fm/stop-the-drift/,"Stop The Drift is a podcast designed to help Christians recognize the subtle ways culture shapes what they believe, how they think, and even how they read the Bible. Grounded in the warning of Hebrews 2:1, this podcast calls believers to pay careful attention to the truth of Scripture so that we do not slowly drift from it.  Each episode examines the assumptions, ideas, influences, and habits that form the way we understand truth. We will talk about biblical interpretation, spiritual formation, cultural influence, media, false assumptions, discernment, and the danger of allowing the values of the world to become the lens through which we understand the Word of God.  The goal is not simply to consume more Christian content. The goal is to learn how to think biblically, see clearly, and follow truth. Stop drifting with culture. Return to Scripture as the authority over truth.  Think biblically. See clearly. Follow truth.",Captivate,en,https://artwork.captivate.fm/9f713cdd-5fd0-4ee3-96fa-8d540a28143f/Stop-The-Drift-Cover-Art.jpg,2026-08-10 20:34:52,7987245,confirmed,https://stop-the-drift.captivate.fm,1786394092,1a8d855075895255e9470e84c62008c2,,4,0,INDIVIDUAL
Abundance Mindset Vs Scarcity Mindset,Inspiring Millions,https://anchor.fm/s/115071b04/podcast/rss,"What if the biggest obstacle to your success isn’t your circumstances—but your mindset?
In this episode of Inspiring Millions, we explore the powerful difference between an Abundance Mindset and a Scarcity Mindset. Discover how your beliefs influence your opportunities, finances, relationships, confidence, and overall happiness.
Learn why some people see possibilities where others see limitations, how fear and comparison keep us stuck, and practical ways to shift your thinking toward growth, success, and fulfillment.",Anchor,en,https://d3t3ozftmdmh3i.cloudfront.net/staging/podcast_uploaded_nologo/46377545/46377545-1784302952972-ad1ae1aee6101.jpg,2026-08-10 20:28:49,7987243,confirmed,https://podcasters.spotify.com/pod/show/digital-vidya9,1786393729,b4dfd7eb34e3d016b53aad117d847aee,6792055990.0,2,0,INDIVIDUAL
Retirement SimpliFied with Eric Sigdestad CFP®,Eric Sigdestad,https://rss.libsyn.com/shows/625110/destinations/5503090.xml,"Retirement planning made simple. Every episode takes one real decision, pulled from an actual client conversation, and walks you through it in plain English: retirement withdrawals, Roth conversions, taxes, Medicare, Social Security, required minimum distributions, and more.
I'm Eric Sigdestad, a CERTIFIED FINANCIAL PLANNER™ professional and tax preparer in San Diego, with more than 10,000 client conversations about retirement behind me. Whether you're nearing retirement, already in it, or helping a parent through it, this show is for you. Subscribe on your favorite podcast app for a new episode every week and find us at https://RetireMeASAP.com.
Produced by Eric Sigdestad, an investment adviser representative of SimpliFi, Inc., an SEC-registered investment adviser. Educational only, not individualized investment, tax, or legal advice; no advisory relationship. Client examples are anonymized, not testimonials. Consult a professional. www.adviserinfo.sec.gov",Libsyn,en,https://static.libsyn.com/p/assets/5/b/4/b/5b4b51eeb81bdaadd959afa2a1bf1c87/Retirement_Simplified-02.jpg,2026-08-10 20:24:31,7987239,confirmed,https://sites.libsyn.com/625110,1786393471,9b721c78b724294ff0f5fb68cd37bd59,6793271393.0,2,0,INDIVIDUAL
CTV News Montreal at Six,CTV News,https://www.omnycontent.com/d/playlist/4809bc8a-e41a-405c-93da-a8cf011df2f4/67f0b654-1940-4b58-b9a8-b49501036f92/cbc7593e-6194-4816-bd0a-b4950103740f/podcast.rss,CTV News Montreal is the city's leading English language newscast presenting stories that matter to Montrealers and Quebecers.,Megaphone,en-CA,https://www.omnycontent.com/d/programs/4809bc8a-e41a-405c-93da-a8cf011df2f4/67f0b654-1940-4b58-b9a8-b49501036f92/image.jpg?t=1785253480&size=Large,2026-08-10 20:18:22,7987236,confirmed,https://www.iheart.com/podcast/,1786393102,33b63ba7ed0f6a1455369a35d0241aad,6797988833.0,2,0,INDIVIDUAL
Momentum Community Church Phx,Pastor Jesse Soto,https://rss.buzzsprout.com/1872898.rss,"Welcome to the Momentum Community Church podcast. Momentum is a spirit-filled, Bible-believing church who is committed to sharing the gospel of Jesus Christ. We do this through weekly services, home groups, outreach events, one-on-one witnessing and more. On this weekly podcast you will hear teaching from Pastor Jesse Soto filled with truth that will bring transformation in your life. Our podcasts will be available wherever you listen to your podcasts. So we invite you to turn on your notifications and dive into the Word of God with us.",Buzzsprout,en-us,https://storage.buzzsprout.com/8nqi3ej93a3y78j3wd8cpsu47p1f?.jpg,2026-08-10 20:17:03,7987234,confirmed,https://www.buzzsprout.com/1872898,1786393023,1aa6df67fa73b14c392ebd9c1d477df4,,4,0,INDIVIDUAL
AI in Action: Preparing for the Future of Work,Erin Ward,https://feeds.captivate.fm/ai-in-practice-careers/,Discover how AI is reshaping careers across disciplines and what skills you’ll need for the future of work.,Captivate,en,https://artwork.captivate.fm/ea6ae2a0-cafc-4b95-b078-7d016fe92088/AI-in-Action-BEGINS-WITH-US.png,2026-08-10 20:16:18,7987233,confirmed,https://ai-in-practice-careers.captivate.fm,1786392978,83bf7d88e3189a91b82a45512ff79587,,4,0,INDIVIDUAL
Sports Idiotz with Passa Brown and Chip Toof,Prentiss Lane Thompson - Sean Slaughter,https://feeds.transistor.fm/sports-idiots-with-passa-brown-and-chip-toof,"Sports Idiots with Passa Brown and Chip Toof is where serious sports talk meets complete foolishness.

Every week, Passa Brown and Chip Toof break down the biggest games, hottest stories, boldest predictions, worst decisions, and most embarrassing moments across football, basketball, and the sports world. Passa brings the loud opinions, emotional sermons, and fearless hot takes. Chip brings the stats, the receipts, and just enough logic to keep the show from falling completely apart.

Two opinions. One microphone. No common sense.",Transistor,en,https://img.transistorcdn.com/AI10aKLqrJ4yGFqsPwjlUQ7dDXzMXPKh7k9QQDDkOJM/rs:fill:0:0:1/w:1400/h:1400/q:60/mb:500000/aHR0cHM6Ly9pbWct/dXBsb2FkLXByb2R1/Y3Rpb24udHJhbnNp/c3Rvci5mbS84ZGNk/YTRiODIwN2I4ODkz/YmI5ZWQ0OGM2MmMz/ZmJkNS5wbmc.jpg,2026-08-10 20:12:16,7987230,confirmed,,1786392736,a6276e08d85005eb72bd70be36282a98,,4,0,INDIVIDUAL
The Uncivilized Archive,Angie,https://www.spreaker.com/show/7249167/episodes/feed,"Civilization promised progress, but delivered alienation, ecological collapse, and artificial existence.<br /><br />The Uncivilized Archive is a dedicated repository for those questioning the narrative of endless growth and technological salvation.<br /><br />Diving deep into Anarcho-Primitivist thought, critique of the megamachine, and the friction between pure wilderness and Solarpunk idealism, we ask the hard questions:<br /><br />Can technology ever be truly sustainable?<br /><br />What does authentic human freedom look like without industrial control?<br /><br />Tune in for deep dives into Anprim literature, radical ecology, rewilding skills, and honest conversations about living uncivilized in a hyper-domesticated world.",Spreaker,en,https://d3wo5wojvuv7l.cloudfront.net/t_rss_itunes_square_1400/images.spreaker.com/original/7116de6fc498dbf4844fdc4472724ed8.jpg,2026-08-10 20:04:45,7987225,confirmed,https://www.spreaker.com/podcast/the-uncivilized-archive--7249167,1786392285,db855b0ac50d55b7afd809dd942fbe8e,,4,0,INDIVIDUAL
Dave’s Drafting Debrief,Dave,https://rss.buzzsprout.com/2636347.rss,"<p>NASCAR races are long. Dave watched the whole thing so you don’t have to.</p><p><br></p><p>This is Dave’s Drafting Debrief, my friend Dave’s podcast—and I’m Alban, and I’m kicking things off with the very first episode.</p><p><br></p><p>Each episode, Dave breaks down the latest NASCAR race: who won, who wrecked, who got screwed by a caution, what actually mattered, and all the weird stuff you might have missed.</p><p><br></p><p>Race results, strategy, stats, drama, and plenty of opinions—all in one quick post-race debrief.</p><p><br></p><p>If you like NASCAR but don’t have hours to rewatch every lap, this is exactly the kind of show you should subscribe to.</p>",Buzzsprout,en-us,https://storage.buzzsprout.com/20gr37yo3xlb30gd15ym7kgl4zsi?.jpg,2026-08-10 20:00:36,7987224,confirmed,https://www.buzzsprout.com/2636347,1786392036,765d08482a482fe939216092a5c26c54,,0,0,INDIVIDUAL
Without A Cue Podcast,Soy Sauce Sports,https://anchor.fm/s/ff4fe214/podcast/rss,"Without a Cue is your new favorite unfiltered, unhinged podcast where no topic is off-limits! Hosted by Soy Sauce Sports and Buddaz, we dive headfirst into everyday chaos with raw humor and zero apologies. From wild debates to off-the-wall takes, we keep it real, ridiculous, and refreshingly unpredictable. Whether you’re here for laughs, hot takes, or just good old foolery, we’ve got you covered. Tune in and get ready for a wild ride because when it’s Without a Cue, anything goes.",Anchor,en-us,https://d3t3ozftmdmh3i.cloudfront.net/staging/podcast_uploaded_nologo/42734253/42734253-1786205777871-c176004ab55fe.jpg,2026-08-10 20:00:00,7987223,confirmed,https://podcasters.spotify.com/pod/show/without-a-cue,1786392000,f59bb7609392787fc580d1a468b6ed47,6799455854.0,2,0,INDIVIDUAL
Exterminati (sunt infra),Randem Wilson,https://rss.buzzsprout.com/2624133.rss,"<p>Discover the truth, prepare for the 'Harvest'</p><p><br></p><p>A weekly thriller, horror podcast. About what if...</p><p><br></p><p>Exterminati (sunt infra)  wasn't just a Mock-u-mentary?</p><p><br></p><p>Scare you later.</p>",Buzzsprout,en-us,https://storage.buzzsprout.com/5wvgmlbshqizblu3eypw42te14i6?.jpg,2026-08-10 19:55:54,7987219,confirmed,,1786391754,08c7f6afd813b3ab4e8b564adde39e07,,0,0,CORPORATE
Everyday Conversations on Race,Simma Lieberman,https://feeds.captivate.fm/everyday-conversations/,"Everyday Conversations Race brings people together for cross-race conversations on race. If you have ever wanted to have a conversation about race, then this podcast is for you.Our mission is to disrupt the way race is talked about, break racial silos and have a global impact on how people see each other.
We have from different backgrounds who share stories, thoughts on race, perspective on current social issues and pop culture happenings. We show that conversations about race are possible, urgent and essential for survival.
Guests are all ages from very young to very old, immigrants, students, formerly incarcerated, executives, hourly employees, social activists, hip-hop artists, athletes and media. It's serious, funny and insightful.
We have a global mission for these conversations, to eliminate fear of differences, bring people together in the same space, and find surprising connections.",Captivate,en,https://artwork.captivate.fm/3434d126-587b-43dd-9f52-b44052af37cf/race-convo-podcast-art-right.png,2026-08-10 19:54:27,7987217,confirmed,https://everyday-conversations.captivate.fm,1786391667,4df8baea8f610bce7373f5a674875beb,,4,0,INDIVIDUAL
Capital Pulse: Daily Finance & Wealth,Vicente,https://www.spreaker.com/show/7254023/episodes/feed,"Welcome to <b>Capital Pulse</b>, your daily compass for navigating the world of personal finance, smart investing, and wealth building.Whether you're looking to optimize your budget, master the stock market, or build passive income streams, Capital Pulse delivers actionable financial insights in concise, high-value episodes designed for busy professionals and ambitious investors.<b>What you’ll learn:</b><ul><li>Proven strategies for personal budgeting and debt management</li><li>Stock market trends, ETF analysis, and long-term investment tactics</li><li>Insights on real estate, side hustles, and digital assets</li><li>Practical tools to achieve true financial independence (FIRE)</li></ul>New episodes drop every week. Subscribe now to start taking control of your financial future today!",Spreaker,en,https://d3wo5wojvuv7l.cloudfront.net/t_rss_itunes_square_1400/images.spreaker.com/original/5e17f1e5b95cdb74a2f187b38f11d7a5.jpg,2026-08-10 19:49:38,7987215,confirmed,https://www.spreaker.com/podcast/capital-pulse-daily-finance-wealth--7254023,1786391378,e9201d3e418a531e96443314c6603753,,4,0,CORPORATE
"Case & Cause Hosted By Michael Haggard, ESQ",The Haggard Law Firm,https://feeds.transistor.fm/episode-1-when-loss-becomes-advocacy-trial-lawyers-gun-violence-the-pursuit-of-accountability,"Case & Cause with Michael Haggard is a podcast exploring the issues shaping our communities through the perspective of trial lawyers, advocates, and changemakers. Hosted by nationally recognized trial attorney Michael Haggard, Case & Cause goes beyond the courtroom to examine how passionate advocacy can help create a safer, more accountable world. The podcast is designed primarily for trial lawyers, personal injury attorneys, plaintiff lawyers, and legal professionals, while also engaging anyone interested in civil justice, public safety, and meaningful
social change. Each episode features conversations with experienced trial attorneys, advocates, nonprofit leaders, and others who are working to make a difference. Discussions may focus on personal injury law, wrongful death litigation, negligent security, gun violence prevention, drowning prevention, product liability, victim advocacy, public safety, legal strategy, and other societal issues. But Case & Cause is about more than legal cases. Michael Haggard and his guests explore the connection between what happens inside the courtroom and what happens outside of it—including advocacy, public policy, community engagement, prevention efforts, and the fight to hold individuals, corporations, and institutions accountable. The central question behind Case & Cause is simple: What can passionate advocates do—inside and outside the courtroom—to make the world safer and better?

Subscribe to Case & Cause with Michael Haggard for conversations with the lawyers and advocates working to turn cases into causes and advocacy into meaningful change.

Case & Cause is sponsored by The Haggard Law Firm.",Transistor,en,https://img.transistorcdn.com/aj_H-nvINsP42NPqA9jOe11DX9m4vqjz5nSVkd3wY2o/rs:fill:0:0:1/w:1400/h:1400/q:60/mb:500000/aHR0cHM6Ly9pbWct/dXBsb2FkLXByb2R1/Y3Rpb24udHJhbnNp/c3Rvci5mbS8xZjFm/MTk5ZTlmZTdiNzk0/OGVkNTMwNDljYTBk/MGRiMC5qcGc.jpg,2026-08-10 19:49:32,7987214,confirmed,http://haggardlawfirm.com,1786391372,cf620000cfe536baac0722fc67edde9f,,4,0,CORPORATE
The History Of True Crime worldwide,MD ALAMIN HOSSAIN,https://www.spreaker.com/show/7245773/episodes/feed,"Crime Through Time explores the fascinating and often disturbing history of crime from around the world.<br />Each episode takes you back in time to uncover notorious criminals, shocking cases, unsolved mysteries, organized crime, historical investigations, and crimes that changed societies forever.<br />From famous cases in the United States and Europe to lesser-known stories from Asia, Africa, and beyond, we examine what happened, why it happened, how investigators responded, and the lasting impact these crimes left behind.<br />If you enjoy true crime, history, mystery, and real stories from the past, Crime Through Time is the podcast for you.<br />New episodes explore a different crime, case, or chapter of criminal history from around the world.<br />",Spreaker,en,https://d3wo5wojvuv7l.cloudfront.net/t_rss_itunes_square_1400/images.spreaker.com/original/ee8d44c2a8ff31ae527c23e017c245cc.jpg,2026-08-10 19:47:46,7987212,confirmed,https://www.spreaker.com/podcast/the-history-of-true-crime-worldwide--7245773,1786391266,03bad46aad6942eda8fde73517872100,,4,0,INDIVIDUAL
Fully Covered,Absolute Insurance Agency,https://anchor.fm/s/11311d474/podcast/rss,"Fully Covered by Absolute Insurance Agency gives homeowners, drivers, families and business owners clear answers about insurance. Each episode features expert guidance from Absolute Insurance Agency on home, auto, liability, deductibles, claims, bundling, discounts, and specialty coverage. Based in Clive, Iowa, Absolute Insurance Agency has served clients since 1991 and helps customers compare coverage from multiple carriers across 25 states. Follow Fully Covered for straightforward insurance advice from Absolute Insurance Agency and make confident decisions about protecting what matters most.",Anchor,en-us,https://d3t3ozftmdmh3i.cloudfront.net/staging/podcast_uploaded_nologo/46049029/46049029-1784222077150-ef7c31cdc8985.jpg,2026-08-10 19:38:05,7987205,confirmed,https://podcasters.spotify.com/pod/show/absolute-insurance-agency,1786390685,7d59b87355d80d73cb595bb15800411d,6785533965.0,2,0,CORPORATE
Covered.,Bozzuto Insurance Services,https://feed.podbean.com/bozzuto/feed.xml,"<div><span></span>
<p>Real insurance conversations for California business owners since 1981.</p>
</div>",Podbean,en,https://pbcdn1.podbean.com/imglogo/image-logo/22501397/Bozzuto_August_2026_Social_Content7shg5.png,2026-08-10 19:37:58,7987204,confirmed,https://bozzuto.podbean.com,1786390678,e02ef7448f468a92ac52c8e6d081adb0,6796860561.0,2,0,CORPORATE
PhiferFootball Podcast,Tanner Phifer,https://anchor.fm/s/b119c4c0/podcast/rss,Hello everyone! My name is Tanner Phifer. I have been covering the NFL for several years now on my own and want to share my love and passion for it to the world. I have a dream of becoming an NFL Insider and have made several legit league connections so far.,Anchor,en,https://d3t3ozftmdmh3i.cloudfront.net/production/podcast_uploaded_nologo/29612560/29612560-1664325796458-2832e7f2ca45.jpg,2026-08-10 19:32:16,7987198,confirmed,https://www.youtube.com/phiferfootball,1786390336,c7f2cd0056b31445cf29dad03e436fc8,1647285899.0,2,0,INDIVIDUAL
Not Just Another Line Dance,Jason Sutton,https://rss.buzzsprout.com/2636307.rss,<p>Conversations around the dance community designed to get to know dancers and why we love dancing so much. </p>,Buzzsprout,en-us,https://storage.buzzsprout.com/l97arui82w2kbentv6mc2jisibq7?.jpg,2026-08-10 19:29:06,7987194,confirmed,https://www.buzzsprout.com/2636307,1786390146,faa286fc3491bf18a3eb3a4a01205784,,4,0,INDIVIDUAL
High Plains Pundit Podcast,High Plains Pundit,https://www.spreaker.com/show/7250633/episodes/feed,"High Plains Pundit isn’t backed by corporations, politicians, or government grants. We don’t take state or federal money. We’re supported by everyday readers who believe in independent journalism.<br /><br />High Plains Pundit is your destination for news and commentary that cuts through the noise and brings a much-needed dose of common sense to today’s most important conversations. Our readers get sharp, independent insight into culture, current events, and politics—without the spin, buzzwords, or recycled talking points.<br /><br />Founded in 2009 by Dan Butcher, High Plains Pundit was created with a simple but powerful mission: to provide an honest view of what too many outlets are unwilling to say out loud. High Plains Pundit delivers provocative, thoughtful perspectives that challenge conventional narratives and encourage deeper thinking. This isn’t news and commentary designed to tell you what to believe—it’s content meant to help you understand what’s really happening and why it matters.<br /><br />High Plains Pundit takes audiences inside exclusive stories and conversations you won’t hear anywhere else. Through insightful interviews, news, and commentary, it goes beyond headlines to explore the forces shaping our world. Its written analysis expands on these ideas with sharp perspective, peeling away surface-level narratives to reveal the facts and context often left out of mainstream coverage. Together, these offerings deliver curated insights that ensure you never miss what matters most.<br /><br />At its core, High Plains Pundit is about clarity in an age of confusion. It peels away the narratives, questions assumptions, and gets beyond the talking points to tell you what’s really going on. If you’re looking for independent thought, honest analysis, news, and commentary grounded in common sense, High Plains Pundit invites you to join the conversation—and think more deeply about the world around you.<br /><br /><br /><br />Become a supporter of this podcast: <a href=""https://www.spreaker.com/podcast/high-plains-pundit-podcast--7250633/support?utm_source=rss&utm_medium=rss&utm_campaign=rss"">https://www.spreaker.com/podcast/high-plains-pundit-podcast--7250633/support</a>.",Spreaker,en,https://d3wo5wojvuv7l.cloudfront.net/t_rss_itunes_square_1400/images.spreaker.com/original/5bf7dd3238d57e417c90ca5d623ab813.jpg,2026-08-10 19:18:40,7987190,confirmed,http://www.highplainspundit.com,1786389520,0ca170b8626fc458565b368f2fe12772,,4,0,INDIVIDUAL
Dudes at a Table,Dudes at a Table,https://feed.podbean.com/faybnmusic/feed.xml,"Three men and various guests from different walks of life united in the common brotherhood of their Savior Jesus Christ coming together to speak about things that escape the more standard bible study. Watch as a plumber, a doctor and an unknown rapper (?) /(someone with a music degree that doesn’t use it, ( but it’s totally viable, but not like, for me you know) ) come together to enjoy each others companionship as they navigate through topics that may or may not require more than a singular digit amount of brain cells to navigate through. Enjoy!",Podbean,en,https://pbcdn1.podbean.com/imglogo/image-logo/22546041/content_1_71tvb.jpeg,2026-08-10 19:11:09,7987186,confirmed,https://faybnmusic.podbean.com,1786389069,63f64debef626893b7533a54973548fe,6799549924.0,2,0,INDIVIDUAL
"Money Moves Podcast: Meet the Future of Finance with Samantha Lewis, Ian Epstein, and David Sutter",Samantha Lewis,https://rss.buzzsprout.com/2636322.rss,"<p>Eighteen months ago, crypto companies in the United States could not reliably open a bank account. Today, they're entering the S&P 500, printing billion-dollar IPOs, and getting acquired by the incumbents that once wanted them regulated out of existence. That is not a gradual shift. That is a pivot, and it is the subject of the first-ever episode of Money Moves.</p><p></p><p>Money Moves is a new weekly show from Mercury Fund early-stage investor Samantha Lewis, built with two co-hosts she leads and invests behind: Ian Epstein, a former senior portfolio manager at Autonomy Capital (one of the world's best-performing macro funds in its era) and now co-CEO of Profiter, and Dave Sutter, a crypto operator since 2012, previously head of network strategy at Centre, the Coinbase + Circle joint venture that governs USDC, and now co-founder and CEO of OpenTrade.</p><p></p><p>The thesis of the show, and of this first episode: the global financial system is getting an upgrade, and the converging worlds of traditional finance and Web3 have finally reached the stage where capital markets, regulators, and institutions are all leaning in at the same time. If you want a short and punchy analysis of the space, ask Claude to summarize. If you’re looking for the thoughts, nuances, and contradictions and to go deep on financial subjects… This podcast is for you. </p><p><br /></p>",Buzzsprout,en,https://storage.buzzsprout.com/lqjj4orspa6n1a9k9dg7ehmpa24d?.jpg,2026-08-10 19:11:08,7987185,confirmed,https://mercuryfund.com/,1786389068,e561ab7318211c73a02139f204a1d903,,4,0,INDIVIDUAL
Central crime Podcast,Crime podcast central,https://www.spreaker.com/show/7254003/episodes/feed,"🩸 CRIME PODCAST CENTRAL — ONDE CADA CASO ESCONDE UMA HISTÓRIA Bem-vindo ao Crime Podcast Central, um canal dedicado a histórias de crimes reais, casos misteriosos, investigações, desaparecimentos e acontecimentos que continuam despertando perguntas mesmo depois de muitos anos. Aqui, cada caso é contado através de uma narrativa envolvente, procurando apresentar os acontecimentos de forma clara, responsável e respeitosa. Nosso objetivo não é apenas contar o que aconteceu, mas também explorar os detalhes, as circunstâncias, as perguntas sem resposta e os elementos que tornam determinados casos tão intrigantes. Ao longo dos episódios, você encontrará histórias sobre crimes reais, assassinatos, desaparecimentos, casos não solucionados, investigações policiais, criminosos, vítimas, suspeitos, mistérios e casos que marcaram comunidades inteiras. Alguns casos possuem respostas e foram solucionados através de investigações. Outros permanecem cercados por dúvidas, versões contraditórias e perguntas que continuam sem resposta. Por trás de cada caso existe uma história humana. Por isso, o Crime Podcast Central procura abordar os acontecimentos com respeito pelas vítimas e pelas pessoas envolvidas, evitando transformar sofrimento real em simples espetáculo. Aqui, o mistério não está apenas em descobrir quem cometeu um crime. Está também em compreender como aconteceu, por que aconteceu e por que algumas histórias permanecem na memória muito depois de terem chegado às manchetes. 🎧 Coloque os fones, acompanhe cada detalhe e entre conosco no universo do verdadeiro crime. 🔔 Inscreva-se no Crime Podcast Central e acompanhe novos casos, investigações e histórias que talvez você nunca tenha ouvido antes. ⚠️ Aviso: Este canal tem finalidade informativa e de entretenimento. Os casos são apresentados com base em informações disponíveis publicamente, e alegações sobre pessoas são tratadas como alegações quando não houver confirmação judicial ou factual. Respeitamos as vítimas, familiares e demais pessoas envolvidas nos casos. CRIME PODCAST CENTRAL<br />Histórias reais. Casos intrigantes. Perguntas que permanecem.",Spreaker,en,https://d3wo5wojvuv7l.cloudfront.net/t_rss_itunes_square_1400/images.spreaker.com/original/bd2f2a714a658347930591ed0cdad26e.jpg,2026-08-10 19:10:02,7987184,confirmed,https://www.spreaker.com/podcast/central-crime-podcast--7254003,1786389002,3ddc6f447a3c729758b0b2e005a5f69f,,4,0,INDIVIDUAL
True Crime Central,True Crime Central,https://www.spreaker.com/show/7253999/episodes/feed,"True Crime Central uncovers the dark and twisted world of crime. From chilling murder cases, infamous serial killers to fascinating examinations of the criminal mind, we have something for every true crime enthusiast.<br /><br />All of the content on this channel is UNDER LEGAL LICENSE (We have written contracts) from various copyright holders and distributors.",Spreaker,en,https://d3wo5wojvuv7l.cloudfront.net/t_rss_itunes_square_1400/images.spreaker.com/original/df9d23ffa0a4dc564fef8af5619348ae.jpg,2026-08-10 19:03:44,7987182,confirmed,https://www.spreaker.com/podcast/true-crime-central--7253999,1786388624,5127b54524cfa9ea85a6b5cf1cf2e61d,,4,0,INDIVIDUAL
TV Express App: Exploring the Future of,Anum Ismail,https://www.spreaker.com/show/7254001/episodes/feed,"Discover how modern entertainment is evolving with the rise of digital platforms and smart viewing solutions. In this episode, we explore the role of the <a href=""https://tvexpressapp.com/"" target=""_blank"" rel=""noreferrer noopener"">TV Express App</a> in today’s streaming landscape, discussing how users are changing the way they watch movies, explore content, and enjoy entertainment online. From flexible viewing options to the growing popularity of a TV streaming app, this episode covers the latest trends shaping digital entertainment. We also discuss how online platforms are making it easier for audiences to access movies, shows, and other entertainment experiences from their preferred devices. Whether you enjoy watching movies at home or exploring new digital entertainment options, this episode provides insights into the changing world of online media consumption.",Spreaker,en,https://d3wo5wojvuv7l.cloudfront.net/t_rss_itunes_square_1400/images.spreaker.com/original/c4d367ab31adfd43778db3a08f38e199.jpg,2026-08-10 18:59:54,7987181,confirmed,https://tvexpressapp.com/,1786388394,eb981e3cb2f452307f26cfc2d953a404,,4,0,INDIVIDUAL
British Crimes,British Crimes,https://www.spreaker.com/show/7254000/episodes/feed,"🔍 Ready to sleuth through Britain’s spookiest stories? British Crimes serves up binge-worthy UK true crime with forensic breakdowns, police procedurals, and unsolved disappearances across England, Scotland, Wales & Northern Ireland. Hit subscribe 📺 and ring the bell 🔔 for weekly murder mysteries, courtroom drama ⚖️, and exclusive cold case updates!",Spreaker,en,https://d3wo5wojvuv7l.cloudfront.net/t_rss_itunes_square_1400/images.spreaker.com/original/923d60a67da1ae63c21ddf81bdd4d52b.jpg,2026-08-10 18:58:15,7987180,confirmed,https://www.spreaker.com/podcast/british-crimes--7254000,1786388295,a1cf3dab7076a8e22b62a675d3f4bc7d,,4,0,INDIVIDUAL
The WavyBeauty Podcast,wavybeauty,https://feed.podbean.com/wavybeauty/feed.xml,A podcast that discusses everything beauty from entrepreneurship/business to beauty tips whilst focusing on sustainability,Podbean,en,https://pbcdn1.podbean.com/imglogo/image-logo/6754110/WAVY_logo-37-1.jpg,2026-08-10 18:49:33,7987174,confirmed,https://wavybeauty.podbean.com,1786387773,0aaad6dbb8f106c72d47059137c7907b,1491657751.0,2,0,INDIVIDUAL
Mind Mapping and its alternative,Kathleen,https://rss.buzzsprout.com/2203643.rss,<p>Mind mapping: why it is a good study technique and how to create a mind map. An alternative computer-based method to organize study material.</p>,Buzzsprout,en-gb,https://storage.buzzsprout.com/hi22081pse9abq857ac4r5y9o3if?.jpg,2026-08-10 18:48:40,7987173,confirmed,https://www.buzzsprout.com/2203643,1786387720,922cd3f68b286a3f8e61fda71b74f108,,4,0,INDIVIDUAL
The Open Tab,Ahmed Ferhat,https://www.spreaker.com/show/7253997/episodes/feed,"A place to talk about everything, from finance, gaming, and sports to SaaS, AI, technology, business, trends, and whatever comes next. Different topics, fresh ideas, and open conversations - all in one community.",Spreaker,en,https://d3wo5wojvuv7l.cloudfront.net/t_rss_itunes_square_1400/images.spreaker.com/original/5b54d0aacd808726938a8c76ee847086.jpg,2026-08-10 18:44:23,7987169,confirmed,https://www.spreaker.com/podcast/the-open-tab--7253997,1786387463,069448e318f6468cc1d887219a6bd727,,4,0,INDIVIDUAL
Hormone Hangout,"James Earl, Jess Hassler, Natasha Mankins, Tracey Willingham",https://feeds.transistor.fm/hormone-hangout,"Four Fort Worth practitioners walk out of a room full of women and keep talking. Every other month, the Hormone Horizon collective picks up where the last live event left off: the questions we ran out of time for, the answers that needed more room, and the four very different angles we each see it from. Breath, labs, movement, and the emotional weight of it all.",Transistor,en,https://img.transistorcdn.com/36NiKuJztHQxRhe4jdzlRoSPP1t4xMfC7h5CaouAAUw/rs:fill:0:0:1/w:1400/h:1400/q:60/mb:500000/aHR0cHM6Ly9pbWct/dXBsb2FkLXByb2R1/Y3Rpb24udHJhbnNp/c3Rvci5mbS9hZjU5/NTM3ZGQyZjFmOTg4/MDJjOWYzYWIzYzEy/MGI0ZC5wbmc.jpg,2026-08-10 18:38:13,7987161,confirmed,,1786387093,14e488bfff5f1afc408d38e7e0a79816,,4,0,CORPORATE
Elegant Styles for Your Special Wedding,Bryan87,https://www.spreaker.com/show/7253990/episodes/feed,"Wedding celebrations are all about joy, colors, traditions, and unforgettable memories. The right outfit can make you feel confident, comfortable, and truly special on such an important day. From beautifully detailed formal dresses to graceful traditional looks, there are plenty of styles to match every personality and celebration. Rich fabrics, delicate embroidery, sparkling embellishments, and vibrant shades can add a charming touch to your wedding wardrobe. Whether you are getting ready for the main event, a family gathering, or a festive evening, choosing the right look helps you stand out beautifully. Explore different <a href=""https://zeecollectionsltd.co.uk/collections/wedding-collection/"" target=""_blank"" rel=""noreferrer noopener"">pakistani wedding outfits</a> to discover styles that blend timeless tradition with modern elegance, making every wedding moment feel even more memorable, stylish, and special.",Spreaker,en,https://d3wo5wojvuv7l.cloudfront.net/t_rss_itunes_square_1400/images.spreaker.com/original/9133a64cd94f5cea498006951442495f.jpg,2026-08-10 18:32:37,7987157,confirmed,https://www.spreaker.com/podcast/elegant-styles-for-your-special-wedding--7253990,1786386757,15dd55099db8d2b0702d0dc63a74bb32,,4,0,INDIVIDUAL
Every Chapter: How Life Shapes Leadership,Office of the Commissioner for Public Sector Emplyment,https://www.omnycontent.com/d/playlist/469e3428-2d6c-4a23-8e3c-aef1018514af/7f8f1858-6687-4851-8a5b-b49f0041e5b8/6107b846-39be-478a-9724-b49f0041e9c7/podcast.rss,"Welcome to Every Chapter, conversations that fit between the pages of one life stage and the next.
Join Erma Ranieri to explore the big chapters that have shaped her working life. From starting out, to stepping into leadership, taking parental leave, or leading from the front as SA Commissioner for Public Sector Employment. These conversations are all about reflection, sharing advice and finding a deeper understanding of self.
Learn from Erma’s own experiences and equip yourself with the knowledge and confidence you need to start your own next chapter.
So, whether you're at the start of your career, juggling work and family, leading others, or wondering what's next, get ready to dive deep into Every Chapter, with Erma Ranieri.
Head to LinkedIn to hear more from Erma: https://www.linkedin.com/in/ermaranieri/
Supported by the Office of the Commissioner for Public Sector Employment.",Megaphone,en-AU,https://www.omnycontent.com/d/programs/469e3428-2d6c-4a23-8e3c-aef1018514af/7f8f1858-6687-4851-8a5b-b49f0041e5b8/image.jpg?t=1786075201&size=Large,2026-08-10 18:17:24,7987148,confirmed,https://publicsector.sa.gov.au/,1786385844,f6660a701e8f629ebd2622878c43347d,6798953154.0,2,0,CORPORATE
Time Travelling Queers,Molly House Media,https://anchor.fm/s/115b0eae4/podcast/rss,"History has never been this queer. 
Take a seat in the back of our cab with celebrity guests and historians for a ride through queer history, driven by our drag king extraordinaire Don One. Every episode uncovers the story of an extraordinary queer person from history, exploring the lives, cultures and moments that helped shape our community.
Host : Don One
Creator, Writer & Director : David Mark Graham 
Writer & Producer : Marie Horner 
Executive Producer : Rishi Khosla
Set Designer : Ellie Koslowsky 
Theme music Composer : Adiescar Chase
A Molly House Media production.",Anchor,en,https://d3t3ozftmdmh3i.cloudfront.net/staging/podcast_uploaded_nologo/46488833/46488833-1785870433882-4b669d75b3de5.jpg,2026-08-10 18:13:38,7987145,confirmed,https://podcasters.spotify.com/pod/show/david-mark-graham7,1786385618,cc4ab52d05bc536aedc2ebba090e552f,6799670827.0,2,0,CORPORATE
Eastmans' Journal Podcast Edition,Ike Eastman,https://feeds.transistor.fm/eastmans-journal-podcast-edition,"Come along for the brand new Eastmans' Journal Podcast edition hosted by Ike Eastman! Listen and watch some of the most unique and exciting stories, business tips, and life inspiration we have found in our travels around Wyoming, the West, and the rest of the world!",Transistor,en-us,https://img.transistorcdn.com/aWb1VflcqzRuBvqySuguObuJ0VgsnhdfmhP_e-ZFmMM/rs:fill:0:0:1/w:1400/h:1400/q:60/mb:500000/aHR0cHM6Ly9pbWct/dXBsb2FkLXByb2R1/Y3Rpb24udHJhbnNp/c3Rvci5mbS8yN2Fm/MWQ0Y2JlZjQ1ZjI4/MDBmZjA4NmQwZjRl/MjQ2Ny5qcGc.jpg,2026-08-10 18:10:58,7987143,confirmed,https://sites.libsyn.com/462276,1786385458,0d02e76ccdff264df82913ed33264717,,4,0,INDIVIDUAL
Midnight In The Field,Angela Walker,https://anchor.fm/s/11093dfa8/podcast/rss,"Midnight in the Field takes listeners behind the scenes of water, wastewater, emergency management, and public works. Hosted by Angela G. Walker, JM, each episode features real field stories, leadership lessons, industry experts, emergency response, technology, regulatory updates, and practical solutions from the professionals who keep communities running 24/7. When the rest of the world is asleep, the work continues—and so do the stories.",Anchor,en,https://d3t3ozftmdmh3i.cloudfront.net/staging/podcast_uploaded_nologo/45630938/45630938-1774325875107-e998ac1782a1c.jpg,2026-08-10 18:03:44,7987140,confirmed,https://podcasters.spotify.com/pod/show/angela-walker4,1786385024,118dd3f34a38ed6ffed1b47a6a015ee2,6798421734.0,2,0,INDIVIDUAL
The Logic & Larry Podcast,larry K,https://www.spreaker.com/show/7253893/episodes/feed,"Attorney Larry ""IL Lusciato"" Krayn discusses current events and politics over an old school vinyl soundtrack, live from Newark, N.J.<br /><br />Larry stays logical and approaches every topic from a centrist and common sense perspective Shows feature unplanned calls from listeners around the country.<br /><br />He doesn't care about what side, only what makes sense!",Spreaker,en,https://d3wo5wojvuv7l.cloudfront.net/t_rss_itunes_square_1400/images.spreaker.com/original/115b80984e70f96f1b61dbe0998c34d0.jpg,2026-08-10 18:01:11,7987137,confirmed,https://www.spreaker.com/podcast/the-logic-larry-podcast--7253893,1786384871,9c8d37e7d8a4b86cb5de19d26e78a0fa,,4,0,INDIVIDUAL
Inside the 312,Fox 32 Chicago,https://feeds.megaphone.fm/FOXM6229341791,"<p>Inside the 312 takes viewers beyond the headlines and into the stories behind Chicago sports. These are conversations with athletes, coaches, executives and personalities who shaped the city’s greatest moments. From championship teams to unforgettable memories, FOX Chicago celebrates the people who made the Windy City the greatest sports town in America.</p>",Megaphone,en,"https://megaphone.imgix.net/podcasts/3f59ff1e-91b5-11f1-adc0-ef0b85777e88/image/3ac1bdcc09720f87b620a096f032f491.png?ixlib=rails-4.3.1&max-w=3000&max-h=3000&fit=crop&auto=format,compress",2026-08-10 17:58:58,7987135,confirmed,https://www.fox32chicago.com/,1786384738,bc7ea57df7ac12571885248500b2f88f,6798781837.0,2,0,INDIVIDUAL
Quimera Podcast,Asuka,https://rss.buzzsprout.com/2636248.rss,"<p> História, Mistério, Fantasia e Opinião. </p><p> A história nos dá os fatos, mas é o mistério que nos faz questionar. Bem-vindos ao Quimera, o podcast onde desenterramos as lendas, investigamos o passado e tentamos separar a realidade da fantasia. Eu sou Quimera, e hoje nós vamos falar sobre...</p>",Buzzsprout,en-us,https://storage.buzzsprout.com/lh5kzuj88jy805dr8zyqw5nhad3l?.jpg,2026-08-10 17:57:20,7987133,confirmed,,1786384640,45d9fb2db2e302b5be1fbc4827683854,,0,0,INDIVIDUAL
Redpoint,Vineyard Youth,https://rss.libsyn.com/shows/414179/destinations/3435743.xml,"Welcome to Redpoint - a podcast for Vineyard youth workers (and really any one interested in youth ministry!). Join Christian Dunn, Vineyard's National Youth Director, as he has conversations with Vineyard youth pastors and leaders from around the country about all things youth ministry. Youth ministry can be a lonely place. We hope you will find encouragement, feel part of a larger community, learn and grow as a leader, and maybe even laugh a little!",Libsyn,en,https://static.libsyn.com/p/assets/6/4/6/b/646b8b8a8ded315388c4a68c3ddbc4f2/redpoint_logo.jpg,2026-08-10 17:56:44,7987132,confirmed,https://sites.libsyn.com/414179,1786384604,a14b5216eecf1eff6004a92606fb7d0c,1623186722.0,2,0,INDIVIDUAL
What Are You Doing Here? Educators,Dr. Jacynth Joyce,https://feeds.libsyn.com/627365/rss,"What Are You Doing Here? hosted by Dr. Jacynth Joyce, is a podcast for educators navigating the beautiful and often uncertain seasons of life and work. 
This is more than a podcast. 
It is an invitation to pause, reflect, and answer one of life's most important questions: What are you doing here? 
Because when you discover why you're here, you become the answer someone has been waiting for.",Libsyn,en,https://static.libsyn.com/p/assets/c/4/c/3/c4c3648ad58b48ab16c3140a3186d450/WAYDH_Podcast_Thumbnail.jpg,2026-08-10 17:55:14,7987130,confirmed,https://sites.libsyn.com/627365,1786384514,634ef60cdef3e218703cd0044a50f5ec,6799510649.0,2,0,INDIVIDUAL
Revival House: Where Horror Lives Forever,Revival House Media,https://rss.buzzsprout.com/2636299.rss,"Revival House Media is dedicated to cult films, in-depth cinema analysis, physical media reviews, and unscripted movie commentaries. We explore underrated horror titles, forgotten sequels, polarizing remakes, and cult sci-fi gems, diving deep into horror, science fiction, and exploitation cinema.
Horror movies • Cult cinema • Physical media • Movie commentary • Live watchalongs
📩 Business & Media Inquiries:
Website: https://revivalhousemedia.com/
Aaron - aaron@revivalhousemedia.com
Todd - todd@revivalhousemedia.com",Buzzsprout,en-us,https://storage.buzzsprout.com/6kvbfgikugdo4n8lmbfnzmpsm8gn?.jpg,2026-08-10 17:52:54,7987128,confirmed,https://revivalhousemedia.com/,1786384374,77566710d881a09421c1211b80334e7d,,4,0,CORPORATE
UnMute the Mic,Dr. Rita Reneé,https://feeds.transistor.fm/unmute-the-mic,"UnMUTE the Mic, hosted by Dr. Rita Reneé, features R.E.A.L.L. conversations about leadership, voice, confidence, faith, healing, business, visibility, and legacy. Each episode equips women to stop shrinking, communicate their value, and take courageous action in the rooms that need their voices.",Transistor,en,https://img.transistorcdn.com/YAM0aHG9zr8N47CnBjMImaIUNjqH4rDS07DGtDOM8HE/rs:fill:0:0:1/w:1400/h:1400/q:60/mb:500000/aHR0cHM6Ly9pbWct/dXBsb2FkLXByb2R1/Y3Rpb24udHJhbnNp/c3Rvci5mbS8wZmI2/ZjZhOWFhZWE5MzIw/MTQzYjUzYjBjM2Fj/NzZhZC5wbmc.jpg,2026-08-10 17:51:01,7987127,confirmed,https://www.drritarenee.com,1786384261,4a51bf0e0c56e29923f13e59605dab9a,,4,0,INDIVIDUAL
Cats on Deck,Silver & Reizna,https://feeds.redcircle.com/cf098fd3-09c2-4437-92b8-d5afda380a7c,"Two best friends and vtubers talk about anime, dramas, games, and whatever popular culture catches their attention.",Spotify for Podcasters,en-US,https://media.redcircle.com/images/2026/7/27/16/ed76230f-a660-4772-abc0-29c6792a0ccf_untitled_design.jpg,2026-08-10 17:46:10,7987122,confirmed,https://redcircle.com/shows/cats-on-deck,1786383970,4e595e3a46bbe58b39d967d66b05300a,,4,0,CORPORATE
Strategic Basics,Aurora Winter,https://anchor.fm/s/11211633c/podcast/rss,"From breaking news to business breakthroughs. Strategic Basics delivers entertainment, insights, and inspiration. Hosted by Aurora Winter, TV executive turned bestselling author of Turn Words Into Wealth and Brand Strategy in the Age of AI. Founder of Same Page Publishing.
OUR MISSION: To entertain, empower and inspire entrepreneurs to build successful businesses and brands.
OUR AUDIENCE: Leaders ready to scale their impact and income.",Anchor,en-us,https://d3t3ozftmdmh3i.cloudfront.net/staging/podcast_uploaded_nologo/45880967/45880967-1777504415971-9e2e44d19d985.jpg,2026-08-10 17:43:49,7987120,confirmed,https://podcasters.spotify.com/pod/show/aurora-winter,1786383829,092933be491b7e2fbc5c96d5f1e86d18,6795684054.0,2,0,INDIVIDUAL
This Is The Thing,Madam Dior,https://anchor.fm/s/115d18178/podcast/rss,"Everybody has a story.
This Is the Thing is a podcast hosted by Madam Dior where honest conversations lead to healing. Together we’ll explore relationships, the inner child, faith, trauma, self-discovery, mental health, and the moments that shape who we become. No judgment. No pretending. Just real conversations about the things we all experience but don’t always talk about.",Anchor,en,https://d3t3ozftmdmh3i.cloudfront.net/staging/podcast_uploaded_nologo/46510190/46510190-1786166529926-5cfa2fc67e934.jpg,2026-08-10 17:41:19,7987119,confirmed,https://podcasters.spotify.com/pod/show/madam-dior0,1786383679,e9b259fb5b2c6a8044c5931a1e4bec1c,6799350148.0,2,0,INDIVIDUAL
Not Another Rangers Podcast,Not Another Rangers Podcast,https://anchor.fm/s/1094812a0/podcast/rss,"Podcast for all Glasgow Rangers fans where the chat is balanced (sometimes), where the passion is evident (always) and where the positivity is flowing (whenever Rangers win).
As the name suggests we don't take it too seriously and just a couple of fans talking about the club we love.",Anchor,en,https://d3t3ozftmdmh3i.cloudfront.net/staging/podcast_uploaded_nologo/44406856/44406856-1757681070860-61dfbcf3c1b76.jpg,2026-08-10 17:34:21,7987116,confirmed,https://podcasters.spotify.com/pod/show/not-another-rangers-podca,1786383261,1c07dc22f20256e1df657a6c5d1b949a,6799384840.0,2,0,INDIVIDUAL
king88,king88.credit,https://anchor.fm/s/115e74df0/podcast/rss,"<a href=""https://king88.credit/"">king88</a> - Giải trí trực tuyến ngày càng phát triển, mang lại nhiều lựa chọn đa dạng cho người dùng. Những nền tảng hiện nay không chỉ chú trọng đến giao diện mà còn đầu tư mạnh vào hiệu suất và trải nghiệm người dùng. Với tốc độ truy cập nhanh chóng và thiết kế thân thiện, mọi thao tác đều trở nên mượt mà và tiện lợi. Đặc biệt, tính tương tác cao giúp tạo nên môi trường kết nối, thu hút đông đảo người tham gia mỗi ngày.	WEB: <a href=""https://king88.credit/"">https://king88.credit/</a>",Anchor,en-za,https://d3t3ozftmdmh3i.cloudfront.net/staging/podcast_uploaded_nologo/46524476/46524476-1786382744999-c5ed6447dde.jpg,2026-08-10 17:33:33,7987115,confirmed,https://king88.credit,1786383213,b3478d06435122889b6690652afce355,,0,0,INDIVIDUAL
Built Different: Ironworkers Local 550,"Diekmann, Sean, host & Stansbury, Dan, host",https://www.spreaker.com/show/7067430/episodes/feed,"Looking to launch a high-paying career with zero college debt?<br /><br />Welcome to the official podcast of the Ironworkers Local 550 apprenticeship, headquartered in Canton, Ohio. Whether you are a recent high school graduate, a military veteran, or someone looking to make a career switch into industrial construction, this podcast is your roadmap to becoming a certified journeyman ironworker. <br /><br />Tune in to hear why joining the trades is one of the smartest career moves you can make.<br /><br /><br /><br /><ul><li><b>Zero Debt, Full Pay:</b> Discover how the Canton apprenticeship program lets you earn a paycheck and gain real-world experience while getting your training funded.</li><li><b>Master the Craft:</b> Get an up-close look at high-demand skills like structural steel erection, welding, rigging, bridge repair, and industrial maintenance.</li><li><b>Comprehensive Benefits:</b> Learn about competitive wage structures and the comprehensive healthcare, disability, and retirement packages that protect you and your family.</li><li><b>Pride & Brotherhood:</b> Hear firsthand stories from current apprentices and seasoned journeymen about the pride of building skyline-defining projects alongside a lifelong network of support.</li></ul>",Spreaker,en,https://d3wo5wojvuv7l.cloudfront.net/t_rss_itunes_square_1400/images.spreaker.com/original/0bb98b4a6a98266fef257113bf5c6b82.jpg,2026-08-10 17:30:56,7987113,confirmed,https://www.iw550.org,1786383056,319b2a23db538b68ed33d34a646ba9e2,,4,0,CORPORATE
Psychology Studio,Psychology Studio,https://www.spreaker.com/show/7253793/episodes/feed,"Welcome to Psychology Studio2 — a calm and thoughtful space where psychology blends with peace, self-awareness, and personal growth.<br /><br />On this channel, you’ll find a curated collection of inspirational, motivational, spiritual, and soothing life quotes, grounded in psychology facts and timeless wisdom. Our videos share “psychology says” insights and explore human behavior to help you understand the mind, emotions, and relationships more deeply.<br /><br />We post meaningful quotes and reflections on wisdom, love, life, happiness, positivity, meditation, forgiveness, relationships, and more — created to calm your thoughts, support emotional healing, and gently shift your perspective.<br /><br />These videos are not just for temporary motivation. They’re made to reshape thinking, build inner balance, and guide you toward a more peaceful, successful, and fulfilling life.<br /><br />Thank you for being part of this journey.<br />Your support helps this space grow and reach more hearts. 🌿",Spreaker,en,https://d3wo5wojvuv7l.cloudfront.net/t_rss_itunes_square_1400/images.spreaker.com/original/2c463483c2ff66ccad3b163077a5cb2d.jpg,2026-08-10 17:30:28,7987112,confirmed,https://www.spreaker.com/podcast/psychology-studio--7253793,1786383028,bd1787434177ef06c69fe87151146cb0,,4,0,CORPORATE
King88,king88.photography,https://anchor.fm/s/115e73f18/podcast/rss,"<a href=""https://king88.photography/"">King88</a> - Với tốc độ truy cập nhanh chóng và thiết kế thân thiện, mọi thao tác đều trở nên mượt mà và tiện lợi. Giải trí trực tuyến ngày càng phát triển, mang lại nhiều lựa chọn đa dạng cho người dùng. Những nền tảng hiện nay không chỉ chú trọng đến giao diện mà còn đầu tư mạnh vào hiệu suất và trải nghiệm người dùng. Đặc biệt, tính tương tác cao giúp tạo nên môi trường kết nối, thu hút đông đảo người tham gia mỗi ngày.	WEB: <a href=""https://king88.photography/"">https://king88.photography/</a>",Anchor,en-tt,https://d3t3ozftmdmh3i.cloudfront.net/staging/podcast_uploaded_nologo/46524438/46524438-1786382133959-7ec197933bbeb.jpg,2026-08-10 17:26:52,7987110,confirmed,https://king88.photography/,1786382812,8a4134bea1ea5c9ef01edc158e4f863f,,0,0,INDIVIDUAL
Annie Athey,Annie Athey,https://www.spreaker.com/show/7253792/episodes/feed,"The mind-body connection through yoga and mindfulness helps those who are unable to stay mentally focused during practice (even if they are physically performing their poses properly). The reason for being unable to concentrate is usually breathing. Slower breathing in yoga directly influences the autonomic nervous system, which moves the body from stress mode (sympathetic nervous system) to rest and digest mode (parasympathetic nervous system). ",Spreaker,en,https://d3wo5wojvuv7l.cloudfront.net/images.spreaker.com/nuvolari-assets/green_square_mic.jpg,2026-08-10 17:11:29,7987100,confirmed,https://www.spreaker.com/podcast/annie-athey--7253792,1786381889,1b810be1fe0a73731774f7dca1bdc378,,4,0,INDIVIDUAL
Knight Watch - Rutgers Football and Basketball,lawrence krayn,https://www.spreaker.com/show/7253760/episodes/feed,"Host Larry K discusses Rutgers athletics, including Football and men’s Basketball",Spreaker,en,https://d3wo5wojvuv7l.cloudfront.net/t_rss_itunes_square_1400/images.spreaker.com/original/0bd51da8071e856e0455e15bd6fb372b.jpg,2026-08-10 17:09:11,7987096,confirmed,https://www.spreaker.com/podcast/knight-watch-rutgers-football-and-basketball--7253760,1786381751,3e8000e73ea29b60de305a8918472b6e,,4,0,INDIVIDUAL
Blissfully Being,Brianna,https://anchor.fm/s/10d8faf30/podcast/rss,"I started this podcast as a tool for me to speak more professionally (no more likes, ums, and uhs) and to learn new words. New stories, topics, and improvements every week. Join the journey as we take on 2026 to become the best version of ourselves - it's great to have you here 🫶🎻☁️
Instagram: @breezy_bbls",Anchor,en,https://d3t3ozftmdmh3i.cloudfront.net/staging/podcast_uploaded_nologo/45124876/45124876-1767712927414-f65c23d59294e.jpg,2026-08-10 17:04:37,7987094,confirmed,https://podcasters.spotify.com/pod/show/brianna70,1786381477,86f7675de982aea245f30dd5e9b53554,1875764827.0,2,0,INDIVIDUAL
100 Sit Downs with Vik Singh,Vik Singh,https://feeds.megaphone.fm/AT4653420245,"<p>Vik Singh, @100dayskier, sits down with [insert f#$king amazing person here].</p>",Megaphone,en,"https://megaphone.imgix.net/podcasts/09d67f46-938d-11f1-856d-97567044de33/image/6ac43a0739eab11f628d8f05d7d831fb.png?ixlib=rails-4.3.1&max-w=3000&max-h=3000&fit=crop&auto=format,compress",2026-08-10 17:02:29,7987093,confirmed,,1786381349,2c0ec681eaf448808b2088f1c810506d,6799568078.0,2,0,INDIVIDUAL
Changing Cultures,Vanna Paabor,https://feeds.acast.com/public/shows/6985c210d4e01f1069b6d8b5,<h4>Changing Cultures explores the experiences of people who have moved between countries or cultures.</h4><hr><p style='color:grey; font-size:0.75em;'> Hosted on Acast. See <a style='color:grey;' target='_blank' rel='noopener noreferrer' href='https://acast.com/privacy'>acast.com/privacy</a> for more information.</p>,Acast,en,https://assets.pippa.io/shows/6985c210d4e01f1069b6d8b5/1770936016219-b80448cf-a4fc-4a72-a5cf-3028d75619d2.jpeg,2026-08-10 16:58:54,7987091,confirmed,https://feeds.acast.com/public/shows/changing-cultures,1786381134,f1453fe43c6457065c09b0daf2bdc995,1873941658.0,2,0,INDIVIDUAL
The Girls’ Field Guide from Remarkable Girls Society,The Remarkable Girls Society,https://rss.buzzsprout.com/2635460.rss,"<p>Girls are expected to figure out a lot on their own.<br><br>How to handle changing friendships. How to speak up. How to make thoughtful decisions, manage responsibilities, navigate technology, prepare for work, understand money, and become increasingly independent.<br><br>*The Girls’ Field Guide*, from Remarkable Girls Society, is a podcast for the parents, caregivers, coaches, educators, counselors, mentors, and youth professionals helping girls navigate growing up.</p>",Buzzsprout,en-us,https://storage.buzzsprout.com/e0m0bmljvwa8cqe6g4uthtvocuor?.jpg,2026-08-10 16:54:47,7987090,confirmed,https://www.buzzsprout.com/2635460,1786380887,f2fc14dcee92da26cf3475104a3c65d7,,4,0,CORPORATE
The In-Between,TheIn-BetweenPodcast,https://rss.buzzsprout.com/2636243.rss,"<p><em>The In-Between</em> is a quiet companion for the parts of life that don't come with a clear next step. Each episode takes a piece of conventional wisdom the advice everyone's heard, the phrases that get repeated without question and follows it back to the half of the truth it usually leaves out. No host personality, no easy answers. Just company for the space between knowing what's wrong and knowing what to do about it. </p>",Buzzsprout,en-us,https://storage.buzzsprout.com/sfdabmkv3lwmeykpdxcaty4nhfxa?.jpg,2026-08-10 16:53:23,7987089,confirmed,https://www.buzzsprout.com/2636243,1786380803,df9f1496f5a5cdf0f87bac736bfc4d33,,0,0,INDIVIDUAL
Curiosity not Judgement,Gary and Birga,https://anchor.fm/s/78262bcc/podcast/rss,"Curious about this podcast? You're in the right place! Join Gary Oppedahl and Birga Alden as they host compelling episodes each week, discussing how judgement can quickly waylay relationships, career, faith, health and more. Curiosity, on the other hand, can open the door for understanding, compassion and joy.",Anchor,en,https://d3t3ozftmdmh3i.cloudfront.net/staging/podcast_uploaded_nologo/20057675/20057675-1782305224208-4521db79e0106.jpg,2026-08-10 16:50:49,7987084,confirmed,https://www.curiositynotjudgement.com,1786380649,a742c1cf75a519629888cf881ac7c04a,1602585110.0,2,0,CORPORATE
Bible Hidden,Bible Hidden,https://www.spreaker.com/show/7253627/episodes/feed,"Bible Hidden also features meaningful Christian documentaries, reflections on the Apocalypse and Revelation, peaceful Bible stories for sleep, and gentle Bible Stories for Kids and families.",Spreaker,en,https://d3wo5wojvuv7l.cloudfront.net/t_rss_itunes_square_1400/images.spreaker.com/original/837d9b2008e17352dbbe62ad7aab59f3.jpg,2026-08-10 16:50:41,7987083,confirmed,https://www.spreaker.com/podcast/bible-hidden--7253627,1786380641,e04754ab674ee3d77fc508a979fb273c,,4,0,INDIVIDUAL
Attracting Wisdom Podcast,attractingwisdom,https://feed.podbean.com/attractingwisdom/feed.xml,"Wonder if you are eternal? Have you had other lives?  And if so are you alone? Everyone has many guides and higher selves.  The system is dynamic and wonderous. When you listen to these sessions, you will gain an understanding and pattern. Your SOUL (inner being or higher self) has been trying to get you to understand that you are way more than who you see in the mirror.  Are you connected to your inner being?  Are you seeing the signs? Come listen to these sessions and see the wonder and magic of it all.",Podbean,en,https://pbcdn1.podbean.com/imglogo/image-logo/1370616/Ignite_Your_Light_Logo_1400_x_1400_px_5__b7tbx8.png,2026-08-10 16:50:37,7987082,confirmed,https://attractingwisdom.podbean.com,1786380637,746ebf88a880d975eae9881b9abe03b0,6791971731.0,2,0,INDIVIDUAL
Cheshire Corners,Cheshire Corners,https://anchor.fm/s/fc99cdb4/podcast/rss,"Cheshire Corners is a new series on everything psychoactive, entheogenic, and psychedelic! First and foremost, our goal is to educate the public on the historical, cultural, scientific, religious, and other facets of life that psychoactive substances touch. 
New episodes every Thursday at 4 PM MST. Check us out at @cheshirecorners on Tik Tok and Instagram for more updates and content!",Anchor,en-us,https://d3t3ozftmdmh3i.cloudfront.net/staging/podcast_uploaded_nologo/42279381/42279381-1729534922470-c022b2a9898a5.jpg,2026-08-10 16:38:07,7987077,confirmed,https://podcasters.spotify.com/pod/show/cheshire-corners,1786379887,b6e83fb27ba6c891db020e28d1318c4c,6798037443.0,2,0,INDIVIDUAL
The Ascension Advantage,theascensionadvantage,https://feed.podbean.com/theascensionadvantage/feed.xml,"<p><b>The Ascension Advantage</b><span style=""font-weight:400;""> is a podcast dedicated to helping law firms and legal departments navigate the complexities of talent acquisition and retention. Hosted by industry experts, the show provides insights into the latest trends and strategies in legal staffing, offering practical advice for building strong, competitive teams. With a focus on ethics, clarity, and actionable solutions, </span><b>The Ascension Advantage</b><span style=""font-weight:400;""> aims to empower legal professionals to thrive in a rapidly changing market.</span></p>",Podbean,en,https://pbcdn1.podbean.com/imglogo/image-logo/22543254/Title_Podbean_x8vetf.jpg,2026-08-10 16:34:20,7987072,confirmed,https://theascensionadvantage.podbean.com,1786379660,42bb19ff045627cec11f6ccd973b7589,6798401661.0,2,0,INDIVIDUAL
Defindly Speaking,Defindly,https://anchor.fm/s/10d6494d0/podcast/rss,"Defindly Speaking cuts through decentralized finance hype with direct analysis of protocol mechanics, smart contract risk, and market reality. 
No moonboy predictions, no guests selling tokens. 
Each episode breaks down what actually moves in DeFi—liquidity economics, yield sustainability, security vulnerabilities, and the gap between marketing claims and technical truth. 
For traders, builders, and investors navigating crypto finance without the noise. 
Hosted by blockchain analysts who prioritize signal over sentiment.",Anchor,en-gb,https://d3t3ozftmdmh3i.cloudfront.net/staging/podcast_uploaded_nologo/45096628/45096628-1767280951366-ab1ef9b8111fd.jpg,2026-08-10 16:31:58,7987070,confirmed,https://www.defindly.com/,1786379518,c209c1505e74c41be2b0b22b5d6d7d4c,1866402996.0,2,0,INDIVIDUAL
True Crime Stories,True crime,https://www.spreaker.com/show/7253467/episodes/feed,"   Real cases. Real victims. Real fear. <br /><br />   Every week I tell true crime stories from around the world. <br />   Murders, disappearances, and mysteries that still haunt us.<br />   New episodes weekly. Listen with caution.",Spreaker,en,https://d3wo5wojvuv7l.cloudfront.net/t_rss_itunes_square_1400/images.spreaker.com/original/c7b8faf13b46e9b801c38247226427fa.jpg,2026-08-10 16:25:50,7987066,confirmed,https://www.spreaker.com/podcast/true-crime-stories--7253467,1786379150,dd5c0fa69ca2a9bd979942d8cfdf8172,,4,0,INDIVIDUAL
5  Letters,Jim Huss,https://www.spreaker.com/show/7253564/episodes/feed,"The educational podcast with a little bit of a bite!<br /><br />Covering topics in History, Science, Religion, Medicine, and Current Events!<br /><br /><br />Become a supporter of this podcast: <a href=""https://www.spreaker.com/podcast/5-letters--7253564/support?utm_source=rss&utm_medium=rss&utm_campaign=rss"">https://www.spreaker.com/podcast/5-letters--7253564/support</a>.",Spreaker,en,https://d3wo5wojvuv7l.cloudfront.net/t_rss_itunes_square_1400/images.spreaker.com/original/122314352d98eca13c0d5f6428aff83d.jpg,2026-08-10 16:25:36,7987065,confirmed,https://www.spreaker.com/podcast/5-letters--7253564,1786379136,85f027203e78ce4a1a2c1fc99f64d520,,4,0,INDIVIDUAL
Joseph Murphy Radio,Joseph Murphy Radio,https://anchor.fm/s/114a9733c/podcast/rss,"Your subconscious mind does not argue, it obeys
Daily teachings in the voice of Joseph Murphy: prayer, autosuggestion, mental healing, and the law of your own mind. 
New episodes every day, from quick lessons to full-hour teachings on wealth, health, and belief. Follow for daily lessons on the power of your subconscious.
AI narration delivers original teachings inspired by Joseph Murphy's philosophy and writing. Not an original recording. No affiliation with his estate is implied.",Anchor,en,https://d3t3ozftmdmh3i.cloudfront.net/staging/podcast_uploaded_nologo/46316167/46316167-1783466753963-32122175fcaef.jpg,2026-08-10 16:22:34,7987064,confirmed,https://podcasters.spotify.com/pod/show/joseph-murphy-radio0,1786378954,9258021ee447d921cb4a85bcdb1027bd,6795146450.0,2,0,CORPORATE
You Know What,Marlaina.,https://anchor.fm/s/115ae4dc0/podcast/rss,We are taught to doubt ourselves. This podcast is an invitation to discover what we already know.,Anchor,en-us,https://d3t3ozftmdmh3i.cloudfront.net/staging/podcast_uploaded_nologo/46487120/46487120-1785852346202-e0d9bff1d6b28.jpg,2026-08-10 16:12:16,7987061,confirmed,https://podcasters.spotify.com/pod/show/marlaina8,1786378336,77af711117b6e64ec4ef904b354d20ce,6799425593.0,2,0,INDIVIDUAL
Home For The Holidays,Lehigh Valley Public Media,https://feeds.transistor.fm/home-for-the-holidays,"In the first Home for the Holidays podcast episode, we are running a simple test in August 2026 using an archive episode",Transistor,en,https://img.transistorcdn.com/AX-6YKTuujpiuCji0IUCv242D2-EgZjIv7d7Qxi0uc8/rs:fill:0:0:1/w:1400/h:1400/q:60/mb:500000/aHR0cHM6Ly9pbWct/dXBsb2FkLXByb2R1/Y3Rpb24udHJhbnNp/c3Rvci5mbS80NmFh/YTM3ZjcwZjYxYzE1/YTJlYzQ2NTYzOTAz/Y2MyZi5qcGc.jpg,2026-08-10 16:10:36,7987059,confirmed,https://www.lehighvalleypublicmedia.org,1786378236,3854980dbcc4e166633bbe5696834ee8,,4,0,CORPORATE
CBC Sermon Podcast,Cornerstone Bible Church,https://feeds.transistor.fm/cbc-sermon-podcast,Welcome to the weekly Sunday sermon podcast of Cornerstone Bible Church in Westfield!,Transistor,en,https://img.transistorcdn.com/9VZiUXOAvbjN-3QjAhj0BuOiG0ncJYLHrqQOXTmL7Y8/rs:fill:0:0:1/w:1400/h:1400/q:60/mb:500000/aHR0cHM6Ly9pbWct/dXBsb2FkLXByb2R1/Y3Rpb24udHJhbnNp/c3Rvci5mbS82OWZm/NDY1NDE4YWJhNzkz/OTZhYzBiYmE3ZDY0/OGUyOC5wbmc.jpg,2026-08-10 16:07:35,7987058,confirmed,,1786378055,74c6cb34f0e36bda5259cf783d9542fe,,4,0,CORPORATE
The Norse Report,NKU Norse & NKU Media Services,https://rss.buzzsprout.com/2634597.rss,<p>A weekly studio show hosted by Matt Sexton discussing Northern Kentucky Athletics. </p>,Buzzsprout,en-us,https://storage.buzzsprout.com/q2n2xpid8fi0m88ii92ryag2d1qs?.jpg,2026-08-10 16:05:42,7987055,confirmed,,1786377942,cc54a75963d0c2aa8cf55fbce40dc904,,4,0,CORPORATE
Breakfast with Sorcha & Tim - Freedom FM,Sean Power,https://feeds.acast.com/public/shows/6a47bbfa0069388b7a2e0eb4,"Whether you're getting ready for work, dropping off the kids, or simply enjoying a cup of tea, Sorcha and Tim keep you company every Friday Morning from 8am.<hr><p style='color:grey; font-size:0.75em;'> Hosted on Acast. See <a style='color:grey;' target='_blank' rel='noopener noreferrer' href='https://acast.com/privacy'>acast.com/privacy</a> for more information.</p>",Acast,en,https://assets.pippa.io/shows/cover/1783086047625-d5b7acba-2c67-437f-869f-a189a67d78e9.jpeg,2026-08-10 16:04:47,7987054,confirmed,https://feeds.acast.com/public/shows/breakfast-with-sorcha-tim-freedom-fm,1786377887,db86350c648bddbef2e357a7de5599d1,6787120056.0,2,0,INDIVIDUAL
Gypsy Rose In Her Own Words,Fancy Macelli & Amy Mackey,https://www.spreaker.com/show/7251284/episodes/feed,"<b>The Calls From Inside: Gypsy Rose In Her Own Words</b><br /><b></b><br />In 2016, a highly synchronized media and legal narrative was launched. The world was introduced to Gypsy Rose Blanchard through viral articles, curated documentary footage, and eventually, scripted television dramas. The public was sold a tightly controlled story of a helpless, isolated girl who transitioned seamlessly from the abusive grip of her mother to the quiet confines of a prison cell.<br /><br />But the public was only given the script. They were never given the tapes.<br /><br />Until now.<br /><br /><b>The Calls From Inside: Gypsy Rose in Her Own Words</b> is an unprecedented investigative podcast that blows past the Hollywood spin and network dramatizations to deliver the raw reality of Gypsy's life behind bars. Culled from an astonishing archive of <b>thousands of unedited prison phone calls</b> recorded by the state, this series tracks the true chronological timeline of a case where things are never as they appear.<br />Through these thousands of recordings, the public facade completely falls away, exposing the core of the Blanchard family operation:<br /><ul><li><b>The Pursuit of Money and Fame:</b> From her very first weeks in general population, Gypsy and her family are heard plotting the transfer of her ""life rights"" to legally shield future book and movie royalties—even comparing their financial strategy to J.K. Rowling's <i>Harry Potter</i> fortune. Hear how they strictly embargoed television appearances, turning down an exclusive request from <i>The Dr. Oz Show</i> to protect their high-profile agreements with HBO, and listen as Gypsy explicitly thanks her writers for putting a <b>""good spin""</b> on her viral public narrative. Upon release, she openly boasts, she expects to be rich, drive a Mercedes-Benz, and own a home.</li><li><b>The ""Innocent Victim"" Mask Slipping:</b> Observe Gypsy’s real, unscripted personality when the media cameras are turned off. Far from being a helpless child, the tapes expose a highly perceptive, strategic young woman who adapted to prison life with ease. Gypsy explicitly lays out her true operational blueprint behind bars: <b>""I might do something to break the rules. But I don't get caught, right?""</b>. You will hear her engage in highly calculated flirting with outside men, even weaponizing her criminal past by telling Rachel's ex, Nick: <b>""my last boyfriend's name was Nick, and so when I'm screaming your name, it won't seem awkward""</b>.</li><li><b>No Remorse, Just a Transactional Mindset:</b> When discussing her mother's brutal murder, there is no grief or moral reflection; instead, Gypsy views the crime through a completely transactional lens, sumg it up in her own words: <b>""She done me wrong. I done her wrong. We're even""</b>. ""<b>I do what I want. That should be pretty clear since I'm here on a murder charge. I didn't get my own fucking mother murdered just so I can live for everyone else."" </b><b></b></li><li><b>A Legacy of Systemic Lies:</b> Listen to the family parse through Dee Dee Blanchard's lifetime of fabrications—including altering Gypsy's Medicaid card to hide her real age, lying to split up Gypsy’s father and stepmother, and inventing a completely fake deceased baby brother named Sebastian (""Ratty"") to emotionally guilt Gypsy. You will hear a daughter raised in pathological dishonesty who openly struggles to unlearn those habits while simultaneously using those exact manipulation tactics to shape her own narrative to the media.</li><li><b>The Malpractice Payout Strategy:</b> Coordinated strategy sessions to launch a massive medical malpractice lawsuit targeting Gypsy's longtime pediatrician, Dr. Beckerman. Backed by prison medical tests proving Gypsy was <b>""perfectly healthy""</b> with <b>""nothing wrong with me""</b>, the family details how Beckerman lent false professional credibility to Dee Dee’s fabrications and highlights his sudden, suspicious refusal to speak with filmmakers as direct proof of his guilt.</li></ul>This is the definitive, documented record of a case where the truth was hidden in plain sight.<br /><br /><b>Meet Your Hosts: Fancy Macelli & Amy Mackey</b><br /><b></b><br />Your guides through this massive archive is investigative reporter and whistleblower <b>Franchesca</b> ""<b>Fancy"" Macelli</b>, who has reported on the frontlines of this case since 2017 and her researcher co-host, <b>Amy ""Mack"" </b><b>Mackey.</b><br /><br />For three years, from 2017 to 2020, Fancy worked intimately with the Blanchard family, having earned their trust. But as she dug deeper into the files, she began to realize that the narrative the family was selling to the world and to her was a lie.<br /><br />Armed with years of private conversations, a vast database of state records, and Gypsy's actual medical files, Fancy blew the whistle on the family's deception. She is the investigator who successfully uncovered the hidden chromosome disorder in the medical files, exposing the fraudulent foundations of the Munchausen narrative. Despite facing intense harassment and smear campaigns from those desperate to keep the secrets buried, Fancy and Mack have been dedicated to one mission: To Find The Truth Behind the Murder of Dee Dee Blanchard. The Truth Has Arrived",Spreaker,en,https://d3wo5wojvuv7l.cloudfront.net/t_rss_itunes_square_1400/images.spreaker.com/original/335a1ff574e423adf29fd9e51802ac15.jpg,2026-08-10 16:04:38,7987053,confirmed,https://www.spreaker.com/podcast/gypsy-rose-in-her-own-words--7251284,1786377878,7500301eb4719d4c76d6b832692be624,,4,0,CORPORATE
DGTLmart – Leading Digital Marketing,Dgtlmart,https://www.spreaker.com/show/7253565/episodes/feed,"<b><a href=""https://dgtlmart.com/"" target=""_blank"" rel=""noreferrer noopener"">DGTLmart</a></b> is a leading digital marketing agency helping businesses grow through advanced SEO, AI Visibility Optimization, Generative Engine Optimization (GEO), content marketing, PPC advertising, social media marketing, ecommerce SEO, app store optimization, and online reputation management. Our data-driven strategies are designed to improve search rankings, increase organic traffic, enhance brand authority, and generate qualified leads. Whether you're a startup, local business, or enterprise brand, DGTLmart delivers customized digital marketing solutions that drive measurable growth and long-term online success.",Spreaker,en,https://d3wo5wojvuv7l.cloudfront.net/t_rss_itunes_square_1400/images.spreaker.com/original/43b5e2c444b472483251dc9f5ffcd45a.jpg,2026-08-10 16:02:40,7987052,confirmed,https://www.spreaker.com/podcast/dgtlmart-leading-digital-marketing--7253565,1786377760,b041fbb7da4600c64d700b8f694a4162,,4,0,INDIVIDUAL
The Weekly Variants,Henry Curry,https://www.spreaker.com/show/7244554/episodes/feed,This podcast is about random comedy to make you laugh at home and give you a good chuckle.,Spreaker,en,https://d3wo5wojvuv7l.cloudfront.net/t_rss_itunes_square_1400/images.spreaker.com/original/4905f220a27693b4b21d2ecd56ae9258.jpg,2026-08-10 16:02:39,7987051,confirmed,https://www.spreaker.com/podcast/the-weekly-variants--7244554,1786377759,544afb4c22270bb5731b0fdcedc5e45e,,4,0,INDIVIDUAL
Christ Community Fellowship - Mena,Christ Community Fellowship,https://anchor.fm/s/115a71d84/podcast/rss,"The official account of Christ Community Fellowship in Mena, AR. Our vision is to bring people into a growing relationship with Jesus Christ by learning from Christ, living in Christ, and leading others to Christ. Listen to a sermon you might have missed, or one you really enjoyed, and be sure to join us Sundays @ 10:30 either in person or live on youtube.",Anchor,en-us,https://d3t3ozftmdmh3i.cloudfront.net/staging/podcast_uploaded_nologo/46482409/46482409-1785783750628-75911a936c34c.jpg,2026-08-10 16:00:57,7987050,confirmed,https://podcasters.spotify.com/pod/show/christ-community-fellowsh1,1786377657,496cbd75a2e588c2911e7d99bbe6cac8,6797962546.0,2,0,CORPORATE
KnightBeat,WRSU News Department,https://anchor.fm/s/109d79bf0/podcast/rss,"Broadcast live on 88.7 FM and online at WRSU.org on Thursdays from 5–6 PM.
Join WRSU journalists Maryam Malihi and Devin Davis over the summer for a closer look at the stories that shape Rutgers University, New Brunswick, and the surrounding communities. Featuring long-form, insightful interviews and analysis from the reporters themselves, they have Rutgers covered like no one else!",Anchor,en-us,https://d3t3ozftmdmh3i.cloudfront.net/staging/podcast_uploaded_nologo/44500924/44500924-1772643353527-a812c00d09ace.jpg,2026-08-10 15:58:51,7987048,confirmed,https://wrsu.org/knightbeat,1786377531,15bab7853bbd5a2cfb56caa0a084adb9,1876077666.0,2,0,CORPORATE
Marquis Late Night Show,Latrell Marquis,https://www.spreaker.com/show/7253562/episodes/feed,"Welcome to <b>Marquis Late Night Show</b>, the ultimate late-night playbook for men who refuse to settle for average and are obsessed with reaching their peak potential. When the rest of the world goes to sleep, we pull back the curtain on what it truly takes to dominate in the modern era. This show cuts through the fluff to deliver raw, unfiltered strategies on relentless self-improvement, high-income skill development, and modern wealth-creation tactics designed to break you out of the rat race and build real financial autonomy.<br /><br />Hosted in a sharp, candid, and high-energy environment, <b>Marquis Late Night Show</b> bridges the gap between financial dominance and physical presentation. We dive deep into the science of lookmaxxing and aesthetic optimization—from fitness protocols and grooming to style and body language—ensuring your presence commands respect in every room you enter. Tune in, upgrade your mindset, and start building the best, most powerful version of yourself while the competition is still sleeping.<br /><br />",Spreaker,en,https://d3wo5wojvuv7l.cloudfront.net/t_rss_itunes_square_1400/images.spreaker.com/original/ec57fb4e1098eda4ff8af2eb3f4372f2.jpg,2026-08-10 15:57:35,7987046,confirmed,https://www.spreaker.com/podcast/marquis-late-night-show--7253562,1786377455,2d14ccb2b5f7deaf3c4b6f34e76852ef,,4,0,INDIVIDUAL
The Desana Podcast,Desana,https://rss.buzzsprout.com/2405307.rss,"<p>Interviews with world-class workplace leaders and CRE experts, focusing on what's working right now and the challenges left to overcome. </p>",Buzzsprout,en-us,https://storage.buzzsprout.com/i3toimxxreoj19g66lopp1i1nm9k?.jpg,2026-08-10 15:54:41,7987042,confirmed,https://thedesanapodcast.buzzsprout.com,1786377281,913224ebaf820671283a26c0537a0c46,,4,0,INDIVIDUAL
Mission of Truth,Angel Noble,https://rss.buzzsprout.com/2631385.rss,"<p>Behind every statistic is a story. Behind every solution are people dedicated to making a difference.</p><p><br></p><p>The Mission of Truth Podcast brings you in-depth conversations with experts, advocates, survivors, law enforcement professionals, educators, healthcare providers, and community leaders working to prevent human trafficking, protect vulnerable individuals, and create lasting change.</p><p><br></p><p>Hosted in an engaging interview format, each episode explores the realities behind trafficking, exploitation, child safety, prevention, victim advocacy, public policy, and the organizations making an impact. Rather than relying on headlines or misconceptions, we focus on meaningful conversations grounded in experience, research, and practical solutions.</p><p><br></p><p>Whether you're a parent, educator, first responder, policymaker, volunteer, student, or simply someone who wants to better understand these issues, you'll gain valuable insight, actionable knowledge, and hope through honest discussions with the people leading the fight against exploitation.</p><p><br></p><p>Knowledge creates awareness. Awareness inspires action. Together, we can make a difference.</p><p><br></p><p>Mission of Truth: Real conversations. Trusted voices. Practical solutions.</p>",Buzzsprout,en-us,https://storage.buzzsprout.com/l2326bo2am7f57c4okb3p81ni5yp?.jpg,2026-08-10 15:51:10,7987039,confirmed,https://www.buzzsprout.com/2631385,1786377070,1a8e7c9ded06fb9fe0d60e38405cde73,,0,0,INDIVIDUAL
Pints & Policy,GBTT,https://anchor.fm/s/115d4266c/podcast/rss,Britain's Independent Economic Think Tank,Anchor,en,https://d3t3ozftmdmh3i.cloudfront.net/staging/podcast_uploaded_nologo/46511923/46511923-1786199312010-1ab88b47bf0e4.jpg,2026-08-10 15:49:20,7987038,confirmed,https://podcasters.spotify.com/pod/show/tb393,1786376960,4e782f7948f98cc72324eb0ef4076cc6,6799444974.0,2,0,CORPORATE
Consumers Don’t Lie,Revuze,https://rss.buzzsprout.com/2632683.rss,"<p>Consumers Don’t Lie is Revuze’s weekly deep‑dive into what buyers are actually saying about the products brands ship into the world. Each episode takes a real launch, category, or product decision and puts it on trial: the polished boardroom story on one side, and unfiltered consumer signals on the other—reviews, social chatter, returns, and VoC data.<br><br>Hosted by Revuze’s leadership team, Consumers Don’t Lie unpacks why products succeed or fail, how small points of friction turn into churn, and how AI‑native tools like agents and conversational intelligence can catch problems before they explode. If you work in CPG, retail, eCommerce, or product and you’re tired of pretty slides that ignore reality, this show is your weekly dose of what’s really going on in the aisles and feeds.</p>",Buzzsprout,en-us,https://storage.buzzsprout.com/iljmy50b6smwzap5r5wa4zznv19w?.jpg,2026-08-10 15:42:41,7987034,confirmed,https://revuze.buzzsprout.com,1786376561,ce1d60c7809a9adb79b74b1ddb1b05f7,,4,0,INDIVIDUAL
Name Under Construction,Dimi Karl and Robin,https://rss.buzzsprout.com/2635805.rss,"<p>A fun podcast, presented by international group of hosts. Content random yet fun, interesting yet funny. Welcome and enjoy,</p>",Buzzsprout,en-us,https://storage.buzzsprout.com/5yigfvvx1epyt42p321amuwuq1vc?.jpg,2026-08-10 15:40:20,7987031,confirmed,,1786376420,fc3d7c117877b1d8d43e1419e72849e9,,0,0,CORPORATE
Mission Forward,Steven Banasiask,https://feeds.captivate.fm/mission-forward/,"Mission Forward is the official podcast of the National Veterans Alliance — a monthly interview show about service, sacrifice, and the practical decisions that shape how veterans, first responders, and their families find home. Hosted by Steve Banasiak, each episode is an honest, in-depth conversation with a guest whose story speaks to this community: decorated veterans, first responders, advocates, authors, and the real estate professionals trained to understand military and first responder service. The National Veterans Alliance connects veterans, active-duty service members, first responders, and their families with agents who understand VA loans, PCS moves, and what it really means to serve those who serve us. New episodes monthly. Learn more and connect with a trained agent at nationalveteransalliance.com.",Captivate,en,https://artwork.captivate.fm/aabf3406-9f3d-4ab5-a528-5fdb0c815d93/Mission-Forward-Cover-3000x3000.png,2026-08-10 15:31:20,7987021,confirmed,https://mission-forward.captivate.fm,1786375880,421f1aec2417cd9fdb10d84f76bc2652,,4,0,INDIVIDUAL
The 4th Draft,A.M. Woodbury,https://anchor.fm/s/115c4e300/podcast/rss,"The Fourth Draft Podcast started the way most good ideas do... three friends who couldn't stop talking about fantasy/sci fi books and eventually decided to just record it.
Hosted by Alec, Josh, and Ryan, we cover the full spectrum of SFF fiction. From epic fantasy, grimdark, progression fantasy, sci-fi, and everything in between. Expect passionate recommendations, real disagreements, the occasional deep dive into a magic system, and at least one person saying something that makes the other two go ""wait, WHAT?""
New episodes every week. Find us on Spotify, Apple Podcasts, and YouTube.",Anchor,en,https://d3t3ozftmdmh3i.cloudfront.net/staging/podcast_uploaded_nologo/46501920/46501920-1786046027581-9988b701c50ef.jpg,2026-08-10 15:29:05,7987018,confirmed,https://podcasters.spotify.com/pod/show/am-woodbury6,1786375745,5da7ff057fc9bdd9979ad46a6cef8a0a,6799174743.0,2,0,INDIVIDUAL
RETIREMENT PEACE OF MIND,Alan Clark and Samantha Schultz,https://rss.buzzsprout.com/2636002.rss,<p>A conversation between two retirement planning specialists designed to educate the listener on how to achieve peace of mind when planning for retirement.  Special guests also provide assistance with navigating wealth management.</p>,Buzzsprout,en-us,https://storage.buzzsprout.com/4lg99up0gj0wnucbupvays8759c7?.jpg,2026-08-10 15:23:59,7987016,confirmed,,1786375439,34075189e4bfd96764cbb88d9a28c695,,0,0,CORPORATE
B2B Marketing Weekly,Brand Craft,https://rss.buzzsprout.com/2634343.rss,"<p><br></p><p>Before creator marketing became the thing every B2B brand wanted to talk about, Chris Cunningham was already doing it.<br><br></p><p>As one of the original four behind ClickUp, Chris helped build one of the fastest-growing project management companies in the world by looking outside of B2B for inspiration. Influencers, creators, viral social content, consumer marketing tactics. That approach has helped ClickUp generate more than 2 billion views across social.<br><br></p><p>Will McTighe knows a thing or two about earning attention, too. He’s built a LinkedIn audience of more than 400,000 and helped 600+ B2B founders become influential voices in their industries.<br><br></p><p>Now they’re getting together every week to talk about where B2B marketing goes next.<br><br></p><p>B2B Marketing Weekly breaks down the trends, creators, platforms, campaigns, and ideas getting attention right now, with one question in mind: what should B2B marketers actually do with this?<br><br></p><p>Because copying every viral trend is a terrible strategy. Ignoring what’s happening outside the B2B bubble might be even worse.<br><br></p><p>Chris and Will separate the opportunities from the traps and show how B2B brands can borrow from consumer and creator playbooks without becoming the brand trying way too hard to be cool on the internet.<br><br></p><p>New episodes every week.</p>",Buzzsprout,en-us,https://storage.buzzsprout.com/nw7bz3pp7izzqt7ezf6ht3jtow9x?.jpg,2026-08-10 15:23:40,7987014,confirmed,https://www.buzzsprout.com/2634343,1786375420,bc292582724fb941d3ff9c4feea8321e,,4,0,CORPORATE
ReadyAI.dev Podcast,ReadyAI,https://anchor.fm/s/115b71c0c/podcast/rss,"A podcast from ReadyAI.dev, where we help enterprises adopt AI with confidence. Conversations with the people navigating what that actually takes, from strategy through to secure, compliant deployment. New episodes coming soon.",Anchor,en,https://d3t3ozftmdmh3i.cloudfront.net/staging/podcast_uploaded_nologo/46492891/46492891-1785930489514-f64eead563391.jpg,2026-08-10 15:23:23,7987013,confirmed,https://podcasters.spotify.com/pod/show/readyai9,1786375403,c45b829b921c004b08e6f6a8c6debff5,6799423741.0,2,0,INDIVIDUAL
The Environment Podcast,Jonathan,https://rss.buzzsprout.com/2635103.rss,"<p>Hosted by No5 Barristers' Chambers - Contributors provide expert commentary on environmental law and environmental practice, discussing some of the most important topics of the day, with a particular focus on how legislation and caselaw respond to environmental pressures.</p>",Buzzsprout,en-gb,https://storage.buzzsprout.com/0kk6xt06iir38fsrc6riszc5iaxu?.jpg,2026-08-10 15:22:26,7987012,confirmed,,1786375346,de481e6c098d064a11e88ea84913ffd1,,4,0,INDIVIDUAL
Two Puck Drop,Mathy & Corrigan,https://rss.buzzsprout.com/2635985.rss,"<p>The hockey podcast that goes beyond the ice, taking you on a deep dive through the news, history and pop culture of the game we love.</p>",Buzzsprout,en-ca,https://storage.buzzsprout.com/z7fourv0bl42ga1xq27139xgoocf?.jpg,2026-08-10 15:17:06,7987006,confirmed,,1786375026,2e214090e6cde6714ec9935efcd241ec,,0,0,CORPORATE
Mother P*cker,Emily Grace,https://anchor.fm/s/1155b3fa4/podcast/rss,"Just a new mum navigating motherhood, simplifying health and fat loss, and giving her unfiltered opinions x",Anchor,en-gb,https://d3t3ozftmdmh3i.cloudfront.net/staging/podcast_uploaded_nologo/46432689/46432689-1785500484618-29ba565db8d0f.jpg,2026-08-10 15:13:59,7987004,confirmed,https://podcasters.spotify.com/pod/show/emily-wood9,1786374839,0ffa689929f960874cacd4495a1c7d99,6799213346.0,2,0,INDIVIDUAL
Hammer Missions' Podcast,Hammer Missions,https://rss.buzzsprout.com/2056533.rss,"In this podcast, Varun & Alex from Hammer Missions bring you a discussion on some of the most interesting topics from the commercial drone industry. Hammer Missions is a software platform that helps drone (UAV) teams work with versatile & high-quality drone data for site surveys and asset inspections. Our goal is to help UAV teams cut costs and increase ROI by building operational efficiency in their drone programs.",Buzzsprout,en-gb,https://storage.buzzsprout.com/pu82d5w1biletk8a7jnol11c4a6k?.jpg,2026-08-10 15:11:25,7987002,confirmed,https://www.hammermissions.com,1786374685,9049a45d905a2c50070f1e4d4be3a1c5,,4,0,INDIVIDUAL
The Authority Edit with Victoria Player,Victoria Player,https://rss.buzzsprout.com/2614705.rss,"<p><b>For established women who want to build a business that creates freedom, not just success.</b></p><p><br></p><p>You’ve built a successful business.</p><p><br></p><p>From the outside, it looks like you’ve made it.</p><p><br></p><p>But behind the scenes, you’re working too many hours, carrying too much responsibility, and wondering why success still doesn’t feel like the freedom you imagined.</p><p><br></p><p>Welcome to <b>The Authority Edit</b>.</p><p><br></p><p>I’m Victoria Player, and for almost two decades I’ve helped coaches, consultants and service-based business owners build premium businesses that create exceptional results... without consuming their lives.</p><p><br></p><p>Long before remote working became the norm, I built a business that allowed me to travel the world, home educate my son as a lone parent, and design a life on my own terms.</p><p><br></p><p>Because I’ve never believed success is measured solely by revenue.</p><p><br></p><p>To me, success is measured by two things:</p><p><br></p><p>• The freedom your business creates.<br>• The results your clients achieve.</p><p><br></p><p>Every week I’ll challenge the conventional business advice that’s keeping brilliant women overworked, overwhelmed and trapped inside businesses they’ve outgrown.</p><p><br></p><p>We’ll talk about premium positioning, authority, high-ticket business models, simpler strategies, leadership, identity, and how to build a business that gives you more choice, more flexibility and more freedom... with fewer, better clients.</p><p><br></p><p>If you’re ready to stop adding more and start building better…</p><p><br></p><p>You’re in exactly the right place.</p><p><br></p><p>Because success isn’t the goal.</p><p><br></p><p><b>Freedom is.</b></p>",Buzzsprout,en-gb,https://storage.buzzsprout.com/4p1m8l6zw14cpb0m1hdodx3vonjg?.jpg,2026-08-10 15:08:06,7987001,confirmed,https://theauthorityedit.buzzsprout.com,1786374486,ff7223857345572c402be7119d8996c1,,4,0,INDIVIDUAL
American Dreadline,Jason Cooper,https://rss.buzzsprout.com/2630820.rss,"<p>American Dreadline is a first-person horror anthology about ordinary people caught in extraordinary nightmares. Each episode delivers an immersive original story shaped by cinematic sound design, unsettling atmosphere, and the terrible realization that some places can never be seen the same way again.</p><p><br></p><p>One voice. One nightmare. One place you’ll never see the same again.</p>",Buzzsprout,en-us,https://storage.buzzsprout.com/2f1dma95n4aduvtk2nevis3zvaut?.jpg,2026-08-10 15:05:34,7986999,confirmed,https://www.buzzsprout.com/2630820,1786374334,5c69083351d63109fd3a057e3dd78697,,4,0,INDIVIDUAL
Why Did We Start This?,Penny Armbruster,https://feeds.captivate.fm/why-did-we-start-this/,"You started your business for freedom. So why does it feel like a trap?
Most business owners start out wanting more time and more money, but end up working 80 hours a week for a boss they can't stand (themselves). They guess based on their bank balance, dread tax season, and have no idea what they can actually pay themselves this month.
Why Did We Start This? is a daily reset for faith-driven business owners who are tired of the financial chaos. Hosted by Fractional CFO Penny Armbruster and operations expert Jonathan Armbruster, this livestream cuts through the hustle-culture noise to give you the plain-English financial systems you actually need.
Every Monday through Saturday, we tackle the real issues your CPA isn't talking to you about.
The problem isn't you. The problem is the absence of a financial system built for your business. Join us daily to stop guessing, start leading, and finally build a business that pays you.
Ready to see where your numbers really stand? Book a free Financial Check-In at 1610consulting.com.",Captivate,en,https://artwork.captivate.fm/fa39c3a2-c89a-46c8-a41e-bfca952381d9/why-did-we-start-this-cover-3000px-under-512kb-2.jpg,2026-08-10 15:03:41,7986998,confirmed,https://why-did-we-start-this.captivate.fm,1786374221,edc84a353bac0dfd8f7ac3aeea74cb8e,,4,0,INDIVIDUAL
Inside the SaaS AI Shift,Kristi Perdue,https://feeds.transistor.fm/inside-the-saas-ai-shift,"Inside the SaaS AI Shift is the executive decision-making podcast for SaaS leaders  navigating how AI is reshaping products, business models, buyer trust, and growth. Host  Kristi Perdue, a 30-plus-year SaaS operator and certified CAIO and CIGO/AI, gets past the  demos with executives making the consequential choices behind AI strategy, governance,  and execution.",Transistor,en,https://img.transistorcdn.com/blQNFbZ-dPe0arKSi86V4-FwKYX01rLmbugt7yUV4eM/rs:fill:0:0:1/w:1400/h:1400/q:60/mb:500000/aHR0cHM6Ly9pbWct/dXBsb2FkLXByb2R1/Y3Rpb24udHJhbnNp/c3Rvci5mbS83NmUy/ZDk2ZDAzMjkzNzJl/ZDViMDYyNDlmZWVi/MzBkYi5wbmc.jpg,2026-08-10 15:01:00,7986994,confirmed,,1786374060,e53dc083b9f766d077e919c52386b965,,0,0,INDIVIDUAL
Curious Currents,"Emily Kenneth, Siobhan Loughrey",https://anchor.fm/s/1107a2f7c/podcast/rss,"A deep dive into the deep blue. Learn more about your favourite marine life from your favourite marine biologist, Emily, and clueless but curious friend Shiv. Better yet find out the weird stuff that makes them even more fascinating!",Anchor,en,https://d3t3ozftmdmh3i.cloudfront.net/staging/podcast_uploaded_nologo/45614103/45614103-1782028253145-213185d52224f.jpg,2026-08-10 14:56:40,7986991,confirmed,https://curiouscurrents.wordpress.com,1786373800,a6b1072597c2f3ad39a900a71636b7b4,1895970277.0,2,0,INDIVIDUAL
Game Feel,Game Feel Podcast,https://anchor.fm/s/115c781b4/podcast/rss,The place where we feel things about video games!,Anchor,en,https://d3t3ozftmdmh3i.cloudfront.net/staging/podcast_uploaded_nologo/46503637/46503637-1786068425334-2bc72d7fe790e.jpg,2026-08-10 14:51:25,7986988,confirmed,https://podcasters.spotify.com/pod/show/wllbrnlktrchs2,1786373485,1075c622f1f23e59b015723d7d7f12be,6798918793.0,2,0,INDIVIDUAL
The Lost Warship: Time Traveling Survivors,Robert Moore Williams,https://www.spreaker.com/show/7253395/episodes/feed,"When survivors of a shipwreck are rescued by the battleship USS Idaho, they believe their harrowing ordeal is finally over. But fate has other plans. A sudden attack by Japanese bombers tears through the sky, creating a rift in the space-time continuum that hurls the crew and survivors into a prehistoric world teeming with unimaginable dangers. As they grapple with this new reality, they must navigate not only the threats of ancient beasts but also the complexities of human relationships strained by fear and uncertainty.<br /><br /> ""Lost Warship"" takes listeners on a thrilling journey filled with pulse-pounding action and unexpected twists. Can the eclectic group of survivors—including a resourceful captain, a skeptical scientist, and a brave young woman—find a way to survive and return to their own time? Or will they succumb to the primal chaos surrounding them?<br /><br /> As the stakes rise and secrets unfold, this audiobook delves into themes of survival, loyalty, and the unyielding human spirit. With vivid storytelling and engaging character development, Robert Moore Williams crafts a tale that challenges listeners to ponder what it truly means to fight for survival. Perfect for fans of science fiction and adventure, ""Lost Warship"" will keep you on the edge of your seat, wondering what lies around the next corner in this wild, uncharted world.",Spreaker,en,https://d3wo5wojvuv7l.cloudfront.net/t_rss_itunes_square_1400/images.spreaker.com/original/f74b1b2fcb56b26aff49ac00f0c8173f.jpg,2026-08-10 14:50:34,7986987,confirmed,https://www.spreaker.com/podcast/the-lost-warship-time-traveling-survivors--7253395,1786373434,8a9d8f74d8aec1430a8ff1c0135184d2,,4,0,INDIVIDUAL
Save and Sound,Save and Sound,https://anchor.fm/s/114cf6740/podcast/rss,"Karl and T discuss topics ranging from Video Games, Music, Sports and whatever comes to mind. Listen in!",Anchor,en,https://d3t3ozftmdmh3i.cloudfront.net/staging/podcast_uploaded_nologo/46341040/46341040-1783796737209-db1d366d052d1.jpg,2026-08-10 14:44:27,7986985,confirmed,https://podcasters.spotify.com/pod/show/save-and-sound1,1786373067,177e4f684e923abb9a6d9625f7b4f56f,6792369015.0,2,0,CORPORATE
Beyond the Book Club,Lauren and Krystal,https://anchor.fm/s/11426c554/podcast/rss,"Welcome to Beyond the Book Club, the official podcast of the Long Island Book Club. Join Lauren and Krystal for thoughtful conversations about books, monthly book club picks, new releases, reader recommendations, behind-the-scenes stories, and honest opinions. Whether you’re already part of our community or simply love getting lost in a great book, pull up a chair—the conversation is just getting started.",Anchor,en-us,https://d3t3ozftmdmh3i.cloudfront.net/staging/podcast_uploaded_nologo/46230525/46230525-1785425773186-9bb7cb94fbd9d.jpg,2026-08-10 14:40:59,7986979,confirmed,https://podcasters.spotify.com/pod/show/lauren-and-krystal,1786372859,400ffe7663ae3aaae5d8291058cb99dd,6799748046.0,2,0,CORPORATE
Superior Exotics Color and Paint,setcolor24,https://www.spreaker.com/show/7253383/episodes/feed,"<b><a href=""https://www.setcolor24.com"" target=""_blank"" rel=""noreferrer noopener"">Superior Exotics Color and Paint</a> </b>delivers premium coatings designed for durability, vibrant finish, and long-lasting protection. Their expert solutions enhance appearance, resist wear and harsh conditions, and provide reliable performance for automotive, industrial, and heavy equipment painting needs.",Spreaker,en,https://d3wo5wojvuv7l.cloudfront.net/t_rss_itunes_square_1400/images.spreaker.com/original/dfa15eaf1a9a7d5055c781f20735e703.jpg,2026-08-10 14:39:13,7986977,confirmed,https://www.spreaker.com/podcast/superior-exotics-color-and-paint--7253383,1786372753,3f9f49bc7812e14d02cadf31916a2b48,,4,0,INDIVIDUAL
Avec Mat,Mathieu Roche,https://rss.buzzsprout.com/2635390.rss,"<p>""Avec Mat""  is the adtech podcast launched by ID5's CEO and Co-Founder, Mathieu Roche. He's always wanted to know what pushed people to start companies, what made them successful, and how to navigate the ups & downs of startup life, so he decided to ask them! </p>",Buzzsprout,en-us,https://storage.buzzsprout.com/nalvfcqjow4zu62r9zmyitrt23h1?.jpg,2026-08-10 14:33:04,7986975,confirmed,,1786372384,a2023abdbc1349a9444482f901f49f95,,4,0,INDIVIDUAL
The Sorcerer's Vault,Sorcerer's Vault,https://anchor.fm/s/114ed0e44/podcast/rss,"Welcome to The Sorcerer's Vault Podcast, where we talk all things Walt Disney World. From trip planning and resort reviews to attractions, dining, debates, and real Disney conversations, each week we dive into the topics every Disney fan loves. Whether you're planning your first vacation or your fiftieth, grab a seat and join the conversation.",Anchor,en-us,https://d3t3ozftmdmh3i.cloudfront.net/staging/podcast_uploaded_nologo/46360473/46360473-1784065294170-8c8bdfd28bf0f.jpg,2026-08-10 14:30:22,7986973,confirmed,https://podcasters.spotify.com/pod/show/dave-stephens60,1786372222,81c0835a31c4b321f399b2bb71fc4c15,6797641425.0,2,0,INDIVIDUAL
Hardcase: The Legend of Dave Coyle,Luke Short,https://www.spreaker.com/show/7253379/episodes/feed,"Dave Coyle, a notorious outlaw, strides into Yellow Jacket with a reputation that has townsfolk trembling. A master of deception, he’s rumored to be a killer, a kidnapper, or perhaps both. But what drives him? As whispers of his past swirl through the dusty streets, the townspeople can’t decide whether to fear him or seek his help. When a wealthy landowner goes missing, the stakes rise, and Coyle finds himself entangled in a web of greed, betrayal, and unexpected alliances. Each twist reveals a new layer to his character, challenging the idea of good and evil in the wild West. <br /><br /> In this gripping audiobook, Luke Short crafts a tale rich with tension and moral ambiguity. As listeners embark on this journey, they’ll discover the complexities of Coyle’s world and the price of survival in a lawless land. Can one man redefine his fate amidst chaos, or will he become the very monster everyone fears? <br /><br /> Hardcase explores timeless themes of redemption, loyalty, and the thin line between hero and villain. With each chapter, listeners will be drawn deeper into the mystery of Coyle's past and the choices that shape his future. Prepare for an adventure that keeps you guessing, as every encounter could be the turning point in Coyle's relentless pursuit of freedom, or his ultimate downfall.",Spreaker,en,https://d3wo5wojvuv7l.cloudfront.net/t_rss_itunes_square_1400/images.spreaker.com/original/5d99a13ea899f5012ace51582d419b72.jpg,2026-08-10 14:30:20,7986972,confirmed,https://www.spreaker.com/podcast/hardcase-the-legend-of-dave-coyle--7253379,1786372220,25c1f1bd2ab3622cfed5c29458468a01,,4,0,INDIVIDUAL
Dishing Dietetics,"Department of Dietetics at Minnesota State University, Mankato",https://feeds.transistor.fm/dishing-dietetics,To be added later.,Transistor,en,https://img.transistorcdn.com/PH9Ja_nX8CFxFAVAoU0EtI0WlA5QGgD4X68_Ji8biTQ/rs:fill:0:0:1/w:1400/h:1400/q:60/mb:500000/aHR0cHM6Ly9pbWct/dXBsb2FkLXByb2R1/Y3Rpb24udHJhbnNp/c3Rvci5mbS8zMmEy/M2VhNTgwNTE5OTg2/OWFjMDk1MjNlNWM2/ZTQxZi5wbmc.jpg,2026-08-10 14:29:31,7986969,confirmed,,1786372171,38ddb09261574d3b1ab88902fd103d18,,4,0,CORPORATE
What Nobody Notices – The Hidden Details of Everyday Life,Katie Trott,https://feeds.libsyn.com/627215/rss,"Every day, we pass through hundreds of moments without truly seeing them. A light left on in an empty room. The pause before someone answers a difficult question. The worn step on an old staircase. The way strangers avoid looking at one another in an elevator. The last piece of food left untouched on a shared plate.
These details may seem insignificant, yet they reveal something important about human behavior, memory, relationships, society, and the passage of time.
What Nobody Notices is a reflective podcast about the overlooked details hidden inside ordinary life. Each episode focuses on one small observation that most people rarely stop to consider. Through storytelling, psychology, history, culture, and gentle philosophical reflection, the podcast explores what these unnoticed details can teach us about who we are.
This is not a podcast about spectacular events or famous people. It is about the quiet evidence of life happening all around us—the objects we ignore, the habits we repeat, the emotions we hide, and the moments that disappear before anyone thinks to remember them.
The tone should be calm, thoughtful, intimate, slightly mysterious, and emotionally meaningful. Each episode should leave the listener noticing the world differently.",Libsyn,en,https://static.libsyn.com/p/assets/d/b/0/9/db093901cfda9916d959afa2a1bf1c87/Image.jpg,2026-08-10 14:27:13,7986963,confirmed,https://sites.libsyn.com/627215,1786372033,b30a102624127022e9cf344978bc5aa3,6798606209.0,2,0,INDIVIDUAL
Mind Over Mirror,Beth and Kirsty,https://rss.buzzsprout.com/2636244.rss,"Hosted by Beth and Kirsty, we have honest conversations about body image, fitness, mental health, confidence, relationships with food, motivation, comparison, and the chaos of trying to better yourself without completely losing your mind in the process.
This isn’t about perfection, six-packs, or pretending we’ve got life figured out. It’s about real talk from real women navigating growth, setbacks, self-doubt, gym anxiety, confidence dips, and everything in between.",Buzzsprout,en-gb,https://storage.buzzsprout.com/aldxi0n0g8p0jq3xvk2inp1y08sy?.jpg,2026-08-10 14:22:29,7986960,confirmed,https://podcasters.spotify.com/pod/show/kirsty068,1786371749,e292614ba6b96d74cee2c6f3f849ac56,,4,0,CORPORATE
The Best Subscription Trackers for 2026,Live news,https://www.spreaker.com/show/7253370/episodes/feed,"Managing subscriptions across software, streaming services, memberships, and business tools can become difficult, especially when recurring charges start adding up. In this episode, we look at the best subscription trackers available in Australia, including LemSubs, Bobby, Frollo, WeMoney, and Wallos. Learn how LemSubs helps Australian users track subscriptions in AUD without connecting a bank account, while also supporting multi-currency tracking and GST-aware exports. Whether you're a business owner, freelancer, marketer, or individual looking to keep recurring expenses organised, this guide can help you compare your options and choose a tracker that fits your needs.Read the full guide here: <a href=""https://lemsubs.com/best/subscription-tracker-australia"" target=""_blank"" rel=""noreferrer noopener"">https://lemsubs.com/best/subscription-tracker-australia</a>",Spreaker,en,https://d3wo5wojvuv7l.cloudfront.net/t_rss_itunes_square_1400/images.spreaker.com/original/558c2f5644942b1f31c5e255ddcc5951.jpg,2026-08-10 14:20:04,7986958,confirmed,https://www.spreaker.com/podcast/the-best-subscription-trackers-for-2026--7253370,1786371604,2434f674d2b656df3ca975efb12256ff,,4,0,INDIVIDUAL
Global Push with Pastor Ricky,Ricky Navarro,https://anchor.fm/s/4c3103fc/podcast/rss,This podcast is dedicated to helping you fulfill the Great Commission of Jesus Christ.,Anchor,en-us,https://d3t3ozftmdmh3i.cloudfront.net/production/podcast_uploaded_nologo/12682807/12682807-1647866023616-d318895d7c0e5.jpg,2026-08-10 14:19:54,7986957,confirmed,https://thehub.foursquare.org/Prod/LiderCuadrangular/Content/Distritos/Distrito_Hispano_Nacional.aspx,1786371594,e4712d2c9fca19d9bfb2f71a4bb2e3a7,1612192421.0,2,0,INDIVIDUAL
DUPLICATE: Grocery From Her Seat,Produced by Rachael Melot | Hosted by Kristin Popp,https://rss.buzzsprout.com/2636246.rss,"<p><b>Grocery From Her Seat</b><br>Welcome to ""Grocery From Her Seat,"" the WGA podcast offering a unique perspective on the independent grocery industry, as seen through the eyes of remarkable women who shape and lead.<br><br>Your host, Kristin Popp, President of WGA, will bring to light the inspiring stories, triumphs, and challenges of the women serving the industry of independent grocery.<br>Whether you're an aspiring entrepreneur, a young person considering the profession,  a woman making your mark in the grocery industry, an industry vendor or simply intrigued by the stories of powerful women, ""Grocery From Her Seat"" is where inspiration meets action.</p><p><br></p>",Buzzsprout,en-us,https://storage.buzzsprout.com/45n6rvvinnqx9vb0ncdhzkmncqe1?.jpg,2026-08-10 14:13:01,7986949,confirmed,https://www.nationalgrocers.org/foundation/women-grocers-of-america/wga-podcast/,1786371181,3f5f99e715806e9e5f7d7dce2ff6e7be,,4,0,CORPORATE
"Wait, You Get Paid For That?",Jacob Rodriguez,https://anchor.fm/s/115ceaa20/podcast/rss,"Wait, You Get Paid For That? is a podcast hosted by Jacob Rodriguez featuring honest conversations with people from all walks of life about the careers they've built, the lessons they've learned, and the stories behind their success.",Anchor,en,https://d3t3ozftmdmh3i.cloudfront.net/staging/podcast_uploaded_nologo/46508328/46508328-1786136015549-993988edc976d.jpg,2026-08-10 14:10:22,7986946,confirmed,https://podcasters.spotify.com/pod/show/jacob-rodriguez3,1786371022,b2ac453f0d46169a9197d0d5f0ef02c7,6799302852.0,2,0,INDIVIDUAL
The Huddle,Daryn Blackwell,https://www.spreaker.com/show/5828593/episodes/feed,Here at the huddle we talk about everything and anything under the sun. It is an open conversation about life and aboutt real world issue and situations. It is a fun outgoing interview with a different guest every week!,Spreaker,en,https://d3wo5wojvuv7l.cloudfront.net/images.spreaker.com/nuvolari-assets/blue_square_mic.jpg,2026-08-10 14:07:34,7986943,confirmed,https://www.spreaker.com/podcast/the-huddle--5828593,1786370854,867d4565e37cc3173286c64628a18b14,,4,0,INDIVIDUAL
The Next Precedent Podcast,Shoaib Laher and Mohamed Ebrahim Tayob,https://anchor.fm/s/115c6102c/podcast/rss,"The Next Precedent Podcast explores how artificial intelligence, legal technology, cybersecurity, and innovation are transforming the legal profession. Hosted by legal technology experts Shoaib Laher and Mohamed Ebrahim Tayob, each episode features practical discussions, expert interviews, and real-world insights for Managing Partners, lawyers, CIOs, IT Directors, Legal Operations professionals, and anyone looking to build a smarter, more secure, and more efficient law firm.",Anchor,en-za,https://d3t3ozftmdmh3i.cloudfront.net/staging/podcast_uploaded_nologo/46502691/46502691-1786055197611-b0b8413e9f0ba.jpg,2026-08-10 14:07:23,7986942,confirmed,https://linktr.ee/thenextpredecentpod,1786370843,e1dae8099a1b7bf9f618e9def4d41758,6799137942.0,2,0,CORPORATE
Bored Off Duty Doctors,Bored Off Duty Doctors,https://anchor.fm/s/11442dc58/podcast/rss,"Welcome to our podcast, where Ghanaian health professionals share real-life experiences of working in the Ghana health sector. From bustling urban hospitals to the most remote rural clinics, we explore the triumphs and challenges of healthcare delivery across the country. Join us as we discuss the realities of being on the frontlines, the diverse healthcare environments, and the impact we strive to make every day. Whether you’re an aspiring health worker, a student, or someone curious about the healthcare system in Ghana, this channel is for you.",Anchor,en,https://d3t3ozftmdmh3i.cloudfront.net/staging/podcast_uploaded_nologo/46248934/46248934-1782498443749-235faa7541763.jpg,2026-08-10 14:03:15,7986941,confirmed,https://podcasters.spotify.com/pod/show/boredoff-dutydoctors1,1786370595,ed063440a4f84c33c0c9e557ee07e7f1,6799657822.0,2,0,INDIVIDUAL
Cold Trail,Ossi Karhu,https://www.spreaker.com/show/7252283/episodes/feed,"Cold Trail follows the cases that time almost forgot. Each episode takes a real murder, disappearance, or unidentified body that went unsolved for years or decades, walking through the original crime, the long stretch of dead ends and silence, and the breakthrough that finally cracked it open—a DNA match, a genetic genealogy hit, a reopened file, a deathbed confession, or a single overlooked detail. With investigative rigor and deep human empathy, Maria reveals not just how cold cases get solved, but why some trails stay warm long after everyone stopped looking.",Spreaker,en,https://d3wo5wojvuv7l.cloudfront.net/t_rss_itunes_square_1400/images.spreaker.com/original/4c9035d079bbd6a2e008597c8c57e608.jpg,2026-08-10 14:01:36,7986940,confirmed,https://www.spreaker.com/podcast/cold-trail--7252283,1786370496,5ba04ff70ad14cae24dd6cdccc58043b,,4,0,INDIVIDUAL
The Frequency Field,Kaylee Jordan,https://anchor.fm/s/11501cadc/podcast/rss,"The Frequency Field is a collection of monthly release oracular audio transmissions — no tarot, no tools, just PURE energetic transmissions from what's moving through my field. 
Attuned to depth and the current of deep feminine truth. 
Welcome to the Field 🖤",Anchor,en,https://d3t3ozftmdmh3i.cloudfront.net/staging/podcast_uploaded_nologo/46374063/46374063-1784248879069-75fa674ad08b4.jpg,2026-08-10 14:00:17,7986939,confirmed,https://podcasters.spotify.com/pod/show/riza-harris,1786370417,21605bd43e174f85daf536b28529ee4f,6796359502.0,2,0,INDIVIDUAL
Will U Retire?,Will Hansen,https://rss.buzzsprout.com/2634868.rss,"<p>Hosted by Will Hansen, Executive Director of the Plan Sponsor Council of America, <em>Will You Retire?</em> is where the people running the plans tell it like it is.</p><p><br></p><p>Each episode, Will sits down with the HR professionals and plan sponsors actually in the trenches — managing retirement benefits for hundreds or thousands of employees, navigating the regulations, and making the tough calls. No scripts, no spin. Just honest conversation about what's working, what's hard, and what workplace retirement really looks like from the inside.</p><p><br></p><p>And every guest gets the question the show is named for: Will you retire?</p><p><br></p><p>Learn more at psca.org.</p>",Buzzsprout,en-us,https://storage.buzzsprout.com/0lrnlncl5pcu67psf72u9jpvo4fs?.jpg,2026-08-10 13:57:18,7986936,confirmed,,1786370238,baa54c6fc015f4c29e38630937172337,,0,0,INDIVIDUAL
Suddenly on the Spectrum,Cari de Scally,https://www.spreaker.com/show/7253208/episodes/feed,"Diagnosed late. Making sense of it out loud. A dad and daughter duo, both late-diagnosed, figuring out life on the spectrum.<br /><br />Join Wayne Turner and Cari de Scally as they navigate life after a late autism diagnosis – sometimes funny, sometimes serious, always honest.<br /><br />Our goal is to encourage, inform, and help others facing similar challenges.<br /><br />We share from our own experiences and personal perspectives. We might throw around big words and acronyms along the way – but this podcast isn’t here to offer a medical diagnosis, just real talk from people who’ve been there.<br /> ",Spreaker,en,https://d3wo5wojvuv7l.cloudfront.net/t_rss_itunes_square_1400/images.spreaker.com/original/b3217ceebb7a7161108a67aa0e4bd400.jpg,2026-08-10 13:57:13,7986935,confirmed,https://www.spreaker.com/podcast/suddenly-on-the-spectrum--7253208,1786370233,b586a0395b1b7f041ef172c931f28ffc,,4,0,INDIVIDUAL
The Daily Chuckle,Graphics Arts Solution,https://www.spreaker.com/show/7253275/episodes/feed,"Join us for a dose of humor as we share funny experiences, relatable moments, and comedic takes on everyday life.",Spreaker,en,https://d3wo5wojvuv7l.cloudfront.net/images.spreaker.com/nuvolari-assets/blue_square_mic.jpg,2026-08-10 13:51:58,7986933,confirmed,https://www.spreaker.com/podcast/the-daily-chuckle--7253275,1786369918,63e41736c59e3f390b4f341cef8f6da1,,4,0,INDIVIDUAL
OX Global Investments Monday Espresso Podcast,Marlborough,https://feeds.transistor.fm/ox-global-investments-monday-espresso-podcast,"The OX Global Investments Monday Espresso is your essential five-minute investment briefing, equipping you with everything you need to know for the week ahead. Marlborough's Multi-Asset Solutions Investment Team summarise market events over the past seven days and preview the key events in the week ahead, while also sharing their expert insights.",Transistor,en,https://img.transistorcdn.com/-Z4rUEqKyimMdnSoV4oV1Z9nc9Bf0gB9bmc-cQtnM1c/rs:fill:0:0:1/w:1400/h:1400/q:60/mb:500000/aHR0cHM6Ly9pbWct/dXBsb2FkLXByb2R1/Y3Rpb24udHJhbnNp/c3Rvci5mbS9iMWI3/MWMzYjQ2Nzc4NDlh/MDMyZGJhNjc5NjE5/NWYzNy5qcGc.jpg,2026-08-10 13:48:36,7986931,confirmed,,1786369716,e4d1d0acd7926f72699aa68becdf5c2d,,4,0,INDIVIDUAL
Dakdekker Oosterhout,Dakdekker Oosterhout,https://www.spreaker.com/show/7253269/episodes/feed,"Welkom bij de podcast van <b><a href=""https://dakdekkeroosterhout.net/"" target=""_blank"" rel=""noreferrer noopener"">Dakdekker Oosterhout</a></b> – dé plek voor praktische informatie, deskundige tips en heldere uitleg over alles wat met uw dak te maken heeft.Als lokaal dakdekkersbedrijf in Oosterhout delen we onze kennis over dakonderhoud, dakreparaties en dakrenovaties. Van het herkennen en oplossen van daklekkages tot het vervangen van dakgoten, het leggen van dakpannen, EPDM- en bitumendaken en het repareren van schoorstenen: in onze afleveringen bespreken we onderwerpen die huiseigenaren helpen hun dak veilig, sterk en duurzaam te houden.U ontdekt waar u op moet letten bij dakproblemen, wanneer onderhoud verstandig is en welke oplossingen geschikt zijn voor verschillende soorten daken. We leggen technische onderwerpen begrijpelijk uit en geven handige aandachtspunten waarmee u beter voorbereid bent op toekomstige dakwerkzaamheden.Heeft uw dak onderhoud nodig, wilt u een renovatie plannen of bent u benieuwd naar de mogelijkheden en kosten? Luister naar onze podcast voor praktische inzichten en bezoek <b><a href=""https://dakdekkeroosterhout.net/"" target=""_blank"" rel=""noreferrer noopener"">Dakdekker Oosterhout</a></b> voor meer informatie en een gratis, vrijblijvende offerte.Meer weten? Bezoek <a href=""https://dakdekkeroosterhout.net/"" target=""_blank"" rel=""noreferrer noopener""><b>https://dakdekkeroosterhout.net</b>/</a>.",Spreaker,en,https://d3wo5wojvuv7l.cloudfront.net/t_rss_itunes_square_1400/images.spreaker.com/original/ae42691e2dac552696f621f377a3dc11.jpg,2026-08-10 13:43:52,7986929,confirmed,https://dakdekkeroosterhout.net,1786369432,064a4df4e860e59b16a39cdbaecbb7c0,,4,0,INDIVIDUAL
Anxiety,Brooke,https://www.spreaker.com/show/7253297/episodes/feed,"Anxiety is a normal human emotion marked by worry, tension, and fear about the future. It causes physical signs like a fast heartbeat and tight muscles. While occasional anxiety helps protect us from danger, chronic or severe anxiety can disrupt daily life.",Spreaker,en,https://d3wo5wojvuv7l.cloudfront.net/images.spreaker.com/nuvolari-assets/yellow_square_mic.jpg,2026-08-10 13:43:02,7986928,confirmed,https://www.spreaker.com/podcast/anxiety--7253297,1786369382,899d8d73b040027e84413289de135640,,4,0,INDIVIDUAL
Rohan Adukia,Rohan Adukia,https://www.spreaker.com/show/6150853/episodes/feed,"<a href=""https://muckrack.com/Rohan-Adukia"" target=""_blank"" rel=""noreferrer noopener""><b>Rohan Adukia</b></a> is currently a student , studying at one of the best universities at King’s College London. He started to get involved with business at a young age of 15, and has since gained a lot of experience in management.",Spreaker,en,https://d3wo5wojvuv7l.cloudfront.net/t_rss_itunes_square_1400/images.spreaker.com/original/cc384d053f26427da16fd6fa39c0cd34.jpg,2026-08-10 13:37:28,7986923,confirmed,https://www.spreaker.com/podcast/rohan-adukia--6150853,1786369048,b0716bb4e3c4625e0c0022ab3ddfaff7,,4,0,INDIVIDUAL
The Anxiety,Goodness,https://www.spreaker.com/show/7253276/episodes/feed,"Anxiety is a natural emotion of fear, dread, and uneasiness. It causes physical signs like a fast heartbeat, sweating, and muscle tension. It is the body’s way of reacting to stress or a perceived threat, helping you stay alert or safe.",Spreaker,en,https://d3wo5wojvuv7l.cloudfront.net/images.spreaker.com/nuvolari-assets/green_square_mic.jpg,2026-08-10 13:33:06,7986922,confirmed,https://www.spreaker.com/podcast/the-anxiety--7253276,1786368786,5b54c317f7e1cb6f9c9f41ba216ec2f1,,4,0,INDIVIDUAL
Legacy vs Lust Podcast,SUHU,https://feeds.libsyn.com/619045/rss,"Welcome to the Legacy vs Lust Podcast, this show was created to offer vulnerable insights & information regarding sex, porn, love and other related compulsive sexual addictions as well as to provide accessible resources, community, and support to those struggling with or impacted by compulsive sexual behaviors. We hope that this podcast serves as a safe and open space to explore the taboo topic of human sexuality and help eradicate the shame, guilt, and misconceptions associated with sex addiction and recovery.",Libsyn,en,https://static.libsyn.com/p/assets/d/0/b/0/d0b041b79d3d8e1cd959afa2a1bf1c87/IMG_1651.png,2026-08-10 13:31:08,7986919,confirmed,https://sites.libsyn.com/619045,1786368668,fc21616236c80c1f8ca1b934fe6feb08,6799461732.0,2,0,CORPORATE
Buccaneers Breakdown Podcast,Buccaneers breakdown podcast,https://rss.buzzsprout.com/2126734.rss,"<p>We cover all things involving the Tampa Bay Buccaneers- stemming from free agency, the NFL draft, OTAs, rookie mini camp, training camp, pre-season, and the regular season. We also have another show called, “All Walks of Life,” where we have a guest, some drinks, and talk about the team we grew up routing for. Make sure you listen in, as conversations may become debatable and get testy at times. As this podcast show gains more viewers, we may become open to adding in debates from the public.</p>",Buzzsprout,en-us,https://storage.buzzsprout.com/pvyq4yvufc891tro8u6n2yf61v6b?.jpg,2026-08-10 13:30:32,7986918,confirmed,https://www.buzzsprout.com/2126734,1786368632,f8bb68b388e3bfe28dfca974194377c8,,4,0,INDIVIDUAL
Shocking Tales of Airbnb Life,Eliza Gale,https://feeds.libsyn.com/627245/rss,I stayed in many Airbnbs in the 7 years that I was a cyber-nomad. Listen to this podcast to hear tales of my weirdest experiences.,Libsyn,en,https://static.libsyn.com/p/assets/2/8/8/9/28898e2e0f9cfd65d959afa2a1bf1c87/Untitled_Project.jpg,2026-08-10 13:27:53,7986916,confirmed,https://sites.libsyn.com/627245,1786368473,4c942c343aedd0800963f944e0a83c54,6799614994.0,2,0,INDIVIDUAL
You Look Great Though,Melissa and Maggie,https://rss.buzzsprout.com/2636239.rss,"Chronic illness, autoimmune disease, grief, fear, and the strange feeling of living in a body that no longer feels like yours. Hosted by two girls figuring it out in real time, You Look Great Though dives into the messy middle - the symptoms that don't add up, appointments that leave you confused, grief for the life you imagined, and tiny moments that still make you laugh along the way. 
We will hear from people living with chronic and invisible illnesses as well as experts who can help us understand what's happening inside these complicated bodies - and where medicine is headed next.",Buzzsprout,en,https://storage.buzzsprout.com/nnef4z9suag1wlqgo054q0ly9om4?.jpg,2026-08-10 13:25:31,7986914,confirmed,https://podcasters.spotify.com/pod/show/melissa--maggie-betches8,1786368331,aa02656e9690dcd0201bb7c61200a745,,4,0,CORPORATE
Curiously Serious,Seriously Sally,https://anchor.fm/s/115d66bac/podcast/rss,"Ever wonder why life is the way it is? So do I. Welcome to Curiously Serious, where I follow the questions, stories, rabbit holes, and everyday moments that make me stop and go, “Wait… why?” One episode might be funny, the next surprisingly deep, and sometimes I’m just trying to figure out who decided something was normal in the first place. Nothing is too random to wonder about, and nothing is too serious to explore. I’m Seriously Sally, and around here, curiosity can take us anywhere. Until next time, stay curious, not furious.",Anchor,en-us,https://d3t3ozftmdmh3i.cloudfront.net/staging/podcast_uploaded_nologo/46513411/46513411-1786240472045-b7ccffe2f11b.jpg,2026-08-10 13:22:12,7986911,confirmed,https://podcasters.spotify.com/pod/show/curiouslyserious,1786368132,35635f185e32f07efba80fd6b28c56ea,6799724168.0,2,0,INDIVIDUAL
micro1 forum,micro1,https://anchor.fm/s/113a76264/podcast/rss,"Live conversations with technical leaders and researchers working on the data infrastructure behind frontier AI models, enterprise agents, and physical AI.",Anchor,en,https://d3t3ozftmdmh3i.cloudfront.net/staging/podcast_uploaded_nologo/46147041/46147041-1781252842918-d36dec9b96057.jpg,2026-08-10 13:15:23,7986905,confirmed,https://podcasters.spotify.com/pod/show/beatriz-barros2,1786367723,5f33d2131e076262aee2ec95322ee10c,6798885676.0,2,0,INDIVIDUAL
Soundcheck Sidequest,uninspiredtoday,https://anchor.fm/s/1148f3e40/podcast/rss,"Who doesn't love a sidequest? 
We're chatting music while hunting down your favourite local bands, and some from afar.",Anchor,en,https://d3t3ozftmdmh3i.cloudfront.net/staging/podcast_uploaded_nologo/46298992/46298992-1783242360357-b98b50ec17cf4.jpg,2026-08-10 13:13:48,7986903,confirmed,https://podcasters.spotify.com/pod/show/varian-kerr5,1786367628,72fece360ca6a1030cca3a2e5e18b55e,6799602268.0,2,0,INDIVIDUAL
OFF THE DIAL!! (Overtime),Jackson Serrano,https://www.spreaker.com/show/7252837/episodes/feed,"Join me while I chat with people that I know in my life, and listen as things get completely unhinged!",Spreaker,en,https://d3wo5wojvuv7l.cloudfront.net/t_rss_itunes_square_1400/images.spreaker.com/original/453fb51b5916c4a25b9f4dea7ed131cc.jpg,2026-08-10 13:11:32,7986901,confirmed,https://www.spreaker.com/podcast/off-the-dial-overtime--7252837,1786367492,49b52609e381a017934fe4ea96db9788,,4,0,INDIVIDUAL
Bag Sangen,bagsangen,https://feed.podbean.com/bagsangen/feed.xml,"<p><span style=""font-weight:400;"">Bag Sangen er en snakkepodcast om at synge. Alexander og Sebastian bruger hver episode på at navlepille sig igennem store og små spørgsmål om det at være sanger og alt det, som følger med den rolle.</span></p>",Podbean,en,https://pbcdn1.podbean.com/imglogo/image-logo/22532068/BS_1500x15006t8c6.jpg,2026-08-10 13:10:05,7986900,confirmed,https://bagsangen.podbean.com,1786367405,24c47fb22c95eef2e5a3566ab65ca7c2,6799671488.0,2,0,INDIVIDUAL
The Bird Roads,Tin Can Audio,https://feeds.libsyn.com/627010/rss,"A new post-apocalyptic series from Tin Can Audio, following a pilot searching for her lost lovers",Libsyn,en,https://static.libsyn.com/p/assets/f/0/c/d/f0cdacc7c083e486d959afa2a1bf1c87/Untitled_Artwork_2-20260804-n2zi85tm5u.jpg,2026-08-10 13:04:19,7986898,confirmed,https://sites.libsyn.com/627010,1786367059,939890e7d9a1f58ac26b1d19233be73f,6797815981.0,2,0,INDIVIDUAL
The Way Forward Live — with Neal Tricarico,Neal Tricarico,https://feeds.transistor.fm/the-way-forward-live-with-neal-tricarico,"You've been carrying something most people around you can't name.

The Way Forward Live — with Neal Tricarico is a live show for seekers who are done waiting for life to go back to normal. Weekly on YouTube — solo transmissions and modality conversations — Neal speaks directly to the weight you've been holding and the path forward that's still possible.

This is not a content show. It's a transmission. Every episode ends with one clear door in front of you.

New episodes every week. Subscribe on YouTube — or catch the audio here.",Transistor,en,https://img.transistorcdn.com/lgzcNBSdSeg1N7ZYTyvqkHuNNr8fXIp3uvsMPT7tD5Y/rs:fill:0:0:1/w:1400/h:1400/q:60/mb:500000/aHR0cHM6Ly9pbWct/dXBsb2FkLXByb2R1/Y3Rpb24udHJhbnNp/c3Rvci5mbS80NmI5/ODU4YWFkYmYwZmE3/ZThhMTlmOTk5N2Y3/ZjFlMi5wbmc.jpg,2026-08-10 13:03:27,7986897,confirmed,https://nealtricarico.com/,1786367007,ca930c8b9d35e5fa0394897c7e8c2f6f,,4,0,INDIVIDUAL
Off the Record with SBEMP,Off the Record with SBEMP,https://anchor.fm/s/115bc6aa4/podcast/rss,"Off the Record with SBEMP brings the law to life through candid conversations with experienced attorneys from Slovak Baron Empey Murphy & Pinkney, LLP (SBEMP). Each episode dives into a specific legal topic with an attorney who specializes in that area, breaking down complex issues in a way that's informative, relatable, and easy to understand.
From employment law and business matters to estate planning, personal injury, litigation, and beyond, our attorneys explore the legal topics that impact your everyday life, work, and business. Using real-world examples, current events, and newsworthy c",Anchor,en-us,https://d3t3ozftmdmh3i.cloudfront.net/staging/podcast_uploaded_nologo/46496369/46496369-1786145385674-bca170dcd48d.jpg,2026-08-10 12:55:49,7986891,confirmed,https://sbemp.com/,1786366549,43c55be78e5f16d357d4e571aae7ec8f,6798457304.0,2,0,CORPORATE
National Wireless Service news,national-wireless-service,https://www.spreaker.com/show/7253213/episodes/feed,The News of the day from the National Wireless Service,Spreaker,en,https://d3wo5wojvuv7l.cloudfront.net/t_rss_itunes_square_1400/images.spreaker.com/original/ca8ac030cd21d8d33c1f5d0b07374849.jpg,2026-08-10 12:55:20,7986890,confirmed,https://www.spreaker.com/podcast/national-wireless-service-news--7253213,1786366520,11279bcb1b71ac4282018e348dda6999,,4,0,CORPORATE
Odyssey-Ancient History,Odyssey-Ancient History,https://www.spreaker.com/show/7253216/episodes/feed,Odyssey is your journey into the world of Ancient History; from the dawn of Mesopotamia to the fall of Rome. We'll be bringing you only the best documentaries that journey into the mysteries and ruins of worlds long lost.,Spreaker,en,https://d3wo5wojvuv7l.cloudfront.net/t_rss_itunes_square_1400/images.spreaker.com/original/96d1ccc273bd72bcb52fedd6b301ecdb.jpg,2026-08-10 12:48:34,7986887,confirmed,https://www.spreaker.com/podcast/odyssey-ancient-history--7253216,1786366114,6dcd80138aab34333c767802cac5edbc,,4,0,INDIVIDUAL
Website Audit Tool for Smarter Website,Thomas Rich,https://www.spreaker.com/show/7253211/episodes/feed,"Discover how a website audit tool can help identify technical issues, monitor website performance, and support SEO and marketing teams. Explore LemWatch’s website tools for practical website checks and monitoring: <a href=""https://lemwatch.com/tools"" target=""_blank"" rel=""noreferrer noopener"">https://lemwatch.com/tools</a>",Spreaker,en,https://d3wo5wojvuv7l.cloudfront.net/t_rss_itunes_square_1400/images.spreaker.com/original/e373c6785e0db90a422fed29986275e3.jpg,2026-08-10 12:38:10,7986880,confirmed,https://www.spreaker.com/podcast/website-audit-tool-for-smarter-website--7253211,1786365490,a571df5fb674163805608b681bd640e3,,4,0,INDIVIDUAL
kenne amme,kenne,https://feeds.redcircle.com/252bdd35-5a68-4dc7-9df7-fc8d2cbfbf3f,"Kenne explores the latest in technology, from AI and software to gadgets and digital trends.
Tune in for practical insights, emerging innovations, and tech ideas shaping the future.",Spotify for Podcasters,en-US,https://media.redcircle.com/images/2026/8/10/11/08139f10-dc58-492d-b70f-9b4ae92cd406_untitled_design__11_.jpg,2026-08-10 12:34:05,7986877,confirmed,https://redcircle.com/shows/kenne-amme,1786365245,bfc404b28bfda2a7c8cf79229920a307,,4,0,INDIVIDUAL
Wisdom Gateway,Luke,https://www.spreaker.com/show/7253210/episodes/feed,"The phrase ""wisdom gateway"" means an entry point or opening where deep understanding, clarity, and insight begin. It describes a transition or passage from confusion or plain knowledge into a higher, more meaningful awareness of life.",Spreaker,en,https://d3wo5wojvuv7l.cloudfront.net/images.spreaker.com/nuvolari-assets/green_square_mic.jpg,2026-08-10 12:33:36,7986876,confirmed,https://www.spreaker.com/podcast/wisdom-gateway--7253210,1786365216,418b963bb8e7518e654b781fd0b5b959,,4,0,INDIVIDUAL
The Jarryd Senior Podcast,Jarryd Senior,https://anchor.fm/s/11356c804/podcast/rss,"The Jarryd Senior Podcast explores health, wealth, healing, business, relationships, creativity, and the psychology behind meaningful transformation.
Hosted by Jarryd Senior—entrepreneur, author, recording artist, Master NLP Practitioner, hypnotherapist, and father—this podcast features in-depth conversations with some of the world's leading minds in psychology, personal development, business, performance, parenting, and culture.
Drawing from a unique background spanning music, entrepreneurship, combat sports, personal development, and business, Jarryd explores what it really takes to build",Anchor,en,https://d3t3ozftmdmh3i.cloudfront.net/staging/podcast_uploaded_nologo/46094217/46094217-1780548265405-22a44c83b9a46.jpg,2026-08-10 12:27:11,7986873,confirmed,https://podcasters.spotify.com/pod/show/jarryd-senior,1786364831,f29e0bd491b7f681c6a3b45cca5bc022,1896882392.0,2,0,INDIVIDUAL
Engineers in Motion | Continuing Education and PDHs by LicensePoint Education,LicensePoint Education,https://anchor.fm/s/115d57e2c/podcast/rss,"How to Earn Your PDH Certificate: (1) Listen to any audio course episode on your commute or on the go. (2) Visit LicensePointEducation.com and enroll in the matching course module. (3) Complete the quick online reference check and quiz to download your official Certificate of Completion (or use the email certificate link later).
Fulfill Your Ethics PDH Requirement Anywhere: Commute, Walk, or Travel. Essential, state-board-compliant ethics continuing education designed for busy Professional Engineers (PEs).",Anchor,en,https://d3t3ozftmdmh3i.cloudfront.net/staging/podcast_uploaded_nologo/46512803/46512803-1786210339116-335526bc5d12a.jpg,2026-08-10 12:23:00,7986871,confirmed,https://www.licensepointeducation.com,1786364580,8cf6b0cbec4da8d529b775779ad206ce,6799502221.0,2,0,CORPORATE
Dead Curious,Dead Curious,https://www.spreaker.com/show/7253202/episodes/feed,"Dead Curious is a real-crime channel documenting the moments where danger, mystery, and human behaviour collide. From 911 calls, police dashcam footage, and crimes caught on camera to full true-crime stories, historical cases, and unexplained events, this channel takes you inside the cases that stay with you long after they end. Every video aims to show what happened, why it happened, and the hidden details most people miss.",Spreaker,en,https://d3wo5wojvuv7l.cloudfront.net/t_rss_itunes_square_1400/images.spreaker.com/original/052efb6bb75c5c7b12a2efda6026f684.jpg,2026-08-10 12:17:02,7986867,confirmed,https://www.spreaker.com/podcast/dead-curious--7253202,1786364222,5622225c9b0dcebe901b089db218d916,,4,0,INDIVIDUAL
Houston Regenerative Medicine,Houston Regenerative Medicine,https://feed.podbean.com/houstonregenerativemedicine/feed.xml,"Houston Regenerative Medicine
Healing without surgery, explained. The team at Houston Regenerative Medicine breaks down stem cell therapy, PRP, hormone replacement, and more — advanced, natural ways to ease joint pain and get back to the life you love. Plain language, honest answers, and real options beyond surgery and long-term medication.
Based in Houston, TX. Schedule a free consultation: (346) 550-7171.",Podbean,en,https://pbcdn1.podbean.com/imglogo/image-logo/22523327/Untitled_Logo_5_65l7k.png,2026-08-10 12:12:49,7986863,confirmed,https://houstonregenerativemedicine.podbean.com,1786363969,95262004de87a24079460c7bc314c264,6795551365.0,2,0,INDIVIDUAL
Secrets of life,Hafiz,https://www.spreaker.com/show/7253198/episodes/feed,"The ""secret of life"" is a phrase for the core meaning or purpose of existence.",Spreaker,en,https://d3wo5wojvuv7l.cloudfront.net/images.spreaker.com/nuvolari-assets/green_square_mic.jpg,2026-08-10 12:11:59,7986862,confirmed,https://www.spreaker.com/podcast/secrets-of-life--7253198,1786363919,6336b8bfa6121c7a1e77bb88a1dd9fa9,,4,0,INDIVIDUAL
What That Podcast Do,What That Podcast Do,https://anchor.fm/s/115d60d88/podcast/rss,"We’re Dariann and Jason, and this podcast is basically us talking about life, relationships, random things we overthink, and all the stuff people usually don’t say out loud. Some conversations are funny, some get a little deep, and sometimes we probably say way too much. We’ll share stories, debate girl logic versus guy logic, give our honest opinions, and try to help with listener problems. We don’t always agree, but that’s what makes it fun.",Anchor,en-us,https://d3t3ozftmdmh3i.cloudfront.net/staging/podcast_uploaded_nologo/46513170/46513170-1786215167767-673e8e0e6dd65.jpg,2026-08-10 11:47:35,7986854,confirmed,https://podcasters.spotify.com/pod/show/what-that-podcast-do5,1786362455,5238ac73dbd8416e7b1898d80c060481,6799504141.0,2,0,INDIVIDUAL
LumiFlix | Stream Movies,lumiflix life,https://www.spreaker.com/show/7253000/episodes/feed,"Explore the latest movies, trending TV shows, and timeless classics on <b><a href=""https://lumiflix.life/"" target=""_blank"" rel=""noreferrer noopener"">LumiFlix movie</a></b> Find action, comedy, drama, horror, and more in one place",Spreaker,en,https://d3wo5wojvuv7l.cloudfront.net/t_rss_itunes_square_1400/images.spreaker.com/original/59c5e3ffa41c956abe4814dbc997e195.jpg,2026-08-10 11:47:34,7986853,confirmed,https://www.spreaker.com/podcast/lumiflix-stream-movies--7253000,1786362454,f47c602b58436e002093be7aeee12b32,,4,0,INDIVIDUAL
First Milk In-Tents Talks,First Milk,https://rss.buzzsprout.com/2634841.rss,"<p><b>Welcome to In-Tents Talks</b>, the podcast from British farmer-owned dairy co-operative First Milk. </p><p><br></p><p>Recorded on farms, in fields and at events across the UK, <em>In-Tents Talks</em> brings together the people shaping the future of regenerative dairy farming. From farmers and scientists to customers, partners and industry experts, each episode explores the ideas, evidence and partnerships helping build more resilient farming businesses and food systems.</p><p><br></p><p>These are honest conversations about the challenges facing agriculture today - and the practical solutions already being put into action. We'll explore everything from soil health, biodiversity and animal welfare to carbon, water, supply chains and the economics of farming, sharing what's working, what we're learning and where the biggest opportunities lie.</p><p><br></p><p>Whether you're a farmer, adviser, customer or simply interested in the future of food, subscribe to hear conversations from the field that go beyond the headlines - and discover how regenerative dairy is helping shape a more resilient future for farming and food.</p>",Buzzsprout,en-gb,https://storage.buzzsprout.com/prowqre4kti5jq38ahnmaf81ihau?.jpg,2026-08-10 11:46:11,7986852,confirmed,https://www.buzzsprout.com/2634841,1786362371,76f9b50583c29f6ece858bb5765efb38,,0,0,INDIVIDUAL
The Fully Funded Shliach,Avi Kurtach,https://anchor.fm/s/115534d44/podcast/rss,"So the big question is this: How are shluchim like us, who were given the mission to find and be mekarev every single Yid, whatever it takes, but were given no training, no funding, and no support, supposed to raise the money we need to do the job we were sent to do?
Every week, Avi Kurtach, founder of DAAS Nonprofit Solutions, and Rabbi Yisroel Brod, founder of Shliyach Lehazliyach, break down what it takes to get a Chabad House fully funded.
No theory, no fluff, and no pretending. You'll hear what works, what failed, and the honest conversations shluchim don't usually have about money.",Anchor,en-us,https://d3t3ozftmdmh3i.cloudfront.net/staging/podcast_uploaded_nologo/46427481/46427481-1785841691436-2aadf248d73af.jpg,2026-08-10 11:45:32,7986851,confirmed,https://daasnonprofitsolutions.com,1786362332,7af9b2917ea8be6b37296b1d9e75d194,,0,0,INDIVIDUAL
"It’s Still Real to Me, Dammit! A kayfABE Wrestling Podcast",Abe Kanan,https://anchor.fm/s/115d1a9b4/podcast/rss,A wrestling podcast hosted by Abe Kanan.,Anchor,en,https://d3t3ozftmdmh3i.cloudfront.net/staging/podcast_uploaded_nologo/46510293/46510293-1786207193699-120cbd4a50a01.jpg,2026-08-10 11:44:43,7986850,confirmed,https://podcasters.spotify.com/pod/show/abe-kanan,1786362283,ba74bd656654576dab9d5a72019ea2c6,6799551052.0,2,0,INDIVIDUAL
Blue Chip Strong,Gene Dougherty,https://rss.buzzsprout.com/2634809.rss,<p>The Total Athlete Podcast.  Youth coaches talk about athletic development.</p>,Buzzsprout,en-us,https://storage.buzzsprout.com/iu86sql2fggbhvqit77h82pskcjc?.jpg,2026-08-10 11:42:04,7986849,confirmed,,1786362124,8982447b3281446f0492dac36f139f2f,,0,0,INDIVIDUAL
Poo Force Dog Poop Clean Up,Poo Force Dog Poop Clean Up,https://anchor.fm/s/10f91ae00/podcast/rss,"Poo Force is a local, family-owned dog waste removal company serving Minneapolis, St. Paul, and surrounding suburbs. What started as two brothers with a bucket and a rake has grown into the most trusted pooper scooper team in Minnesota, with over 2,000 yards cleaned for happy pet owners who love their dogs — just not the mess.",Anchor,en,https://d3t3ozftmdmh3i.cloudfront.net/staging/podcast_uploaded_nologo/45461728/45461728-1772186909744-572b052174031.jpg,2026-08-10 11:32:32,7986846,confirmed,https://www.pooforce.com/,1786361552,0c23ca29201c81233c3566c990914d0a,,0,0,INDIVIDUAL
True Crime Footnotes,True Crime Footnotes,https://www.spreaker.com/show/7252967/episodes/feed,"Welcome to True Crime Footnotes, a true crime channel dedicated to the details others overlook. Each case is explored with care, context, and clarity—diving beyond headlines to uncover timelines, evidence, courtroom developments, witness statements, and the lesser-known facts that shape real criminal cases. From cold cases and unsolved mysteries to documented convictions and wrongful accusations, every story is researched, structured, and presented with respect for the victims and the truth.",Spreaker,en,https://d3wo5wojvuv7l.cloudfront.net/t_rss_itunes_square_1400/images.spreaker.com/original/0b2f19084e0d5a8d40d58ef0d0a06cc4.jpg,2026-08-10 11:32:18,7986845,confirmed,https://www.spreaker.com/podcast/true-crime-footnotes--7252967,1786361538,b74d70d2a39699cc24d0087a25fffffd,,4,0,INDIVIDUAL
2026 Polishing the Pulpit Sevierville Women,Polishing the Pulpit,https://feeds.captivate.fm/2026ptpseviervillewomen/,"PTP is an annual event associated with churches of Christ. It is held each summer in Branson and each fall in the Smoky Mountains. Over 5,000 people from all over the U.S. and many nations attend. The focus is on worshipping God, edifying His children, and educating/training His workers. It is an opportunity for preachers, elders, deacons, Bible class teachers, and members to continue their education.
The lessons on this particular channel are from PTP 2026 Sevierville Women. 
You can hear these lessons and others from past PTPs, Marriage Retreats, Sparks, and more by subscribing to PTP 365 at https://365.polishingthepulpit.com.   ",Captivate,en,https://artwork.captivate.fm/3c0e5041-d4c5-490e-b497-b46c7af0b8dc/PTP-2026-Sevierville-Podcast-Women.jpg,2026-08-10 11:31:21,7986844,confirmed,https://2026ptpseviervillewomen.captivate.fm,1786361481,4e5c61d14255049219a5307e065fda1d,,4,0,INDIVIDUAL
13 Days of Silence: Living in The After,Teri Lyn,https://anchor.fm/s/115ce7c08/podcast/rss,"13 Days of Silence: Living in the After is about what happens after the moment that changes everything. Death. Divorce. Addiction. Recovery. Trauma. Abuse. Illness. Betrayal. Reinvention. Starting over. We talk about who you were before, what happened when life changed, and the part people often stop asking about: what comes next? These are honest conversations about loss, survival, resilience, identity, family, purpose, and rebuilding a life you may never have expected. Every story is different. Life goes on. This is Living in the After.Lif",Anchor,en,https://d3t3ozftmdmh3i.cloudfront.net/staging/podcast_uploaded_nologo/46508210/46508210-1786134544716-f7bcbcc6edfa.jpg,2026-08-10 11:19:01,7986832,confirmed,https://podcasters.spotify.com/pod/show/teri97,1786360741,3af6ea287c8054e3470647e991b648a2,6799578088.0,2,0,INDIVIDUAL
Clay Commons,Eva Masterman,https://rss.buzzsprout.com/1833115.rss,"<p>A podcast about community ceramics and clay as a force for good. Clay Commons is a six-part podcast hosted by artist and educator Eva Masterman, co-produced by AiAi Studios. Each episode presents conversations with teachers, artists, activists and community leaders, all using clay as a tool to build community. Focusing on the UK and America, Clay Commons explores the rise of a diverse movement of community ceramic practices, and investigates how clay can play a central role in creating alternative solutions to arts education and new systems of value in society.</p>",Buzzsprout,en-gb,https://storage.buzzsprout.com/xht7snylpc1mq9nmc0ourjqew21w?.jpg,2026-08-10 11:18:54,7986831,confirmed,https://www.buzzsprout.com/1833115,1786360734,62c10875984d6ca1e63dff53f41bb443,,4,0,INDIVIDUAL
"Wheels Up, Windows Down","Wheels Up, Windows Down",https://anchor.fm/s/115c5b3fc/podcast/rss,"Wheels Up, Windows Down is a travel storytelling podcast hosted by Ric Wayland and Jennifer Do. Each episode explores the funny, frustrating, surprising, and occasionally wonderful moments that happen between leaving home and finally getting back.
From airports and road trips to missed connections, questionable hotels, unexpected detours, and destinations worth the trouble, Ric and Jennifer share the stories that rarely make it into the travel brochure.
Because the best travel stories rarely go according to plan.",Anchor,en,https://d3t3ozftmdmh3i.cloudfront.net/staging/podcast_uploaded_nologo/46502455/46502455-1786218648006-37154baf74988.jpg,2026-08-10 11:11:43,7986829,confirmed,https://podcasters.spotify.com/pod/show/ric-wayland5,1786360303,e75cd2996fa9ecea693fb43c568dd18d,6799513142.0,2,0,INDIVIDUAL
Merritt Island Foot And Ankle,Merritt Island Foot And Ankle,https://www.spreaker.com/show/7252704/episodes/feed,"<b><a href=""https://www.brevardfootdoctor.com/"" target=""_blank"" rel=""noreferrer noopener"">Merritt Island Foot and Ankle</a></b> provides expert care for foot and ankle conditions using advanced treatment options. Our experienced specialists focus on accurate diagnosis, personalized care, and faster recovery, helping patients reduce pain, restore mobility, and return to daily activities comfortably and confidently.",Spreaker,en,https://d3wo5wojvuv7l.cloudfront.net/t_rss_itunes_square_1400/images.spreaker.com/original/95f154d839ef6b6532c3d1d8e3a87dbb.jpg,2026-08-10 11:06:34,7986824,confirmed,https://www.spreaker.com/podcast/merritt-island-foot-and-ankle--7252704,1786359994,27bbdc5ac4f3a38342d6909555596bd5,,4,0,CORPORATE
Unlock Your World,The Authority Company,https://www.spreaker.com/show/7245714/episodes/feed,"Most leaders think culture is a soft idea.<br /><br />Unlock Your World with Ruthann Peace Brown shows how it drives performance, and why the best teams do serious work without losing their humanity.<br /><br />Ruthann helps senior leaders build teams where people thrive and results follow, translating compassion, accountability, and communication into practical, repeatable systems. She also brings something many leadership conversations miss, real moments, honest conversations, and yes, laughter, because teams perform better when people feel like they can actually be themselves.<br /><br />Drawing from real operational leadership experience, she breaks down how communication, accountability, and emotional safety shape how teams perform, not in theory, but in the day to day reality of leading people.<br /><br />Each episode turns big ideas about culture into clear systems leaders can apply inside their organizations, with strategies to improve communication across teams, build trust without lowering standards, turn culture into measurable performance, break down silos, and create environments where people and results improve together.<br /><br />This is leadership that works in real life, where pressure exists, challenges show up, and people still find ways to connect, grow, and enjoy the work.<br /><br />This is not theory. This is how culture drives outcomes.",Spreaker,en,https://d3wo5wojvuv7l.cloudfront.net/t_rss_itunes_square_1400/images.spreaker.com/original/0e1858369f582a8127443a5aab42ef48.jpg,2026-08-10 11:05:34,7986823,confirmed,https://www.spreaker.com/podcast/unlock-your-world--7245714,1786359934,ce286e1deb2d31ec3aa206a974f37c8b,,4,0,CORPORATE
Rice Purity Test in the Digital Age: From Quiz to Social Trend,alex12987,https://rss.buzzsprout.com/2636210.rss,"<p> The Rice Purity Test has moved far beyond its college origins and become a recognizable digital trend. This episode explores how online quizzes, smartphones, social media, and score sharing helped keep the 100-question test popular. Learn why people post their results, what makes the format so shareable, and how to enjoy the trend while keeping personal answers and boundaries private. </p>",Buzzsprout,en-us,https://storage.buzzsprout.com/jcb5sdxqw48sdnwg9d08v0it4ol8?.jpg,2026-08-10 11:02:13,7986821,confirmed,,1786359733,19eff717f6d8db6a8e39b33da6f55ff9,,4,0,INDIVIDUAL
The Ministry Mentoring Podcast,Brown Trail School of Preaching,https://feeds.captivate.fm/ministry-mentoring/,"We want to encourage preachers every week, helping you start strong, keep going, and keep growing. This podcast is hosted by the Brown Trail School of Preaching in Bedford, Texas, featuring Kevin Rhodes, Neil Stidolph, and Caleb Griffith. We provide over four decades of ministry experience and education, with multigenerational perspectives on preaching, local churches, spiritual formation, evangelism, and more.",Captivate,en,https://artwork.captivate.fm/939bc7d3-e98e-40e0-aaf5-24476ccdc9d7/Ministry-Mentoring-1500-x-1500.png,2026-08-10 11:01:24,7986820,confirmed,https://browntrailschoolofpreaching.com,1786359684,b58502d6d2e89fc0f8219d24fd6816bf,,4,0,CORPORATE
Teaching the Faith in Order,Systematic Studies,https://anchor.fm/s/114b47214/podcast/rss,"Teaching the Faith in Order, Systematic Theology
Source Information
This podcast republishes and organizes a systematic theology teaching series to make it easier for listeners to study in an audio podcast format. All teaching remains the work of the original presenter.",Anchor,en-us,https://d3t3ozftmdmh3i.cloudfront.net/staging/podcast_uploaded_nologo/46323373/46323373-1783557587045-fe66c9873e654.jpg,2026-08-10 11:00:30,7986819,confirmed,https://podcasters.spotify.com/pod/show/grace-church-messages2,1786359630,f26ac2b307f690c11cfc480324cbb1c6,6792534456.0,2,0,INDIVIDUAL
The Business Playbook,George,https://www.spreaker.com/show/7252406/episodes/feed,"Your guide to mastering business fundamentals, from marketing and sales to operations, finance, and customer experience.",Spreaker,en,https://d3wo5wojvuv7l.cloudfront.net/images.spreaker.com/nuvolari-assets/green_square_mic.jpg,2026-08-10 10:55:12,7986815,confirmed,https://www.spreaker.com/podcast/the-business-playbook--7252406,1786359312,cbaaf42896de1155f6acc5bc9a751307,,4,0,INDIVIDUAL
Steppenwolf: A Journey Between Two Worlds,Hermann Hesse,https://www.spreaker.com/show/7252638/episodes/feed,"Harry Haller believes he is at war with himself, caught between his bourgeois existence and the wild spirit of the steppenwolf that howls within. This struggle drives him deeper into a surreal exploration of identity, society, and the search for meaning. As he navigates through vibrant dance halls and shadowy corridors of alternate realities, Harry encounters a cast of intriguing characters—each offering a reflection of his inner turmoil and a glimpse into the duality of human nature. <br /><br /> In this thought-provoking journey, Hermann Hesse masterfully delves into themes of existentialism, the conflict between individuality and conformity, and the quest for self-discovery. Listeners will find themselves questioning their own lives as Harry grapples with despair, madness, and ultimately, the possibility of redemption. What does it mean to live authentically in a world that demands conformity? How can one reconcile the instinctual with the intellectual? <br /><br /> 'Steppenwolf' invites you to join Harry on his quest, where every twist and turn reveals deeper layers of his psyche. This audiobook stands as a literary classic, provoking profound thoughts on the nature of existence and the complexities of the human soul. Prepare to be challenged, intrigued, and moved as you dive into this unforgettable exploration of the self.",Spreaker,en,https://d3wo5wojvuv7l.cloudfront.net/t_rss_itunes_square_1400/images.spreaker.com/original/8305916172c5080f0b171be642c65922.jpg,2026-08-10 10:53:21,7986814,confirmed,https://www.spreaker.com/podcast/steppenwolf-a-journey-between-two-worlds--7252638,1786359201,03aeb5539eb58710f10e8e1687d42c75,,4,0,INDIVIDUAL
Cx1DJs We Do Things Different Podcast,Eugene Jones,https://feeds.acast.com/public/shows/6a77ab05769f96ab4506ef37,"We will showcase and highlight underground artists, musicians, DJs, actors, athletes, authors, singers, fashion, news, sports, politics and ordinary people with a voice. We will also cover events, live performances, documentaries, movies, reality shows, tournaments, live streams and more. We do a live stream from Sunday to Thursday titled ""Cx1DJs Untold Stories"" original series. We have been in the music industry for over 35 years and have networked with many major labels, major artists and movers and shakers in the industry. We are not new to this, we are true to this. We give a uncut story but still classy and professional. We gives flowers and we pay homage and respect to some of the biggest stars in the industry by keeping it comical and enjoyable. This podcast will be hosted by celebrity DJ, Djbutterrock, the CEO of Cx1DJs Coalition LLC. <hr><p style='color:grey; font-size:0.75em;'> Hosted on Acast. See <a style='color:grey;' target='_blank' rel='noopener noreferrer' href='https://acast.com/privacy'>acast.com/privacy</a> for more information.</p>",Acast,en,https://assets.pippa.io/shows/cover/1786226825371-7d496db1-3ba6-4a16-93b7-7ff2ca84d2f7.jpeg,2026-08-10 10:47:41,7986813,confirmed,https://feeds.acast.com/public/shows/cx1djs-we-do-things-different-podcast,1786358861,6aee6e0601577149fc68db07d0788d26,6799539300.0,2,0,INDIVIDUAL
The Resident Wild,Kim Ellis and Neri Karazija,https://feeds.acast.com/public/shows/6a71e6e32031aa1a284635e5,"The Resident Wild Podcast explores the deeper connection between humans and dogs—beyond surface-level behaviour and into understanding, energy, and instinct. Hosted by Neri of Dog Whispering in Australia and Kim of The Wolf and Dog Development Centre in the UK, we come together as a team to share our combined experience, perspectives, and passion for helping dogs and their humans find balance looking through the lens of the wolf.<hr><p style='color:grey; font-size:0.75em;'> Hosted on Acast. See <a style='color:grey;' target='_blank' rel='noopener noreferrer' href='https://acast.com/privacy'>acast.com/privacy</a> for more information.</p>",Acast,en,https://assets.pippa.io/shows/6a71e6e32031aa1a284635e5/show-cover.jpg,2026-08-10 10:47:38,7986812,confirmed,https://podcasters.spotify.com/pod/show/neri-karazija,1786358858,76953bbaf56c3affe6179abd5b342233,,0,0,CORPORATE
The Gypsy Shawl: A Tale of Adventure,Roy J. Snell,https://www.spreaker.com/show/7252472/episodes/feed,"When a mysterious gypsy shawl disappears from a traveling circus, young adventurer Tom finds himself embroiled in a thrilling chase filled with secrets, danger, and unexpected allies. As Tom delves deeper into the world of street performers and hidden treasures, he uncovers a tangled web of deception that could change everything he knows about loyalty and friendship. With time running out, he must navigate the shadowy underbelly of the circus while racing against a cunning rival who will stop at nothing to claim the shawl for himself.<br /><br /> In ""Gypsy Shawl,"" author Roy J. Snell crafts a gripping tale that explores themes of trust, courage, and the lengths one will go to protect the ones they love. Each twist and turn reveals not just the stakes of the chase but the rich tapestry of lives intertwined by fate. Listeners will experience the thrill of the hunt, the heart-pounding moments of danger, and the moments of camaraderie that come from shared challenges.<br /><br /> Join Tom on this unforgettable journey where each clue leads him closer to the truth, yet further into peril. With captivating characters and relentless action, this audiobook promises to pull you in from the first word and keep you guessing until the very end. Perfect for fans of adventure and mystery, ""Gypsy Shawl"" is a tale that will resonate long after the final chapter.",Spreaker,en,https://d3wo5wojvuv7l.cloudfront.net/t_rss_itunes_square_1400/images.spreaker.com/original/838a86fd50310e608a0c3cdefe1560d9.jpg,2026-08-10 10:42:44,7986808,confirmed,https://www.spreaker.com/podcast/the-gypsy-shawl-a-tale-of-adventure--7252472,1786358564,ba282a6ec124f988c57a6971e4fb964b,,4,0,INDIVIDUAL
Murder in the Masai Mara,Louisa Wells,https://feeds.acast.com/public/shows/6a79a980446de273c0d54833,"<p>When Julie Ward vanishes mysteriously in the Masai Mara in 1988, her father begins a hunt for answers that stretches from a safari lodge in Kenya to MI6’s headquarters in London. </p><br><p>Nearly four decades on, The Telegraph Deputy Investigations Editor Katherine Rushton pours over classified documents, interviews the people tangled in the case, and travels to Kenya to try to understand who tried to stop her murder being solved.</p><br><p>What happened to Julie Ward, why did the Kenyan authorities try to cover it up, and why were MI6 agents involved?</p><p><br></p><hr><p style='color:grey; font-size:0.75em;'> Hosted on Acast. See <a style='color:grey;' target='_blank' rel='noopener noreferrer' href='https://acast.com/privacy'>acast.com/privacy</a> for more information.</p>",Acast,en,https://assets.pippa.io/shows/cover/1786358113483-7076a8cd-6c19-4516-9da9-b48a6dc85e63.jpeg,2026-08-10 10:39:41,7986807,confirmed,https://feeds.acast.com/public/shows/murder-in-the-masai-mara,1786358381,8a1af12559699b01be6faf1970c163f0,,0,0,INDIVIDUAL
Wild And Well Healing,Laura and Glen,https://anchor.fm/s/10e7872b0/podcast/rss,"Laura and Glen share their wisdom, knowledge and guidance on living a meaningful, healthy and connected life. 💚 They both healed years of chronic illnesses using whole foods as medicine and are passionate about sharing the details. They have also spent years meditating, contemplating and exploring the mysteries of life. Laura is a yoga teacher, human design reader and host of crystal bowl sound baths and ecstatic dances. Glen is a massage therapist and musician. Together they mentor and teach people how to heal with whole foods, and host spaces for reconnection to the land and each other. Recently Laura and Glen moved from the city to the country to grow their food, build cabins and host workshops and retreats. They can't wait to share their stories and perspectives with you on how to live a courageous, authentic, and vibrantly healthy life! 
Connect for services and collaborations at hello@wildandwellhealing.com ⭐️ Based in Nova Scotia, Canada.",Anchor,en,https://d3t3ozftmdmh3i.cloudfront.net/staging/podcast_uploaded_nologo/45277420/45277420-1783688044924-1594098c83533.jpg,2026-08-10 10:38:35,7986806,confirmed,https://podcasters.spotify.com/pod/show/laura-aitken,1786358315,9c681aebce705e808404e5f9fa63c52f,6792008127.0,2,0,CORPORATE
Sleep Kids,Sleep kids,https://www.spreaker.com/show/7252290/episodes/feed,"Make bedtime magical with Koala Moon – Bedtime Stories. Loved by parents, trusted by educators, and recommended by sleep experts, Koala Moon offers calming bedtime stories, soothing sleep meditations, and gentle sleep sounds to help children relax and drift off with ease. With over 500 original bedtime stories for kids, Koala Moon supports emotional well-being, reduces anxiety, and builds healthy sleep habits the whole family can rely on. Why Parents Love Koala Moon: ⭐ “Since discovering Koala Moon, bedtime has been completely transformed! My little one drifts off so much faster” ⭐ “The stories are magical & the voices are soothing.” 💤 Original bedtime stories, sleep meditations and calm music 👩🏾‍🦱 Read aloud by Abbe Opher 🎙️ Expert-approved and parent-recommended 🚫 No mid-roll ads & kid-safe 🏆 British Podcast Awards 2024 (Silver - Best Kids Show) 🤝 British Podcast Awards 2024 (Finalist - Best Kids Network)",Spreaker,en,https://d3wo5wojvuv7l.cloudfront.net/t_rss_itunes_square_1400/images.spreaker.com/original/f381c08e35313987538f0e07f72dd3cc.jpg,2026-08-10 10:38:09,7986805,confirmed,https://www.spreaker.com/podcast/sleep-kids--7252290,1786358289,397f83eb3643846f12449706bd4c1309,,4,0,INDIVIDUAL
Religion For Breakfast,Religion For,https://www.spreaker.com/show/7252288/episodes/feed,"Welcome to Bible Stories, a channel dedicated to sharing inspiring, powerful, and timeless stories from the Holy Bible. Here, you will discover the lives of great biblical characters, important events, mysteries, lessons of faith, and stories that continue to inspire millions of people around the world.<br /><br />Join us on this journey through the Word of God and discover the incredible stories and teachings found in the Bible.",Spreaker,en,https://d3wo5wojvuv7l.cloudfront.net/t_rss_itunes_square_1400/images.spreaker.com/original/1a5b5dbe8b7dac94fa993587673f5c1a.jpg,2026-08-10 10:37:24,7986803,confirmed,https://www.spreaker.com/podcast/religion-for-breakfast--7252288,1786358244,bb17817e272ad44eeb8736fb5f0b3d3a,,4,0,INDIVIDUAL
Soul to Self™ The Inner Compass,Victoria Browne,https://feeds.captivate.fm/soul-to-self/,"<p>Are you a spiritual entrepreneur navigating the ups and downs of business and life? You’re in the right place! This podcast blends soulful wisdom with real-world strategy, helping holistic business owners, healers, and coaches align with their purpose, grow with confidence, and create success on their terms.</p><p>Join me for deep, authentic conversations with inspiring guests—spiritual entrepreneurs, mindset experts, and business mentors—alongside solo episodes packed with practical guidance, intuitive insights, and mindset shifts. We’ll dive into topics like overcoming self-doubt, balancing spirituality and strategy, trusting your intuition, and creating abundance while staying aligned.</p><p>Whether you're feeling stuck, seeking clarity, or ready to elevate your impact, this podcast will help you reconnect with your soul, master your mindset, and step into your highest potential.</p><p>Hit subscribe, and let’s start the journey together.</p>",Captivate,en,https://artwork.captivate.fm/c71f4a0f-b7c2-48b5-a0ae-b39475ba123b/frijuqaf168pkdq3fx7c18oy2zfy.jpg,2026-08-10 10:35:15,7986797,confirmed,http://www.soultoself.co.uk,1786358115,46c2a18333dd604f10a90854eff1d1ff,,4,0,INDIVIDUAL
Brandon James show Christian music,Brandon Schmidt,https://www.spreaker.com/show/7251156/episodes/feed,Brandon James show Christian music,Spreaker,en,https://d3wo5wojvuv7l.cloudfront.net/t_rss_itunes_square_1400/images.spreaker.com/original/1baf7ee4330be0c7a78c08d78339f738.jpg,2026-08-10 10:34:35,7986796,confirmed,https://www.spreaker.com/podcast/brandon-james-show-christian-music--7251156,1786358075,dbaafdf0f7b7133c7c0342120a944e18,,4,0,CORPORATE
Getting Heard: The Daily Pod Shot,Lynsay Gould,https://feeds.captivate.fm/getting-heard-the-daily/,"Getting Heard: The Daily Pod Shot is a five minute episode every weekday that feels like a voice note from a friend, built to grow your business through trust, connection, and conversion. Hosted by podcast agency founder Lynsay Gould. New episode daily. Follow @lynsaymakeswaves on Instagram, TikTok and YouTube.",Captivate,en,https://artwork.captivate.fm/9fc63c15-e91f-498a-9088-b0cc3eb6c56f/Subtitle-5.jpg,2026-08-10 10:31:10,7986794,confirmed,https://getting-heard-the-daily.captivate.fm,1786357870,f7b4b9045244f0678ac5309337685cf5,,0,0,INDIVIDUAL
KJD Online,KJD Online,https://rss.buzzsprout.com/2636196.rss,<p>Breaking News</p>,Buzzsprout,en-us,https://storage.buzzsprout.com/uehpc0lploc1aa3aynkruyxdj0fy?.jpg,2026-08-10 10:27:28,7986793,confirmed,https://www.buzzsprout.com/2636196,1786357648,bfb23995b728c9703cc206ceb5b74a56,,0,0,INDIVIDUAL
Inconvenient Truths,Granger Reiss,https://feeds.transistor.fm/inconvenient-truths-644dcb33-cb87-473c-bf84-27b269701f09,"Inconvenient Truths is the podcast from Granger Reis,examining the realities shaping complex industries.

Each episode takes on a different system-level challenge, from circular economy and sustainability, to construction, mining, infrastructure, data centres, and beyond, where ambition routinely collides with operational, financial, political, or human constraints.

This is not a thought leadership series designed to affirm what the market already agrees with, nor is it a catalogue of neat solutions or success stories. Instead, the podcast is built around a central belief: Progress in complex systems does not come from eliminating challenges, but from credible pathways through unavoidable trade-offs.",Transistor,en,https://img.transistorcdn.com/UuZec3mQDU6XW5poIf4LOJmiN3egYVpRXWJLZU1rcJ8/rs:fill:0:0:1/w:1400/h:1400/q:60/mb:500000/aHR0cHM6Ly9pbWct/dXBsb2FkLXByb2R1/Y3Rpb24udHJhbnNp/c3Rvci5mbS8wMGJi/MjNlMTQ2MGU0MTIx/MjZiYjg1MzVlM2Qz/MjcyNS5wbmc.jpg,2026-08-10 10:27:17,7986792,confirmed,,1786357637,d43d77b5d25df2dd398f6834a3c6f441,,4,0,INDIVIDUAL
Swear It Happened,Alex Kavak,https://www.spreaker.com/show/7252276/episodes/feed,"First-person scary stories from the Swear It Happened archive, read aloud. The readers decide what is true. Read the stories and cast your vote at <a href=""https://www.swearithappened.com/"" target=""_blank"" rel=""noreferrer noopener"">Swear It Happened</a>.",Spreaker,en,https://d3wo5wojvuv7l.cloudfront.net/t_rss_itunes_square_1400/images.spreaker.com/original/515643241db845b6b838c4033cd9a874.jpg,2026-08-10 10:23:51,7986791,confirmed,https://www.swearithappened.com/,1786357431,dd24e9d0ea32e160799cbbd5ba0b4b89,,4,0,INDIVIDUAL
Cooking & Conversation with Jodi Lohrman,Jodi Lohrman,https://feed.podbean.com/cooking-coversation-jodi/feed.xml,Cooking & Conversation with Interesting guests,Podbean,en,https://pbcdn1.podbean.com/imglogo/image-logo/22543445/Cooking_Conversation_with_Jodi_Lohrman_1_7bfpx.png,2026-08-10 10:22:15,7986790,confirmed,https://cooking-coversation-jodi.podbean.com,1786357335,94bcf9e3777fb2beb959db3e726fa181,6799691198.0,2,0,INDIVIDUAL
Becoming Ceremony,Ashleah Walker,https://anchor.fm/s/10a32fc20/podcast/rss,"Becoming Ceremony is a podcast about conscious living, partnership, entrepreneurship and prosperity — hosted by Ashleah Walker. Each conversation explores what it really means to build a life and business that feel sacred instead of stressful.",Anchor,en-us,https://d3t3ozftmdmh3i.cloudfront.net/staging/podcast_uploaded_nologo/44560808/44560808-1759861354237-61a809427c778.jpg,2026-08-10 10:17:00,7986788,confirmed,https://www.becomingceremony.com,1786357020,b0e3fd922854596dea09900c34407fb5,1886720312.0,2,0,INDIVIDUAL
The Director's Cut,Danilo Francione,https://www.spreaker.com/show/7252210/episodes/feed,"Discover the art of filmmaking through conversations about directing, screenwriting, cinematography, visual effects, and the creative minds behind the camera.",Spreaker,en,https://d3wo5wojvuv7l.cloudfront.net/images.spreaker.com/nuvolari-assets/orange_square_mic.jpg,2026-08-10 10:14:01,7986786,confirmed,https://www.spreaker.com/podcast/the-director-s-cut--7252210,1786356841,2e9559a817c7d03fdf85a5dfc57c72f5,,4,0,INDIVIDUAL
Writing Funny,Comedy Women in Print / WPP Production,https://feeds.acast.com/public/shows/6a6b64c80bf0e6212fe88149,"<p>Writing Funny is a podcast for and about witty women writers.</p><br><p>Comedian Helen Lederer and author Chrissie Manby chat about how to write, where to write, when to write and…. the holy grail for all writers - how to find an agent and get published. Each week, Helen and Chrissie hear from authors shortlisted for the Comedy Women in Print Prize who reveal the habits, quirks and secrets behind their work. </p><br><p>Writing Funny celebrates the joy, chaos and creativity of being a writer.</p><hr><p style='color:grey; font-size:0.75em;'> Hosted on Acast. See <a style='color:grey;' target='_blank' rel='noopener noreferrer' href='https://acast.com/privacy'>acast.com/privacy</a> for more information.</p>",Acast,en,https://assets.pippa.io/shows/cover/1785421537093-2daa4153-a9b4-4742-a1ad-c826b87ae562.jpeg,2026-08-10 10:14:00,7986785,confirmed,https://www.comedywomeninprint.co.uk,1786356840,a61278333cf2d4d933bac16aa5437e19,,0,0,INDIVIDUAL
Manic Episodes,Hustonmania,https://anchor.fm/s/1155140a8/podcast/rss,talking. important stuff,Anchor,en-us,https://d3t3ozftmdmh3i.cloudfront.net/staging/podcast_uploaded_nologo/46426138/46426138-1785001212304-f564b761ffc18.jpg,2026-08-10 10:12:02,7986783,confirmed,https://podcasters.spotify.com/pod/show/basedworldorg7,1786356722,936d391d10bf592a17c59c989dba8212,6794923680.0,2,0,INDIVIDUAL
geometrydash2.2apk,David,https://anchor.fm/s/1157f7c34/podcast/rss,"**Geometry Dash 2.2 APK guides, gameplay tips, latest updates, and installation tutorials. Visit: https://geomtry-dashs.com/**",Anchor,en,https://d3t3ozftmdmh3i.cloudfront.net/staging/podcast_uploaded_nologo/46456437/46456437-1785411831814-a1c60fbb3acd8.jpg,2026-08-10 10:10:45,7986782,confirmed,https://podcasters.spotify.com/pod/show/david931,1786356645,b9d99ac567f0969d1cb25fcfe846eca2,,0,0,INDIVIDUAL
In the Wild with Michael Bargury,Zenity Labs,https://rss.buzzsprout.com/2634323.rss,"<p>In the Wild is about the AI conversations worth having right now. This podcast brings together builders and breakers, researchers and practitioners – people who see things differently and challenge what we think we know about where AI is going, and what it’s already doing in the wild. Each episode hosts one of these conversations. Sometimes deep into new research, sometimes grounded in a real security problem, sometimes just a paper that raises a question no one’s answered yet. You could say it’s non-deterministic. Just like AI.<br><br>A Zenity Labs podcast, hosted by Michael Bargury, Zenity Co-Founder & CTO. Produced by POLDHU.<br><br>ZenityLabs<br>https://labs.zenity.io/<br>@zenitysec - https://x.com/zenitysec<br>linkedin.com/company/zenitysec/<br><br>Michael Bargury<br>@mbrg0 - https://x.com/mbrg0 <br>https://www.linkedin.com/in/michaelbargury/</p>",Buzzsprout,en-us,https://storage.buzzsprout.com/7kktdivrsgl6lvygmrssqwq7h9nm?.jpg,2026-08-10 10:07:59,7986781,confirmed,https://www.buzzsprout.com/2634323,1786356479,06d6eb60141ca520de0085b54094d8d3,,4,0,CORPORATE
Carolina Small Town Voices,The Circle of the Panda,https://rss.buzzsprout.com/2633308.rss,"<p><em>Hosted by J.D. Ross | Produced by The Circle of the Panda</em></p><p>There's something about a small town that gets into your heart — the way everyone waves, the sense that people actually mean it when they ask how you're doing. Carolina Small Town Voices is a podcast dedicated to the values that small towns have always carried quietly: community, hospitality, knowing your neighbor's name, and slowing down long enough to actually live.</p><p>Starting in Fort Mill, South Carolina — a town navigating the tension between rapid growth and deep roots — host J.D. Ross sits down with business owners, community leaders, longtime families, and newcomers who fell in love with a slower pace of life. Together, they explore what makes a community a community, and what it looks like to protect that.</p><p>This is more than a podcast. It's a platform, a movement, and a growing archive of the stories and values that make small-town America worth preserving. The vision is bigger than one town — Carolina Small Town Voices aims to travel across the Carolinas and beyond.</p><p>Whether you grew up on Main Street, moved away and carry it with you, or just feel that pull toward something quieter and more connected — this show is for you.</p><p><em>One voice at a time.</em></p>",Buzzsprout,en,https://storage.buzzsprout.com/qt8j8f3x4c93oghmmt5qi9mv1qiz?.jpg,2026-08-10 10:07:31,7986780,confirmed,,1786356451,91312fd90968decd5666f8033c643d8d,,4,0,CORPORATE
BDM Podcast,Bright Dental Marketing,https://anchor.fm/s/11586467c/podcast/rss,Everything you need to know about dental marketing,Anchor,en,https://d3t3ozftmdmh3i.cloudfront.net/staging/podcast_uploaded_nologo/46460887/46460887-1785462660762-707cc4b5297d1.jpg,2026-08-10 10:07:22,7986779,confirmed,https://podcasters.spotify.com/pod/show/bright-dental-marketing7,1786356442,7497533c47f868a91f605e021dfeec76,6796576568.0,2,0,INDIVIDUAL
Mobile App Development in Toronto,iQlance Canada,https://www.spreaker.com/show/7252175/episodes/feed,"How does a business turn a simple app idea into a successful digital product? In this episode, we explore the complete journey of mobile app development in Toronto, from idea validation and planning to UI/UX design, technology selection, development, testing, launch, and post-launch growth.<br /><br />We also discuss what businesses should look for when choosing <b><a href=""https://iqlance.ca/mobile-app-development-toronto/"" target=""_blank"" rel=""noreferrer noopener"">mobile app developers in Toronto</a></b>, how to select the right technology approach, and why partnering with an experienced mobile app development company in Toronto can make the development process more efficient and scalable.<br /><br />Learn how iQlance Solutions Canada helps businesses transform digital ideas into customized mobile applications designed for performance, usability, and long-term growth.<br /><br />Whether you're a startup planning your first app or an established business expanding your digital services, this episode provides practical insights to help you move from business idea to successful app launch.<br /><br /><b>Website:</b> https://iqlance.ca/<br /><b>Gmail</b>: info@iqlance.ca<br />",Spreaker,en,https://d3wo5wojvuv7l.cloudfront.net/t_rss_itunes_square_1400/images.spreaker.com/original/04805ab5964ae835153172049fd96eb2.jpg,2026-08-10 10:00:25,7986773,confirmed,https://www.spreaker.com/podcast/mobile-app-development-in-toronto--7252175,1786356025,f8ee538e8609236c964a1ad1503020a0,,4,0,INDIVIDUAL
Moonlight Learning Tales,kopare,https://feed.podbean.com/koparent/feed.xml,"<p>🌙 Podcast Description</p>
<p><strong>Moonlight Learning Tales by Kopare</strong> is a calming bedtime podcast for kids filled with gentle sleep stories that spark curiosity and comfort young minds.</p>
<p>Each episode blends cozy storytelling with light learning about animals, space, science, geology, and the natural world — all wrapped in a peaceful nighttime atmosphere designed to help children relax and drift off to sleep.</p>
<p>Created for ages 4–9, these immersive bedtime stories encourage kindness, bravery, curiosity, and confidence while teaching simple, fascinating facts in a soft and magical way.</p>
<p>Perfect for bedtime routines, quiet time, or winding down after a busy day.</p>
<p>Snuggle in, take a deep breath, and let the moonlight guide you into sweet dreams.</p>",Podbean,en,https://pbcdn1.podbean.com/imglogo/image-logo/22053420/LOGOOOOP_7vxrtv.png,2026-08-10 09:30:34,7986767,confirmed,https://koparent.podbean.com,1786354234,f215cbc1b86f723109b3ed7973f89ab6,1888297277.0,2,0,INDIVIDUAL
"Minecraft Tips, Updates & Guides",Minekraf,https://anchor.fm/s/115de6578/podcast/rss,"Want to get more from Minecraft? Explore the latest Minecraft updates, APK guides, tips, tutorials, new features, version news, installation guides, and gameplay tricks. From useful tips to the newest Minecraft changes, Minecraft Insider keeps you updated with fresh guides and everything you need to know.",Anchor,en,https://d3t3ozftmdmh3i.cloudfront.net/staging/podcast_uploaded_nologo/46518638/46518638-1786302013686-ce31caa1d07d4.jpg,2026-08-10 09:01:45,7986757,confirmed,https://podcasters.spotify.com/pod/show/minekraf1,1786352505,87a4847b2f3521738a21d89c83e424b8,,0,0,INDIVIDUAL
The Ungrounded Show,The Ungrounded Show,https://anchor.fm/s/115d7fbac/podcast/rss,The Ungrounded Show Podcast,Anchor,en-us,https://d3t3ozftmdmh3i.cloudfront.net/staging/podcast_uploaded_nologo/46514435/46514435-1786234665473-d453824edd6f4.jpg,2026-08-10 08:59:05,7986755,confirmed,https://podcasters.spotify.com/pod/show/theungroundedshow,1786352345,77199f6e716fa855a58834a0f8cdac7f,6799689133.0,2,0,CORPORATE
The World Briefing,Alex,https://anchor.fm/s/115556278/podcast/rss,"Science, technology, nature, people, and discoveries — the world is full of stories waiting to be discovered.",Anchor,en,https://d3t3ozftmdmh3i.cloudfront.net/staging/podcast_uploaded_nologo/46428846/46428846-1785131738877-c052f79ee0d7d.jpg,2026-08-10 08:57:06,7986754,confirmed,https://podcasters.spotify.com/pod/show/jing-tan,1786352226,fa2b792ce73a017f827fdba4ac0396a5,6794795512.0,2,0,INDIVIDUAL
The XOVERLAND Podcast,iHeartPodcasts,https://rss.buzzsprout.com/1975763.rss,"Welcome to the XOVERLAND podcast, an exploration of adventure, those who pursue it, and all that makes it possible.
Gather insight and inspiration from engaging conversations with trailblazers from around the world.  Whether they be travelers, entrepreneurs, influencers, or experts in their field, we're here to share their unique voices and learn all that we can in the process.
Our conversations may delve into the intricacies of overland vehicle electronics, the psychology of pushing past one's comfort-zone, or the inspiring stories of creatives such as Chris Burkard or Clay Croft. 
Like the exciting guests they work to bring onto the show, our podcast host and co-host, Jimmy Lewis and Leah Heffelfinger, cover a lot of ground to bring you the XOVERLAND Podcast!",Buzzsprout,en-US,https://www.omnycontent.com/d/playlist/e73c998e-6e60-432f-8610-ae210140c5b1/4337497b-e3fe-4800-baa2-b47500f56d49/6c7a4a77-1e84-4b75-af89-b47500f56d58/image.jpg?t=1782485615&size=Large,2026-08-10 08:56:54,7986753,confirmed,http://xoverland.com/,1786352214,a4b1b05b3d4cc381eeede116e5972e13,,4,0,INDIVIDUAL
Peak Health Podcast,Peak Health Podcast,https://www.spreaker.com/show/7251911/episodes/feed,"Peak Health Podcast is your guide to building a stronger body, sharper mind, and healthier life. Each episode explores practical fitness strategies, nutrition, wellness, healthy habits, recovery, mindset, and the latest ideas for improving everyday health. Whether you're starting your fitness journey or looking to reach your next level, Peak Health Podcast delivers simple, actionable insights to help you feel stronger, move better, and live healthier.",Spreaker,en,https://d3wo5wojvuv7l.cloudfront.net/t_rss_itunes_square_1400/images.spreaker.com/original/786948f5d075611a76400f76b5b0b267.jpg,2026-08-10 08:47:06,7986744,confirmed,https://www.spreaker.com/podcast/peak-health-podcast--7251911,1786351626,15fcd5f0d3b575b8a119ebe40646cb23,,4,0,INDIVIDUAL
Headlands Pod,Angie Muller and Egor Gagin,https://anchor.fm/s/11439ae58/podcast/rss,"Conversations for the architects, designers, and makers of the new world. Angie & Egor discuss the intersection of consciousness and tech, as well as what's happening in society and culture. Sometimes they bring on guests to explore together.",Anchor,en,https://d3t3ozftmdmh3i.cloudfront.net/staging/podcast_uploaded_nologo/46242918/46242918-1782418997456-613dce8fd90fa.jpg,2026-08-10 08:45:29,7986743,confirmed,https://podcasters.spotify.com/pod/show/headlandspod,1786351529,921ae5c3ea2fe4ac9cccc98cae8b6373,6784433025.0,2,0,CORPORATE
Daily Trends,LWG,https://www.spreaker.com/show/7252078/episodes/feed,"The Daily Trends Podcast is your go‑to source for breaking stories, viral moments, and emerging insights shaping today’s world. Each episode dives deep into the latest developments in technology, business, culture, social media, and global news, helping listeners stay informed and inspired. Hosted by passionate voices who decode the noise, this show delivers sharp analysis, expert opinions, and actionable takeaways — all in a fast‑paced, easy‑to‑digest format.Whether you’re a creator, entrepreneur, or curious mind, Daily Trends keeps you updated on what’s driving conversations online and offline. Expect coverage of trending hashtags, digital innovation, influencer movements, and market shifts — plus exclusive commentary on how these trends impact everyday life.",Spreaker,en,https://d3wo5wojvuv7l.cloudfront.net/t_rss_itunes_square_1400/images.spreaker.com/original/591217be228771822ab0b3d4903750e1.jpg,2026-08-10 08:44:00,7986741,confirmed,https://www.spreaker.com/podcast/daily-trends--7252078,1786351440,6476a0633f0d6012c8ffa9287504f45b,,4,0,CORPORATE
The Reality Files,RMD,https://rss.buzzsprout.com/2636181.rss,"<p>The Reality Maintenance Division investigates distortions that shouldn’t exist—impossible broadcasts, altered recordings, and voices appearing outside their proper place in time. Listen carefully: reality is less stable than you’ve been told.</p><p><br></p>",Buzzsprout,en-us,https://storage.buzzsprout.com/j1ybxgzmfgfd68u12auxstrwf1yd?.jpg,2026-08-10 08:43:18,7986740,confirmed,https://rmd.buzzsprout.com,1786351398,d3e07b9f8111d583efcb3bcab8980496,,4,0,CORPORATE
Reddit Karma Zones,Reddit Karma Zones,https://www.spreaker.com/show/7252043/episodes/feed,"Welcome to Reddit Karma Zones, the place where Reddit's wildest stories, biggest dramas, and most unbelievable moments come to life.From relationship disasters and family conflicts to workplace drama, shocking secrets, embarrassing moments, and unexpected twists, we explore the stories that keep Reddit talking.Tune in for fascinating stories, honest reactions, and entertaining commentary. Whether you're relaxing, working, studying, or just looking for something interesting to listen to, Reddit Karma Zones has a story for you.",Spreaker,en,https://d3wo5wojvuv7l.cloudfront.net/t_rss_itunes_square_1400/images.spreaker.com/original/4f7b1ab1bb6cf6a750bb2424e3125e4e.jpg,2026-08-10 08:31:03,7986736,confirmed,https://www.spreaker.com/podcast/reddit-karma-zones--7252043,1786350663,9b914d50a3b235e230065e30808c29b1,,4,0,INDIVIDUAL
"LEAP: Listen, Empathize, Affirm, Problem Solve - Advice on divorce, managing confrontation, and more",A.J. Grossman,https://anchor.fm/s/98a77568/podcast/rss,"If you have a passion for learning, introspection, and personal growth, you’ve come to the right podcast. Welcome to LEAP: Listen, Empathize, Affirm, Problem Solve. Join me, AJ Grossman, as we discuss how to handle difficult situations in your personal life and business, manage confrontation, approach tough decisions, and more. As the owner of Leap Frog Divorce, I specialize in collaborative divorce, problem-solving, and de-escalation. I have a great desire to learn new things and continuously improve, and I hope you’ll join me.",Anchor,en,https://d3t3ozftmdmh3i.cloudfront.net/production/podcast_uploaded_nologo/25511114/25511114-1654084967293-13e66c25136a7.jpg,2026-08-10 08:21:03,7986735,confirmed,https://www.leapfrogdivorce.com/,1786350063,22e1872d4c3536d802dfb01fb8586964,1628116153.0,2,0,INDIVIDUAL
Paul Starkey,Paul Starkey,https://anchor.fm/s/113fdcf64/podcast/rss,"Hey there, I’m Paul!
True financial freedom isn't just for the ultra-wealthy. It’s for anyone willing to learn the rules of the game. On this channel, I’m sharing the frameworks, strategies, and lessons I've learned about personal finance, investing, and navigating the mortgage market.
Whether you're trying to buy your very first home, optimize your current mortgage, or kickstart your investing portfolio from scratch, we’re exploring it all together.",Anchor,en-nz,https://d3t3ozftmdmh3i.cloudfront.net/staging/podcast_uploaded_nologo/46203681/46203681-1781923395370-3f0313711f24c.jpg,2026-08-10 08:16:23,7986734,confirmed,https://podcasters.spotify.com/pod/show/starkey-financial5,1786349783,eceacedbe2344d31eef8ea446e1a3f0b,6787869732.0,2,0,INDIVIDUAL
You Haven't Read Thaaattt?!?!?!,You Haven't Read Thaaattt?!?!?!,https://anchor.fm/s/115ae6b70/podcast/rss,"Another podcast by 2 white dudes. We talk comics that (ideally) one of us, both of us or a guest haven't read.",Anchor,en-us,https://d3t3ozftmdmh3i.cloudfront.net/staging/podcast_uploaded_nologo/46487196/46487196-1785853405944-793975a77571f.jpg,2026-08-10 08:15:19,7986733,confirmed,https://bsky.app/profile/youhaventreadthat.bsky.social,1786349719,e72f9ce336f364e48173bb177fa0f3c0,6799459100.0,2,0,INDIVIDUAL
Woningontruiming Schiedam,Tim Mulder,https://www.spreaker.com/show/7251978/episodes/feed,"Welkom bij de podcast van <a href=""https://woningontruimingschiedam.com/"" target=""_blank"" rel=""noreferrer noopener""><b>Woningontruiming Schiedam</b></a>, dé specialist in professionele woningontruiming en House Clearance in Schiedam en omgeving. In deze podcast delen we praktische tips, deskundige inzichten en nuttige informatie over alles wat komt kijken bij het zorgvuldig en efficiënt ontruimen van een woning.Een woningontruiming kan nodig zijn bij een verhuizing, overlijden, spoedsituatie of wanneer een woning volledig leeg en bezemschoon moet worden opgeleverd. Wij bespreken hoe u zo’n ontruiming goed voorbereidt, waar u rekening mee moet houden en hoe professionele ondersteuning u tijd, werk en zorgen kan besparen.Ook onderwerpen zoals het opruimen van inboedel, bedrijfsontruiming, tuinontruiming, zorgkamerontruiming en complete oplevering komen aan bod. Met onze ervaring laten we zien hoe een ontruiming snel, discreet en zorgvuldig kan worden uitgevoerd.<a href=""https://woningontruimingschiedam.com/"" target=""_blank"" rel=""noreferrer noopener""><b>Woningontruiming Schiedam</b></a> staat voor een persoonlijke aanpak en een complete service van A tot Z. Luister mee voor heldere antwoorden, handige adviezen en waardevolle informatie over professionele House Clearance.Meer informatie of een vrijblijvende offerte? Bezoek <a href=""https://woningontruimingschiedam.com/"" target=""_blank"" rel=""noreferrer noopener""><b>https://woningontruimingschiedam.com</b></a>.",Spreaker,en,https://d3wo5wojvuv7l.cloudfront.net/t_rss_itunes_square_1400/images.spreaker.com/original/00ab44041491cc7baf0e361641b9107b.jpg,2026-08-10 08:11:58,7986730,confirmed,https://woningontruimingschiedam.com,1786349518,cd64420cf1d67eac7d2ab1f296262117,,4,0,INDIVIDUAL
Truth-telling Teachers,Truth Telling Teachers,https://feed.podbean.com/truthtellingteachers/feed.xml,"<p>Truth-telling in education starts with the conversations we're brave enough to have. We’re in dialogue with teachers and experts who are working to make truth-telling a lived reality in their local classrooms. Each episode, we sit down for honest, grounded conversations about what it really takes to teach hard histories and truths with care, courage, and integrity. This is a space for practical wisdom, critical reflection, and the stories that too often go untold.</p>",Podbean,en,https://pbcdn1.podbean.com/imglogo/image-logo/22495889/Black_White_Modern_Talk_Podcast_Logo_3_6wkbz.png,2026-08-10 08:04:41,7986719,confirmed,https://truthtellingteachers.podbean.com,1786349081,b1a8431c179ff43fe3fb8b3b8576ef9c,6795018798.0,2,0,INDIVIDUAL
Qpaint,Qpaint,https://www.spreaker.com/show/7251944/episodes/feed,"QPaint is a team of trusted Brisbane painters providing professional painting and decorating services for residential and commercial properties. We specialize in interior house painting Brisbane, exterior house painting services, and complete home painting solutions. If you’re searching for best house painters near me or reliable residential house painters near me, QPaint delivers quality workmanship and lasting results.",Spreaker,en,https://d3wo5wojvuv7l.cloudfront.net/t_rss_itunes_square_1400/images.spreaker.com/original/eb06b3cfd3e4d2e690727ffcd85c6fea.jpg,2026-08-10 08:00:53,7986718,confirmed,https://www.spreaker.com/podcast/qpaint--7251944,1786348853,736a2a5b127ed27f35adcab4a3ffbff7,,4,0,INDIVIDUAL
As We Were Saying,Josie Young and Alexi Clark-Mitchell,https://rss.buzzsprout.com/2621783.rss,"<p>Books, film, relationships, pop culture, and everything in between. Each month, Josie and Alexi sit down to discuss the stories, trends, and cultural moments they can't stop thinking about. Expect thoughtful conversations, awkward stories, industry insights, strong opinions, and the occasional questionable take. </p>",Buzzsprout,en-us,https://storage.buzzsprout.com/fh9myctd1txnkl9n0uiqrrspspl2?.jpg,2026-08-10 08:00:30,7986717,confirmed,,1786348830,07098aeab6596fe04a7ad030476e35d4,,0,0,CORPORATE
Realm: A New D&D Actual Play,George Primavera & Jon Matteson,https://feeds.libsyn.com/627205/rss,"Realm is an ""Actual Play"" Dungeons & Dragons series, bringing together professional artists to play through a fantastical adventure full of danger and intrigue. While this story begins firmly within the High Fantasy category, this tale promises to bend this genre to its maximum capability. All is not as it seems in The Realm, and our players will have to uncover the truth of their world if they hope to save it…or escape it.
Welcome to The Realm.",Libsyn,en,https://static.libsyn.com/p/assets/4/a/e/8/4ae89d010cac2838d959afa2a1bf1c87/Realm_Soul_Searchers_Logo-20260806-0ofhqxzvpu.png,2026-08-10 08:00:25,7986716,confirmed,https://sites.libsyn.com/627205,1786348825,5925fc0462c65585873231e4d5f4e6bd,6799283133.0,2,0,CORPORATE
Swiss Seed Capital AG,Swiss Seed Capital AG,https://www.spreaker.com/show/7251879/episodes/feed,"Swiss Seed Capital AG is a Switzerland-based investment firm focused on identifying opportunities that create long-term value. Combining entrepreneurial insight with strategic investment expertise, the firm supports growth across sectors such as private equity, healthcare, digital assets, and business succession. Through practical market perspectives, it helps investors make informed decisions in an evolving financial landscape.",Spreaker,en,https://d3wo5wojvuv7l.cloudfront.net/t_rss_itunes_square_1400/images.spreaker.com/original/071b7f9810070c7727d6c70c4ee003d5.jpg,2026-08-10 07:46:11,7986713,confirmed,https://www.spreaker.com/podcast/swiss-seed-capital-ag--7251879,1786347971,9f84cfdfce64cce638df6986979d81c6,,4,0,CORPORATE
Allwood Windows & Doors Ltd,Allwood Windows & Doors Ltd,https://www.spreaker.com/show/7251845/episodes/feed,"Allwood Windows & Doors is a UK-based manufacturer and installer of premium timber, aluminium, and uPVC windows and doors. With a focus on quality craftsmanship, energy efficiency, and bespoke design, the company provides made-to-order solutions for homeowners, builders, and developers across the UK.",Spreaker,en,https://d3wo5wojvuv7l.cloudfront.net/t_rss_itunes_square_1400/images.spreaker.com/original/6ebef5160bc3f61dfca2faddc078fdf2.jpg,2026-08-10 07:41:39,7986712,confirmed,https://www.spreaker.com/podcast/allwood-windows-doors-ltd--7251845,1786347699,ee639813eb39cfab2668201de122ca7f,,4,0,CORPORATE
Shawanee Baptist Church,Donnie Fox,https://anchor.fm/s/f94fe65c/podcast/rss,Welcome To SBC! We’re You Can Listen To Pastor Donnie Anywhere In Your Car Or Bluetooth Speaker Or On Your Morning Walk Be Prepared There Might Be More Social Media Platforms Introduced In Our Church!,Anchor,en-us,https://d3t3ozftmdmh3i.cloudfront.net/staging/podcast_uploaded_nologo/41727631/41727631-1741469678562-8595c0bb9f9d1.jpg,2026-08-10 07:30:06,7986706,confirmed,https://www.shawaneebc.org/?fbclid=IwZXh0bgNhZW0CMTAAAR1tOXGkrV6PX9Z1jtHWOo_t0nyycPlbe8QfyWNMtNYiYw4Y48s0_WmtjpQ_aem_jZaVpjT3c9iF_V4NV5OqkQ,1786347006,0720d2f4423210a811c5d02779122f86,6797071419.0,2,0,INDIVIDUAL
Commercial Photography Chandigarh,Kunal Averto,https://www.spreaker.com/show/7251812/episodes/feed,"Commercial photography plays an important role in building a strong and professional brand presence. In this episode of the Averto Media Podcast, we discuss <a href=""https://share.google/KbtEV49Y9mEu0jatf"" target=""_blank"" rel=""noreferrer noopener"">Commercial Photography in Chandigarh </a>and why professional visuals matter for modern businesses. From product photography and brand photography to corporate and lifestyle photography, we explore how high-quality visuals can help businesses showcase their products, communicate their brand identity, and create engaging content for websites, social media, advertising campaigns, and digital marketing. Whether you are a startup, established business, product brand, or corporate company, professional commercial photography can help you create visuals that connect with your audience and make your brand stand out. If you're looking for <a href=""https://share.google/KbtEV49Y9mEu0jatf"" target=""_blank"" rel=""noreferrer noopener"">Commercial Photography Chandigarh </a>or a professional <a href=""https://share.google/KbtEV49Y9mEu0jatf"" target=""_blank"" rel=""noreferrer noopener"">Commercial Photographer in Chandigarh</a>, this episode will help you understand how the right photography can support your brand and marketing goals.",Spreaker,en,https://d3wo5wojvuv7l.cloudfront.net/t_rss_itunes_square_1400/images.spreaker.com/original/2c28e32c63b672bc0a0f9ac38da2099c.jpg,2026-08-10 07:24:02,7986701,confirmed,https://www.spreaker.com/podcast/commercial-photography-chandigarh--7251812,1786346642,9398149ec1756a00bc2f1fdf1af3d00a,,4,0,INDIVIDUAL
HCA Spiritual Life: Class of 2039,Horizon Christian,https://anchor.fm/s/115c76f58/podcast/rss,"The HCA Spiritual Life Podcast helps parents stay connected to the spiritual formation of their students throughout the school year. Each episode highlights what their student is learning in Bible class, reflects on key themes from chapel, and features student voices as they process faith, life, and relationships. The podcast also offers practical guidance to help parents understand this developmental stage and support their students with wisdom, encouragement, and meaningful conversation at home.",Anchor,en,https://d3t3ozftmdmh3i.cloudfront.net/staging/podcast_uploaded_nologo/46503590/46503590-1786067677396-e12ec6e08b328.jpg,2026-08-10 07:21:49,7986700,confirmed,https://podcasters.spotify.com/pod/show/horizon-christian69,1786346509,b485789253e30efadb395aea5b8e0423,6799246183.0,2,0,INDIVIDUAL
BIS Certification for Electronic Musical,evtl india,https://www.spreaker.com/show/7251748/episodes/feed,"<a href=""https://evtlindia.com/bis-crs/bis-certification-for-electronic-musical-systems-with-input-power-200w-and-above-is-616-2017"" target=""_blank"" rel=""noreferrer noopener""><b>BIS Certification for Electronic Musical Systems</b></a> is an important requirement for manufacturers who make or sell certain electronic musical products in India. EVTL India helps manufacturers understand BIS Registration, safety standards, and the steps needed to complete the process. With help from a BIS Consultant for Electronic Musical Systems or CRS Consultant for Electronic Musical Systems, manufacturers can complete the registration process more easily.<br />EVTL India also helps with BIS notifications, BIS License requirements, and BIS Agent for Electronic Musical Systems services.<br /><br />Read More : <a href=""https://evtlindia.com/"" target=""_blank"" rel=""noreferrer noopener""><b>www.evtlindia.com</b></a><br /><br />Become a supporter of this podcast: <a href=""https://www.spreaker.com/podcast/bis-certification-for-electronic-musical--7251748/support?utm_source=rss&utm_medium=rss&utm_campaign=rss"">https://www.spreaker.com/podcast/bis-certification-for-electronic-musical--7251748/support</a>.",Spreaker,en,https://d3wo5wojvuv7l.cloudfront.net/t_rss_itunes_square_1400/images.spreaker.com/original/a3dd93cddae1b71653fbb5d193c6ee5b.jpg,2026-08-10 07:07:46,7986697,confirmed,https://www.spreaker.com/podcast/bis-certification-for-electronic-musical--7251748,1786345666,eebe7eb289b5ea1f498b6525883f9afc,,4,0,INDIVIDUAL
Health Reality Check,WHO Regional Office for Europe,https://rss.buzzsprout.com/2633329.rss,"<p><b>Health Reality Check</b> is the podcast from the World Health Organization that goes beyond the headlines to explore what the evidence says about today’s biggest health questions. </p><p><br></p><p>Hosted by family doctor Dr Margarida Santos, each episode brings together leading  experts and professionals public health for clear answers to complex questions. From nutrition and cancer to digital health and health inequalities, we put health claims under the microscope. </p><p><br></p><p>Whether you're making decisions about your own health or trying to make sense of today’s health debates, WHO's Health Reality Check gives you the evidence behind the headlines. </p>",Buzzsprout,en-us,https://storage.buzzsprout.com/okac5gc08502f7giakx0g3byasqh?.jpg,2026-08-10 07:05:38,7986696,confirmed,https://www.buzzsprout.com/2633329,1786345538,2c0f7ec695c7d84417c1af069251f002,,4,0,INDIVIDUAL
Kozijnen Leusden,Kozijnen Leusden,https://www.spreaker.com/show/7249164/episodes/feed,"Welkom bij de podcast van <a href=""https://kozijnenleusden.com"" target=""_blank"" rel=""noreferrer noopener""><b>Kozijnen Leusden</b></a>, dé specialist in kozijnen voor woningen en bedrijfspanden. In onze afleveringen delen we praktische tips, deskundig advies en nuttige informatie over kozijnen, onderhoud, isolatie, duurzaamheid en woningverbetering. Ontdek waar je op moet letten bij het kiezen van nieuwe kozijnen, welke materialen geschikt zijn voor jouw situatie en hoe goede kozijnen kunnen bijdragen aan comfort en energiezuinigheid. Kozijnen Leusden helpt je graag om weloverwogen keuzes te maken voor jouw woning of pand. Luister naar onze podcast en blijf op de hoogte van handige inzichten en ontwikkelingen op het gebied van moderne kozijnen.",Spreaker,en,https://d3wo5wojvuv7l.cloudfront.net/t_rss_itunes_square_1400/images.spreaker.com/original/842accb34a2872f9c7680e986e58a9a0.jpg,2026-08-10 07:03:48,7986695,confirmed,https://www.spreaker.com/podcast/kozijnen-leusden--7249164,1786345428,947c837b0e83c324fd16d59743dc9ae9,,4,0,INDIVIDUAL
JaysWithM Extra innings,Mairin,https://rss.buzzsprout.com/2620512.rss,"<p>A passionate Jays fan sharing opinions and thoughts on the team, featuring the occasional guest.</p>",Buzzsprout,en-us,https://storage.buzzsprout.com/m8snhj4gnr4i5cyojko6fpvybx4g?.jpg,2026-08-10 06:44:03,7986688,confirmed,https://www.buzzsprout.com/2620512,1786344243,286215f53ef5a6ae84590a0eb8600cc4,,0,0,INDIVIDUAL
"The Prediction Markets Podcast: Forecasting, Probability, Politics, Economics, Sports, Technology, and Future Events",Podily,https://feeds.megaphone.fm/the-prediction-markets-podcast,"<p>The <strong>Prediction Markets Podcast</strong> explores the fascinating world of forecasting, probability, prediction markets, politics, economics, sports, technology, business, and future events. Each episode examines how people use information, probabilities, market prices, data, news, and collective expectations to estimate what might happen next.</p>
<p>From elections and economic indicators to sporting events, technological breakthroughs, geopolitical developments, corporate decisions, and major world events, the podcast explores how prediction markets work and what their prices can—and cannot—tell us about the future. Episodes may examine platforms such as Kalshi and Polymarket, market movements, forecasting strategies, probability concepts, historical predictions, surprising wins and losses, regulatory developments, and the psychology behind how traders evaluate uncertain outcomes.</p>
<p>Listeners can learn about implied probabilities, market efficiency, liquidity, information advantages, crowd wisdom, behavioral biases, risk management, forecasting techniques, and the ways new information can rapidly change expectations. The <strong>Prediction Markets Podcast</strong> is designed for anyone interested in prediction markets, forecasting, probability, economics, politics, sports, technology, data, decision-making, and understanding uncertainty.</p>
<p><strong>Disclaimer:</strong> This podcast is provided for informational, educational, and entertainment purposes only. Nothing presented should be considered financial, investment, trading, gambling, legal, tax, or other professional advice. Prediction markets involve risk, outcomes are uncertain, and past results or market probabilities do not guarantee future results. References to particular prediction markets, platforms, contracts, companies, individuals, or strategies do not constitute endorsements or recommendations to trade, wager, buy, sell, or participate. Listeners are responsible for understanding and complying with all laws, regulations, eligibility requirements, and platform rules applicable in their jurisdiction.</p>",Megaphone,en,"https://megaphone.imgix.net/podcasts/a1adff3c-9474-11f1-9f6e-9f2db5156deb/image/509eb19f809548105fdf78f828c4cd73.png?ixlib=rails-4.3.1&max-w=3000&max-h=3000&fit=crop&auto=format,compress",2026-08-10 06:38:44,7986684,confirmed,https://www.podily.com,1786343924,e83f51bc9d76f4366abd17c7d77a4eb6,,0,0,INDIVIDUAL
Motherhood Revelations,Dr. Makeda Ansah,https://www.spreaker.com/show/5800176/episodes/feed,"Welcome to Motherhood Revelations™, a faith-based community dedicated to helping mothers heal, lead, and build a lasting legacy through the lessons motherhood teaches.<br /><br />Whether you are a single mother, caregiver, woman of faith, grandmother, mentor, or simply navigating one of life's difficult seasons, you do not have to walk this journey alone. <br /><br />Motherhood has a way of revealing our greatest strengths, deepest wounds, hidden resilience, and God-given purpose. It teaches us about sacrifice, stewardship, perseverance, forgiveness, leadership, and unconditional love. <br /><br />Here, we explore those lessons together. Founded by Dr. Makeda Ansah—former foster child, mother, nurse, minister, educator, author, and advocate—Motherhood Revelations™ provides practical wisdom, biblical encouragement, and transformational conversations for women seeking healing, emotional stability, spiritual renewal, and personal growth.<br /><br />Motherhood isn't only about who we raise, it's about who we become.",Spreaker,en,https://d3wo5wojvuv7l.cloudfront.net/t_rss_itunes_square_1400/images.spreaker.com/original/c38955526a739b8bac2a9f53e4759915.jpg,2026-08-10 06:35:42,7986682,confirmed,http://www.drmakedaansah.com,1786343742,3241875edfc20d93a3032be46ff3767c,6799857339.0,4,0,INDIVIDUAL
Rob and Dan,Rob and Dan,https://anchor.fm/s/115872d58/podcast/rss,Married. Best friends. Trashy.,Anchor,en,https://d3t3ozftmdmh3i.cloudfront.net/staging/podcast_uploaded_nologo/46461478/46461478-1785473124209-8272ee0d4f6f9.jpg,2026-08-10 06:31:49,7986681,confirmed,https://podcasters.spotify.com/pod/show/papa-gut1,1786343509,74e4624dd7d727439074d63fdd60cb79,6796586998.0,2,0,CORPORATE
Rick Chaffin,Rick Chaffin,https://www.spreaker.com/show/7251680/episodes/feed,"<a href=""https://rickchaffin6.wordpress.com/"" target=""_blank"" rel=""noreferrer noopener"">Rick Chaffin</a> is an accomplished City Manager with valuable experience leading municipalities through growth, organizational change, and strategic planning. Having also served as a Deputy City Manager, he has overseen multimillion-dollar budgets, managed large municipal teams, and implemented initiatives that strengthen city operations. Guided by integrity, transparency, and collaboration, Rick is committed to building high-performing organizations that deliver exceptional public service and create thriving communities.",Spreaker,en,https://d3wo5wojvuv7l.cloudfront.net/t_rss_itunes_square_1400/images.spreaker.com/original/f43f62ae9dfe616368ef01476ba7c2ab.jpg,2026-08-10 06:31:19,7986680,confirmed,https://www.spreaker.com/podcast/rick-chaffin--7251680,1786343479,6008c49916174ddd0d74ca0c51de16ae,,4,0,INDIVIDUAL
A Lent of the Lord of the Rings,A Fellow Pilgrim,https://anchor.fm/s/83a422c4/podcast/rss,"Reading J.R.R. Tolkien's ""The Lord of the Rings"" over the season of Lent. Read more reflections here: https://lentenlordoftherings.wordpress.com/",Anchor,en,https://d3t3ozftmdmh3i.cloudfront.net/production/podcast_uploaded_nologo/21985721/21985721-1644778389127-e01ccb3e5ed72.jpg,2026-08-10 06:30:23,7986679,confirmed,https://lentenlordoftherings.wordpress.com/,1786343423,f8e06a935718c95b2597baf4d6f45be0,,0,0,INDIVIDUAL
The Pick Is In Fantasy Football Mock Draft Show,Rocky Mountain Sports Network,https://feeds.transistor.fm/the-pick-is-in-fantasy-draft-show,"Your destination for weekly fantasy football expert advise without bias.  Enjoy Fantasy Drafts, Projections, Advice & Great Conversation!",Transistor,en,https://img.transistorcdn.com/xzv6SCFYOp7ZaCQmmXljUa_e91KWTjFE2eXlZLiRcwk/rs:fill:0:0:1/w:1400/h:1400/q:60/mb:500000/aHR0cHM6Ly9pbWct/dXBsb2FkLXByb2R1/Y3Rpb24udHJhbnNp/c3Rvci5mbS81OGZh/MGJiNmY2MTZlYzlm/OTIzODRhYjc0MGI4/ZDI0NS5wbmc.jpg,2026-08-10 06:18:54,7986675,confirmed,,1786342734,a1430563823f276cdb88ef534474bb4e,,4,0,CORPORATE
A Seat 4 2,Amanda Albright,https://anchor.fm/s/112e061dc/podcast/rss,"Sometimes all you need is someone to sit with.
A Seat 4 2 is your space to breathe, to feel less alone, and to be reminded that even on the hardest days — you are not without a friend.
Pull up a chair. I saved one just for you.
New episodes daily. A friend, whenever you need one.",Anchor,en,https://d3t3ozftmdmh3i.cloudfront.net/staging/podcast_uploaded_nologo/46016623/46016623-1779410743927-748d656337402.jpg,2026-08-10 05:59:13,7986669,confirmed,https://podcasters.spotify.com/pod/show/amandaatthompson0,1786341553,a888af0bff01c3adf53a57d70a97e062,1896799803.0,2,0,CORPORATE
The DeVone Holt Show,DeVone Holt,https://rss.buzzsprout.com/2636056.rss,"<p>DeVone Holt has spent his career in rooms where decisions are made — and he has spent even more time in the neighborhoods where those decisions land. </p><p><br></p><p><b>The DeVone Holt</b> Show brings those two worlds together and places them at the same microphone. That means it’s not uncommon to hear the politician and the voter, the developer and the activist, or the democrat and the republican on the same episode.</p><p><br></p><p>No shouting, no gotcha. Just straight questions, room to answer, and a commitment to follow up with real solutions.</p>",Buzzsprout,en-us,https://storage.buzzsprout.com/hr4wyud49w5p0z8ca7h5lmlmtai3?.jpg,2026-08-10 05:38:58,7986659,confirmed,http://DeVoneHolt.com,1786340338,133f521c8ca348262519d9bcbb0b329e,6799848926.0,4,0,INDIVIDUAL
Ramonsky Life Advice,RACK RAMONSKY,https://www.spreaker.com/show/7251548/episodes/feed,"Welcome to the ultimate playbook for leveling up every area of your life. This podcast is built for men who refuse to settle for average and are obsessed with reaching their absolute peak potential. We break down actionable self-improvement strategies, high-income skill development, and modern wealth-creation tactics designed to get you out of the rat race. Whether you are looking to build a resilient mindset, optimize your daily habits, or scale your income, we provide the raw, unfiltered roadmap to help you win.<br /><br />Physical presence and financial freedom go hand in hand. That’s why we dive deep into the science of appearance optimization—from grooming, style, and fitness to health protocols that maximize your confidence and presence in any room. Paired with practical insights on finance, side hustles, and smart investments, this show gives you the tools to transform both your dynamic status and your bank account. Subscribe now and start building the best version of yourself today.<br /><br />",Spreaker,en,https://d3wo5wojvuv7l.cloudfront.net/t_rss_itunes_square_1400/images.spreaker.com/original/68c2cd9e0e3c100bd865e865814e619c.jpg,2026-08-10 05:35:37,7986657,confirmed,https://www.spreaker.com/podcast/ramonsky-life-advice--7251548,1786340137,3014818c8f0ded3b56f2f3e3cc9285cd,,4,0,INDIVIDUAL
Running For Bananas,"Scott Affolder, Doug Golden, Allie Startup",https://anchor.fm/s/114a6e6e4/podcast/rss,"A running podcast where we ask the question: Why do you run for bananas, when do you run for bananas, where do you run for bananas, and how do you run for bananas? Or ... perhaps the real questions we aim to answer why do you run and how passionate are you about running. Do you drive your family crazy. Finally, what are you chasing or what are you running from?",Anchor,en,https://d3t3ozftmdmh3i.cloudfront.net/staging/podcast_uploaded_nologo/46314497/46314497-1783448834072-aa095e03ca84f.jpg,2026-08-10 05:11:58,7986653,confirmed,https://podcasters.spotify.com/pod/show/runningforbananas7,1786338718,ea54936771318c0bf7ed4b3f204be8d9,6799562132.0,2,0,CORPORATE
Full CORT Press,Ernesto Cortes,https://feeds.simplecast.com/3zYO94lV,Battle Rap Legend and Hip Hop Lyricist Cortez Presents FULL CORT PRESS where he dives into topics from Hip Hop & Spirts Latest News Cycles!,Simplecast,en,https://image.simplecastcdn.com/images/96b53e67-fd3a-4fc8-8813-b800a33897a8/16dd841b-109b-4868-b493-b9588aa4fa13/3000x3000/podcast_image.jpg?aid=rss_feed,2026-08-10 05:02:49,7986649,confirmed,https://should-rappers-get-jobs-full-cort-press.simplecast.com,1786338169,5edd44e67029f3fd86eaed04cb665aa2,6785978106.0,2,0,INDIVIDUAL
The Bruce Hagen Cast: Where Sports Meets The Law,Dickey Broadcasting Company,https://www.omnycontent.com/d/playlist/e04eefd4-7e66-4d07-9ab3-a93601155fb1/26c086fd-0f6f-4685-9e4b-ad0a014e572d/fca8b58d-17e7-44e6-8009-ad0b00ec6d52/podcast.rss,"Georgia Super Lawyer, and former college football player, Bruce Hagen joins 680 The Fan’s Chuck & Chernoff every week to discuss the most current news of the sports world crossing with the law.",Megaphone,en-US,https://www.omnycontent.com/d/playlist/e04eefd4-7e66-4d07-9ab3-a93601155fb1/26c086fd-0f6f-4685-9e4b-ad0a014e572d/fca8b58d-17e7-44e6-8009-ad0b00ec6d52/image.jpg?t=1718821861&size=Large,2026-08-10 04:49:48,7986647,confirmed,https://thepodcastpark.com/ads.txt,1786337388,1bbea7c711482e9a32131e43706050c0,1565813738.0,2,0,CORPORATE
Global Health,My Global Health Online,https://www.spreaker.com/show/7251489/episodes/feed,"Global Health provides trusted <a href=""https://www.myglobalhealth.online/ireland/medical-consultation"" target=""_blank"" rel=""noreferrer noopener"">online medical services in Ireland</a>, making quality healthcare more accessible through secure virtual consultations with experienced, licensed doctors. Our comprehensive telemedicine platform offers online GP consultations, specialist consultations, digital prescriptions, medical referrals, follow-up appointments, medical certificates where applicable, and expert healthcare advice, all from the comfort of your home. We are committed to delivering fast, convenient, and confidential care, helping patients receive timely medical support without the need to visit a clinic. Whether you need routine healthcare, ongoing treatment, or specialist guidance, Global Health is your trusted partner for reliable online healthcare across Ireland.",Spreaker,en,https://d3wo5wojvuv7l.cloudfront.net/images.spreaker.com/nuvolari-assets/light_blue_square_mic.jpg,2026-08-10 04:44:20,7986643,confirmed,https://www.spreaker.com/podcast/global-health--7251489,1786337060,83eb96aa7c845475574d650e6acc209c,,4,0,INDIVIDUAL
Too Many Board Game Rules,Morgan Kennedy,https://feeds.acast.com/public/shows/6a793a4e72138046c6697870,"<p>Learn board games before game night. </p><br><p>Too Many Board Game Rules is an audio-first podcast that teaches modern board games in a clear, conversational way so you can learn while driving, walking, exercising, commuting or doing chores. </p><br><p>Each episode focuses on a single game, explaining the rules in a logical order that's designed specifically for audio. </p><br><p>The goal is simple: everyone arrives at game night already knowing how to play. </p><br><p>Whether you're introducing the game to your group or just want to skip the lengthy rulebook explanation, Too Many Board Game Rules helps you get straight to playing.</p><hr><p style='color:grey; font-size:0.75em;'> Hosted on Acast. See <a style='color:grey;' target='_blank' rel='noopener noreferrer' href='https://acast.com/privacy'>acast.com/privacy</a> for more information.</p>",Acast,en,https://assets.pippa.io/shows/cover/1786328558650-89205578-4790-4997-96aa-69aef8d1ca25.jpeg,2026-08-10 04:41:09,7986638,confirmed,https://feeds.acast.com/public/shows/too-many-board-game-rules,1786336869,70898e7cd9492f8c2454dd37e15567ad,,0,0,INDIVIDUAL
Audio GA3-240202501-AA2-EV02,Jenifer Rivera,https://www.spreaker.com/show/7251484/episodes/feed,"Actividad sobre: trayectoria, planes, acciones y soluciones de su contexto académico y laboral.",Spreaker,en,https://d3wo5wojvuv7l.cloudfront.net/t_rss_itunes_square_1400/images.spreaker.com/original/7b3ee81acc5dd56ec903eaa2757e4a0c.jpg,2026-08-10 04:33:56,7986636,confirmed,https://www.spreaker.com/podcast/audio-ga3-240202501-aa2-ev02--7251484,1786336436,7aa72526460c1cb3a1146414609aaa51,,4,0,INDIVIDUAL
SDI Sales Academy (Public),Tom Cheetham,https://feeds.transistor.fm/sdi-sales-academy,This show is just for us AWESOME SDI Sales people and our AWESOME distributors. We hope you enjoy and learn lots! Happy selling!,Transistor,en,https://img.transistorcdn.com/sY2me43vFazBw7EJpSWqltqVwh1I_Cay3zCtNb5D8eM/rs:fill:0:0:1/w:1400/h:1400/q:60/mb:500000/aHR0cHM6Ly9pbWct/dXBsb2FkLXByb2R1/Y3Rpb24udHJhbnNp/c3Rvci5mbS81OGI3/YzJmNjc2ZDU2Yjgw/ZTY4Nzk5YWQ0Yjdi/ZmU3Zi5qcGc.jpg,2026-08-10 04:32:30,7986635,confirmed,,1786336350,3ba86fc0635d4fbc485218cbeb3354c5,,4,0,INDIVIDUAL
Daily news 38,Daniel,https://www.spreaker.com/show/7251416/episodes/feed,"News update everyday, politics, sports, wheater, world, bussines, healt, technology",Spreaker,en,https://d3wo5wojvuv7l.cloudfront.net/t_rss_itunes_square_1400/images.spreaker.com/original/078ceb18afba571932203b958716969f.jpg,2026-08-10 04:23:40,7986633,confirmed,https://www.spreaker.com/podcast/daily-news-38--7251416,1786335820,5856bf4eb8f307b4e6e7a90f3d1c77da,,4,0,INDIVIDUAL
class,Juan Ordoñez,https://www.spreaker.com/show/7251390/episodes/feed,class,Spreaker,en,https://d3wo5wojvuv7l.cloudfront.net/images.spreaker.com/nuvolari-assets/black_square_mic.jpg,2026-08-10 04:13:49,7986627,confirmed,https://www.spreaker.com/podcast/class--7251390,1786335229,c706d74cef91ba0da06e9b90c5331ff5,,4,0,INDIVIDUAL
C U N The Morning,Cletus Kassady,https://rss.buzzsprout.com/2634977.rss,<p>My horrible idea to give you too much of my personal business too often.</p>,Buzzsprout,en-us,https://storage.buzzsprout.com/7ye5k0hnhgbkpspy0kipv9guisy9?.jpg,2026-08-10 04:05:35,7986622,confirmed,,1786334735,4bdb31f1fe5ab668ea0a6be62bdbf1c2,,4,0,INDIVIDUAL
Western Audiobooks,Old Time Retro Radio,https://www.spreaker.com/show/7251161/episodes/feed,"Ride into the Old West with classic Western audiobooks featuring cowboys, outlaws, gunfighters, sheriffs, pioneers, ranchers, frontier towns, and unforgettable adventures across the American West. Listen to complete public-domain Western novels and frontier stories filled with cattle drives, wilderness survival, lawmen, bandits, revenge, romance, and life on the open range. Perfect for fans of Western audiobooks, cowboy stories, Wild West adventures, frontier fiction, classic Western novels, historical fiction, and American literature. New Western audiobooks added regularly.",Spreaker,en,https://d3wo5wojvuv7l.cloudfront.net/t_rss_itunes_square_1400/images.spreaker.com/original/2bd8d76314ad713d0af35d78a9669d85.jpg,2026-08-10 04:04:56,7986621,confirmed,https://thefreeaudiobooklibrary.com,1786334696,819ddeaea03255c757900b0b57a81699,,4,0,CORPORATE
She Walks with God,Kim splechter,https://rss.buzzsprout.com/2636121.rss,"<p>Bibilical devotionals that have come from real life circumstances.  From a Mother, Wife, Teacher, Disciple and former overseas missionary.</p>",Buzzsprout,en-us,https://storage.buzzsprout.com/bewxs0y57dpjbc3k1ltxrlsoewuj?.jpg,2026-08-10 04:02:08,7986619,confirmed,,1786334528,8de2447cf13540b70f00733b9c27e2e4,,4,0,INDIVIDUAL
shared human story™,Krystle Cobran,https://rss.buzzsprout.com/2636129.rss,<p>let's find our way through the imperfect in-between parts of life together. one shared story at a time. </p>,Buzzsprout,en,https://storage.buzzsprout.com/gu2eqtqz3f0wrsr1pk2dwexhy2bt?.jpg,2026-08-10 03:49:58,7986616,confirmed,http://www.listenwellwithkrystle.com,1786333798,2be8b2dd0acff744eb67a050c369765b,,4,0,INDIVIDUAL
A talk with leading ladies,Amber Schoop,https://anchor.fm/s/114d85b70/podcast/rss,"A Talk With Leading Ladies is the podcast about women in theater, 40+. Amber opens the conversation about the things we don't discuss openly enough: career, motherhood, perimenopause, ageism, feminism. Where do we find support — in the industry, in family and friends? Or are we still internalizing it: making a collective problem a personal one? Time to break the stigmas — one conversation at a time.",Anchor,en,https://d3t3ozftmdmh3i.cloudfront.net/staging/podcast_uploaded_nologo/46346908/46346908-1783889471817-8bdcf205d6f45.jpg,2026-08-10 03:46:14,7986613,confirmed,https://podcasters.spotify.com/pod/show/amberschoop1,1786333574,749f8679b0874f7d2f3daaf08d2e6923,6790932602.0,2,0,INDIVIDUAL
Bitch guess what,Brooke & Emerson,https://rss.buzzsprout.com/2634673.rss,"<p><em>Two best friends. Zero filters. Endless laughs. Join Brooke and Emerson as they dive into pop culture, life, relationships, hot takes, and whatever random topic comes up next.</em></p><p><br></p>",Buzzsprout,en-us,https://storage.buzzsprout.com/xmc6ygzxfajxrfzrj72inqv4y5l0?.jpg,2026-08-10 03:41:17,7986610,confirmed,https://www.buzzsprout.com/2634673,1786333277,3e131c9d316da10b83f4e54d9e1b307b,,4,0,CORPORATE
the broken ones - a podcast,Host,https://rss.buzzsprout.com/2636126.rss,"<p>Being broken isn’t the end of the story….this podcast doesn’t hide the struggle, it honours it…..this is where the power begins.</p>",Buzzsprout,en-au,https://storage.buzzsprout.com/dbr29lxec0qr8xo2k8p7c83n5mx2?.jpg,2026-08-10 03:34:25,7986606,confirmed,https://podcasters.spotify.com/pod/show/thebrokenones8,1786332865,8bdc616699f23d88b2577a97e2cad3bf,,4,0,INDIVIDUAL
Leans to the Left,K. Shive,https://anchor.fm/s/f9fc7304/podcast/rss,"A breakdown of what is going on in the world of American politics, from someone outside of that world. A perspective not from a journalist, pundit, politician, or lobbyist, but rather an everyday American with an observant eye, and life-long interest in political discourse, trying to make sense out of the state of US politics today. The show is called Leans to the Left because I am being honest and open about where my political leanings are, and acknowledging where my bias may lead to blind spots in my analysis.",Anchor,en,https://d3t3ozftmdmh3i.cloudfront.net/staging/podcast_uploaded_nologo/41840713/41840713-1724124605342-6a2fb15209806.jpg,2026-08-10 03:25:58,7986604,confirmed,https://podcasters.spotify.com/pod/show/stlcardsfan721,1786332358,008642b8f8c1fd2f331683ea2f2cf56c,1763184349.0,2,0,INDIVIDUAL
JHONATAN Audio. GA3-240202501-AA1-EV02.,Jhonatan Hernández,https://www.spreaker.com/show/7251251/episodes/feed,C,Spreaker,en,https://d3wo5wojvuv7l.cloudfront.net/images.spreaker.com/nuvolari-assets/yellow_square_mic.jpg,2026-08-10 03:22:27,7986602,confirmed,https://www.spreaker.com/podcast/jhonatan-audio-ga3-240202501-aa1-ev02--7251251,1786332147,3879fb635cc35c1d826269ac48d28408,,4,0,INDIVIDUAL
STEPS to a Meaningful Life,Morteza Ebrahimi,https://anchor.fm/s/115883e64/podcast/rss,"STEPS to a Meaningful Life is a podcast about mental health, personal growth, and living with purpose. Hosted by a registered counsellor and life coach, each episode offers practical, evidence-based insights to help you navigate life's challenges, build resilience, strengthen relationships, and improve your wellbeing. Whether you're seeking healing, self-discovery, or meaningful change, this podcast provides compassionate guidance and practical tools to help you take the next step toward a healthier, more fulfilling life.",Anchor,en,https://d3t3ozftmdmh3i.cloudfront.net/staging/podcast_uploaded_nologo/46462177/46462177-1785485280364-411e34e40cced.jpg,2026-08-10 03:08:20,7986596,confirmed,https://podcasters.spotify.com/pod/show/steps-to-a-meaningful-lif7,1786331300,4c47dc88485faaacda7c7583174105f8,6797473418.0,2,0,INDIVIDUAL
THE D'REAUX DIARY,Myri Dreaux,https://anchor.fm/s/114255368/podcast/rss,"What if the life you're looking for is waiting for you to become curious enough to find it? 
Welcome to The Dreaux Diary, a heart-to-heart podcast hosted by Myri Dreaux. Through the lens of a curious, ever-evolving Gemini, Myri shares real stories, honest lessons, and unfiltered conversations about life, love, wellness, personal growth, career goals, and everything in between. Whether you're healing, chasing dreams, navigating change, or simply figuring it out, this space is for you, no matter your age, gender, or zodiac sign.",Anchor,en-us,https://d3t3ozftmdmh3i.cloudfront.net/staging/podcast_uploaded_nologo/46229578/46229578-1783729224969-90ad3141017c4.jpg,2026-08-10 02:54:41,7986590,confirmed,https://podcasters.spotify.com/pod/show/dreauxdiary,1786330481,ef4d6bed993fb2039834fcf03980682d,6799491744.0,2,0,INDIVIDUAL
My Soap Operas have Suplexes,Ant Battle,https://rss.buzzsprout.com/2635488.rss,<p>A wrestling podcast from my point of view. Each week I talk about & breakdown 1 match. That match could come from anywhere. My wrestling taste is all over the place with tons of wrestling knowledge to pull from. </p>,Buzzsprout,en-us,https://storage.buzzsprout.com/21zlmt5k8jyytxbwovithwu5g99c?.jpg,2026-08-10 02:49:38,7986585,confirmed,,1786330178,497c7bcb8f4ff2037a5538746f413305,,0,0,INDIVIDUAL
Reps up,Tanner,https://anchor.fm/s/115a7e6b0/podcast/rss,Alterations into our journey with Christ,Anchor,en,https://d3t3ozftmdmh3i.cloudfront.net/staging/podcast_uploaded_nologo/46482924/46482924-1785890446497-ba281a848b907.jpg,2026-08-10 02:43:47,7986583,confirmed,https://podcasters.spotify.com/pod/show/reps26,1786329827,88cad3f88c0c8f2f88d9be03e30a62ad,6798094864.0,2,0,INDIVIDUAL
Finding The Edge with Steve Foster,Steve Foster,https://feeds.transistor.fm/finding-the-edge-with-steve-foster,"Finding the Edge with Steve Foster explores the mindset, habits, and defining moments that help extraordinary people achieve extraordinary results. Through conversations with leaders, entrepreneurs, athletes, and world champions, each episode uncovers practical lessons to help you discover your edge and become who you were built to be.",Transistor,en,https://img.transistorcdn.com/JAjRaK8fZkU9QUxrzrY5jqq3e3j9ZLnbJG8QaBHDRlA/rs:fill:0:0:1/w:1400/h:1400/q:60/mb:500000/aHR0cHM6Ly9pbWct/dXBsb2FkLXByb2R1/Y3Rpb24udHJhbnNp/c3Rvci5mbS9kZTZk/Mjc2M2Q0ZjY0YjRj/NDAwNmE5MGQzY2Fm/YjY3NS5wbmc.jpg,2026-08-10 02:43:44,7986582,confirmed,,1786329824,a936c45e0457036166bc552fa4b6ba56,,4,0,INDIVIDUAL
A Slightly Better Life,A Slightly Better Life,https://anchor.fm/s/115d096b4/podcast/rss,"Welcome to A Slightly Better Life – Your Grounded, No-Pressure Space for Growth.
Are you tired of ""hustle culture"" and unrealistic 30-day transformations? So am I. This channel is the home for my new podcast and video series, where we skip the toxic positivity and focus on what actually works: the quiet, tiny life shifts that you make every single day that improve your life!!!",Anchor,en-us,https://d3t3ozftmdmh3i.cloudfront.net/staging/podcast_uploaded_nologo/46509589/46509589-1786154541969-66ecab5a185ec.jpg,2026-08-10 02:42:52,7986581,confirmed,https://podcasters.spotify.com/pod/show/erinn8,1786329772,f478993c6517b620c549ee257f0dfd4e,6799539513.0,2,0,INDIVIDUAL
The Shepherds Sanctuary,The Conclave Network,https://rss.buzzsprout.com/2635997.rss,<p>A safe place for those who shepherd</p>,Buzzsprout,en-us,https://storage.buzzsprout.com/t3dbp9nckg3t24ql4l2m9h1i4opn?.jpg,2026-08-10 02:42:27,7986580,confirmed,http://www.conclavenetwork.org,1786329747,e8da6d931ddb6ff06a5e1fde3b625c01,,0,0,CORPORATE
The Fast Break Report,Clockwork Media,https://www.spreaker.com/show/7250644/episodes/feed,"I'm Jordan Cole. Every hour, I run through what actually happened in the NFL, NBA, MLB, and NHL: the scores, the injuries, the roster moves, the stuff that makes you go ""wait, really?"" When a betting line moves because of it, that's part of the story too. Fast, sharp, and honest about the fact that an umpire can eject a guy before the game even starts. Normal Tuesday stuff.",Spreaker,en,https://d3wo5wojvuv7l.cloudfront.net/images.spreaker.com/nuvolari-assets/orange_square_mic.jpg,2026-08-10 02:42:20,7986579,confirmed,https://www.spreaker.com/podcast/the-fast-break-report--7250644,1786329740,c979fc4bbccd44b651651687157028e7,,4,0,CORPORATE
Biblical Wisdom For strengthen faith,Steven furtick,https://www.spreaker.com/show/7251159/episodes/feed,"Steven Furtick Sermon: Biblical Wisdom for Strengthening Faith<br />Discover practical biblical wisdom designed to help you grow stronger in faith and trust God through every season of life. In this inspiring sermon, Steven Furtick shares powerful insights on trusting God, overcoming challenges, developing spiritual strength, and living with greater purpose.<br />This podcast is created to encourage, challenge, and remind you that your faith can remain strong even when life feels uncertain. Take time to listen, reflect on God's Word, and apply these lessons to your daily walk.<br />Listen, share, and subscribe for more inspiring Christian teachings and messages that strengthen your faith.",Spreaker,en,https://d3wo5wojvuv7l.cloudfront.net/t_rss_itunes_square_1400/images.spreaker.com/original/8788522ecc0a20b67b7b4c15339ba29a.jpg,2026-08-10 02:32:47,7986575,confirmed,https://www.spreaker.com/podcast/biblical-wisdom-for-strengthen-faith--7251159,1786329167,c905761c9922338a60f2644271ae2ddd,,4,0,INDIVIDUAL
The Business Engine,Paula Burgess,https://rss.buzzsprout.com/2636109.rss,"<p> The Business Engine Podcast helps business owners build businesses that run smoothly, perform at their best, and don't depend on them every single day. Join Paula Burgess for practical strategies, real business stories, and actionable insights on systems, leadership, and operations to help you spend less time putting out fires and more time building a business, and a life - you love. </p>",Buzzsprout,en-au,https://storage.buzzsprout.com/fpbkjh42s1zxlktlz8djrymq6q4v?.jpg,2026-08-10 02:29:52,7986571,confirmed,,1786328992,d93c2262c9779a054b99fb83a53dc89e,,4,0,INDIVIDUAL
"""Asking for Forgiveness"" w/ McKaylah Bristow",McKaylah Bristow,https://anchor.fm/s/1156ac3e8/podcast/rss,"Asking for Forgiveness is a journey of faith, creativity, and surrender. It explores the ways God reshapes our dreams, refines our gifts, and teaches us to create with purpose. Through honest reflections and creative lessons, this podcast invites you to embrace the process, trust God's direction, and discover the beauty of creating alongside Him.",Anchor,en,https://d3t3ozftmdmh3i.cloudfront.net/staging/podcast_uploaded_nologo/46442858/46442858-1785239313724-a9852c1bccda2.jpg,2026-08-10 02:28:33,7986570,confirmed,https://podcasters.spotify.com/pod/show/mckaylah-bristow1,1786328913,8c268a7a0c874d43f1b7cca921e3c54b,6797260980.0,2,0,INDIVIDUAL
GSS Unpacked,Lis and Wegs,https://rss.buzzsprout.com/2633664.rss,"<p> A podcast for GSS staff, by GSS staff—sharing practical ideas, fresh thinking and the stories behind great teaching. </p>",Buzzsprout,en-au,https://storage.buzzsprout.com/lf4yfk86q783v89kalhm0tdetbub?.jpg,2026-08-10 02:08:50,7986560,confirmed,,1786327730,cf9177ef327af2ce60591f8feb7c86a8,,4,0,CORPORATE
Sweet Talk & Side Eye Podcast,Sidney & Fabi,https://rss.buzzsprout.com/2636008.rss,<p>Two best friends with no filter.</p>,Buzzsprout,en-us,https://storage.buzzsprout.com/ontwtjpg2e3hvvjzori8t3gb7e7l?.jpg,2026-08-10 02:04:56,7986557,confirmed,,1786327496,06a9a274f34a5a652577d2a78e9c9c8d,,4,0,CORPORATE
The Connolly Law Office Podcast,Sean P. Connolly,https://feeds.transistor.fm/the-connolly-law-office-podcast,Attorney Sean Connolly discusses overweight truck defense and other traffic related issues with guests.,Transistor,en,https://img.transistorcdn.com/ZZ55IeeJfzVHx1QsVXMPlb0MHwxB5bAk0_A_SIw6bKk/rs:fill:0:0:1/w:1400/h:1400/q:60/mb:500000/aHR0cHM6Ly9pbWct/dXBsb2FkLXByb2R1/Y3Rpb24udHJhbnNp/c3Rvci5mbS81ZmZl/ZTU4YmNiZDM3ZWYx/NTBhNTRlZDcxOWRk/MGY5ZS5wbmc.jpg,2026-08-10 01:56:55,7986554,confirmed,,1786327015,10e1d94bbd96753763defefd1a721160,,4,0,INDIVIDUAL
The ROB.GREEN Podcast,ROB.GREEN,https://anchor.fm/s/1157f82d8/podcast/rss,"<p>A video podcast by singer and songwriter <a href=""http://ROB.GREEN"" target=""_blank"">ROB.GREEN</a> - a self-managed singer/songwriter sharing an in depth, open hearted insight into the experience of building his first album and third UK tour in real time.</p><p></p><p></p>",Anchor,en,https://d3t3ozftmdmh3i.cloudfront.net/staging/podcast_uploaded_nologo/46456454/8fe312daf334646c.jpg,2026-08-10 01:54:04,7986551,confirmed,www.robgreenmusic.com,1786326844,ad68d26c4c00edd322435d346f6940e3,1870109212.0,2,0,INDIVIDUAL
Underneath,Flora,https://anchor.fm/s/115a50404/podcast/rss,"Underneath is a podcast by Flora, a high school student who believes psychology shouldn't stay in textbooks. Each episode, she takes real emotions from real life — anxiety, uncertainty, loneliness, or whatever comes up — and looks at them through a psychological lens. Not as an expert, but as someone figuring it out alongside you. It's honest, unscripted, and hopefully a little helpful. Subscribe if you want to dig deeper into what's going on underneath.",Anchor,en,https://d3t3ozftmdmh3i.cloudfront.net/staging/podcast_uploaded_nologo/46481033/46481033-1785769037456-b62f65e7069f.jpg,2026-08-10 01:50:16,7986548,confirmed,https://podcasters.spotify.com/pod/show/flora9558,1786326616,f168f063708e30bc657ebc41ebbeae8d,6797586813.0,2,0,INDIVIDUAL
Pathways to Success,Shawn Hudson,https://rss.buzzsprout.com/2636100.rss,"<p><b>Pathways to Success</b> is a higher education podcast designed to help students navigate the college experience with greater confidence and clarity. From financial aid and academic progress to campus resources, career readiness, and student support, each episode breaks down important topics into practical, easy-to-understand information. <em>Pathways to Success</em> also explores how higher education professionals can work together to create meaningful connections and help students identify their next step. Because sometimes, finding the right path begins with simply knowing where to go next. </p>",Buzzsprout,en-us,https://storage.buzzsprout.com/lwgjluchxdpb1owxjmmty19kgp8m?.jpg,2026-08-10 01:47:59,7986544,confirmed,,1786326479,071011510ac3d43942481c6889105a36,,4,0,INDIVIDUAL
Solo Sports With Anthony McAvoy,Solo Sports With Anthony McAvoy,https://anchor.fm/s/1157081d4/podcast/rss,"Anthony McAvoy gives his thoughts and opinions on some of the biggest stories in the sports world. Going over everything from College Football to Baseball, Basketball, Hockey, and anything in between: Solo Sports will become you're next favorite sports show!",Anchor,en,https://d3t3ozftmdmh3i.cloudfront.net/staging/podcast_uploaded_nologo/46446621/46446621-1785278274628-f791dee74150c.jpg,2026-08-10 01:44:28,7986542,confirmed,https://podcasters.spotify.com/pod/show/dcp-podcast3,1786326268,6cc51b2b2fc03e4a40db45462abd8e59,6799531397.0,2,0,CORPORATE
Things We Feel,Things We Feel,https://anchor.fm/s/1150f4dd8/podcast/rss,"Honest conversations about the emotions that shape our lives.
From love and loss to healing, hope and everything in between, Things We Feel explores the stories, experiences and conversations that remind us we're never alone in what we feel.",Anchor,en-gb,https://d3t3ozftmdmh3i.cloudfront.net/staging/podcast_uploaded_nologo/46382918/46382918-1784386622267-672ab1112e448.jpg,2026-08-10 01:31:53,7986537,confirmed,https://podcasters.spotify.com/pod/show/things-we-feel1,1786325513,e7ed68ede3ed26428d6a78f9a2c73198,6799364489.0,2,0,INDIVIDUAL
The Collect Don't Borrow Podcast,Custom ChiroSolutions,https://anchor.fm/s/115c2cef8/podcast/rss,"Welcome to the Collect Don't Borrow Podcast, the definitive podcast hosted by Dr. John Davila of Custom ChiroSolutions. Designed for healthcare providers, compliance officers, and office staff, this channel provides the vital strategies, expert insights, and compliance based references needed to protect your practice from audits and regulatory scrutiny. Each week, Dr. Davila breaks down real-world compliance stories, analyzes shifting insurance landscapes, and translates complex coverage policies into actionable staff training protocols.",Anchor,en-us,https://d3t3ozftmdmh3i.cloudfront.net/staging/podcast_uploaded_nologo/46500558/46500558-1786030751037-1fcc1be259ae3.jpg,2026-08-10 01:17:06,7986525,confirmed,https://podcasters.spotify.com/pod/show/custom-chirosolutions4,1786324626,7ceb216f331083e0251ae79e2ac1ee9b,6798884727.0,2,0,INDIVIDUAL
Eddy Orinda's Podcast,"Eddy Orinda, Scholar",https://rss.buzzsprout.com/2632194.rss,"<p>County-Owned Enterprises (COEs) in Kenya require a legal model that <b>balances strict public accountability with commercial flexibility</b> to drive public wealth creation. Under the current devolved system, COEs frequently fail due to political interference, overlapping regulatory oversight, and weak financial management. Resolving these challenges demands a specialized legal framework that clearly separates county executive politics from the commercial operations of the . This Podcast discourse is intended to seek answers to<b> </b><b><em>Rethinking Corporate Governance Frameworks for County-Owned Enterprises in Kenya: A Legal Model for Sustainable Devolution and Public Wealth Creation.</em></b></p><p><br></p><p><b>The Podcast Mission</b>: To position this platform as the blueprint for fixing the leak in Kenya's devolution bucket to turn public assets into wealth generators.</p><p><br></p><p><br></p><p><br></p>",Buzzsprout,en-us,https://storage.buzzsprout.com/uf42nz1cxy0azzmsgj5s5g77niyt?.jpg,2026-08-10 01:14:08,7986521,confirmed,,1786324448,9cce586b7f88d83e63fe37a953f26d6d,,4,0,INDIVIDUAL
Watch Us Now,VaShaun Jones & Eric Smith,https://rss.buzzsprout.com/2636070.rss,"<p>VaShaun Jones, Visionary of Fedora Outlier LLC, and Eric Smith — of the Epitome Show Band and the nonprofit LEOTO — take this show around the world, talking technology, braille, and culture with the people actually living it. Different countries, different languages, same three arguments. We always end up back in Georgia, which is either home base or the scene of the crime, depending on the week.</p><p><br></p><p>Keeping us vaguely on topic is the crazy and exciting Nicole Myrick, who moderates the way a fire marshal moderates a grease fire: loudly, and with mixed results.</p><p><br></p><p>We also bring on guests. Interesting ones. We're as surprised as you are that they keep saying yes.</p><p><br></p><p>New episodes whenever we land somewhere with decent Wi-Fi. Watch us now.</p>",Buzzsprout,en-us,https://storage.buzzsprout.com/gm5mevw0w7zbwoxjqti54igiit8c?.jpg,2026-08-10 01:03:45,7986517,confirmed,,1786323825,f889c2ef0a12df43534d1dd66a42dc94,,4,0,CORPORATE
Politely Toxic,JJ Woods,https://anchor.fm/s/1143acf68/podcast/rss,"Politely Toxic is where sharp commentary, dark psychology, manipulation, relationships, toxic behavior, accountability, and modern social dynamics collide.
Hosted by JJ Woods, the show breaks down the red flags people ignore, the manipulation tactics people miss, and the uncomfortable truths most people are too afraid to admit.
New episodes weekly.
If you value truth over comfort… you’re in the right place.",Anchor,en,https://d3t3ozftmdmh3i.cloudfront.net/staging/podcast_uploaded_nologo/46243658/46243658-1782426877499-2d173f9f67b48.jpg,2026-08-10 01:03:14,7986516,confirmed,https://podcasters.spotify.com/pod/show/politely-toxic7,1786323794,8a7e2de17959c5fc1222eee5e5ac5ade,6784482951.0,2,0,INDIVIDUAL
"attitudes, beliefs and obligations",Katherin Palacios,https://www.spreaker.com/show/7251020/episodes/feed,"Description of my attitudes, beliefs, and obligations in the work and academic context.",Spreaker,en,https://d3wo5wojvuv7l.cloudfront.net/t_rss_itunes_square_1400/images.spreaker.com/original/46b8aeb411489e292b09dc1d11f5b152.jpg,2026-08-10 01:01:45,7986515,confirmed,https://www.spreaker.com/podcast/attitudes-beliefs-and-obligations--7251020,1786323705,02bae5bf3a1e69d546166023b9b69931,,4,0,INDIVIDUAL
The Empowered Thyroid Podcast,"Dr. Rachel Vong, ND",https://rss.buzzsprout.com/2636050.rss,"<p>Have you been told your thyroid labs look ""normal,"" but you still feel exhausted, struggle to lose weight, have brain fog, hair loss, bloating, anxiety, or just don't feel like yourself anymore?</p><p><br></p><p>You're not imagining it, and you're certainly not alone.<br><br></p><p>Welcome to <b>The Empowered Thyroid Podcast</b>, where we go beyond TSH and thyroid medication to uncover what's really driving hypothyroidism and Hashimoto's.<br><br></p><p>I'm <b>Dr. Rachel Vong</b>, a naturopathic doctor who has spent more than a decade helping women with thyroid disease uncover the root causes behind their symptoms. Every week, I'll break down complex thyroid topics into simple, practical conversations that actually make sense, so you can better understand your body and finally feel empowered to take control of your health.<br><br></p><p>We'll cover topics like:</p><p>• Why you still feel terrible on thyroid medication</p><p>• Hashimoto's, thyroid antibodies, and the immune system connection</p><p>• The full thyroid panel your doctor probably isn't running (and what the numbers actually mean)</p><p>• How gut health, liver function, blood sugar, hormones, and stress all impact your thyroid</p><p>• Weight loss with hypothyroidism</p><p>• Fertility, pregnancy, and postpartum thyroid health</p><p>• Fatigue, brain fog, anxiety, hair loss, and more<br><br></p><p>Most importantly, this podcast is here to remind you that <b>there is always a reason why you feel the way you do.<br></b><br></p><p>Because when you understand your body, you can advocate for yourself with confidence and that's where healing begins.</p>",Buzzsprout,en-ca,https://storage.buzzsprout.com/e1qfmoiq1fuet58sk5xkh6uodgtr?.jpg,2026-08-10 00:59:26,7986512,confirmed,,1786323566,394ad6a7226089528ca7ba6b01da9215,,4,0,INDIVIDUAL
Sky is the Limit,Sky Rueff,https://feeds.simplecast.com/5Gtwa2Jh,"Sky is the Limit, hosted by Sky Rueff. Engineer by training, obsessive by disposition. He spent three years building and testing a space farming payload out of a university lab, flew it past 100,000 feet, and now works systems engineering on an uncrewed lunar lander. He's also an audiophile, a drone builder and racer, and designs the things he prints. The show covers all of it, plus the questions that don't have hardware answers. What consciousness is. What reality is made of. Whether you're actually deciding anything. Complicated topics discussed the way they should be, digestible and understandable to anyone. The real limit is where you stop wondering.",Simplecast,en,https://image.simplecastcdn.com/images/96b53e67-fd3a-4fc8-8813-b800a33897a8/c5f2f761-0f38-4217-a92d-f43676ad9f02/3000x3000/podcast_image.jpg?aid=rss_feed,2026-08-10 00:52:28,7986510,confirmed,https://sky-is-the-limit.simplecast.com,1786323148,d59f43810b4f05424899c3e7f72b34d0,6791986239.0,2,0,INDIVIDUAL
the career experiment,Georgie Mannix,https://www.spreaker.com/show/7251053/episodes/feed,"two kids with no idea of what they want to be when they grow up, interview people with all types of jobs so you don’t have too",Spreaker,en,https://d3wo5wojvuv7l.cloudfront.net/t_rss_itunes_square_1400/images.spreaker.com/original/ce13197d002035d63fd932e595359de5.jpg,2026-08-10 00:50:48,7986509,confirmed,https://www.spreaker.com/podcast/the-career-experiment--7251053,1786323048,ba711c0e82e90e77fb6ea177e1b47b72,,4,0,INDIVIDUAL
Wild Logic,Marissa Guerra,https://rss.buzzsprout.com/2632090.rss,"<p>The podcast where soul work meets smart thinking. Where we explore the messy science of personal growth, yoga philosophy and spirituality. Where we investigate the lessons that shape who we’re becoming and navigate life's beautiful chaos together.</p>",Buzzsprout,en-us,https://storage.buzzsprout.com/6i2xf8xdy2s30d3zjx5rtdkquo6q?.jpg,2026-08-10 00:44:02,7986507,confirmed,,1786322642,f496a2dd976f03808523d39419f4ba55,,4,0,INDIVIDUAL
Human + AI by Innovation Lounge,Yvon,https://rss.buzzsprout.com/2636062.rss,"<p>Human + AI by Innovation Lounge explores what it actually means to work and live alongside artificial intelligence — not through hype, but through evidence.<br><br>Twice a week, we bring you one focused insight drawn from the latest research, case studies, and real-world findings. No filler. No evergreen advice. Just what's new, what the data shows, and what you can do with it.<br><br>Tuesday episodes cover AI at work — how organizations, teams, and leaders are using AI and agentic systems to improve performance, decision-making, and human capability.</p><p>Saturday episodes cover AI for life — how artificial intelligence is advancing the five dimensions of human flourishing: physical health, mental wellbeing, skills and learning, social connection, and meaning.<br><br>Produced by Innovation Lounge — dedicated to advancing Human+AI teaming through evidence-based research and human-centered solutions.</p>",Buzzsprout,en-us,https://storage.buzzsprout.com/sjhjrrbblfef3z5gunsi2q4b4c0p?.jpg,2026-08-10 00:43:51,7986506,confirmed,https://www.innovationlounge.app/podcast,1786322631,b33fcac655897ca4309ecb3c11b4f965,,4,0,INDIVIDUAL
"Travel the world with kids, by kids!",Stokes brown,https://rss.buzzsprout.com/2307376.rss,"<p>Exploring the world with kids is not easy so you have come to the right place! Here we will talk about tips, places to stay and recommendations for the area you want to stay. By the way I am a kid!</p>",Buzzsprout,en-us,https://storage.buzzsprout.com/94so48k0suz9x39eses50z3r4wfk?.jpg,2026-08-10 00:39:47,7986505,confirmed,https://www.buzzsprout.com/2307376,1786322387,e5bc567bd525c2f518d7719141597795,,4,0,INDIVIDUAL
The Operator's Canon,Brian Kasday,https://feeds.transistor.fm/the-operators-canon,"One real business problem, and one idea that's outlived every trend — worked all the way through. No hype: Brian Kasday and his co-host take an enduring marketing principle out of the seminar and into a business you'd actually recognize, and end every episode with one concrete move you can make Monday. From MMS Vegas and The Operator's Library at mmsvegas.com.",Transistor,en,https://img.transistorcdn.com/RT1NlzPUfilCIWuUQXfgAR_CSi3-r302w10PpaEXV50/rs:fill:0:0:1/w:1400/h:1400/q:60/mb:500000/aHR0cHM6Ly9pbWct/dXBsb2FkLXByb2R1/Y3Rpb24udHJhbnNp/c3Rvci5mbS9jM2E0/MDA5N2EzMWVlYTVk/NTNiYTIwYThlY2Yy/NTQ2YS5wbmc.jpg,2026-08-10 00:38:39,7986503,confirmed,,1786322319,1bf407f1a6e1cf1cf871b3d85f6b4cc7,,4,0,INDIVIDUAL
Eternal Fire Ministries (Season 2) 26-27,Eternal Fire Ministries,https://www.spreaker.com/show/7238687/episodes/feed,"This broadcast, is created for those seeking the Full Revelation of Jesus Christ. Those who are seeking knowledge and understanding of his Spirit. We provide Spiritual food, for those looking to get equip, become into maturity of Jesus Christ, and advance towards pursuing his full Kingdom mandate through us His Sons.",Spreaker,en,https://d3wo5wojvuv7l.cloudfront.net/t_rss_itunes_square_1400/images.spreaker.com/original/9fc27410feff6b021e6abdb5ff4376fe.jpg,2026-08-10 00:37:45,7986501,confirmed,https://eternalfireministries.supapass.xyz,1786322265,466645072758defb1d2038314bfcccc4,,4,0,CORPORATE
The Powered Podcast,PoweredbySpencer,https://anchor.fm/s/115381b28/podcast/rss,"Greatness isn't born, it isn't found; it's built. But before it can be built, it must be designed. The Powered Podcast is an exploration into the science of human performance, human potential, and the principles that separate high achievers from everyone else. Whether you're an athlete, entrepreneur, artist, executive, or simply committed to becoming the best version of yourself, each episode is designed to help you think deeper, perform better, and give you the strategies, systems, and frameworks to design and power your own greatness.",Anchor,en,https://d3t3ozftmdmh3i.cloudfront.net/staging/podcast_uploaded_nologo/46409658/46409658-1784917859983-981e462a0abd9.jpg,2026-08-10 00:17:24,7986494,confirmed,https://podcasters.spotify.com/pod/show/thepoweredpodcast,1786321044,f9e9b54c0b4ada49df534f076833c00b,6794502790.0,2,0,INDIVIDUAL
AI Breakdown,Varun Sirohi,https://feeds.simplecast.com/tRbENAd5,"AI Breakdown: practical AI for small and mid-sized business. Real tools, real numbers, no hype — from the SMB AI Podcast.",Simplecast,en,https://image.simplecastcdn.com/images/fc5e959f-15d6-4c3d-adce-44471d248d64/2c5f77c9-a1ac-4efa-b9f4-3525d27bda12/3000x3000/smb_ai_podcast_square_post_1.jpg?aid=rss_feed,2026-08-10 00:12:44,7986493,confirmed,https://smb-ai-podcast.simplecast.com,1786320764,ad723dfb4e1d536777710470f002c0de,6799578599.0,2,0,INDIVIDUAL
The Half Of It,Chelsea & Kate,https://rss.buzzsprout.com/2636069.rss,"<p><b>The Half of It</b> is what happens when two sisters who found each other later in life realize they have a lot more in common than DNA — including a love of crime, weird stories, family mysteries, dark humor, and asking way too many questions.</p><p>Chelsea and Kate share the same biological father, but grew up completely separate. Now they talk every day, usually about something bizarre, suspicious, hilarious, or all three.</p><p>Some episodes dig into cold cases and strange crimes. Some unravel stories from their own family. Some are just the two of them trying to understand how two people who barely knew the other existed can somehow sound alike, think alike, and have an alarming number of the same quirks.</p><p>They may not know the whole story.</p><p>But they’ve got <b>The Half of It</b>.</p>",Buzzsprout,en,https://storage.buzzsprout.com/jos2pm0z32jn1164233dwqvxjcb8?.jpg,2026-08-10 00:06:45,7986491,confirmed,https://www.buzzsprout.com/2636069,1786320405,5f7645e6417e309d80dbcb87dc581c7a,,0,0,CORPORATE
Echoes of the Ranks Podcast: Remembering Our Family Veterans,Lisa Renee King,https://feeds.transistor.fm/echoes-of-the-ranks-podcast-remembering-our-family-veterans,"Hello! Welcome to the Echoes of the Ranks Podcast. We are here to PROTECT OUR LEGACY — PRESERVE OUR HISTORY — SECURE OUR FUTURE.  This podcast explores our family history, ranging from the Civil War to the present day. We share family stories, explore veteran recollections from historical letters, and celebrate stories of hope, love, and triumph. Guest appearances and discussions support the preservation of valuable family heirlooms, documents, and pictures. We also provide information about vital resources, mental health support, and navigating challenges like PTSD.
Our goal is to create a space where veterans, friends, and family members can find support by sharing our history, protecting our legacy, and ensuring that future generations never forget the sacrifices made by our families through the centuries.   For more information Contact us:
CEPSFOUNDATION2@gmail.com. PayPal.me/ceps2016 LOOK FOR MY BOOKS ON AMAZON BY CLICKING THE LINKS BELOW THE MENU",Transistor,en,https://img.transistorcdn.com/fIbJnW0cMLUhQacopxNteJCmKdkwA0GH05GgOO1DM-k/rs:fill:0:0:1/w:1400/h:1400/q:60/mb:500000/aHR0cHM6Ly9pbWct/dXBsb2FkLXByb2R1/Y3Rpb24udHJhbnNp/c3Rvci5mbS8xYWIz/ZWEwYzRiYWIyY2E0/ZTlkZDFkMTMwYmFi/NzBlZC5wbmc.jpg,2026-08-10 00:05:16,7986489,confirmed,,1786320316,5b3fe204850cd6e4fb48a23b6d16975d,,4,0,INDIVIDUAL
Community Standards,Tony,https://rss.buzzsprout.com/2636041.rss,"<p>A true crime podcast about how malicious actors think, and the behavioral signals that enable us to find them. I spent close to eight years as a military Psychological Operations officer, learning how adversaries think and how to change their behavior. I took those skills to Silicon Valley, where I use them to protect users. This show takes you inside a world you thought only existed in movies: malicious actors taking the features you use every day and turning them into a playground for exploitation.</p>",Buzzsprout,en-us,https://storage.buzzsprout.com/f3qhpj6trjwkwi13of3iuy3j0yik?.jpg,2026-08-10 00:05:06,7986488,confirmed,https://communitystandards.buzzsprout.com,1786320306,d66f04f60cecba96db7b0cc4b799ffb5,,4,0,INDIVIDUAL
"Butterflies, Birds and Synchronicities",Navi,https://feeds.transistor.fm/butterflies-birds-and-synchronicities,Life turns magical and amazing once you start tuning in. The universe starts reflecting back to you forms of your growth and transformation. I have been seeing butterflies everyday in all forms. Birds have also been appearing in a way to show me life does not end when someone dies but remains eternally present in spirit. Join me on this deep exploration of my experiences involving the extraordinary language of synchronicities.,Transistor,en-us,https://img.transistorcdn.com/oLxPP4A96A7pAwKkUu0alKpkh3TdX0q4b0pa0wBKSEA/rs:fill:0:0:1/w:1400/h:1400/q:60/mb:500000/aHR0cHM6Ly9pbWct/dXBsb2FkLXByb2R1/Y3Rpb24udHJhbnNp/c3Rvci5mbS8wY2Q0/OWFkNDI0YzAzM2E3/MGVkNTg5ZDU0OTM5/ODcyZC5qcGc.jpg,2026-08-09 23:58:42,7986485,confirmed,https://podcasters.spotify.com/pod/show/navi189,1786319922,f35e589b6fe6b2813c9327f1bbd64372,,4,0,INDIVIDUAL
Doug and Scott's Rockcast,Dagu,https://rss.buzzsprout.com/2633031.rss,<p>Discuss classic rock</p>,Buzzsprout,en-us,https://storage.buzzsprout.com/6uyva8r8e68wvjidkxl7gomxfbbm?.jpg,2026-08-09 23:38:43,7986478,confirmed,,1786318723,18b22071f750608952f1bbda71c00b26,,4,0,INDIVIDUAL
The Shepherd's Table,Matthew Robinson,https://anchor.fm/s/11330fb74/podcast/rss,"The Shepherd's Table is a place where widowers can gather, find understanding, and discover hope. Through honest conversations about grief, faith, healing, and life's unexpected challenges, we create a community where no one has to walk alone. Rooted in Christ's love but welcoming to all, this podcast offers encouragement, practical wisdom, and a safe space to listen, learn, and be heard. Whether you're newly grieving or years into your journey, there's always a seat for you at The Shepherd's Table.",Anchor,en,https://d3t3ozftmdmh3i.cloudfront.net/staging/podcast_uploaded_nologo/46069445/46069445-1780189808164-cb66db0e924cc.jpg,2026-08-09 23:37:36,7986477,confirmed,https://podcasters.spotify.com/pod/show/matthew-robinson,1786318656,348a510df2e004bfa0021df5ddfa3090,1896941805.0,2,0,INDIVIDUAL
The Music Vault - Unreleased. Live. Acoustic. The songs you weren't supposed to hear,Jesse Smith,https://feeds.redcircle.com/2bd02c8b-f058-4783-836e-cbe6fa0d5656,"Welcome to *The Music Vault* , the podcast dedicated to uncovering music's hidden gems. Every episode features a carefully curated collection of *unreleased recordings, rare demos, live performances, acoustic sessions, alternate takes, and forgotten recordings* from artists across every genre.
Whether you're a lifelong music collector or simply love discovering something new, The Music Vault takes you beyond the studio albums to explore the stories behind the songs. From intimate unplugged performances and exclusive live recordings to hard-to-find tracks and legendary bootlegs, every episode celebrates the raw emotion and authenticity that make these recordings unforgettable.
If you love hearing music the way it was first imagined—or performed only once—you've found your home.
*New episodes every week.*
*Unlock the vault. Discover the music you've been missing.*",Spotify for Podcasters,en-US,https://media.redcircle.com/images/2026/8/6/17/0f3657c5-7988-4ede-9d4b-152305925b80_the_music_vault_live_1400x1400.jpg,2026-08-09 23:31:23,7986475,confirmed,https://redcircle.com/shows/the-music-vault-unreleased-live-acoustic-the-songs-you-werent-su,1786318283,eb7201582c6f2ef3e2ab3e4c88e4da3a,,4,0,CORPORATE
Yellowstone National Park: Six Early Pieces,Various,https://www.spreaker.com/show/7052568/episodes/feed,"Lost in the wilderness of The Yellowstone for over a month, nearly dying of starvation and wild animal attack, despairing of ever finding his way out. Here are six relatively unknown early pieces about the U.S.A.’s first national park. The first is a U.S. Geological booklet about initial exploration and Congress’s institution of the park. The next two are articles from Scribner’s Monthly, 1871, a very popular magazine of the time, describing the park’s features (vol 2 #1 pp 1-17 and vol 2 #2 pp 113-128) . The fourth piece is a narrative by the leader of the exploratory expedition described in the first piece, H.V. Hayden (Scribner’s Monthly, vol 3#2 pp 388-396, February 1872) The fifth piece is a lecture on the park by a very popular lecturer and writer, 1900 (John L. Stoddard’s Lectures, vol 10). The last piece is a man’s first-person narrative of his being lost in the Yellowstone wilderness for thirty-seven days, 1871, Scribner’s Monthly again (vol 3#1). - Summary by david wales",Spreaker,en,https://d3wo5wojvuv7l.cloudfront.net/t_rss_itunes_square_1400/images.spreaker.com/original/56eb9373f3c0956c6e914d8012195e85.jpg,2026-08-09 23:16:43,7986469,confirmed,https://www.spreaker.com/podcast/yellowstone-national-park-six-early-pieces--7052568,1786317403,cbf0786397cbdb68c7b12d1ce0321aaf,,4,0,INDIVIDUAL
Ways of Awe,Maia Brown & Shelby Handler,https://rss.buzzsprout.com/2635773.rss,"<p><b>Weaving together interpretative translations, research, interviews, and sounds, Ways of Awe is a queer anti-Zionist audio companion for the Jewish High Holidays. Join talmud scholars, rabbis, and artists as they unearth the meanings, grammar, and ancient gossip inside the holiest prayers of the Jewish year. Created by Maia Brown and Shelby Handler, these audio collages range from meditative to liberatory, grief-stricken to playful, irreverent to awestruck, and from the ancestral to the immediate.</b></p>",Buzzsprout,en-us,https://storage.buzzsprout.com/2myo2qmx1vnve2z3ekvrsyyb755z?.jpg,2026-08-09 23:14:32,7986468,confirmed,https://signalfirecoop.org/ways-of-awe,1786317272,6c0e58992f5a8e0f5f282ecab5c05d01,6799782104.0,0,0,CORPORATE
strong.ER after 40,Ashley Briana Eve,https://anchor.fm/s/115237efc/podcast/rss,"strong.ER After 40 is a podcast about health, capacity and human flourishing for women who refuse to make their lives smaller with age.
Hosted by Positive Psychology & Nervous System Coach for Women, Ashley Briana Eve, we explore the science & practice of building a stronger foundation — from strength & nutrition to nervous-system capacity, positive psychology, and the pursuit of meaningful goals.
Because accomplishment alone doesn’t create a good life.
And health isn’t simply another goal to achieve.
Health is the foundation. Capacity is what we build. Flourishing is what becomes possible.",Anchor,en,https://d3t3ozftmdmh3i.cloudfront.net/staging/podcast_uploaded_nologo/46396151/46396151-1786310232222-9ed3244557891.jpg,2026-08-09 23:13:32,7986467,confirmed,https://podcasters.spotify.com/pod/show/ashley-briana-eve18,1786317212,cc57f8c0cb6ff873f6623dc744a95471,6793296102.0,2,0,INDIVIDUAL
The Right Field,Tel It Right Communications,https://www.spreaker.com/show/7250792/episodes/feed,"A conservative sports show from the host of The Right Side Raido Show, Jack Fairchilds. Expect sports takes with a conservative lean.<br /><br />This show plans to be a biweekly/monthly show. ",Spreaker,en,https://d3wo5wojvuv7l.cloudfront.net/t_rss_itunes_square_1400/images.spreaker.com/original/4ed2e56d0f1e76b0061301ba313fe095.jpg,2026-08-09 23:06:50,7986462,confirmed,https://www.spreaker.com/podcast/the-right-field--7250792,1786316810,81135a4b4cd2612d5ed8f1f6cf5c8cc3,,4,0,INDIVIDUAL
The Lex Effect Podcast,Alexis,https://rss.buzzsprout.com/2635247.rss,"<p>Welcome to <b>The Lex Effect Podcast</b>.</p><p><br></p><p>I'm Alexis Lee'nese, and this is the kind of conversation that feels like catching up with your homegirl after a long week.</p><p><br></p><p>Every week we're talking about real life the messy middle, relationships, purpose, faith, healing, motherhood, career, growing pains, and all the moments that make us stop and ask, <em>""Girl... now what?""</em></p><p><br></p><p>Some episodes will have you laughing because life is genuinely hilarious. Some will challenge the way you see yourself. Others might just give you the encouragement you didn't know you needed that day.</p><p><br></p><p>I don't have life all figured out, and that's kind of the point. I'm just a woman becoming, inviting you into honest conversations that remind us we're not alone while we figure it out.</p><p><br></p><p>So if you're looking for a space that's equal parts real, reflective, funny, and full of heart, you've found it.</p><p><br></p><p>Welcome to <b>The Lex Effect Podcast</b>. I'm so glad you're here.</p>",Buzzsprout,en-us,https://storage.buzzsprout.com/8ucz9epq95jdw2zu12tuzgzmqqzp?.jpg,2026-08-09 23:05:14,7986460,confirmed,,1786316714,6c5ca9e5b199b2919cfc10f7e5689a85,,4,0,INDIVIDUAL
Sunday Musings,Connor Boyack,https://rss.libsyn.com/shows/398660/destinations/3285005.xml,"Author Connor Boyack, a member of the Church of Jesus Christ of Latter-day Saints (the ""Mormons""), shares provoking questions and thoughtful analysis of scripture on issues ranging from agency and liberty to idolatry, secret combinations, culture, freedom, and more.",Libsyn,en,https://static.libsyn.com/p/assets/1/c/3/a/1c3a4c5b3c5a56b440be95ea3302a6a1/SUNDAY_2.png,2026-08-09 22:59:45,7986457,confirmed,https://connorboyack.com,1786316385,c91592045b44c98d6608ae8cae2cfd6e,1607871793.0,2,0,INDIVIDUAL
Men Talk NY,mentalkny,https://feed.podbean.com/mentalkny/feed.xml,"Some of life’s toughest battles are the ones men never talk about. Join us at Men Talk NY as we share honest personal experiences, challenge the stigma around difficult conversations, and create a space where real men can connect, relate, and know they are not alone",Podbean,en,https://pbcdn1.podbean.com/imglogo/image-logo/22372918/MenTalk_Podcast_Artwork_1440.png,2026-08-09 22:59:08,7986456,confirmed,https://mentalkny.podbean.com,1786316348,9b831d0779735aae98a7c3990270f4c9,1896941818.0,2,0,INDIVIDUAL
Salty & Peri,Nix,https://rss.buzzsprout.com/2622879.rss,"<p>Perimenopause content is everywhere, and we're not even about to tell you to eat more protein, get more exercise, or optimize your sleep. <br><br>Salty & Peri is all things perimenopause, and why we're salty about it. <br><br>Buckle up for a NSFW convo with Nix and friends about midlife: dry vag, dating after divorce, career changes, new identities, and navigating whatever else gets unhinged in our 40s.  </p><p><br></p>",Buzzsprout,en-us,https://storage.buzzsprout.com/vv77mje3dc7opwwrdf2a8a4f4rst?.jpg,2026-08-09 22:50:39,7986450,confirmed,https://saltyandperi.buzzsprout.com,1786315839,b6c53f97c2231e47c04a2b28603a24ec,,0,0,INDIVIDUAL
College Is Broken: Podcast Edition,Teege Mettille,https://anchor.fm/s/114e31bc8/podcast/rss,"College admissions is broken, and Teege Mettille helped break it. After twenty years inside colleges, he wrote the book on what went wrong. Sundays: the audiobook, chapter by chapter. Thursdays: conversations with the counselors, deans, students, and parents who lived it. September through December.",Anchor,en,https://d3t3ozftmdmh3i.cloudfront.net/staging/podcast_uploaded_nologo/46353954/46353954-1784998140865-9b2c4b2dd6d25.jpg,2026-08-09 22:49:46,7986449,confirmed,https://podcasters.spotify.com/pod/show/nathan-and-teege8,1786315786,139d1dd90e6e0206cf06a634b5d663b6,6792121430.0,2,0,INDIVIDUAL
Fireside Pokemon,Fireside Media,https://rss.buzzsprout.com/2635980.rss,"<p>Lifelong poke-fans discuss the history, theory, and strategy that makes the early Pokemon video games some of the best games to ever exist. </p>",Buzzsprout,en-us,https://storage.buzzsprout.com/ajx4hoco99p0czq5iixi519547bt?.jpg,2026-08-09 22:46:50,7986448,confirmed,,1786315610,495f0db341b2f821dc896e6805395d5d,,4,0,CORPORATE
Fade to Retro,Paul Taylor,https://feeds.captivate.fm/fade-to-retro/,"Fade to Retro is a relaxing sleep podcast designed for Gen Xers who want to drift off wrapped in nostalgia instead of the day’s worries. Each episode blends low-key narration with warm reminiscence of 80s and 90s music, movies, TV shows, pop culture, electronic gadgets, cartoons, toys, and fashion trends. Designed to quiet racing thoughts, help you unwind, and ease you gently toward sleep.  Every episode has 30-40 minutes of relaxing narration followed by 20-30 minutes of restful pink background noise to carry you the rest of the way.
Turn off the noise of today. Fade to Retro… and drift into sleep.
",Captivate,en,https://artwork.captivate.fm/8c5ac6df-56ad-4f9c-af1f-e3e4a9c4b1c5/Fade-to-Retro-Cover-3000x3000-1.jpeg,2026-08-09 22:43:13,7986447,confirmed,https://fade-to-retro.captivate.fm,1786315393,d4aa186e645a1b4464a5c6ea07db57dd,,4,0,INDIVIDUAL
HR Echo,Cindy,https://rss.buzzsprout.com/2636039.rss,"<p> Short briefings on hiring, careers and the changing world of work. </p>",Buzzsprout,en-us,https://storage.buzzsprout.com/0nsaj8iyzp8q8z4ckdp9hnxvlvac?.jpg,2026-08-09 22:41:14,7986446,confirmed,https://www.buzzsprout.com/2636039,1786315274,e5f8a2e72519ac97c52170ca36431797,,0,0,INDIVIDUAL
Mob Violence and the American Negro: My Experience in the Sunny South,Velley Lester,https://www.spreaker.com/show/7052573/episodes/feed,"According to the author of the Preface, ""Mr. Lester is also zealous to bring about a better relation and a better understanding between the white and black races. His denunciation against mob violence is bitter, but pleads for just treatment and a fair deal in court and equal protection from the authorities of the law.""",Spreaker,en,https://d3wo5wojvuv7l.cloudfront.net/t_rss_itunes_square_1400/images.spreaker.com/original/2b28374babfd3d00fca95ffb4b1bbcda.jpg,2026-08-09 22:40:19,7986444,confirmed,https://www.spreaker.com/podcast/mob-violence-and-the-american-negro-my-experience-in-the-sunny-south--7052573,1786315219,91ff2dce22e16877bf9efb1ef07b3465,,4,0,INDIVIDUAL
"Little Eyes, Big Topics",AAPOS,https://feeds.libsyn.com/578155/rss,"In this podcast from the American Association for Pediatric Ophthalmology and Strabismus (AAPOS), Jennifer Gavlin, MD, interviews experts in pediatric ophthalmology and highlights essential topics in the field.",Libsyn,en,https://static.libsyn.com/p/assets/0/8/8/6/0886855d3d30cd7ed959afa2a1bf1c87/AAPOS_Podcast_Artwork_3000-20250604-pl0oz43rpo.jpeg,2026-08-09 22:33:30,7986442,confirmed,https://littleeyesbigtopics.libsyn.com,1786314810,4b7546e51edafe05ccd7b0ee29bdb8eb,6797583474.0,2,0,CORPORATE
Around the Gospel,Christ Church Ponte Vedra Beach,https://rss.buzzsprout.com/2633751.rss,"<p><b>Around the Gospel</b> is a weekly conversation that invites listeners into the heart of Sunday's Gospel before it's proclaimed from the pulpit.</p><p>Hosted by <b>Deacon Leila Quinlan</b>, each episode features a conversation with the clergy of Christ Episcopal Church in Ponte Vedra as they explore the upcoming Gospel reading from the Revised Common Lectionary. Together, they discuss the historical and biblical context, reflect on how the passage speaks to our lives today, and share insights that shape their preaching and ministry.</p><p>Whether you're preparing for Sunday worship, studying Scripture more deeply, or simply curious about the Christian faith, <em>Around the Gospel</em> offers a thoughtful, engaging, and accessible look at the stories of Jesus that continue to transform our lives.</p><p>Join us each week as we gather around the Gospel—discovering fresh perspectives, asking meaningful questions, and preparing our hearts for worship.</p>",Buzzsprout,en-us,https://storage.buzzsprout.com/jil07rp8tfsv9znq55og267o2dqc?.jpg,2026-08-09 22:24:15,7986438,confirmed,http://ccpvb.org,1786314255,b099b98019404e5310f0f84f0136c2d4,,0,0,CORPORATE
Using technology to help diverse learner,Dwayne Domingo,https://www.spreaker.com/show/7250691/episodes/feed,This is to help teachers and parents understand how technology can help in learning concepts,Spreaker,en,https://d3wo5wojvuv7l.cloudfront.net/images.spreaker.com/nuvolari-assets/light_blue_square_mic.jpg,2026-08-09 22:23:47,7986437,confirmed,https://www.spreaker.com/podcast/using-technology-to-help-diverse-learner--7250691,1786314227,061117c29dd8ed2322c759de47102660,,4,0,INDIVIDUAL
Only Data Centers In The County,The County Line,https://rss.buzzsprout.com/2636036.rss,"<p><b>Only Data Centers in the County</b> is a weekly investigative podcast from <em>The County Line</em> that follows the money, power, water, and paperwork driving industrial development in North Texas.</p><p><br></p><p>Hosted with a focus on strict primary sources—court filings, Texas Open Records Act disclosures, city council packets, and zoning applications—we break down complex municipal moves into plain English. </p><p><br></p><p>No spin, no speculation. Just the receipts.</p><p>🎧 <em>New episodes drop every Monday</em></p>",Buzzsprout,en-us,https://storage.buzzsprout.com/vnwfn8j2fum6yjhymjnj35j7j41i?.jpg,2026-08-09 22:18:33,7986434,confirmed,,1786313913,1e75f2efe4130f70fa416da17ea5cd64,,4,0,CORPORATE
The Three Realms,Supanovaa,https://anchor.fm/s/1158e2cc0/podcast/rss,"The Three Realms is a podcast that explores life’s biggest mysteries through three different lenses: the mind, the spirit, and the realm of the unknown.
Each episode Wednesday and Saturday with a single thought-provoking question and journeys through psychological insight, spiritual perspectives, and the unexplained. Is what we experience rooted in science, intuition, or something beyond our understanding?
Instagram: @TheThreeRealms333 
Email: thethreerealms333@gmail.com
Hosted by Supanovaa, this is a place for curious minds, open conversations, and the courage to explore the unknown without claiming to have all the answers.
The truth may not lie in just one realm.",Anchor,en-us,https://d3t3ozftmdmh3i.cloudfront.net/staging/podcast_uploaded_nologo/46466064/46466064-1785792673043-42aa744f03771.jpg,2026-08-09 22:16:54,7986432,confirmed,https://podcasters.spotify.com/pod/show/supanovaa4,1786313814,298c4e2d4122c4748fc3cdf1b07beb3f,6799456619.0,2,0,INDIVIDUAL
Chronically Informed,Brittany & Aaron,https://rss.buzzsprout.com/2636042.rss,"<p>Welcome to Chronically Informed.<br><br>Each week, we break down national headlines, explore local and state politics from across the country, and examine how news stories are framed, reported, and understood.<br><br>The modern news cycle moves fast. Most coverage focuses on what happened. We're interested in why it happened, how it was reported, what perspectives may be missing, and what it means in the bigger picture.<br>We believe most issues are more nuanced than the news and social media make them seem. Our goal isn't to tell you what to think. It's to help you understand the story beneath the headline, consider multiple perspectives, and engage with complex issues in an informed way.<br><br>Whether you're politically engaged every day or just trying to stay informed without getting overwhelmed, Chronically Informed is for people who want context, nuance, and understanding.<br><br>New episodes on Sundays.</p>",Buzzsprout,en-us,https://storage.buzzsprout.com/8878t5rwsmbefu8jf28v6rdtiumo?.jpg,2026-08-09 22:11:23,7986429,confirmed,https://www.buzzsprout.com/2636042,1786313483,82f6b557700f53ddd7d3382afc579c01,,4,0,CORPORATE
Theme Night Theater,Erik Shaw,https://feeds.acast.com/public/shows/6a71cc8edb05426c321c1291,"<p>Do you like sitting around with your friends and talking about movies all night? Then this is the show for you.</p><p>Each week, I'm joined by a guest who has decided a theme for a movie night, three movies as well as some kind of snack or beavrage that fit the theme. Then we see were the conversation takes us. </p><br><p>I'd love to hear from you guys. Leave me a voice message and I'll play it back on future epsiode:</p><p>https://www.speakpipe.com/themenighttheater</p><p><br></p><hr><p style='color:grey; font-size:0.75em;'> Hosted on Acast. See <a style='color:grey;' target='_blank' rel='noopener noreferrer' href='https://acast.com/privacy'>acast.com/privacy</a> for more information.</p>",Acast,en,https://assets.pippa.io/shows/cover/1785842489740-f2f59838-1ff8-4255-99de-3a1eeb1a6039.jpeg,2026-08-09 22:07:47,7986427,confirmed,https://shows.acast.com/theme-night-theater,1786313267,025f7adb2937858a7e88576c853411d3,6799773699.0,0,0,INDIVIDUAL
The Q by QnotesCarolinas,QnotesCarolinas,https://anchor.fm/s/115b283e0/podcast/rss,"The Q by QnotesCarolinas is your front-row seat to LGBTQ+ life across the Carolinas. Hosted by Liz Schob, Vanna Vanity and Chann Daily, each monthly episode goes beyond the headlines with conversations featuring community leaders, artists and changemakers, plus the latest LGBTQ+ news, culture, events and inspiring stories. Produced by Qnotes, the Carolinas' trusted LGBTQ+ news source for more than 40 years, this is where our community comes together to stay informed, connected and inspired.",Anchor,en,https://d3t3ozftmdmh3i.cloudfront.net/staging/podcast_uploaded_nologo/46489880/46489880-1785947577296-5294be048e37d.jpg,2026-08-09 22:03:44,7986424,confirmed,https://podcasters.spotify.com/pod/show/qnotescarolinas3,1786313024,825a77c2643852b1b506a62279afbfdc,6798038572.0,2,0,INDIVIDUAL
The Thoughtful Investor,"Bryan Yach, CFP®",https://rss.buzzsprout.com/2636006.rss,"<p>Good investing begins with an honest assessment of what you know… and what you don’t know. </p><p><br></p><p><b>The Thoughtful Investor</b> is a podcast from Bryan Yach, CFP® and Yach Advisors exploring investing, financial planning, and the decisions that come with building and managing wealth. Each episode looks beyond headlines and market predictions to understand the ideas, research, and behaviors that can help us become more thoughtful investors. </p><p><br></p><p>Securities offered through Cetera Wealth Services, LLC, member FINRA/SIPC. Advisory services offered through Cetera Investment Advisers LLC, a registered investment adviser. Cetera is under separate ownership from any other named entity.<br><br>The opinions contained in this material are those of the author, and not a recommendation or solicitation to buy or sell investment products. This information is from sources believed to be reliable, but Cetera Wealth Services, LLC cannot guarantee or represent that it is accurate or complete.<br><br>2241 E. Continental Blvd., Suite 130<br>Southlake, TX 76092<br>(817)778-0007<br><br>© 2026 Yach Advisors. All rights reserved.</p>",Buzzsprout,en-us,https://storage.buzzsprout.com/2xji10gpy1mdp9va62nmx9bbivqt?.jpg,2026-08-09 22:02:05,7986422,confirmed,,1786312925,4f7a4e5fe5476313b1a31ada2b00679b,,4,0,INDIVIDUAL
Golden Gab with Lanie and Neal: A Golden Girls Podcast,Lanie and Neal,https://feeds.captivate.fm/golden-gab-with-lanie/,"Gather 'round, Pals and Confidants! Have a seat on the wicker sofa, grab a slice of chocolate cheesecake, and join hosts Neal and Lanie out on the lanai as they travel down the road and back again through the entire series of the legendary sitcom The Golden Girls, one glorious episode at a time.
Email us at goldengabpodcast@gmail.com
Twitter and Instagram @goldengabpod
Facebook: https://www.facebook.com/profile.php?id=61563001453673
",Captivate,en,https://artwork.captivate.fm/02c78370-2a72-4ec7-a88d-584ac5f8b918/41133645-1722158832839-50c98b5e066cd.jpg,2026-08-09 21:58:43,7986417,confirmed,https://podcasters.spotify.com/pod/show/neal-and-lanie,1786312723,4d7cf39f6c800254202fbc6f1d9ad350,,4,0,CORPORATE
HERstorical Latter-day Saints,"Sarah Toller Hoffman, Amanda Brown Mather, and Sara Riley",https://rss.buzzsprout.com/2634321.rss,"<p>Can you name five women from Church history?</p><p><br>Most people can’t—and <b>Herstorical Latter-day Saints</b> is here to fix that.</p><p><br></p><p>Hosted by Sarah, Amanda, and Sara, this podcast shares the stories of remarkable Latter-day Saint women from the earliest days of the Church to the not-so-distant past. Each episode explores their accomplishments, their challenges, and how—through it all—they lived their faith in Jesus Christ.</p><p><br></p><p>These are faithful, complex, courageous women whose stories deserve to be remembered.</p><p><br></p><p>If you love Church history—or want to love it more—this podcast is for you.</p><p><br></p><p>Episodes launch August 25th, 2026!</p><p><br>Subscribe now and start discovering the women who shaped the Restoration.</p>",Buzzsprout,en-us,https://storage.buzzsprout.com/ojaai1qe0sh2cu33r708v1zynogx?.jpg,2026-08-09 21:58:28,7986416,confirmed,,1786312708,7f5d9d1378f6762f29ea526eb3697b7f,,4,0,CORPORATE
Sadler UMC On Demand,Sadler UMC,https://anchor.fm/s/1159ed8b8/podcast/rss,What if you could listen to the Sunday sermon whenever or wherever? Well now you can with Sadler UMC on demand. Join us each week right here for service.,Anchor,en-us,https://d3t3ozftmdmh3i.cloudfront.net/staging/podcast_uploaded_nologo/46476990/46476990-1785707554302-ed4b2a3797103.jpg,2026-08-09 21:52:39,7986413,confirmed,https://podcasters.spotify.com/pod/show/sadlertx-umc,1786312359,3bb4766d54c30a5749c4af48138133c8,6797330077.0,2,0,INDIVIDUAL
Resettled and Rising,Resettled and Rising,https://anchor.fm/s/112eb342c/podcast/rss,"A podcast that highlights the stories of resilience, courage, and rising beyond challenges 🎙️🌱",Anchor,en,https://d3t3ozftmdmh3i.cloudfront.net/staging/podcast_uploaded_nologo/46023715/46023715-1779913920851-87418961177b9.jpg,2026-08-09 21:52:04,7986412,confirmed,https://podcasters.spotify.com/pod/show/resettled-and-rising,1786312324,3c1a47738e430e8598e6a8be27531fca,6790026010.0,2,0,CORPORATE
UFO NATION: A Disclosure Podcast,Ryan Moorhen,https://feeds.acast.com/public/shows/6a78d50ac867c168176f00bf,"<strong>UFO NATION: A Disclosure Podcast</strong> investigates the evidence, testimony, documents and controversies surrounding UFOs, UAPs, non-human intelligence and the growing disclosure movement. From military encounters and government hearings to whistleblowers, declassified files, historic cases, alleged crash retrievals and reports of contact, each episode follows the claims back to the people, records and events behind them. UFO NATION separates documented fact from speculation while keeping an open mind about one of the biggest questions of our time: are we alone, and how much do governments already know?<hr><p style='color:grey; font-size:0.75em;'> Hosted on Acast. See <a style='color:grey;' target='_blank' rel='noopener noreferrer' href='https://acast.com/privacy'>acast.com/privacy</a> for more information.</p>",Acast,en,https://assets.pippa.io/shows/cover/1786303590370-c61729f3-4a93-4745-9cf4-dd5823695245.jpeg,2026-08-09 21:47:35,7986410,confirmed,https://feeds.acast.com/public/shows/ufo-nation,1786312055,b2fd736234676d780fe15c2c0aae94e7,,0,0,INDIVIDUAL
English with Frazer podcast,EnglishWithFrazer,https://www.spreaker.com/show/7250642/episodes/feed,"🇬🇧 The unapologetically British English podcast. 🇬🇧Learn the English you actually need to understand real British people and communicate confidently in the real world. Join Frazer and his dog Winston as they explore British English, culture, history and everyday life — helping you understand not just the English language, but the Britain behind it.REQUEST AN EPISODE:<a href=""https://docs.google.com/forms/d/e/1FAIpQLSfqWWFnHr2oA9RcIOTsb9Jzi0JQD32W2MglkEUhhEiLrrIcpg/viewform?usp=header"" target=""_blank"" rel=""noreferrer noopener"">https://docs.google.com/forms/d/e/1FAIpQLSfqWWFnHr2oA9RcIOTsb9Jzi0JQD32W2MglkEUhhEiLrrIcpg/viewform?usp=header</a>🌏 As heard all over the world in 131 countries and counting. 🌏🇦🇴🇦🇷🇦🇿🇧🇭🇧🇪🇧🇷🇨🇳🇨🇴🇩🇴🇪🇬🇫🇮🇩🇪🇭🇺🇮🇳🇮🇷🇮🇶🇯🇵🇯🇴🇰🇿🇰🇷🇲🇳🇳🇱🇵🇱🇵🇹🇷🇴🇸🇦🇸🇬🇪🇸🇹🇭🇹🇷🇦🇪🇺🇿🇻🇳🇿🇲",Spreaker,en,https://d3wo5wojvuv7l.cloudfront.net/t_rss_itunes_square_1400/images.spreaker.com/original/198e359e335206a28f2b46d71a2bc0cf.jpg,2026-08-09 21:42:02,7986407,confirmed,https://www.spreaker.com/podcast/english-with-frazer-learn-natural-british-english--7250642,1786311722,7089bf5eed3d95c3327c6f4e16ce14fc,,4,0,CORPORATE
The Graduate,Kanye West,https://rss.buzzsprout.com/2636034.rss,<p>The Mixtape and absolutely nothing else</p>,Buzzsprout,en-us,https://storage.buzzsprout.com/2k8831lgfjm2gze1obsf8ex13d2q?.jpg,2026-08-09 21:41:47,7986406,confirmed,,1786311707,b4f72ad5e6286a5155b3f6cb25aef6f2,,0,0,INDIVIDUAL
Queer Evolution,Justin Hilton,https://rss.buzzsprout.com/2533465.rss,"<p>The Queer Evolution Podcast is a space where bold conversations spark real change. Host Justin Hilton, founder of SafePlace International, brings together global change-makers—visionaries committed to co-creating a more just and inclusive world. These conversations dive deep into the inner and outer work of transformation, inviting leaders from activism, education, entertainment, politics, art, and technology to critically examine the colonial conditioning that fuels separation and the targeting of a manufactured ""other.""<br> <br>With courage and urgency, they explore how this moment in history presents an unparalleled opportunity to redefine human relationships—on both a personal and global scale. Each episode is designed to educate, evoke, provoke, and inspire you to envision and participate in a new paradigm of connection, belonging, and possibility.</p>",Buzzsprout,en-us,https://storage.buzzsprout.com/u0rrg2g2vtkq97d2kjskhbj60piu?.jpg,2026-08-09 21:24:22,7986393,confirmed,https://justinhilton1015.wixsite.com/queer-evolution,1786310662,718c7559b8d43e2b8fff55f7268d1cb8,1873845926.0,2,0,INDIVIDUAL
Yapped Session with KIISSAKINGS,Benjamin Kissa,https://www.spreaker.com/show/7250625/episodes/feed,Just the intro of the beginning of a franchise.,Spreaker,en,https://d3wo5wojvuv7l.cloudfront.net/t_rss_itunes_square_1400/images.spreaker.com/original/1d789558f9431f35ebab2017ab249e34.jpg,2026-08-09 21:15:14,7986386,confirmed,https://www.spreaker.com/podcast/yapped-session-with-kiissakings--7250625,1786310114,fbfe664079874c5146cd6ab4806a03d5,,4,0,INDIVIDUAL
Stay With Me Dermafreeze Episode 2,Akbar Khan,https://feeds.captivate.fm/stay-with-me-dermafreeze/,Accidental Une Comédie Grotesque Version,Captivate,en,https://artwork.captivate.fm/ea0ed341-8471-41f7-95c0-4e4187d12072/SWM-Charm-City-SQUARE-under-526KB.jpg,2026-08-09 21:01:08,7986381,confirmed,https://stay-with-me-dermafreeze.captivate.fm,1786309268,99d4e83be32ee1ac92b8659c46dd068e,,4,0,INDIVIDUAL
How to Build a Better Life,Caleb Shipton,https://anchor.fm/s/eb52745c/podcast/rss,Talking about building your relationship with Jesus and also keeping your self straight on a Good path.,Anchor,en,https://d3t3ozftmdmh3i.cloudfront.net/staging/podcast_uploaded_nologo/39380495/39380495-1785692576175-5a9d5b5b08657.jpg,2026-08-09 20:46:22,7986377,confirmed,https://podcasters.spotify.com/pod/show/caleb-shipton5,1786308382,3e3f6772f41aee2389b74734ebcee01f,6797917558.0,2,0,INDIVIDUAL
Let's Talk Ritch,Jazmin,https://rss.buzzsprout.com/2635810.rss,"<p>A mommy/ daughter duo sharing our journey through life, with God, and with one another.</p>",Buzzsprout,en-us,https://storage.buzzsprout.com/mgohqrij50d3cn1tnb2vn4iugok5?.jpg,2026-08-09 20:40:29,7986375,confirmed,https://www.buzzsprout.com/2635810,1786308029,8791fb3f362c7bbe5959f4db149ce97d,,0,0,INDIVIDUAL
Unboxed: A Board Game Industry Discussion,Jen Graham-Macht & Danni Loe,https://feed.podbean.com/unboxedboardgamepodcast/feed.xml,Board Game industry veterans Jen Graham-Macht (Keymaster Games) and Danni Loe (Hachette Boardgames) put their heads together to discuss industry conundrums and strategies for the biggest challenges we face as a board game community.,Podbean,en,https://pbcdn1.podbean.com/imglogo/image-logo/14911622/square_p5iit5.png,2026-08-09 20:22:21,7986370,confirmed,https://unboxedboardgamepodcast.podbean.com,1786306941,604885f318acb06bf91f5c0930b18f36,1641718053.0,2,0,CORPORATE
Across the Pond - Naval Gazing,Andrew Jones and Ryan Williams,https://rss.buzzsprout.com/2631951.rss,"<p>1 Brit, 1 Yank, both Navy. Two friends talking about whatever catches their attention that week, through a slightly sceptical, probably caffeinated, and sometimes tipsy perspective.</p><p><br></p><p>Some listener discretion is advised. We're both generally well meaning guys, so if we say something that seems offensive in the moment, we likely just got carried away. Take everything we say with a large pinch of salty, because it' probable rubbish in the first place!</p>",Buzzsprout,en-us,https://storage.buzzsprout.com/hr41tfikt595b7wv248yjiptcxu2?.jpg,2026-08-09 20:08:03,7986367,confirmed,https://www.buzzsprout.com/2631951,1786306083,d726ee4f2add741e798f19b0de17fca2,,0,0,CORPORATE
Elements of Geology,William Ruschenberger,https://www.spreaker.com/show/7047245/episodes/feed,"Elements of Geology is one in a Series of First Books of Natural History Prepared for the Use of Schools and Colleges. This succinct little textbook from 1846 presents an introduction to geology. The information, albeit not current, is still interesting and of use as a general overview of the subject as well as interesting look into the period. Please note that some of the information has changed considerably since this time. The author was a surgeon in the U.S. Navy and president of the Academy of Natural Sciences. - Summary by Amy Gramour",Spreaker,en,https://d3wo5wojvuv7l.cloudfront.net/t_rss_itunes_square_1400/images.spreaker.com/original/15dd321537d2dcaa42a5f3f9127d144a.jpg,2026-08-09 20:05:33,7986365,confirmed,https://www.spreaker.com/podcast/elements-of-geology--7047245,1786305933,99b79caaccd147ffa45395642ca17452,,4,0,INDIVIDUAL
The Nokturnal Tavern,Nokturn Gaming,https://feed.podbean.com/mry7rphfp48vz/feed.xml,"<p>Pull up a chair at The Nokturnal Tavern, an EverQuest Legends podcast featuring class strategies, helpful tips, game updates, community discussions, and tales from the history and lore of Norrath.</p>",Podbean,en,https://pbcdn1.podbean.com/imglogo/image-logo/22548664/TNTCover01_1_9v3zu.png,2026-08-09 19:58:32,7986359,confirmed,https://mry7rphfp48vz.podbean.com,1786305512,bab9cd3730a728420f9f36f7ad18cd8d,6799346098.0,2,0,INDIVIDUAL
Monero Web,Monero Web,https://www.spreaker.com/show/7250459/episodes/feed,"<b>Monero Web Wallet for secure XMR storage, transfers, and recovery. Access your non-custodial wallet online with complete privacy and control. </b><br /><b><br />Learn more- <a href=""https://monero-web.com/"" target=""_blank"" rel=""noreferrer noopener"">https://monero-web.com/</a></b>",Spreaker,en,https://d3wo5wojvuv7l.cloudfront.net/t_rss_itunes_square_1400/images.spreaker.com/original/7af9ff35b67439f7c1fb37d66f549b86.jpg,2026-08-09 19:56:22,7986357,confirmed,https://www.spreaker.com/podcast/monero-web--7250459,1786305382,2696f1d5f8e156c0cd2a418ac0492da5,,4,0,INDIVIDUAL
Birth Wellness Podcast,Sali McIntyre,https://anchor.fm/s/10725be14/podcast/rss,"Birth Wellness: This podcast is a Northern Rivers–based series sharing grounded, heartfelt conversations about pregnancy, birth, and postpartum.
This podcast features real stories and insights from local mamas, midwives, doulas, and holistic practitioners who support the birth journey in all its forms. We’re here to raise consciousness about Birth, offer women insights, education, information, and the birth rights they may not even know they have. — Because: When Birth is Well, We are all Well.",Anchor,en-au,https://d3t3ozftmdmh3i.cloudfront.net/staging/podcast_uploaded_nologo/44048813/44048813-1753598324014-e5b08c41fe1ed.jpg,2026-08-09 19:52:58,7986356,confirmed,https://www.birthwellnessfestival.com.au/,1786305178,a1c22e3f8d910edbd8401aea00e42d91,6789768580.0,2,0,INDIVIDUAL
Security Mondays with Eva Benn,Eva Benn,https://anchor.fm/s/1119fdd20/podcast/rss,"Cybersecurity is evolving fast and it's hard to keep up amidst all the noise. Host Eva Benn sits down with some of the best global security leaders to talk through what's actually top of mind, the threats they're seeing, the tools they're using, and the calls they're making right now. Every episode gives you practical things you can go do at your organization this week. New episodes every Monday.",Anchor,en,https://d3t3ozftmdmh3i.cloudfront.net/staging/podcast_uploaded_nologo/45806568/45806568-1776792060745-71ce9c3c74fde.jpg,2026-08-09 19:40:13,7986353,confirmed,https://podcasters.spotify.com/pod/show/eva-benn,1786304413,095a7673cc73ec655b23dbd994ff6a0e,6799034275.0,2,0,INDIVIDUAL
The Uncut Truth Podcast,Beaux Wiley,https://www.spreaker.com/show/7250427/episodes/feed,"Welcome to <b>The Uncut Truth Podcast</b>, where faith meets the unexplained. Hosted by Justin Allen and Christopher Beard, this Christian podcast dives deep into the unseen realms and complex mysteries of our world, refusing to shy away from the topics most churches leave untouched.Grounding every discussion in biblical truth, Justin and Christopher explore:<ul><li><b>Spiritual Warfare:</b> Exposing demonic tactics, understanding light versus darkness, and equipping believers for the unseen battles around us.</li><li><b>Cryptids & The Supernatural:</b> Examining creatures like Bigfoot, the Mothman, and ancient lore through a scriptural lens—asking what these phenomena might actually reveal about fallen angels and spiritual deception.</li><li><b>Conspiracy Theories & World Events:</b> Decoding secret agendas, global narratives, and end-times prophetical frameworks without the hype or fearmongering.</li><li></li></ul><br /><br />Become a supporter of this podcast: <a href=""https://www.spreaker.com/podcast/the-uncut-truth-podcast--7250427/support?utm_source=rss&utm_medium=rss&utm_campaign=rss"">https://www.spreaker.com/podcast/the-uncut-truth-podcast--7250427/support</a>.",Spreaker,en,https://d3wo5wojvuv7l.cloudfront.net/t_rss_itunes_square_1400/images.spreaker.com/original/a6a75c0148e0ed03397dbb09edf708c2.jpg,2026-08-09 19:40:03,7986352,confirmed,https://www.spreaker.com/podcast/the-uncut-truth-podcast--7250427,1786304403,d5e70bb9107a5739e6e821e48ba67667,,4,0,INDIVIDUAL
The Playdate Podcast,The Playdate Podcast,https://anchor.fm/s/11541579c/podcast/rss,"WELCOME TO THE PLAYDATE PODCAST!! ☕️💛🎙️
We are Katie and Kenzie, two mom friends recording while our 6 kids have a real playdate! We talk all things motherhood, what’s going on in the world, and MORE…with sides of screams and giggles 😅🤭
✨New episodes every Friday—don’t forget to subscribe for new episodes!✨
👂LISTEN on every podcast platform
➕FOLLOW us on Instagram @theplaydatepodcast",Anchor,en-us,https://d3t3ozftmdmh3i.cloudfront.net/staging/podcast_uploaded_nologo/46415711/46415711-1784846917944-a6882e3eaf93e.jpg,2026-08-09 19:29:33,7986345,confirmed,https://podcasters.spotify.com/pod/show/the-playdate-podcast5,1786303773,4c98d42461fa09740d72456ceb071f40,6799131353.0,2,0,CORPORATE
Partners n Prosperity,Sean and Chiante,https://anchor.fm/s/fd91046c/podcast/rss,Married entrepreneurs balancing love and business. Sharing tips and tricks we've learned over the years on how to run your home like a Fortune 500 company based on our experiences.,Anchor,en,https://d3t3ozftmdmh3i.cloudfront.net/staging/podcast_uploaded_nologo/42441395/42441395-1731541506161-c377347a0acde.jpg,2026-08-09 19:28:15,7986343,confirmed,https://podcasters.spotify.com/pod/show/sean-and-chiante,1786303695,b4843342f55653f146eb74eab0917f81,1779674672.0,2,0,CORPORATE
Prosperity OS,Prosperity OS,https://feed.podbean.com/prosperityos/feed.xml,"Prosperity OS podcast focuses on personal development, productivity, and scaling businesses using digital technologies. Our goal is to help business owners prosper in the digital economy. Check out ProsperityOS.com to learn more!",Podbean,en,https://pbcdn1.podbean.com/imglogo/image-logo/19655955/Prosperity_OS_Branding_4y596g.jpg,2026-08-09 19:27:58,7986342,confirmed,https://prosperityos.podbean.com,1786303678,cbf8399597fdc4404c11b3e5f9928713,1775749519.0,2,0,INDIVIDUAL
Specialist Subject,Specialist Subject Pod,https://anchor.fm/s/1156c7bc0/podcast/rss,"Edinburgh based comedian Robin Grainger (@robin_grainger) chats to his funniest and most interesting friends, and digs deep into the topics they find most fascinating. From Connect Four, meal deals and French political cartoons to weird check-out combinations and The Simpsons, nothing is off limits as long as it's fascinating.
New episodes every Thursday.",Anchor,en-gb,https://d3t3ozftmdmh3i.cloudfront.net/staging/podcast_uploaded_nologo/46443984/46443984-1785251177615-e9b43c59c8393.jpg,2026-08-09 19:22:56,7986340,confirmed,https://podcasters.spotify.com/pod/show/specialist-subject-pod7,1786303376,71f9d80712cffd8660c2e91e80b31506,6798161436.0,2,0,INDIVIDUAL
The Black and White Wrap,Collingwood Football Club,https://www.omnycontent.com/d/playlist/8ae80818-a88e-475b-9776-ad05005c36ff/049073e4-6ab8-4966-a994-b48d01828d41/8472a6e0-a341-4c3a-80d9-b48d0182917d/podcast.rss,"The Black and White Wrap is Collingwood's round up of all the news, headlines and updates from the weekend's action.",Megaphone,en-US,https://www.omnycontent.com/d/programs/8ae80818-a88e-475b-9776-ad05005c36ff/049073e4-6ab8-4966-a994-b48d01828d41/image.jpg?t=1784590048&size=Large,2026-08-09 19:19:32,7986333,confirmed,https://www.collingwoodfc.com.au/,1786303172,a9aa4a0c1d9420bfdd0211e0016739ae,6797346134.0,2,0,INDIVIDUAL
What Lies Beneath,Rain Cordova,https://feeds.acast.com/public/shows/6a74dc3bd410c25118b07010,"What Lies Beneath is a podcast that explores the mysteries hiding beneath the surface, from chilling urban legends and unsolved cases to paranormal encounters, ancient myths, and conspiracy theories. Join us as we uncover the stories, history, and evidence behind the world's most fascinating mysteries, leaving it up to you to decide what's real.<hr><p style='color:grey; font-size:0.75em;'> Hosted on Acast. See <a style='color:grey;' target='_blank' rel='noopener noreferrer' href='https://acast.com/privacy'>acast.com/privacy</a> for more information.</p>",Acast,en,https://assets.pippa.io/shows/cover/1786043332727-0497867d-dd27-455e-984c-bdbc69e96fb8.jpeg,2026-08-09 19:15:35,7986328,confirmed,https://feeds.acast.com/public/shows/what-lies-beneath,1786302935,39f61c444ae27b5bbb2490fe1dcdfc1e,6798817615.0,2,0,INDIVIDUAL
The Roundup,The Roundup,https://anchor.fm/s/115a6dfcc/podcast/rss,"Texas based, nationally focused",Anchor,en,https://d3t3ozftmdmh3i.cloudfront.net/staging/podcast_uploaded_nologo/46482251/46482251-1785781806087-c761556099c88.jpg,2026-08-09 19:13:30,7986327,confirmed,https://podcasters.spotify.com/pod/show/the-roundup3,1786302810,cac5eecda784dfa150291f875100f277,6797629136.0,2,0,CORPORATE
The Neighborhood,Next Door Podcast,https://www.spreaker.com/show/6941149/episodes/feed,"Every Wednesday join your neighbors Roberts and Maya as they share their thoughts (or lack of). On this podcast they will be sharing everything on their mind from pop culture, wild storytimes, and bold advice. They aren’t beating the crazy upstairs neighbors allegations anytime soon. So take a seat, get comfortable, and welcome to the neighborhood. <br />",Spreaker,en,https://d3wo5wojvuv7l.cloudfront.net/t_rss_itunes_square_1400/images.spreaker.com/original/28d70ecaba2df281fd4b84d1f88c3fd8.jpg,2026-08-09 19:12:37,7986326,confirmed,https://www.spreaker.com/podcast/the-neighborhood--6941149,1786302757,a46a76375154275721bcd8d7202e1c84,,4,0,INDIVIDUAL
Nomad's True Crime Corner,Corey Lillibridge,https://anchor.fm/s/115786944/podcast/rss,"Step into the world of mystery, deception, and justice with this gripping true crime podcast. Each episode explores real criminal cases, uncovering the evidence, motives, and investigative breakthroughs that shaped the outcome. Through detailed storytelling and thoughtful analysis, you'll hear about infamous crimes, lesser-known cases, and the people whose lives were forever changed.
Whether you're fascinated by criminal psychology, forensic science, or the pursuit of justice, this podcast delivers compelling stories that keep you engaged from beginning to end.",Anchor,en,https://d3t3ozftmdmh3i.cloudfront.net/staging/podcast_uploaded_nologo/46451801/46451801-1785347916912-efc8c3daa0ccb.jpg,2026-08-09 19:11:34,7986325,confirmed,https://podcasters.spotify.com/pod/show/nomad1105,1786302694,542bb3aed0de9062b99b4b9f8c2509a0,6796363669.0,2,0,INDIVIDUAL
SPFL Sighs and Aberdeen Lows: The Scottish Football Podcast,AlanClark36,https://anchor.fm/s/10c8e6dc4/podcast/rss,"The Scottish football podcast for supporters who enjoy the game as much as the debate.
Weekly previews, reviews and discussion covering every corner of the SPFL, with Aberdeen FC always close to the heart.
Honest. Balanced. Unfiltered.",Anchor,en,https://d3t3ozftmdmh3i.cloudfront.net/staging/podcast_uploaded_nologo/44956281/44956281-1785842599055-9eb13662995f4.jpg,2026-08-09 19:10:58,7986324,confirmed,https://podcasters.spotify.com/pod/show/alanclark36,1786302658,53714d1787238bae221a70b12c2ba3bc,6799173749.0,2,0,INDIVIDUAL
Seven hours apart,Eden,https://rss.buzzsprout.com/2631554.rss,"<p dir=""rtl"">שיחות וידאו ביני ובין החברות הכי טובות שלי, הנשים הכי מוצלחות שאני מכירה, ופשוט איתי, על אהבה עצמית, התפתחות אישית, ואיך לדלג במסע החיים בבטחון שהכל קורה בעבורי ולטובתי.</p>",Buzzsprout,en-us,https://storage.buzzsprout.com/dsq465dfvj7l5n52m6hwexf3xjhq?.jpg,2026-08-09 19:09:15,7986322,confirmed,https://www.buzzsprout.com/2631554,1786302555,727fb19ce445f32f73596660b5356111,,0,0,INDIVIDUAL
G&J's The One That Got Away,Grayson and Jacob Roper,https://anchor.fm/s/115970214/podcast/rss,"Where do we even begin?! Anything from cars, to Facebook Marketplace finds, to chainsaws- give us a listen!",Anchor,en,https://d3t3ozftmdmh3i.cloudfront.net/staging/podcast_uploaded_nologo/46471853/46471853-1785627319895-3ea5dc05c2ff3.jpg,2026-08-09 19:06:14,7986320,confirmed,https://podcasters.spotify.com/pod/show/grayson-roper6,1786302374,43afe9a476eb8a9f944bb5b2941bfeaa,6798917088.0,2,0,CORPORATE
Breaking Balls Podcast,Paul Curran,https://feeds.acast.com/public/shows/6a3dada026d5a6687a5d4df4,"<p>Breaking Balls talks about all things snooker and pool in the North/South of Ireland…exclusive guests, upcoming events, how our players are doing in overseas tournaments, grassroots development, cue case and accessories chat and of course there’ll be the more serious stuff thrown in about grub, craic and banter! </p><p><br></p><hr><p style='color:grey; font-size:0.75em;'> Hosted on Acast. See <a style='color:grey;' target='_blank' rel='noopener noreferrer' href='https://acast.com/privacy'>acast.com/privacy</a> for more information.</p>",Acast,en,https://assets.pippa.io/shows/cover/1782426771191-de7ccefc-793e-48fe-90a7-ca283c4da319.jpeg,2026-08-09 19:03:31,7986318,confirmed,https://feeds.acast.com/public/shows/breaking-balls-podcast,1786302211,0e6182417aaaa51bb80430f148ab09bb,,0,0,INDIVIDUAL
A banker's 110 day Vitagrit40 AI sprint,"Ernex, UAB",https://rss.buzzsprout.com/2635988.rss,"<p>""AI & Me: The 110-Day Solo App Sprint""</p><p><b>Can you build a fully secured, production-grade mobile app from scratch at age 50 with absolute zero coding experience?</b></p><p>In this episode, we sit down with a former corporate banker and 1999 econometrics graduate who decided to rewrite his career path using generative AI. Equipped with a 110-day roadmap, a €10,000 budget, and a relentless drive, he embarked on Vilnius nights to build <b>Vitagrit40</b>—a premier fitness ecosystem designed specifically for men over 40.</p><p>This is not a theoretical talk about the ""future of AI."" It is a raw, honest, and highly practical post-mortem of a solo founder working side-by-side with LLMs to build real software.</p><p>What We Cover in This Episode:</p><p><b>The ""Lexus & Takumi"" Quality Oath:</b> Why ""good enough"" is the death of a premium app. How our guest spent hours regenerating a simple burpee exercise graphic to achieve ""90-second origami"" perfection.</p><p><b>The Day the Secrets Leaked:</b> A harrowing security crisis where the Claude API key was accidentally exposed three times in a single night—and the rapid-response rotation drills that saved the project.</p><p><b>The Clash of Law & Design:</b> How we navigated the massive friction between Apple’s 5.1.1(v) mandatory account deletion policy and the legal necessity of keeping unalterable, immutable health survey records (PAR-Q+) for liability.</p><p><b>""Black Screen"" Detective Work:</b> Unmasking the layout crashes (the infamous RenderFlex unbounded height errors) that visual editors won't show you, and the genius iframe JS-hack used to bypass locked debug consoles.</p><p><b>The $387 SaaS Cost Shock:</b> Learning cost discipline the hard way. How a surge in automated MCP sessions led to a massive usage-billing invoice from Anthropic, forcing an immediate pivot to flat-rate cost modeling.</p><p><b>Sailing by the Stars:</b> The marine allegories that kept the ship on course—from locking the compass to refusing to sail with a hidden leak.</p><p>Whether you are a seasoned business leader, an aspiring creator, or someone looking to build a digital product with no tech background, this episode is your ultimate playbook on modern digital literacy, grit, and the raw reality of solo-founding in the age of AI.</p><p><b>Listen now and learn how to turn AI from a novelty chatbot into your ultimate software partner.</b></p>",Buzzsprout,en-us,https://storage.buzzsprout.com/9cyahpvzldey1uq1y8s77v1iae3e?.jpg,2026-08-09 19:03:23,7986317,confirmed,,1786302203,e563f69b6f56b877c55ad898dea1bf43,,4,0,INDIVIDUAL
The Warriors Den Podcast,Host|Owner Mellie Cremers,https://anchor.fm/s/113ddd380/podcast/rss,"⚔️ Welcome to The Warriors Den.
Hosted by Mellie Cremers, The Warriors Den gives a voice to people whose experiences have given them something worth saying.
From veterans and first responders to leaders, survivors, and everyday people who have overcome extraordinary circumstances, each episode explores the moments that test us, shape us, and ultimately reveal who we are.
Unfiltered conversations about resilience, leadership, faith, purpose, accountability, mental strength, and the lessons that can only be earned through experience.
🔥 Your battle doesn’t define you. How you rise from it does",Anchor,en,https://d3t3ozftmdmh3i.cloudfront.net/staging/podcast_uploaded_nologo/46182720/46182720-1785556557147-5e9720c151294.jpg,2026-08-09 19:00:37,7986315,confirmed,https://podcasters.spotify.com/pod/show/thewarriorsdenpodcast,1786302037,80bb883b808125615356645701c93d7b,6799290106.0,2,0,INDIVIDUAL
Föreningsjuridik med Björn Lundén,Björn Lundén,https://feeds.captivate.fm/foreningsjuridik-bjorn/,"Föreningsjuridik med Björn Lundén är en podd om juridiska frågor i föreningslivet. Björn Lundén är föreningsexpert, författare och föreläsare och tar upp praktiska problem i samfällighetsföreningar, bostadsrättsföreningar, ideella föreningar och ekonomiska föreningar. Kort, konkret och begripligt – oftast på bara några minuter.",Captivate,en,https://artwork.captivate.fm/507bcd16-4f11-427c-869a-57807770e56c/Podens-logga-3000x3000.jpg,2026-08-09 18:58:36,7986314,confirmed,https://foreningsjuridik-bjorn.captivate.fm,1786301916,60d3858e8e1ea6f3d642997a37d56432,,4,0,INDIVIDUAL
Between the Doctors,Dr. Rad Ajay | Between the Doctors Podcast,https://anchor.fm/s/113e5ec8c/podcast/rss,"BetweenTheDocs.fm exists to empower physicians to build careers on their own terms. Through honest conversations, practical insights, and real-world experiences, we help doctors navigate the journey from employee to entrepreneur, from burnout to purpose, and from following the system to creating something of their own.",Anchor,en,https://d3t3ozftmdmh3i.cloudfront.net/staging/podcast_uploaded_nologo/46188027/46188027-1781798750986-48d96e0c2afb1.jpg,2026-08-09 18:57:22,7986312,confirmed,https://podcasters.spotify.com/pod/show/dr-rad-ajay--between-the-9,1786301842,a78d9930e9009fa10b18c3c090ee5876,6796817306.0,2,0,INDIVIDUAL
Healing With Foods And Beyond,"Mihaela Telecan, RD, MS, DVM",https://anchor.fm/s/115bc2af8/podcast/rss,"What if the problem was never your willpower?
I'm Mihaela Telecan, RD, MS, DVM. I healed my own gut and walked through menopause symptom-free by trusting my body, not another protocol.
You are not broken. You are disconnected.
Root-cause conversations pulled from my books and my coaching work through the CURE Method. For women who have tried everything and are still not well.
Worthiness before willpower. 
More at www.healingwithfoods.org",Anchor,en-us,https://d3t3ozftmdmh3i.cloudfront.net/staging/podcast_uploaded_nologo/46496206/46496206-1785968956366-bacd91b4a7a68.jpg,2026-08-09 18:53:11,7986308,confirmed,https://podcasters.spotify.com/pod/show/healing-with-foods-and-be4,1786301591,5349b62ccfc20a975872aa5810cfcd66,6798745773.0,2,0,CORPORATE
Voices Beyond The Streets,Crazy King Production,https://feed.podbean.com/services6/feed.xml,"<p class=""PDq2pG_selectionAnchorContainer""><strong>Voices Beyond the Streets</strong> is a youth-led podcast produced by <strong>Crazy King Production</strong>, where teenagers and young adults lead honest conversations about the issues shaping their lives and their futures.<span class=""PDq2pG_selectionAnchor""></span></p>
<p>Each episode features real stories, thoughtful discussions, and diverse perspectives on topics such as mental health, toxic masculinity, bullying, immigration, violence prevention, gang intervention, education, leadership, faith, creativity, and pursuing dreams. Our hosts come from different backgrounds and life experiences, creating space for meaningful dialogue, respectful disagreement, and authentic storytelling.</p>
<p>More than a podcast, <em>Voices Beyond the Streets</em> is a platform that empowers young people to find their voice, develop media production skills, and inspire positive change in their communities.</p>
<p>Youth Voices. Real Conversations. Beyond the Headlines.</p>",Podbean,en,https://pbcdn1.podbean.com/imglogo/image-logo/22438412/VBTS-Logo-2mb.png,2026-08-09 18:53:08,7986307,confirmed,https://services6.podbean.com,1786301588,56eef4819420eb6fbab0246eccb400de,6799205492.0,2,0,INDIVIDUAL
WHOLE: Mind. Body. Soul.,"Dr. Joanna Chipman, BCND EMT",https://rss.buzzsprout.com/2635991.rss,"<p><b>Whole is a podcast about what it looks like to care for ourselves as whole people—mind, body, and soul. Join Dr. Joanna Chipman for tangible, down-to-earth conversations about physical health, emotional well-being, and spiritual health, and the ways they are all deeply connected.</b></p>",Buzzsprout,en-us,https://storage.buzzsprout.com/declzrr3otxdy0aip3muusaeo2rh?.jpg,2026-08-09 18:51:32,7986305,confirmed,https://wholepodcast.buzzsprout.com,1786301492,a9a53a263a017e3c8901ad3ba55c1d9a,,0,0,INDIVIDUAL
Better Policy,Hueman Group Media,https://feeds.acast.com/public/shows/6a7331a156644b678eda0f2e,"Better Policy is a podcast hosted by EY’s Andrew Hobbs that explores today’s most pressing public policy issues through conversations with leaders from government, business, and global policy organizations. Each episode takes a deep dive into a timely policy topic, bringing in diverse perspectives and outlooks for the future.<hr><p style='color:grey; font-size:0.75em;'> Hosted on Acast. See <a style='color:grey;' target='_blank' rel='noopener noreferrer' href='https://acast.com/privacy'>acast.com/privacy</a> for more information.</p>",Acast,en,https://assets.pippa.io/shows/cover/1785858030097-9fe7b5ee-8316-489d-be22-68b3b726e02f.jpeg,2026-08-09 18:44:20,7986303,confirmed,https://feeds.acast.com/public/shows/ey-better-policy,1786301060,3d9e7397e2bf1a674145b532fa25280e,6799739184.0,0,0,CORPORATE
Daniel Bonevac,Daniel Bonevac,https://feeds.megaphone.fm/daniel-bonevac,"<p>Daniel Bonevac explores the history of philosophy with focus on German Idealism and Enlightenment thinkers. Each episode examines a philosopher's core ideas—from Herder's historicism to Schelling's absolute idealism—tracing how these figures shaped debates about ethics, freedom, and consciousness. Rigorous, scholarly, and accessible.</p>",Megaphone,en,"https://megaphone.imgix.net/podcasts/18fe7f0a-82c1-11f1-865e-03c8d10479ea/image/608a74c3e12e702f9c18e41e99c6eaa6.jpg?ixlib=rails-4.3.1&max-w=3000&max-h=3000&fit=crop&auto=format,compress",2026-08-09 18:40:05,7986300,confirmed,https://www.youtube.com/channel/UC3Jivn57V6HIAY_Id_XNkYQ,1786300805,03990b3d02c0ca90dddf94935e4e298a,6796603944.0,2,0,INDIVIDUAL
The Setup: Work Management Unifltered,Jean-Philippe,https://rss.buzzsprout.com/2635990.rss,"<p>Everyone has an opinion about Jira. It's almost always about the setup.</p><p>The Setup is a podcast about work management for the people who actually run it: admins, consultants, team leads, and anyone who has inherited a 400-custom-field instance and lived to tell the story. Each episode opens with The Wire, a quick rundown of what's moving in the work management and SaaS world, then digs into one topic without the vendor gloss: configuration debt, tool sprawl, governance, migrations, and the unglamorous decisions that make or break how teams work.</p><p>No pitches. No ""best practices"" slideware. Just honest conversations about why your tools feel the way they do, and what to do about it.</p><p>Hosted by JP Comeau and Peter Kerrigan, who have been setting up (and un-setting-up) systems of work since 2012. </p>",Buzzsprout,en-us,https://storage.buzzsprout.com/lul59d27e8jjfzp53xorztv8bjre?.jpg,2026-08-09 18:35:54,7986299,confirmed,,1786300554,e5b2ecb6874dc5ac00cbc0ef06ddf2e4,,4,0,INDIVIDUAL
Thee Mane Duo Podcast,Deborah Lola,https://feeds.acast.com/public/shows/6a37e857f1612f1c696fda88,"Our mission is to elevate the standard of bridal hair across the industry by providing expert guidance, advanced education, and healthy hair-focused testing techniques. We support brides, students, and salons with professional consultation, structured training, and evidence-based practices that empower them to deliver an exceptional service.<hr><p style='color:grey; font-size:0.75em;'> Hosted on Acast. See <a style='color:grey;' target='_blank' rel='noopener noreferrer' href='https://acast.com/privacy'>acast.com/privacy</a> for more information.</p>",Acast,en,https://assets.pippa.io/shows/6a37e857f1612f1c696fda88/1782074311983-2e764b52-52ff-457b-9cbe-ac81d5cda0e4.jpeg,2026-08-09 18:34:13,7986297,confirmed,https://feeds.acast.com/public/shows/thee-mane-duo-podcast,1786300453,c7fadb9d24ed296ff2da535caf88c3c3,1896945441.0,2,0,INDIVIDUAL
The CIO Spellbook,DataWizard,https://www.spreaker.com/show/7250197/episodes/feed,"I’m just be a geek sharing experiences and thoughts<br /><br />The idea here is to share what I’ll be calling my Spellbook. Ideas, tips, experiences. “Experiences” is such a nice work for “mistakes”! I like my little Aldo persona. I paid for him! So feel free to stick around and listen. Take what you want from it. Comment, as feedback is always welcome. And hopefully this adventure will be more fruitful than the previous attempt.",Spreaker,en,https://d3wo5wojvuv7l.cloudfront.net/t_rss_itunes_square_1400/images.spreaker.com/original/6f341fec470cfc83f79849313ac5c052.jpg,2026-08-09 18:19:40,7986291,confirmed,https://cio-spellbook.blog/,1786299580,418d02b4e911bfddd8052aa4ad996bde,,4,0,INDIVIDUAL
CLAIM LIFE Podcast,Mya James,https://rss.buzzsprout.com/1979858.rss,"<p>CLAIM LIFE podcast is a self-health podcast dedicated to exploring body positivity and embracing your authentic self. <br>I'm your host, Mya James, and I'm thrilled to embark on this empowering journey with you.  I am a international beauty entrepreneur, writer and product developer.  <br>I love the beautiful parts of the beauty industry but I know there are some parts that have been very toxic and problematic to society. Our society often bombards us with unrealistic beauty standards, leading to feelings of self-doubt and insecurity. Through this podcast, I aim to challenge those norms and cultivate a space of self-love, self- acceptance, and celebration. </p><p>As someone who has personally experienced the transformative power of body positivity, I believe that true well-being starts from within. My goal is to create a space you can rely on to always feel relaxed, uplifted and seen.<br><br></p><p><br><br></p><p>"" CLAIM LIFE'  is a safe haven where we'll delve into topics such as body acceptance, self-care practices, mental health, and mindful movement. Together, we'll explore the power of self-compassion, break free from societal expectations, and embrace our unique beauty and strengths.</p><p>My mission is to empower you to reject toxic beauty standards, develop a healthy relationship with your body, and cultivate a sense of confidence and self-worth.<br><br> Whether you've struggled with body image issues or simply want to deepen your understanding of self-care, this podcast will provide you with the tools and inspiration to embark on a transformative journey towards self-love.<br><br></p><p>Join me on ""The  Claim Life Podcast"" as we embark on this enlightening and empowering path towards body positivity. Together, we'll celebrate the beauty of diversity, challenge the status quo, and nurture a community of radiant individuals who are unapologetically themselves. Remember, your body is a masterpiece, and it's time to embrace and love every inch of it</p>",Buzzsprout,en-us,https://storage.buzzsprout.com/8wdesn3chdpnhid71yc6whm8oz6q?.jpg,2026-08-09 18:16:39,7986290,confirmed,https://claimlifepodcast.buzzsprout.com,1786299399,faba1f7374a6f70bf1f2ed0046e34d5a,,4,0,INDIVIDUAL
The Dynamic Duo Podcast,The Dynamic Duo Podcast,https://anchor.fm/s/115cdfa58/podcast/rss,"Every fandom has a story. Join Conorville and Jasmine Estrada on The Dynamic Duo Podcast as they dive into the biggest conversations in pop culture. From the Marvel Cinematic Universe (MCU) and DC Universe on the big screen to favorite comic book and manga panels, anime action sequences, video game adventures, and TV finales that keep us talking, we explore the latest releases, fan theories, reviews, deep dives, and bold predictions about what’s next. Whether you’re a lifelong fan or discovering your next obsession, there’s always something worth geeking out over!",Anchor,en,https://d3t3ozftmdmh3i.cloudfront.net/staging/podcast_uploaded_nologo/46507878/46507878-1786130201066-377cd92875c0f.jpg,2026-08-09 17:59:07,7986285,confirmed,https://podcasters.spotify.com/pod/show/the-dynamic-duo-podcast1,1786298347,a9cfede42fa917ba16292379e4fa00d6,6799287817.0,2,0,CORPORATE
For Kids' Sake Podcast,Cook Children's Health Care System,https://feeds.transistor.fm/for-kids-sake,"For Kids’ Sake is a pediatric health podcast from Cook Children’s Health Care System that brings trusted expertise off the page and into real conversations for parents and caregivers. 

As an extension of Checkup Newsroom, a go-to source for kids’ health news since 2014, this weekly podcast focuses on everyday questions families are asking right now.

Each episode features Cook Children’s physicians, specialists and clinicians discussing  trending topics, breaking down what matters (and what doesn’t) and sharing practical, evidence-based guidance you can use at home. Expect clear answers from guests who tackle the questions you’re almost afraid to ask.

For Kids’ Sake is for moms, dads, grandparents and guardians making decisions about their child’s health and well-being. Listen wherever you get your podcasts or watch full episodes on Cook Children’s YouTube channel. 

A Spanish-language companion, Por Su Bienestar, delivers the same trusted information bi-weekly for Spanish-speaking families.",Transistor,en,https://img.transistorcdn.com/bOG9ATj_ru2eGsCAeqOJCgtEFpjVkQRdIqIdghwu2f0/rs:fill:0:0:1/w:1400/h:1400/q:60/mb:500000/aHR0cHM6Ly9pbWct/dXBsb2FkLXByb2R1/Y3Rpb24udHJhbnNp/c3Rvci5mbS8xZjNm/Y2Y3ZTRjYTliN2E4/Mzc3MzZhNzM5YjY2/MjM4MS5qcGc.jpg,2026-08-09 17:57:45,7986284,confirmed,https://www.cookchildrens.org,1786298265,368f1cb0e119807e87273847eaf0a8f4,,4,0,INDIVIDUAL
Rev. Randy Barker Preaching,Fisherman,https://anchor.fm/s/115c4d61c/podcast/rss,Preaching Jesus Christ and him crucified,Anchor,en,https://d3t3ozftmdmh3i.cloudfront.net/staging/podcast_uploaded_nologo/46501887/46501887-1786045609985-cf8bf9beb5911.jpg,2026-08-09 17:54:57,7986283,confirmed,https://podcasters.spotify.com/pod/show/fisherman5,1786298097,1c6e2ecd977eb25d0da10f98bb82ce04,6798912477.0,2,0,INDIVIDUAL
When Angels Cry,Barry KuKes,https://rss.buzzsprout.com/2631736.rss,"<p>Novella with a song soundtrack! Each chapter includes a song that is a reflection of the chapter.</p><p><br></p><p>In 1992, as her husband lies dying of AIDS, a woman is forced to confront the choices that shaped her life—and the love she never fully understood.<br><br>Caryn Jennings spent years searching for a way to be seen.</p><p><br></p><p>Leaving behind a quiet life in Western New York, she arrives in New York City determined to reinvent herself. In a world where beauty opens doors and invisibility closes them, Caryn learns quickly that attention can be earned—even if it comes at a cost. By her early twenties, she is surviving through choices that blur the line between control and surrender.</p><p><br></p><p>Everything changes when she meets Davy—a struggling writer whose quiet intensity and unwavering belief in her offer something she has never known: the possibility of being truly understood. As his success grows, so does the complexity of their relationship. Love becomes entangled with ambition, loyalty, and fear, leading to a fracture neither of them is prepared to face.</p><p><br></p><p>Years later, at the height of the AIDS crisis, Caryn is confronted with the devastating reality of the man she never stopped loving. In the shadow of illness, regret, and time lost, she must reconcile the life she built with the truth she avoided—and decide whether love can exist without possession, and whether forgiveness can come too late.<br><br>Each chapter is accompanied by a companion song, offering a deeper emotional reflection of the story’s most intimate moments. The novel stands on its own—but for those who choose to listen and look, the experience lingers long after the final page.<br><br>A haunting and intimate story of love, loss, and the need to be seen, <em>When Angels Cry</em> explores the fragile space between who we are… and who we allow others to know.</p>",Buzzsprout,en-us,https://storage.buzzsprout.com/01p7t45q9b41pt63w5udymnq52ki?.jpg,2026-08-09 17:50:47,7986282,confirmed,,1786297847,dd1f1488581fcb92446009bbd8e57235,,4,0,INDIVIDUAL
Kalusugan Ko,safura bhatti,https://feeds.redcircle.com/89e4ee2d-ad08-461a-a723-cbadb10f74ba,edit,Spotify for Podcasters,en-US,https://media.redcircle.com/images/2026/8/9/17/893cc95c-3037-45cf-abe1-a5842f675b80_kalu.jpg,2026-08-09 17:45:57,7986278,confirmed,https://redcircle.com/shows/kalusugan-ko,1786297557,d248ea186bdba19011284dd52d7b3855,,4,0,INDIVIDUAL
Red Solo Traveler Podcast,Red Solo Traveler,https://www.spreaker.com/show/7250199/episodes/feed,"Engage with the Red Solo Traveler Podcast for intriguing conversations about travel and perspectives on pop culture, as well as the Deep Dive that provides essential travel tips and discussions on different destinations.",Spreaker,en,https://d3wo5wojvuv7l.cloudfront.net/t_rss_itunes_square_1400/images.spreaker.com/original/6d63af3bb35ee72c560c44fbc70cb371.jpg,2026-08-09 17:45:23,7986277,confirmed,https://www.spreaker.com/podcast/red-solo-traveler-podcast--7250199,1786297523,59d0e8d5c33181de6174dd04fde84556,,4,0,INDIVIDUAL
Instant Kpop <3,midzy cherries,https://feeds.redcircle.com/d3d4267e-e9fa-41b0-8b7b-20b49b09458c,un podcast Kpop en français fait par une fan <3,Spotify for Podcasters,en-US,https://media.redcircle.com/images/2026/8/9/14/e97dbe9f-18ac-4af2-9be0-8bedf6802700_inst.jpg,2026-08-09 17:39:36,7986276,confirmed,https://redcircle.com/shows/kpopcorn,1786297176,55a2874ab66a2de2bdd92fdebc12b66b,,4,0,INDIVIDUAL
Kippah Berean,dew48mpywhf5z,https://feed.podbean.com/dew48mpywhf5z/feed.xml,"Kippah Berean is hosted by a Messianic believer who tests everything against Scripture. Rooted in Acts 17:11, the show takes on Word of Faith, NAR, prosperity gospel, and replacement theology, standing on a Messianic Jewish, Protestant-leaning foundation. The kippah is worn in solidarity with the Jewish people, a reminder that Yeshua was, and is, a Jew. Each episode runs about 15 minutes, built to be direct and to the point.",Podbean,en,https://pbcdn1.podbean.com/imglogo/image-logo/21482607/kippahberean.png,2026-08-09 17:27:23,7986268,confirmed,https://dew48mpywhf5z.podbean.com,1786296443,6643a5a7ca3bb799f951c9e5e253710a,6793265002.0,2,0,INDIVIDUAL
This Week in Morristown - The Morristown Minute Podcast,Morristown Minute,https://anchor.fm/s/112df96bc/podcast/rss,"This Week in Morristown - the Morristown Minute Podcast is a hyperlocal, weekly audio roundup of the biggest local news across Greater Morristown, combining quick updates with a deeper look at one major story shaping the community. Each episode connects the week’s developments so residents can understand what happened, why it matters, and what to watch next.",Anchor,en-us,https://d3t3ozftmdmh3i.cloudfront.net/staging/podcast_uploaded_nologo/46016103/46016103-1779403337390-e1be6acc61308.jpg,2026-08-09 17:27:18,7986267,confirmed,https://podcasters.spotify.com/pod/show/chris-connors,1786296438,6fb9e0214a11ed255f1d971fddf1eab3,1896886205.0,2,0,INDIVIDUAL
The Trumpet Sounds - God Is Real,Jennifer Beckford,https://rss.buzzsprout.com/2635972.rss,"<p>Two years ago, I moved to Ghana. It was a decision the Lord pressed on my heart and I am glad I listened. This Podcast is to share life experiences and challenges. Growing up in Jamaica, and moving to the UK in search for a better life. God has never left me throughout my journey. I have come across in my own journey of life a lot of challenges, and this podcast, tells the encouragement I have, that you that you can make it, you can overcome. I am here to let you know - God Is Real in the midst of life turbulence's. In the midst of all your griefs and pains, whatever form they appear - please know you are not alone.I hope through these messages, you will feel the need to smile again. As you participate and feel encouraged, please forward to someone who may need some form of comfort and know how real my God, your God, Our God Is! Remember- You are fearfully and wonderfully made!</p>",Buzzsprout,en-gb,https://storage.buzzsprout.com/k254xj2bxoydlguzxi63hh7jc1f3?.jpg,2026-08-09 17:23:46,7986265,confirmed,https://hopetovictory.buzzsprout.com,1786296226,3fb7a4d787845c4a97b3919d1e69e5c5,,4,0,INDIVIDUAL
Grody to the Max: An '80s Horror Movie Podcast,Neal McLaughlin,https://feeds.captivate.fm/grody-to-the-max-an-80s/,"Novelist/filmmaker Neal McLaughlin is undertaking a massive project: writing a series of wicked rad horror novels, each one taking place in a different year of the 80s. Totally gnarly! To mine for ideas he's re/watching, like, every single notable horror film of the decade, you know? And he's turning the experiment into a, like, so CHOICE podcast! Join him on this bodacious ride as he and a rotating panel of totally tubular guest hosts travel chronologically through this seminal decade in horror. Like, barf OUT, I'm so sure!",Captivate,en,https://artwork.captivate.fm/906914a2-3f43-459a-a4cc-70c85562cada/42539746-1741470062782-edc69c743cdbc.jpg,2026-08-09 17:20:43,7986264,confirmed,https://podcasters.spotify.com/pod/show/neal-and-lanie5,1786296043,6c8691eb5b888ec6bee12d97d72bb8ed,,4,0,INDIVIDUAL
Dreamers Rising,Andrea and Ondrea,https://anchor.fm/s/115c36f84/podcast/rss,"The Dreamers Rising Podcast is a heartfelt space inspiring women to dream, rise above obstacles, and live authentically. Hosted by Ondrea and Andrea, each episode explores the challenges, lessons, and dreams that shape who we are. Through honest storytelling and warm guest conversations, we dive into purpose, healing, confidence, and true transformation. This is a supportive community for listeners who want to grow through life rather than just go through it. We encourage you to shed expectations, trust your unique path, and keep rising into the woman you were born to be.",Anchor,en,https://d3t3ozftmdmh3i.cloudfront.net/staging/podcast_uploaded_nologo/46500969/46500969-1786035188992-d8831b1b654fc.jpg,2026-08-09 17:15:35,7986262,confirmed,https://podcasters.spotify.com/pod/show/dreamers-rising3,1786295735,36563fac1c5c6e5ad7c4163765d82669,6798880500.0,2,0,CORPORATE
Crazy Real with Bugge & Zogg,Brews & Banter Studio,https://rss.buzzsprout.com/2635966.rss,"<p>Welcome to <b>Crazy Real with Bugge & Zogg</b>, the podcast where two lifelong friends and busy moms get honest about the hilarious, chaotic, heartwarming, and downright confusing parts of everyday life. Hosted by <b>Jenn (Bugge) Wilber</b> and <b>Marissa (Zogg) Rothschild</b>, this show is your new go-to spot for the conversations you <em>wish</em> you could have in the school pickup line, at youth sports, or over a glass of wine after the kids finally go to bed.</p><p>Nothing is off the table. From the magic (and madness) of Disney trips, to ADHD and parenting struggles, to reality TV obsessions, youth sports drama, holiday traditions, family chaos, friendship, and the everyday stories that make motherhood both exhausting and beautiful — Bugge & Zogg keep it funny, unfiltered, and crazy real.</p><p>Whether they’re debating Fast Passes, reality TV, swapping Italian family food stories, or diving into deeper topics like kids’ mental health and modern parenting pressures, you’ll feel like you’re right there at the table with them. Interesting guests as well.</p><p><b>Real moms. Real talk. Real laughs.</b> If you need a break, a laugh, or just the reminder that you’re not the only one trying to figure it all out — you’re in the right place.</p><p>Have a topic you want them to cover? Email: <a href=""mailto:crazyrealbuggezogg@gmail.com""><b>crazyrealbuggezogg@gmail.com</b></a></p><p>Hit follow and join the conversation every week with Bugge & Zogg — where being real is the whole point.</p>",Buzzsprout,en,https://storage.buzzsprout.com/a2ezgyl344zhh9it23bmhwuvzom6?.jpg,2026-08-09 17:12:37,7986261,confirmed,https://rss.com/podcasts/crazy-real-bugge-zogg,1786295557,f5337435a0cbc08be30e314435cd5508,,4,0,CORPORATE
Operation Mossad,The Untold Story,https://anchor.fm/s/115abb164/podcast/rss,"Operation Mossad is a documentary podcast exploring the world of intelligence operations, covert missions, and the hidden stories behind some of history’s most complex investigations.
Through detailed storytelling, we uncover the strategies, planning, risks, and consequences behind famous intelligence operations involving Mossad and other global agencies.
From secret missions and undercover operations to the people and decisions that shaped history, Operation Mossad takes you inside the world of espionage, where information, strategy, and courage define the outcome.",Anchor,en,https://d3t3ozftmdmh3i.cloudfront.net/staging/podcast_uploaded_nologo/46485409/46485409-1785827738387-2ccbea205b49c.jpg,2026-08-09 17:10:58,7986260,confirmed,https://podcasters.spotify.com/pod/show/neeraj-vats9,1786295458,42d8bc2d3736719c310bfe1b782decac,6797878100.0,2,0,CORPORATE
Business Money,Business Money,https://www.spreaker.com/show/7250131/episodes/feed,"Welcome to Business Money – your ultimate source for smart business ideas, powerful machines, and innovation-driven solutions! On this channel, we explore the best equipment and tools to launch and grow your own business. From cutting-edge machines and automated systems to low-cost startups and profitable niches – we show you how to turn ideas into income. Whether you're an entrepreneur, investor, or just starting out, Business Money helps you stay ahead with practical insights, real-world examples, and inspiring technology.",Spreaker,en,https://d3wo5wojvuv7l.cloudfront.net/t_rss_itunes_square_1400/images.spreaker.com/original/17fe31a0b05d8549152d1aca1ebc3933.jpg,2026-08-09 17:10:19,7986259,confirmed,https://www.spreaker.com/podcast/business-money--7250131,1786295419,4fd42cb1de0477b4b31c2938990f1fc2,,4,0,INDIVIDUAL
At Home Animals,Hazel and Lilli,https://www.spreaker.com/show/7250130/episodes/feed,"Every episode we focus on a different animal. At the end, there will be small at home projects or activities that help conserve animals.",Spreaker,en,https://d3wo5wojvuv7l.cloudfront.net/t_rss_itunes_square_1400/images.spreaker.com/original/bbafca6afe173217795bae02a09e6425.jpg,2026-08-09 17:10:13,7986258,confirmed,https://www.spreaker.com/podcast/at-home-animals--7250130,1786295413,327e737ab142f69530a546f64933b695,,4,0,CORPORATE
"Earth, Again",Wildsky Studios,https://rss.buzzsprout.com/2630336.rss,"<p>Ten years after humanity was forced back to a permanent pre-electric age, sixteen-year-old Liv learns her pacemaker battery is failing. Her father Robert — a former NASA engineer — leads a desperate thousand-mile horseback journey across Montana, Idaho, and Washington to reach a secret military prototype that might save her life. What they find at the end of the road will matter as much to the human race, as it will to Liv.</p>",Buzzsprout,en-us,https://storage.buzzsprout.com/xy126zoo5uolxqetvzu3bz5u1mc6?.jpg,2026-08-09 17:04:15,7986255,confirmed,https://earthagain.buzzsprout.com,1786295055,9dc3e6950516634642cb40dff549c52a,6799714301.0,0,0,INDIVIDUAL
The Body Knows,Leigh Ankrum,https://feeds.transistor.fm/the-body-knows,"How does the body actually heal? Leigh Ankrum — founder of the Ankrum Institute and a teacher of whole-body manual therapy — shares short, clear conversations on what your body is telling you: fascia, the nervous system, the body's pressure systems, movement, and the deeper patterns underneath pain. If you have ever sensed there was more to your symptoms than you were told, you are in the right place. The body knows — listen in.",Transistor,en,https://img.transistorcdn.com/e0OGASoyRUNGEFVhHVdkjnNfhc3A3qk-ELSb-Pp-CGA/rs:fill:0:0:1/w:1400/h:1400/q:60/mb:500000/aHR0cHM6Ly9pbWct/dXBsb2FkLXByb2R1/Y3Rpb24udHJhbnNp/c3Rvci5mbS8xZWM1/N2NkMTViODljZjll/NzQ5MzE2NmZjNTJk/OGVhOS5wbmc.jpg,2026-08-09 17:03:40,7986254,confirmed,https://leighankrum.com,1786295020,2e684fb922f95b3b697ece957bbc0d87,,4,0,INDIVIDUAL
The David Leifeste Podcast,David Leifeste,https://feeds.transistor.fm/the-david-leifeste-podcast,"Conversations on success, meaning, and the possibility of you. Psychotherapist and executive coach David Leifeste, M.S., L.P.C., draws on forty years and more than 100,000 conversations to explore how people actually change — through honest interviews and solo field notes on purpose, resilience, relationships, and the quiet decisions that shape a life.",Transistor,en,https://img.transistorcdn.com/p_-e192syMal04GycFT36IT9TJFln-S9IOIkJjAP4xA/rs:fill:0:0:1/w:1400/h:1400/q:60/mb:500000/aHR0cHM6Ly9pbWct/dXBsb2FkLXByb2R1/Y3Rpb24udHJhbnNp/c3Rvci5mbS9hNzJi/MDlmNjZhZDAyN2Vi/MjRjNzVkNWIxNDQw/ZTkxMS5wbmc.jpg,2026-08-09 17:02:13,7986253,confirmed,https://davidleifeste.com,1786294933,c768e607a751a720e0f98193629a932f,,4,0,INDIVIDUAL
Pacific Unknown: A True Crime Podcast,Des and Matt McAdam,https://anchor.fm/s/11597492c/podcast/rss,"Every place has its stories.
Along the Pacific Coast, beneath towering redwoods, through desert highways, quiet suburbs, and winding canyon roads, there are cases that still haunt the communities they left behind.
Hosted by Husband and wife Des & Matt Pacific Unknown explores unsolved disappearances, cold cases, and the mysteries that continue to captivate investigators and families alike. Each episode carefully reconstructs the timeline, examines the known evidence, and separates verified facts from speculation, always with compassion for the people at the center of every story.",Anchor,en-us,https://d3t3ozftmdmh3i.cloudfront.net/staging/podcast_uploaded_nologo/46472035/46472035-1785629364150-eecef035e4998.jpg,2026-08-09 16:57:25,7986250,confirmed,https://podcasters.spotify.com/pod/show/daisyraen2,1786294645,ad85376db2232befebfac10eed04242b,6798431091.0,2,0,CORPORATE
Friends With Businesses,AnnMarie Rose,https://rss.buzzsprout.com/2635946.rss,"<p>You know that feeling when you're hanging out with a business-owning friend who just gets it, nerding out on strategy, spilling the tea, going all the way there about work and life? That's what happens here on Friends With Businesses.<br><br></p><p>I'm AnnMarie Rose, founder, mom, wife, and business strategist who has spent over a decade (and made multiple millions) helping coaches, consultants, and agency owners life-proof their businesses with leverage: multiplying revenue and impact while reducing what's required from them to make it happen.<br><br></p><p>Every week, it's either just us -- me riffing solo on the ins and outs and real talk about leading a thriving business and a  full life -- or me and one of my real friends who happen to run incredible businesses.<br><br></p><p>The vibe around here is  honest, unfiltered truth. Always. <br><br>Not the highlight reel. Not the bloggable listicle. No press tour canned answers. <br><br>Just real talk from real people who are really in it, growing businesses that last and leading lives that feel meaningful. <br><br></p><p>So, cozy up. Come as you are. Let's get into it.</p>",Buzzsprout,en-us,https://storage.buzzsprout.com/oc2aq5zt28beaz0wrdtr8df7f9ea?.jpg,2026-08-09 16:55:52,7986247,confirmed,https://www.buzzsprout.com/2635946,1786294552,a0071c32354e85dd1eb9d5432425ebeb,6799712666.0,0,0,INDIVIDUAL
Another Pod,Frank Matten,https://www.spreaker.com/show/7250063/episodes/feed,"Three friends, one endless obsession. Every week we sit down to talk World of Warcraft — the patch notes worth caring about, the ones that make us sigh, class changes, raid nights, lore we've overthought way too much, and the little dumb stories that come out of playing this game for way too long. Some weeks it's genuine analysis. Other weeks it's twenty minutes about a single questline. Either way, if Azeroth lives rent-free in your head too, you're in the right place.",Spreaker,en,https://d3wo5wojvuv7l.cloudfront.net/t_rss_itunes_square_1400/images.spreaker.com/original/45e84ca03f1b63c339c57b92c6b77b60.jpg,2026-08-09 16:45:02,7986243,confirmed,https://www.spreaker.com/podcast/another-pod--7250063,1786293902,5314ef5fa8ebbde0bdd43e0e19a9fff6,,4,0,INDIVIDUAL
Traces of Truth,Traces of Truth,https://anchor.fm/s/11479ee00/podcast/rss,"Welcome to Trails of Truth, where true crime meets careful investigation. From infamous murders to unsolved mysteries and forgotten cold cases, each episode follows the clues, examines the evidence, and uncovers the truth behind the headlines. Because the truth always leaves a trail.",Anchor,en,https://d3t3ozftmdmh3i.cloudfront.net/staging/podcast_uploaded_nologo/46285024/46285024-1783015722538-7c2ce96f15223.jpg,2026-08-09 16:41:58,7986240,confirmed,https://podcasters.spotify.com/pod/show/traces-of-truth8,1786293718,daa5cec194848faf2f428cc2e0223a90,6798379549.0,2,0,INDIVIDUAL
Inner Motivation: Raw Mindset by David Goggins,GrindTheory,https://anchor.fm/s/f9466aa0/podcast/rss,"This podcast delivers raw, unfiltered mindset audio featuring David Goggins. Each episode is a reminder that true growth comes from embracing pain and pushing beyond limits.
A significant portion of the content is sourced from Elevate Start (@elevatestart) on Instagram. All rights to original audio belong to their respective creators.
This project is strictly non-commercial and created solely for mental discipline and motivation.",Anchor,en-us,https://d3t3ozftmdmh3i.cloudfront.net/staging/podcast_uploaded_nologo/41721416/41721416-1786178653020-db2ae481d36dc.jpg,2026-08-09 16:40:12,7986239,confirmed,https://podcasters.spotify.com/pod/show/niciulociulo,1786293612,13ad63e173355d46dd563ad37c54b403,6799382868.0,2,0,INDIVIDUAL
Learning and Development Podcasts,Joe walker,https://feeds.redcircle.com/97a7ac37-f185-41c2-915a-e7a0887a28d2,"Discover the best learning and development podcasts featuring expert insights, workplace learning trends, leadership strategies, and practical tips to elevate employee growth.",Spotify for Podcasters,en-US,https://media.redcircle.com/images/2026/7/30/13/d6332923-8674-4bae-9e23-aee2693bdb02_imresizer-the_talent_equation.jpg,2026-08-09 16:36:45,7986232,confirmed,https://redcircle.com/shows/learning-and-development-podcasts,1786293405,d86c911ff8106dc380ae3b644bab8498,,4,0,INDIVIDUAL
The Voice of Hope with Prophetess Alice M. C. Bamukunde,Prophetess Alice M C Bamukunde,https://anchor.fm/s/112e93280/podcast/rss,"Welcome to The Voice of Hope, a daily podcast with Prophetess Alice M. C. Bamukunde. Every episode brings biblical encouragement, practical wisdom, heartfelt conversations, and prayers for everyday life. Whether you’re facing loneliness, brokenness, uncertainty, family challenges, or simply longing to grow closer to Christ, this podcast is here to strengthen your faith, restore your hope, and remind you that God has not forgotten you. Come just as you are and let’s walk this journey together.",Anchor,en-ca,https://d3t3ozftmdmh3i.cloudfront.net/staging/podcast_uploaded_nologo/46022400/46022400-1785777362361-9a897a8925965.jpg,2026-08-09 16:34:25,7986227,confirmed,https://podcasters.spotify.com/pod/show/alice-m-c-bamukunde,1786293265,28077b6c8f36c67d83f1a5fb6cb7e867,6798042861.0,2,0,INDIVIDUAL
INSPIRED MINDS HUB PODCAST,IMH PODCAST STUDIO,https://anchor.fm/s/102da4ab4/podcast/rss,"Welcome to the Inspired Minds Hub Podcast! 🎙️✨
This is more than just a podcast it’s a space for growth, inspiration, and real conversations. From personal development to the challenges of daily life, we’re here to explore it all.
Join me on this journey as we dive into diverse topics that inspire change, spark ideas, and help us navigate this ever-evolving world. 🚀
Follow for updates, new episodes, and insights that’ll elevate your mindset. Let’s grow together! 💡",Anchor,en-us,https://d3t3ozftmdmh3i.cloudfront.net/staging/podcast_uploaded_nologo/43328277/43328277-1743317866242-84818748e54cd.jpg,2026-08-09 16:24:46,7986223,confirmed,https://podcasters.spotify.com/pod/show/imh-podcast-studio,1786292686,1e46236f6d4ade01b5758f9bb1685a03,6798879507.0,2,0,CORPORATE
The Full Ice Hockey Podcast,THPN,https://feeds.simplecast.com/JMnm7UHB,"The Full Ice Hockey Podcast, a podcast hosted by Noah Adler, Will Mandzuk and Connor Dolan, cover everything in the game of Hockey. They are a serious crew but not really serious.",Simplecast,en,https://image.simplecastcdn.com/images/e8ad9bcf-3907-410d-a14c-21a14d88604b/2df7b562-054b-45f1-9cde-64846f74020a/3000x3000/6be2a268-9576-46e6-a173-95a20e64a3f2.jpg?aid=rss_feed,2026-08-09 16:23:42,7986222,confirmed,https://the-full-ice-hockey-podcast.simplecast.com,1786292622,94792bbc389828c2dd326143a188fe01,6796087346.0,2,0,CORPORATE
gangstar,gangstar,https://rss.buzzsprout.com/2635954.rss,<p>:)</p>,Buzzsprout,en-us,https://storage.buzzsprout.com/9tuve8kc16r14proldmfuloppeci?.jpg,2026-08-09 16:18:00,7986219,confirmed,,1786292280,af4d5c2da06b8f5b5c77a63ceeca6f15,,4,0,CORPORATE
Mental Wellness Podcast,Chibanzi Mwachonda,https://rss.buzzsprout.com/2634093.rss,"<p>A podcast dedicated to reframing the narrative on mental health by educating and create awareness on mental health conditions, their treatment and rehabilitation and to reduce mental health stigma in the society. </p>",Buzzsprout,en-us,https://storage.buzzsprout.com/kh22qjyo247343wznz8t2csyypou?.jpg,2026-08-09 16:17:47,7986218,confirmed,https://mentalwellnesspodcast.buzzsprout.com,1786292267,0162ca026311170dec84cc98f0e962e9,,4,0,INDIVIDUAL
Princeton Homeowners Podcast,HG Media,https://feeds.redcircle.com/cdf34935-74a8-4900-a727-8d7be3f115fe,"Welcome to the Princeton Homeowners Podcast, your curated directory for local home service professionals. Researching contractors, plumbers, and landscapers takes time, so we do the heavy lifting for you. Each episode provides a comprehensive overview of a specific company serving the Princeton, New Jersey area. We compile publicly available information from company websites and Google Business Profiles to give you a clear, concise summary of their services and specialties. Subscribe today to discover the trusted professionals operating right in your neighborhood. Visit our website at PrincetonHomeownersPodcast.com for more destails.",Spotify for Podcasters,en-US,https://media.redcircle.com/images/2026/8/9/15/a399b7ab-a131-4aa4-b586-1d6eec10afba_princeton_homeowners_podcast.jpg,2026-08-09 16:13:30,7986216,confirmed,https://redcircle.com/shows/princeton-homeowners-podcast,1786292010,fbe573fd70a5b8ccca6fbc216697cb8d,,4,0,CORPORATE
Evermind Tribe,Celeste Noelle,https://feed.podbean.com/evermindtribe/feed.xml,"<p>Welcome to the Evermind podcast where we area ever mindful of the choices and tools we have to adjust our life experience. Here we explore the following categories: business and impact, high-quality connection, peak experiences, health, learning and growth.</p>",Podbean,en,https://pbcdn1.podbean.com/imglogo/image-logo/22292657/Tribe_3_75hb1.png,2026-08-09 16:11:27,7986215,confirmed,https://evermindtribe.podbean.com,1786291887,4e90bf8c26c50a45f99571baa01ed678,1895571911.0,2,0,INDIVIDUAL
Maximum Context Bro,Twelve Two HQ,https://anchor.fm/s/10bc53b20/podcast/rss,"Smart dopamine for busy brains — quick context hits that make the world make sense. Learn without the lecture, delivered with the 80s cartoon momentum and ZERO TEDx energy.
Nostalgia, history, psych, and the strange mechanics running the world… smashed into sharp five-minute bursts with the 80s Saturday-morning cartoon vibe you grew up on.
New episodes drop every Saturday mornings.",Anchor,en,https://d3t3ozftmdmh3i.cloudfront.net/staging/podcast_uploaded_nologo/44824424/44824424-1763395606980-7ef0e0c11fc3b.jpg,2026-08-09 16:11:02,7986214,confirmed,https://podcasters.spotify.com/pod/show/maximum-context-bro,1786291862,cc9497492efca826d9a253bf830dc4e1,1853685372.0,2,0,INDIVIDUAL
North Country Voices Podcast Series,Shubha Banavar,https://anchor.fm/s/1159b96bc/podcast/rss,"Step into the studios and creative minds of St. Lawrence County. North Country Voices is an intimate podcast series celebrating the rich artistic landscape of the North Country.
Shubha Banavar sits down with 12 diverse artists from across the region to explore what drives their craft, where they find inspiration in the local landscape, and how their ideas come to life. Featuring honest conversations, behind-the-scenes insights, and exclusive demos of their work, North Country Voices is a tribute to the power of community, place, and creative expression.",Anchor,en,https://d3t3ozftmdmh3i.cloudfront.net/staging/podcast_uploaded_nologo/46474855/46474855-1785680221250-92ab12592a5.jpg,2026-08-09 16:04:13,7986209,confirmed,https://podcasters.spotify.com/pod/show/shubha-banavar0,1786291453,30732ff6c33113a0a1e5bbe8c0ff7867,6797864676.0,2,0,INDIVIDUAL
Beyond the Build by QBS,Quality Building Supply,https://anchor.fm/s/115cded74/podcast/rss,"Beyond the Build is brought to you by Quality Building Supply, alongside Summit Investment and 4 The Hunt. From the building supply yard to land investment deals to time spent in the field, each episode brings honest conversations about construction, buying and managing land, hunting, and what it really takes to grow a company from nothing — told by the people who built it. Whether you're in the trades, eyeing your first piece of property, or just love the outdoors, there's something here for you. Follow Beyond the Build so you never miss an episode.",Anchor,en,https://d3t3ozftmdmh3i.cloudfront.net/staging/podcast_uploaded_nologo/46507845/46507845-1786152234778-da3144e2fb092.jpg,2026-08-09 16:01:30,7986206,confirmed,https://www.qbs.us,1786291290,aa4ce2fb855cf7112b100e410d061162,6799277448.0,2,0,INDIVIDUAL
EBnet's Health Hack SA,EBnet.Stream Podcasts,https://anchor.fm/s/1151e59cc/podcast/rss,"Navigating South Africa’s healthcare ecosystem shouldn't feel like a full-time job - or a financial gamble. HEALTH HACK SA is your authoritative, insider guide to demystifying medical schemes, understanding your legal rights and taking total control of your health and financial future.",Anchor,en,https://d3t3ozftmdmh3i.cloudfront.net/staging/podcast_uploaded_nologo/46392779/46392779-1784549677107-d6d15634de4f2.jpg,2026-08-09 16:01:05,7986205,confirmed,https://podcasters.spotify.com/pod/show/ebnetstream-podcasts8,1786291265,965f42a2249bc12e3432643bf3d6f003,6792746146.0,2,0,INDIVIDUAL
Mind-Body Conversations with Lisa & Elizabeth,Lisa Bailer & Elizabeth Cappelletti,https://rss.buzzsprout.com/2630170.rss,"<p><b>Mind-Body Conversations with Lisa & Elizabeth</b> explores the connection between mind, body, and overall well-being. Through honest conversations, expert insights, and inspiring guests, we discuss anxiety, trauma, healing, relationships, nervous system regulation, personal growth, and living in alignment with your authentic self. Join us as we bridge traditional and holistic approaches to help you heal, grow, and thrive.</p><p><br></p>",Buzzsprout,en-us,https://storage.buzzsprout.com/i6jyh22gfw8xjekocekyvruefyv5?.jpg,2026-08-09 15:57:49,7986204,confirmed,,1786291069,517932b01ab2e9718ac5247d5bfc9761,6799706756.0,4,0,CORPORATE
Trenches Wood,Lil Millie,https://feed.podbean.com/larylewis38/feed.xml,Lil Millie,Podbean,en,https://pbcdn1.podbean.com/imglogo/image-logo/22541303/podcast_cover_20260804_174717_72fa0ef40aff00edc91f95798f867d0e.png,2026-08-09 15:49:55,7986200,confirmed,https://larylewis38.podbean.com,1786290595,c04f14249af5fce72e192b8b6a88b099,6798044134.0,2,0,INDIVIDUAL
Human Judgment in an AI World,Stacy Beitel Agobian,https://feeds.transistor.fm/human-judgment-in-an-ai-world,"Conversations for leaders navigating AI, governance, ethics, and human judgment. New episodes on AI oversight, accountability, and decision-making every week.",Transistor,en,https://img.transistorcdn.com/slzpcy0pn70p6KRmb6FvZTi26tHZ7eXuyIRthTZK904/rs:fill:0:0:1/w:1400/h:1400/q:60/mb:500000/aHR0cHM6Ly9pbWct/dXBsb2FkLXByb2R1/Y3Rpb24udHJhbnNp/c3Rvci5mbS9hOGE0/ZjcyMGEyMzNhYWQ1/ZWJhODEyYmQ5YmY0/ZDY2NC5wbmc.jpg,2026-08-09 15:46:44,7986197,confirmed,https://goodfaithei.com,1786290404,2bdf09189a46f56896f74aefab6c50e3,,4,0,INDIVIDUAL
The Mothering Myself Podcast,Susan Kinahan,https://feeds.libsyn.com/217022/rss,"After a several year hiatus, we are returning to ""The Mothering Myself Podcast""! This podcast is shifting gears to create space for raw, unfiltered, authentic expression to liberate our souls from the conditioning that holds us back.  Together we speak to our awareness, reflect on our experiences, and align with our sovereign selves as we choose love for ourselves and our humanity. Originally, this podcast was to support Mothers in the sometimes lonely experience of parenting.  Today, this podcast can speak to all who resonate with the idea that we are children of the ""New Earth"", and together we're co-creating a beautiful new reality.  Cheers to our ongoing evolution and to the plot twists our lives throw!
** New episodes arriving October 2026. Can't wait to reconnect with you! **",Libsyn,en-us,https://static.libsyn.com/p/assets/f/7/1/2/f712f6113dfbe56d5f2e77a3093c12a1/Copy_of_libsyn_graphic.jpg,2026-08-09 15:41:35,7986194,confirmed,,1786290095,3f63318039ee6d3d445e954dc3fd633a,6798805124.0,2,0,INDIVIDUAL
GO SEE STAY,GoSeeStay.com,https://anchor.fm/s/115b770d0/podcast/rss,"GO SEE STAY is a travel podcast for smarter, more inspiring adventures. Discover the best things to do, places to see and areas to stay in destinations around the world—from famous attractions and local culture to beaches, food tours, day trips and memorable experiences. Each episode brings practical travel tips, itinerary ideas and booking inspiration to help you plan better, spend wisely and make every journey count.",Anchor,en-us,https://d3t3ozftmdmh3i.cloudfront.net/staging/podcast_uploaded_nologo/46493108/46493108-1785933245878-d5eba5651170d.jpg,2026-08-09 15:36:53,7986189,confirmed,https://goseestay.com,1786289813,ea52bdc1adc7ee85ce620e410dd6852f,6798323183.0,2,0,INDIVIDUAL
Tales From The Cortex,Dr. Andrew Micieli & Dr. Michelle Jaeggi,https://rss.buzzsprout.com/2635945.rss,"<p><b>Tales From the Cortex is a story-driven neurology podcast that takes you inside the mysteries of the human brain.</b></p><p><br></p><p><b>Each episode begins with a patient, a symptom, and a clinical mystery. Follow the story as it unfolds and become the patient's neurologist: What questions would you ask? Where would you localize the problem? Which tests would you order? And what would you do next?</b></p><p><br></p><p><b>Hosted by neurologists Dr. Andrew Micieli and Dr. Michelle Jaeggi, </b><b><em>Tales From the Cortex</em></b><b> explores how neurologists think, make decisions, and navigate uncertainty—one case at a time.</b></p><p><br></p><p><b>No medical degree required. Just curiosity.</b></p><p><br></p><p><b>Every symptom is a clue. Every brain has a story.</b></p>",Buzzsprout,en-us,https://storage.buzzsprout.com/ln3vlz1xqa6txgtrmg8chhqfaptr?.jpg,2026-08-09 15:34:45,7986185,confirmed,https://www.buzzsprout.com/2635945,1786289685,7d74261031302146523dbc47867356fd,6799696331.0,4,0,CORPORATE
The Story of The Stone,Tomtsi,https://anchor.fm/s/115d6b260/podcast/rss,"My name is Tom, I'm truly delighted to be bringing you this podcast, recorded right here in Beijing. My hope is that literature lovers from all around the world will tune in and follow along. Over the coming episodes, I'll be reading aloud — and gradually working my way through — the classic Chinese novel The Story of The Stone(also known as Dream of the Red Chamber), co-authored by Cao Xueqin and Gao E of the Qing Dynasty. The full novel runs 120 chapters, so it's quite a long haul. Over the next few years, I will share with you every week.",Anchor,en-gb,https://d3t3ozftmdmh3i.cloudfront.net/staging/podcast_uploaded_nologo/46513592/46513592-1786276628091-b7b0d83251579.jpg,2026-08-09 15:31:24,7986184,confirmed,https://podcasters.spotify.com/pod/show/tomtsi3,1786289484,e563981d64a634012f7f3825ab261c41,6799520979.0,2,0,INDIVIDUAL
The Ben Green Show,Benjamin Green,https://anchor.fm/s/115c70bbc/podcast/rss,"Welcome to The Ben Green Show, where personal growth meets gaming culture.
Hosted by Ben Green—Senior Gaming Community Manager for Lenovo Legion and former host of the Stream Key Podcast and Gaming Careers Podcast—this show bridges the gap between self-development & the modern gaming world.
Ben explores how gaming naturally fits into a balanced, well-rounded life for high achievers, with conversations spanning fitness, parenting, music, and goal-setting, alongside sharp breakdowns of gaming news and creator culture.
Catch episodes live on the BenjaminGreen Twitch channel every Sun @ 9pm ET",Anchor,en,https://d3t3ozftmdmh3i.cloudfront.net/staging/podcast_uploaded_nologo/46503335/46503335-1786064102443-498f3dec5a8ac.jpg,2026-08-09 15:23:30,7986173,confirmed,https://podcasters.spotify.com/pod/show/benjamin-green04,1786289010,cec24ee7445e644bd612698834abef7a,6799079835.0,2,0,INDIVIDUAL
Uni-Voz Conversations,Uni-Voz Speech and Language,https://anchor.fm/s/115b9c998/podcast/rss,"Welcome to Uni-Voz Conversations. Communication is a journey shared across cultures, languages, and communities. Hosted by bilingüal pediatric Speech-Language Pathologist Paola, this podcast explores speech, language, feeding, and communication through thoughtful conversations, practical ideas, expert guests, and evidence-based guidance. Created for families, caregivers, educators, therapists, and healthcare professionals worldwide, with conversations available in both English and Spanish.",Anchor,en-us,https://d3t3ozftmdmh3i.cloudfront.net/staging/podcast_uploaded_nologo/46494646/46494646-1785951337425-e72d6e284268.jpg,2026-08-09 15:18:16,7986169,confirmed,https://podcasters.spotify.com/pod/show/uni-voz-conversations,1786288696,33be17d1031c33279224c3f1e510b71f,6799438081.0,2,0,CORPORATE
The After Podcast,Brandon Vassol,https://rss.buzzsprout.com/2635923.rss,"<p>The After, where you feel in the blank and we help you find what's missing.</p><p>Everyone has an After. Let's talk about it!</p>",Buzzsprout,en-us,https://storage.buzzsprout.com/pbhwhc2zz9gfs1i6rx5j0787i9zc?.jpg,2026-08-09 15:17:36,7986168,confirmed,https://www.buzzsprout.com/2635923,1786288656,e72a3a03d187f3144bcd5e747b0c94e1,,4,0,CORPORATE
Tinig ng Mga Kwento,Anadel,https://anchor.fm/s/113e69e48/podcast/rss,"Tinig ng Mga Kwento is a storytelling podcast where I share heartfelt reflections, inspiring life lessons, and meaningful stories that remind us of the beauty of being human. Through each episode, I hope to encourage, comfort, and inspire you—one story at a time.
Whether you’re looking for hope, a moment of reflection, or simply a voice that understands, this is a space where every story speaks to the heart.
Where stories speak from the heart.
https://www.facebook.com/share/1D4w87oVUx/?mibextid=wwXIfr",Anchor,en-ph,https://d3t3ozftmdmh3i.cloudfront.net/staging/podcast_uploaded_nologo/46188482/46188482-1782849143174-97c8107333a9.jpg,2026-08-09 15:05:43,7986153,confirmed,https://podcasters.spotify.com/pod/show/anadel,1786287943,2d09368820a076e94dd1c40dfc139b6c,6799440001.0,2,0,INDIVIDUAL
Until It Works,Make Something Media,https://anchor.fm/s/115529804/podcast/rss,"It’s easy to look at a finished product and assume it was a straight line to the top. It never is.
Until It Works is pulling back the curtain on the everyday leadership journey. We’re talking about the failures, the unglamorous daily grind, and the moments where business leaders were just flying by the seat of their pants.",Anchor,en,https://d3t3ozftmdmh3i.cloudfront.net/staging/podcast_uploaded_nologo/46427017/46427017-1785012764448-fd61a7b951ceb.jpg,2026-08-09 15:03:13,7986149,confirmed,https://podcasters.spotify.com/pod/show/austin-trachsel,1786287793,b2742de762e1d5b143b5197711ceed35,6799424861.0,2,0,CORPORATE
Scripture Based,Dave Lubin,https://anchor.fm/s/fa072420/podcast/rss,Bible study,Anchor,en,https://d3t3ozftmdmh3i.cloudfront.net/staging/podcast_uploaded_nologo/41847720/41847720-1723925108883-571c2b7ea1c62.jpg,2026-08-09 15:02:12,7986146,confirmed,https://podcasters.spotify.com/pod/show/dave-lubin,1786287732,db023ad2bd000077da59ae4020410dbd,1763435842.0,2,0,INDIVIDUAL
WealthyGrove,Wealthy Grove,https://www.spreaker.com/show/7249932/episodes/feed,"WealthyGrove explains taxes, savings, and investing in plain language, without the confusing terms or the sales pitch.",Spreaker,en,https://d3wo5wojvuv7l.cloudfront.net/t_rss_itunes_square_1400/images.spreaker.com/original/e733563f85f20239c52b7dedbff6ff47.jpg,2026-08-09 15:01:33,7986145,confirmed,https://www.spreaker.com/podcast/wealthygrove--7249932,1786287693,f63a77f3a605885cf45b58c85e7a2995,,4,0,INDIVIDUAL
Dark Psychology Coded,Dark Psychology Coded,https://www.spreaker.com/show/7249931/episodes/feed,"Unlock the unseen layers of the mind through the combined power of psychology and philosophy. Dark Psychology Coded explores the complexity of human thought, behavior, and self-awareness — drawing from ancient wisdom such as the works of Machiavelli, Carl Jung, Nietzsche, Schopenhauer, and Stoic philosophy. Learn how your subconscious shapes your reality, why we think the way we do, and how deep introspection can lead to personal transformation. If you're on a journey of intellectual growth, shadow work, or self-discovery, this channel is your companion in mastering the art of thinking and living.",Spreaker,en,https://d3wo5wojvuv7l.cloudfront.net/t_rss_itunes_square_1400/images.spreaker.com/original/be60c60995053c5c6547e19d918b665e.jpg,2026-08-09 15:00:50,7986144,confirmed,https://www.spreaker.com/podcast/dark-psychology-coded--7249931,1786287650,48ca61553fa618bbea8d4146cc42dcaf,,4,0,INDIVIDUAL
OD Alam,OD Alam,https://rss.buzzsprout.com/2375696.rss,"<p><b>LOCK IN — Motivational Podcast</b></p><p>Welcome to <b>LOCK IN</b>, your daily source of powerful motivation, discipline, mindset, and success.</p><p>This podcast is for anyone who wants to <b>stop making excuses, take back control, work harder, build mental toughness, and become the best version of themselves.</b></p><p>Listen to motivational speeches, inspirational messages, success mindset lessons, workout motivation, study motivation, discipline talks, and powerful speeches designed to help you <b>lock in and take action.</b></p>",Buzzsprout,en-us,https://storage.buzzsprout.com/isawcjg7j38d5ya9p55agxbeib12?.jpg,2026-08-09 14:55:02,7986140,confirmed,https://www.buzzsprout.com/2375696,1786287302,a9cb35c0cf5813ae42a9ded459fbd18f,,4,0,INDIVIDUAL
Permission To Ramble,Ella,https://anchor.fm/s/115b0a0ac/podcast/rss,"Permission to Ramble is where history, true crime, paranormal stories, current events and completely unexpected rabbit holes collide. From haunted hotels and medical scandals to bizarre headlines and people behaving badly, each episode unpacks whatever has captured my attention—with research, humor, strong opinions and full permission to ramble.",Anchor,en-us,https://d3t3ozftmdmh3i.cloudfront.net/staging/podcast_uploaded_nologo/46488643/46488643-1785868581740-cb273ad7d5829.jpg,2026-08-09 14:51:46,7986139,confirmed,https://podcasters.spotify.com/pod/show/ellaunusual5,1786287106,91786bc3ab1d162598dcb9128ca98bac,6799190148.0,2,0,INDIVIDUAL
Ultimate Game story podcast,Game story podcast,https://anchor.fm/s/115c1585c/podcast/rss,"Welcome to Ultimate Game Story Podcast where unforgettable gaming stories come to life. From the origins of legendary franchises to the hidden lore behind iconic characters, we explore the stories that have shaped the gaming world.
Join us every week for exciting discussions, deep dives, and fresh perspectives on the games you love. Press play and experience the ultimate stories behind the ultimate games.
Email below 📧👇👇👇
tulealiu@gmail.com",Anchor,en-us,https://d3t3ozftmdmh3i.cloudfront.net/staging/podcast_uploaded_nologo/46499599/46499599-1786020681602-910fd1f635e59.jpg,2026-08-09 14:33:48,7986133,confirmed,https://podcasters.spotify.com/pod/show/utimate-game-story-podcas,1786286028,d082cfc03df8189a7be44d80e9ec02bc,6798684607.0,2,0,INDIVIDUAL
The Purpose Pinwheel Podcast,Becks Neale and Erica MacKay,https://rss.buzzsprout.com/2633096.rss,"<p>Your purpose should be winning you customers, keeping your team and making you money. If it's just a line on your website, this is the show that fixes that.</p><p>Brand designer Becks Neale and marketing consultant Erica Mackay sit down with small business founders who are making purpose do real commercial work, and who are honest about the parts they haven't figured out. Each episode unpacks one real business: where purpose is pulling its weight, where it's stuck, and what to do next.</p><p>For founders and owners who refuse to choose profit over doing the right thing. Practical, honest, occasionally uncomfortable. New episodes every Tuesday.</p><p>Find out where your purpose is stuck: take the free Purpose Pinwheel Diagnostic at thepurposepinwheelpodcast.com.</p>",Buzzsprout,en-gb,https://storage.buzzsprout.com/gxdbpb4qb8hpthbckwzn7otx0gj0?.jpg,2026-08-09 14:23:36,7986124,confirmed,https://thepurposepinwheelpodcast.buzzsprout.com,1786285416,4983a16fc029ecf0e1bc9e5afc1fb912,,0,0,CORPORATE
Career Quest Podcast,#BeFree Studio,https://anchor.fm/s/1135c344c/podcast/rss,"Ever wondered what your dream career actually looks like from the inside? Career Quests is a monthly podcast hosted by Selma Ndasilohenda Iyambo featuring unfiltered conversations with professionals from across Namibia and beyond. Each episode, real professionals share their journeys, challenges, lessons, and the advice they wish someone had given them earlier. Whether you are a student exploring options, a graduate seeking direction, or considering a career change, this is your guide. No filters, no sugar coating, just real stories and real inspiration. New episodes every month.",Anchor,en-za,https://d3t3ozftmdmh3i.cloudfront.net/staging/podcast_uploaded_nologo/46097771/46097771-1780583121512-49c9f5d957e29.jpg,2026-08-09 14:10:09,7986114,confirmed,https://podcasters.spotify.com/pod/show/befree-podcasts,1786284609,1d98c912654074e71835ce134b78bee7,6796193487.0,2,0,CORPORATE
Quran in English (Sahih International),Muhammad,https://www.spreaker.com/show/7249337/episodes/feed,"Quran in English language, Sahih International. <br /><br />Download your free PDF of the Quran here: <br /><br />https://tinyurl.com/4sjpk2x2",Spreaker,en,https://d3wo5wojvuv7l.cloudfront.net/t_rss_itunes_square_1400/images.spreaker.com/original/c5e5f6e9b72016e25482b844f139d981.jpg,2026-08-09 13:49:51,7986105,confirmed,https://www.spreaker.com/podcast/quran-in-english-sahih-international--7249337,1786283391,6637572064f3518ce6c07e94dbc5e6a6,,4,0,INDIVIDUAL
Fenah Said It!,Fenah,https://anchor.fm/s/114eab324/podcast/rss,"Welcome to the podcast where nothing is off limits. Think of it like catching up and chatting with a friend filled with real talks, random thoughts, no filter and everything in between. If it's on my mind, we're talking about it. You never know where the conversation will take us.",Anchor,en,https://d3t3ozftmdmh3i.cloudfront.net/staging/podcast_uploaded_nologo/46358929/46358929-1784048403884-44634f55745e1.jpg,2026-08-09 13:42:17,7986101,confirmed,https://podcasters.spotify.com/pod/show/fenahsaidit,1786282937,aa523fee4185ae375d238ec12c27c5ed,6790901188.0,2,0,INDIVIDUAL
Tell Me What You Saw,Naomi Wells,https://anchor.fm/s/1157eaf20/podcast/rss,"People email me the thing that happened to them that they can't explain. The road at night, the sound at the treeline, the thing the dog wouldn't look at. I read every account exactly the way it was written, then I research it for real: maps, weather records, newspaper archives, whatever can actually be checked. Some cases fall apart. The ones that don't are why this show exists.
Send yours to saw@tellmewhatyousaw.com and it might be the next case. Names and places changed unless you say otherwise.",Anchor,en,https://d3t3ozftmdmh3i.cloudfront.net/staging/podcast_uploaded_nologo/46455912/46455912-1786165822472-19fabb6075ee1.jpg,2026-08-09 13:42:13,7986100,confirmed,https://podcasters.spotify.com/pod/show/tellmewhatyousaw,1786282933,5ac96690ba0bd3f4aa9af48e50907efd,6799291449.0,2,0,INDIVIDUAL
ALL UP IN YOUR BIBLICAL BUSINESS,Min. Kesha Holmes | GOD LOVES YOU,https://anchor.fm/s/101926934/podcast/rss,"Jeremiah 1:12 reminds us that God is watching over His Word to perform it. All Up In Your Biblical Business is a podcast where faith meets real life. We dive into Scripture, unpack biblical truth, and explore how God's Word applies to everyday life. Whether it's relationships, culture, faith, or personal struggles, we're getting All Up In Your Business—biblically speaking. Expect honest conversations, practical wisdom, and a whole lot of Jesus. Because God Loves You, and His Word has something to say about your life!",Anchor,en,https://d3t3ozftmdmh3i.cloudfront.net/staging/podcast_uploaded_nologo/43113397/43113397-1748484002537-fbdff0d67e2a9.jpg,2026-08-09 13:30:08,7986095,confirmed,https://godlovesyouministries.org,1786282208,9ade5c21c3977e699ea96cb0a764b9c2,6794766608.0,2,0,INDIVIDUAL
Not Even Remotely (w/t),Robyn & Katilau,https://rss.buzzsprout.com/2622863.rss,<p>Your new favourite trans-oceanic TV podcast (probably). </p>,Buzzsprout,en-gb,https://storage.buzzsprout.com/5oce931c3kdi44fukoxvpuo1jns9?.jpg,2026-08-09 13:26:02,7986093,confirmed,https://www.buzzsprout.com/2622863,1786281962,27c768685d3820e217937a03c7b44561,6799667126.0,4,0,CORPORATE
Mind Your Sports Business,Read Btwn Sports,https://anchor.fm/s/114a8f6a0/podcast/rss,"A bi-weekly podcast explaining everything you want to know about sports business and law, in a way that you can actually understand. 
A Read Btwn Sports Production.",Anchor,en-us,https://d3t3ozftmdmh3i.cloudfront.net/staging/podcast_uploaded_nologo/46315848/46315848-1783462233655-25968d84976ee.jpg,2026-08-09 13:19:21,7986089,confirmed,https://podcasters.spotify.com/pod/show/read-between-the-blue-lin9,1786281561,c25a0cbc1864f85f3afb4fd053d4b6e7,6799159981.0,2,0,INDIVIDUAL
ProdPod,ProdPod,https://anchor.fm/s/115c140ec/podcast/rss,"If you know, you know. 😍
If you don’t, welcome! 🤗 
Loren Barry, Will Ralston and Matt Thomson are the ProdPod!",Anchor,en-au,https://d3t3ozftmdmh3i.cloudfront.net/staging/podcast_uploaded_nologo/46499539/46499539-1786019909464-77a26fd6e5afe.jpg,2026-08-09 13:12:18,7986086,confirmed,https://podcasters.spotify.com/pod/show/prodpod,1786281138,603212baf92ab78fa85d07729ef5908a,6799366783.0,2,0,INDIVIDUAL
The Decompression Authority Podcast,Dr. Chris Cameron,https://rss.libsyn.com/shows/625895/destinations/5511555.xml,"The Decompression Authority Podcast answers the questions patients with back pain, disc injuries, sciatica, and knee pain are searching for every day — but rarely get clear answers to.
Hosted by Dr. Chris Cameron, chiropractor and decompression specialist at Cameron Family Chiropractic in Lucan, Ontario, each episode delivers evidence-based, clinically accurate education on non-surgical spinal and knee care.
Topics covered include:
— What is spinal decompression therapy and does it work?
— What is the difference between a herniated disc and a bulging disc?
— What causes sciatica and why does the pain travel down the leg?
— Is surgery really necessary for back pain?
— Can knee decompression help bone-on-bone knee pain?
— What causes degenerative disc disease — and can it be treated?
— Why do pain medications often fail to fix back pain?
— What to expect during spinal decompression treatment?
Dr. Cameron brings over two decades of clinical experience to every episode — cutting through the confusion with honest, research-backed information designed to help patients make confident decisions about their health without defaulting to medication or surgery.
New episodes published weekly.
Cameron Family Chiropractic — Lucan, Ontario, Canada
Non-surgical solutions for back pain, disc injuries, and knee pain.
Educate. Empower. Relieve. Restore.",Libsyn,en,https://static.libsyn.com/p/assets/7/0/6/7/7067c503ebdf9015d959afa2a1bf1c87/CC._3000px_FINAL_.png,2026-08-09 12:51:15,7986078,confirmed,https://cameronchiro.com/,1786279875,018fba7a95a1b96bbc5b9eaa178a8fd5,6794904134.0,2,0,INDIVIDUAL
Happy Birthday Wishes,Sam,https://rss.buzzsprout.com/2635918.rss,"<p>People do not always know what to write in a birthday card or message. BirthdayWishes.co.za offers clear ideas for different ages, relationships, and tones. Visitors can find greetings for parents, children, siblings, friends, couples, teachers, coworkers, and bosses. The collection includes warm messages, humorous lines, religious blessings, and polite wishes for the workplace. It also covers early greetings, belated wishes, Afrikaans messages with English meanings, and captions for social media. Helpful advice shows readers how to adapt each idea for someone they know.</p>",Buzzsprout,en-us,https://storage.buzzsprout.com/8a0hx7q8zixxhgndge7no70adzda?.jpg,2026-08-09 12:49:48,7986077,confirmed,,1786279788,b47f3c6963c8119d155b90d555880246,,4,0,INDIVIDUAL
Scrap Gold Calculator: Gold Value Guide,Dbros,https://www.spreaker.com/show/7249634/episodes/feed,"Welcome to the Scrap Gold Calculator Podcast, where we simplify the world of scrap gold, gold pricing, and precious metals.<br /><br />Whether you're selling old jewelry, evaluating gold coins, checking melt value, or learning how gold purity affects pricing, this podcast provides practical insights and easy-to-understand explanations. Each episode covers topics such as gold karats, market trends, valuation methods, and tips for getting the best value from your gold.<br /><br /> If you want to estimate the value of your gold before selling, our gold value calculator can help you calculate gold prices based on weight, purity, and current market rates. Visit <a href=""https://scrapgoldmeltcalc.com/"" target=""_blank"" rel=""noreferrer noopener"">https://scrapgoldmeltcalc.com/</a> to get a fast and accurate estimate.<br /><br />Join us for expert guidance, educational discussions, and valuable information about scrap gold, jewelry valuation, and precious metals investing.",Spreaker,en,https://d3wo5wojvuv7l.cloudfront.net/t_rss_itunes_square_1400/images.spreaker.com/original/fa15bfe313b06099d2681c0d3bb45616.jpg,2026-08-09 12:45:34,7986075,confirmed,https://www.spreaker.com/podcast/scrap-gold-calculator-gold-value-guide--7249634,1786279534,469d4f76932e069e79a579aacbcc4035,,4,0,INDIVIDUAL
Shineworthy Tea Podcast,Shineworthy Tea,https://anchor.fm/s/1134c33d0/podcast/rss,"Welcome to the Shineworthy Tea Podcast with Sue Ann Cordell & Bobby Cordell. The one and only podcast about the Shineworthy Tea that you know and love, delving into the world of Shineworthy Tea, its people, stories, and the rich culture surrounding tea.",Anchor,en-us,https://d3t3ozftmdmh3i.cloudfront.net/staging/podcast_uploaded_nologo/46087284/46087284-1780448532304-3cb8bb4660b25.jpg,2026-08-09 12:43:01,7986072,confirmed,https://www.shineworthytea.com,1786279381,03da552b74a69be909ba1d2cb0810156,1896886045.0,2,0,INDIVIDUAL
Built On The Rock Podcast,The Lords Disciple,https://anchor.fm/s/1158df804/podcast/rss,"🎙️ Listen to Built on the Rock Podcast everywhere:
https://built-on-the-rock-listen.omalarin831.chatgpt.site
Welcome to Built on the Rock podcast-A place where faith meets real life.
Each episode explores biblical truth alongside practical conversations about life, business, carpentry, personal growth, leadership, and overcoming life’s toughest challenges. Whether your rebuilding after failure, starting a business, strengthening your faith, or searching for a purpose, you’ll find honest conversations, encouragement, and practical tools you can use everyday.
This isn’t about pretending life is easy, its about building a life that stands firm when the storms come. 
If you’re ready to grow, your here.",Anchor,en-us,https://d3t3ozftmdmh3i.cloudfront.net/staging/podcast_uploaded_nologo/46465929/46465929-1785531930109-36c33d00fb1b.jpg,2026-08-09 12:38:07,7986068,confirmed,https://podcasters.spotify.com/pod/show/the-lords-disciple,1786279087,2484e770a0ea97640206d5a4542c4424,6797971823.0,2,0,CORPORATE
Beyond Marx with Marx,S A Hamed Hosseini,https://anchor.fm/s/10ad4e1d4/podcast/rss,"This podcast channel aims to contribute to critical reflections and conversations on Marx, with the purpose of expanding the Marxian paradigm and overcoming its limitations in the 21st century—the podcast channel is organized by ""S A Hamed Hosseini"" (PhD). 
 #S_A_Hamed_Hosseini",Anchor,en-us,https://d3t3ozftmdmh3i.cloudfront.net/staging/podcast_uploaded_nologo/44666909/44666909-1761267311700-d7399b184bf49.jpg,2026-08-09 12:34:13,7986067,confirmed,https://podcasters.spotify.com/pod/show/haamed-hosseini3,1786278853,9be92e4938c50801d11be1f99e03f26d,6798100206.0,2,0,INDIVIDUAL
Travail Podcast,Travail Podcast,https://anchor.fm/s/115368808/podcast/rss,"Travail is a podcast about the labor behind purpose. Through honest conversations and powerful stories, we explore the challenges, sacrifices, and defining moments that shape who we become. Because every breakthrough requires a journey, and every story carries a labor that brings it forth.",Anchor,en-us,https://d3t3ozftmdmh3i.cloudfront.net/staging/podcast_uploaded_nologo/46408626/46408626-1784840925093-451c48e83c588.jpg,2026-08-09 12:25:51,7986061,confirmed,https://podcasters.spotify.com/pod/show/travail-podcast,1786278351,ef5422ac1a304ffb48e94ae047d31dd7,6798338273.0,2,0,INDIVIDUAL
Beyond the Books: Modern Business,Omniga Ai,https://www.spreaker.com/show/7249502/episodes/feed,"Beyond the Books explores modern bookkeeping, financial automation, and smarter finance strategies for growing digital businesses. Discover <a href=""https://omniga.ai/"" target=""_blank"" rel=""noreferrer noopener"">omniga.ai </a>practical insights into reconciliations, reporting, month-end processes, financial accuracy, and the challenges businesses face as they scale.",Spreaker,en,https://d3wo5wojvuv7l.cloudfront.net/t_rss_itunes_square_1400/images.spreaker.com/original/da0de534faef1bd94f57fb02c97fc127.jpg,2026-08-09 11:53:53,7986037,confirmed,https://www.spreaker.com/podcast/beyond-the-books-modern-business--7249502,1786276433,25a3de638f5c3f3165253a9d1e252f4e,,4,0,INDIVIDUAL
Music Therapy Unplugged: Real Talk for New Professionals,myaciuk,https://feed.podbean.com/myaciuk/feed.xml,"<p>Join work besties, Lee-Anne Dowsett and Michelle Yaciuk as they discuss common topics for new music therapy grads. </p>",Podbean,en,https://pbcdn1.podbean.com/imglogo/image-logo/22448583/Final-designs-Music-Therapy-1400x1400-square-blue-background-to-edge.jpg,2026-08-09 11:50:49,7986033,confirmed,https://myaciuk.podbean.com,1786276249,64722dfee3224709672aaf26037a9b7c,6798338152.0,2,0,INDIVIDUAL
Deeper life half hour podcast: biblical wisdom for everyday living,Pst Samuel.B,https://www.spreaker.com/show/7249403/episodes/feed,"Deeper Life Half Hour is a Christian podcast dedicated to helping listeners grow deeper in their relationship with God. In each episode, we explore practical Christian living, biblical teachings, faith, prayer, spiritual growth, and everyday challenges from a Christ-centered perspective.<br /><br />Join us for 30 minutes of encouragement, reflection, and biblical truth designed to strengthen your faith and inspire you to live a life that honors God.<br /><br />Listen. Learn. Grow deeper. Live for Christ.",Spreaker,en,https://d3wo5wojvuv7l.cloudfront.net/t_rss_itunes_square_1400/images.spreaker.com/original/f2a857ae8ffc083ddf482257eadfa4bb.jpg,2026-08-09 11:46:46,7986031,confirmed,https://www.spreaker.com/podcast/deeper-life-half-hour-podcast-biblical-wisdom-for-everyday-living--7249403,1786276006,f3533bd9f9d40d63057061e39ce6a97a,,4,0,INDIVIDUAL
Jadon and Juhan,Jadon,https://www.spreaker.com/show/7249161/episodes/feed,"When mid-level actuary Arthur Pendelton buys a heavily discounted Victorian mansion, he expects a few home repairs—not a bloody portal to the underworld. But facing hellish demons, bleeding walls, and weeping specters, Arthur refuses to flee. Armed with a clip board, a bottle of bleach, and zero tolerance for noise violations, he sets out to bring corporate efficiency to the legions of the damned.<br /><br /><b><i>An Actuary’s Guide to Home Exorcism</i></b> is a horror-comedy about property taxes, HEPA filters, and why you should never try to haunt a man who calculates risk for a living.<br /><br />",Spreaker,en,https://d3wo5wojvuv7l.cloudfront.net/t_rss_itunes_square_1400/images.spreaker.com/original/45f086c1d07f2bc92311e11fff59db71.jpg,2026-08-09 11:34:17,7986028,confirmed,https://www.spreaker.com/podcast/jadon-and-juhan--7249161,1786275257,f2fb260356adb980f75d6e042977b4ae,,4,0,INDIVIDUAL
Financial Calculation Hub,saith,https://anchor.fm/s/115ae1af8/podcast/rss,"Most freelancers and developers focus on how much they earn—but rarely on how much they actually keep. In this episode, we break down how small payment fees from platforms like Stripe and PayPal quietly reduce your income over time.",Anchor,en,https://d3t3ozftmdmh3i.cloudfront.net/staging/podcast_uploaded_nologo/46486990/46486990-1785850968417-2dcde7d36f905.jpg,2026-08-09 11:33:22,7986027,confirmed,https://podcasters.spotify.com/pod/show/saith74,1786275202,f08f4d2fc661ac8d3eb97db6a6a7a072,,0,0,INDIVIDUAL
Beyond De-Surface Podcast,Beyond De-Surface,https://anchor.fm/s/107c6e208/podcast/rss,"Welcome to Beyond De-Surface, a thought-provoking podcast where we dive beneath the surface of everyday experiences to explore the deeper issues, perspectives, and truths that shape our lives. 
Each episode opens up honest conversations on personal growth, society, culture, identity, relationships, and more. 
Whether it’s a solo reflection or a conversation with a guest, we go beyond the obvious to uncover what truly matters. It’s not just about what’s seen, it’s about what’s understood.",Anchor,en,https://d3t3ozftmdmh3i.cloudfront.net/staging/podcast_uploaded_nologo/44154418/44154418-1753804007066-f4ed47203b91c.jpg,2026-08-09 11:31:17,7986024,confirmed,https://podcasters.spotify.com/pod/show/beyond-the-surface86,1786275077,1aeac2bf069550e010477a8fbbe89318,6798150489.0,2,0,INDIVIDUAL
The Creative Eccentric Podcast,Kenny Murry,https://anchor.fm/s/115724820/podcast/rss,"Join writer and comedian Kenny Murry as he sits down with creatives who have helped to shape today’s modern landscape of the entertainment industry, and have contributed to bringing some of the most memorable characters we all know and love from page to screen!",Anchor,en,https://d3t3ozftmdmh3i.cloudfront.net/staging/podcast_uploaded_nologo/46447784/46447784-1785294019272-669ccd4a80431.jpg,2026-08-09 11:30:46,7986022,confirmed,https://podcasters.spotify.com/pod/show/kenny257,1786275046,a503b6d2f9b01f58afb271292cc84ccb,6798130852.0,2,0,INDIVIDUAL
Operational Health,Nampart,https://anchor.fm/s/1157f6e24/podcast/rss,"Australia's health and aged care system is essential and under continual pressure. Operational Health treats it as one connected system, where acute care, aged care and primary care shape the whole. Two questions run under every episode: how do we keep care safe, compliant and trustworthy when the system is under stress, and how do those responsible, boards, executives and clinical leaders, know that it is? Not a series about opinion. Grounded in research, data and regulation, it is a clear-eyed look at how a complex system holds together, and at what 'good' looks like under pressure.",Anchor,en,https://d3t3ozftmdmh3i.cloudfront.net/staging/podcast_uploaded_nologo/46456401/46456401-1785555100722-ad4c94f75ab31.jpg,2026-08-09 11:27:43,7986018,confirmed,https://podcasters.spotify.com/pod/show/operationalhealth,1786274863,2f931811c9bbad3253ced70805e973dc,6796898243.0,2,0,INDIVIDUAL
Folu's Oddessy,Foluke Akintomide,https://www.spreaker.com/show/7249271/episodes/feed,"Welcome to Folu’s Odyssey, a space for conversations about life, faith, family, marriage, motherhood, business, personal growth and everything in between.<br /><br />This is where I share the things I’m learning, thinking about and experiencing as I navigate this beautiful, sometimes messy, always evolving journey called life.<br /><br />Here, we’ll talk about faith and walking with God, raising children, marriage and relationships, building businesses, finding yourself again, navigating change, home and family life, beauty and self-care, lessons from everyday experiences, and the conversations we sometimes have only with ourselves.<br /><br />Some episodes will be thoughtful and reflective. Some will be practical. Some may simply be me talking about something that has been on my mind.<br /><br />Folu’s Odyssey is my little corner of the world, a place to pause, reflect, learn, laugh, and grow together.<br /><br />So, welcome. Pull up a chair and come along for the journey.",Spreaker,en,https://d3wo5wojvuv7l.cloudfront.net/t_rss_itunes_square_1400/images.spreaker.com/original/7309476acbb3a242be908608c694769c.jpg,2026-08-09 11:25:10,7986016,confirmed,https://www.spreaker.com/podcast/folu-s-oddessy--7249271,1786274710,e9f1304bd169f8f11ae4f5afd8f6e542,,4,0,INDIVIDUAL
Case & Chapter,Quinn samuels,https://anchor.fm/s/114d3a01c/podcast/rss,"I'm obsessed with books, true crime, and stories that keep you thinking long after they're over. On Case & Chapter, I'll be reading everything from gripping novels to fascinating true crime cases, one chapter (or case) at a time.
If you love getting lost in a good story, listening while you work, study, or fall asleep, I think you'll feel right at home here. Grab a drink, get comfortable, and let's dive into the next story together.",Anchor,en,https://d3t3ozftmdmh3i.cloudfront.net/staging/podcast_uploaded_nologo/46343807/46343807-1783847262255-1e6b6fbd94bd1.jpg,2026-08-09 11:18:20,7986008,confirmed,https://podcasters.spotify.com/pod/show/sam865,1786274300,bc07ba127954479aaaae9c04deef49a4,6790133071.0,2,0,INDIVIDUAL
"The Practice by Ari Levy, MD","Ari Levy, MD",https://anchor.fm/s/1126321cc/podcast/rss,"Hosted by Dr. Ari Levy, The Practice is a podcast about the human side of medicine, leadership, and becoming. Through deeply personal conversations with physicians, founders, innovators, and cultural leaders, the show explores identity, resilience, ambition, uncertainty, and the stories that shape how we live, lead, and care for others.",Anchor,en,https://d3t3ozftmdmh3i.cloudfront.net/staging/podcast_uploaded_nologo/45934539/45934539-1778266237936-3280f7a434dd.jpg,2026-08-09 11:03:31,7985998,confirmed,https://arilevymd.com/,1786273411,a0153d805a4df8ad649a0fee14f8460b,,0,0,INDIVIDUAL
SoundCloud Downloader,SoundCloud to MP3,https://anchor.fm/s/115db09b4/podcast/rss,"We’re an independent platform focused on digital audio education, music technology, and tools for working with publicly available audio formats.
Our mission is simple: help people understand how digital audio works — file formats, streaming platforms, and the tools built around them — while giving them a straightforward, well-built utility for their own personal use.",Anchor,en,https://d3t3ozftmdmh3i.cloudfront.net/staging/podcast_uploaded_nologo/46516437/46516437-1786272838303-7e27da43f1c79.jpg,2026-08-09 11:02:52,7985997,confirmed,https://podcasters.spotify.com/pod/show/soundcloud-to-mp30,1786273372,cae8d8e9ec3fc5cd1f1d931ee3539a05,,0,0,INDIVIDUAL
Down To Sleep,Down To Sleep,https://www.spreaker.com/show/7242018/episodes/feed,"Official channel for my podcast ""Down To Sleep"" - Making unique bedtime story listening experiences to help you relax and fall asleep. Enjoy here on YouTube, Spotify, Apple, everywhere you get podcasts <br /><br /><br />",Spreaker,en,https://d3wo5wojvuv7l.cloudfront.net/t_rss_itunes_square_1400/images.spreaker.com/original/3447855338351db6a5a3738e65493593.jpg,2026-08-09 10:51:58,7985990,confirmed,https://www.spreaker.com/podcast/down-to-sleep--7242018,1786272718,15132917e5ef8481cd4ae46c2006aad0,,4,0,INDIVIDUAL
Our UAE with Alana,104.8 Channel 4,https://www.omnycontent.com/d/playlist/a0e5c97a-5304-4b55-b348-ac59011e19d9/1b5ea3b1-7692-4c07-8b9b-b2bc0092ce20/754ba3d0-2cf9-47ab-b527-b2bc0092d4d4/podcast.rss,Our UAE,Megaphone,en-US,https://www.omnycontent.com/d/programs/a0e5c97a-5304-4b55-b348-ac59011e19d9/1b5ea3b1-7692-4c07-8b9b-b2bc0092ce20/image.jpg?t=1777029378&size=Large,2026-08-09 10:49:21,7985987,confirmed,http://channel4fm.com/,1786272561,ef964727b131c45f0b9670d3cde2fa06,6798251570.0,2,0,INDIVIDUAL
Wartime Stories,Wartime Stories,https://www.spreaker.com/show/7245857/episodes/feed,"WARNING – Many of these stories are NOT suitable for younger audiences.<br /><br />For all things strange and unusual related to war and the military, Wartime Stories covers the most chilling cases of crimes against humanity, bizarre tales, unsolved mysteries, espionage, deception, creepy encounters of the paranormal, as well as feats of valor and ultimate sacrifice.<br /><br />[ Wartime Stories is the proud sister channel of Bedtime Stories, hosted by Richard While. ]",Spreaker,en,https://d3wo5wojvuv7l.cloudfront.net/t_rss_itunes_square_1400/images.spreaker.com/original/5c659fd9bb801e9e071d79895d1f4eb3.jpg,2026-08-09 10:38:54,7985982,confirmed,https://www.spreaker.com/podcast/wartime-stories--7245857,1786271934,66b0638fdddd859bce695d76ec037f74,,4,0,INDIVIDUAL
Worth Knowing,Elliot Costello and Matt Kendall,https://feeds.transistor.fm/worth-knowing,"A weekly podcast about the forces shaping politics, power and technology, and how they affect you.",Transistor,en,https://img.transistorcdn.com/qGEQtXV-Om6xlrTVIo9hQ03g_G2Lq6KgspcV5zkIUA8/rs:fill:0:0:1/w:1400/h:1400/q:60/mb:500000/aHR0cHM6Ly9pbWct/dXBsb2FkLXByb2R1/Y3Rpb24udHJhbnNp/c3Rvci5mbS81NjFi/MmVkNzEyOTJhZWQx/NjE5ZjM1OTk2MjFk/N2Q3My5wbmc.jpg,2026-08-09 10:21:40,7985976,confirmed,http://worthknowingpod.com,1786270900,00f71bdfeb1a2c6eea89124c3d407e24,,4,0,CORPORATE
THE PLAYBOY PHILOSOPHY: Hugh M. Hefner,Elite Consulting,https://www.spreaker.com/show/7249159/episodes/feed,"<b>The Playboy Philosophy — Hugh M. Hefner (1962) | Freedom, Pleasure & the Pursuit of Happiness.</b><br /><br />Introduction: A Philosophy That Challenged the 1950s<br />The Playboy Philosophy, written by Hugh M. Hefner and published in 1962, is far more than a statement about the Playboy lifestyle. It is a cultural manifesto that reflects one of the most significant periods of social transformation in modern American history.At the beginning of the 1960s, American society was changing rapidly. The traditional values of the post-war era were increasingly being questioned by a younger generation seeking greater personal freedom, individuality and self-expression. Questions surrounding relationships, sexuality, marriage, gender roles, censorship, civil rights and personal happiness were entering public debate with unprecedented intensity.Against this background, Hugh M. Hefner presented The Playboy Philosophy as an argument for a different way of approaching life.Hefner challenged what he regarded as unnecessary restrictions imposed by society and encouraged individuals to think independently, enjoy life and pursue happiness according to their own values.The result is a fascinating historical document: provocative, controversial and deeply connected to the cultural transformation of the 1960s.This podcast presents The Playboy Philosophy as an exploration of Hefner's ideas about freedom, pleasure, relationships, culture and individual choice.<br /><br />1. The Playboy Vision: Living Life on Your Own Terms<br />At the heart of Hefner's philosophy is a simple but provocative idea: life should be enjoyed.Rather than accepting the notion that pleasure must be sacrificed in the name of social conformity, Hefner argues that human beings should be able to pursue happiness, beauty, creativity and personal fulfillment.The ""Playboy"" in Hefner's philosophy is therefore presented not merely as a consumer of luxury or entertainment, but as a particular type of modern individual.He is curious.He appreciates art and literature.He enjoys music, conversation and sophisticated surroundings.He values personal freedom.And he refuses to accept every traditional social rule simply because it has existed for generations.This broader interpretation is important because The Playboy Philosophy extends beyond sexuality.Hefner connects pleasure with culture and intellectual curiosity. A fulfilling life, in his view, should include much more than physical enjoyment. It should involve reading, listening, thinking, discovering and participating in the cultural world.The philosophy therefore presents pleasure as something broader than hedonism.It is about appreciating life.It is about individuality.And it is about refusing to allow convention to determine every aspect of personal existence.<br /><br />2. Sexual Freedom and the Changing Culture of America<br />One of the most controversial aspects of The Playboy Philosophy is Hefner's discussion of sexuality.In the conservative environment of the 1950s, open discussions about sexual desire were often restricted by social conventions, religious beliefs and censorship.Hefner challenged this culture directly.He argued that sexuality was a natural part of human life and that adults should be able to discuss sexual relationships openly rather than treating them as subjects of shame or secrecy.Consent, mutual respect, communication and personal choice become important elements in this vision.The significance of these arguments lies partly in their historical context.Ideas that might appear familiar in contemporary discussions of relationships were far more controversial when Hefner was writing.He questioned the assumption that traditional morality should automatically determine private behavior.He also challenged the idea that sexual desire itself was something that should be suppressed.For Hefner, sexual freedom formed part of a larger principle of individual liberty.People should have greater freedom to determine how they live their private lives, provided that their relationships are consensual and respectful.This philosophy contributed to the broader cultural conversation that would become increasingly visible throughout the 1960s and 1970s.<br /><br />3. Marriage, Monogamy and Alternative Relationships<br />Another major theme explored in The Playboy Philosophy is the traditional institution of marriage.Hefner questions whether conventional expectations surrounding marriage and monogamy necessarily correspond to the realities of human desire and relationships.Rather than assuming that one model must work for everyone, he encourages readers to think critically about the structures society has created around love, sex and partnership.This does not mean that every individual must reject monogamy.Instead, Hefner's argument challenges the idea that there is only one legitimate way to organize adult relationships.The book therefore becomes part of a much larger debate about individuality and personal freedom.Can society determine what a successful relationship should look like?Should personal happiness always be subordinated to convention?Can individuals define relationships according to their own needs and values?These questions remain relevant today.Modern discussions about dating, marriage, divorce, open relationships and different forms of partnership continue to revisit many of the issues Hefner raised decades earlier.At the same time, the ideas presented in the book should be understood within their historical context.Hefner's vision was shaped by the culture, assumptions and gender dynamics of the early 1960s.Listening to the work today allows us not only to examine his arguments but also to consider how attitudes toward relationships and sexuality have changed over time.<br /><br />4. Art, Literature, Music and the Playboy Lifestyle<br />The philosophy of Playboy is not limited to sexuality.Hefner also presents an ideal of cultural sophistication.Literature, art, music, cinema, architecture and conversation are important elements of the lifestyle he promotes.The Playboy ideal is therefore connected with the idea of becoming a well-rounded individual.Pleasure can come from reading a great book.It can come from listening to music.It can come from appreciating art.It can come from an intelligent conversation with another person.And it can come from exploring new ideas.This cultural dimension helped distinguish Playboy from publications that focused solely on entertainment or sexuality.Hefner wanted the Playboy identity to be associated with modernity, sophistication and intellectual curiosity.The Playboy Philosophy consequently offers an interesting perspective on the relationship between popular culture and intellectual life.It asks readers to consider whether pleasure and intellectual development really need to be opposites.Hefner's answer is clearly no.A person can seek pleasure while remaining intellectually curious.Entertainment and education can coexist.Physical enjoyment and cultural appreciation can exist within the same life.This idea of balance is central to Hefner's broader vision.<br /><br />5. Freedom, Civil Rights and Social Change<br />Perhaps one of the more significant aspects of The Playboy Philosophy is its connection to broader questions of freedom and social justice.Hefner's philosophy was not exclusively concerned with private pleasure. Playboy also became associated with debates surrounding civil rights, racial equality, freedom of expression and social progress.Hefner argued that personal freedom should not exist in isolation.If society claims to value freedom, then that freedom should extend to people regardless of race, gender or social background.This makes the book part of the wider cultural transformation taking place in America during the 1960s.The traditional social order was being questioned from multiple directions.Civil rights activists were challenging racial segregation and discrimination.Women were increasingly challenging restrictive gender expectations.Young people were questioning established institutions.Artists and writers were pushing against censorship.And debates about sexuality were becoming increasingly visible.The Playboy Philosophy belongs to this broader historical movement.Whether one agrees with Hefner's arguments or not, the book provides an opportunity to understand the ideas and cultural tensions that helped define an era.<br /><br />6. Hedonism, Individualism and the Pursuit of Happiness<br />At its deepest level, The Playboy Philosophy is a book about how to live.Hefner's answer emphasizes pleasure, freedom, individuality and personal fulfillment.He encourages readers to question inherited assumptions and decide for themselves what constitutes a meaningful life.This philosophy can be described as hedonistic, but it is more complex than simple pursuit of pleasure.Hefner connects pleasure with intellectual curiosity, cultural appreciation and personal authentic",Spreaker,en,https://d3wo5wojvuv7l.cloudfront.net/t_rss_itunes_square_1400/images.spreaker.com/original/0b4cf608330ec273c58a9012dbfde179.jpg,2026-08-09 10:16:08,7985973,confirmed,https://www.spreaker.com/podcast/the-playboy-philosophy-hugh-m-hefner--7249159,1786270568,93c9c456369943432ef720063994d6d9,,4,0,CORPORATE
Dear Little Me,Nina Hale,https://anchor.fm/s/115cdcab0/podcast/rss,"What does living with C-PTSD and surviving a narcissistic mother actually look like in real life? Hosted by Nina Hale, Dear Little Me strips away the heavy clinical jargon to explore trauma, boundaries, and inner child healing through honest, vulnerable storytelling. If you’ve ever felt broken, isolated, or wondered who you are beneath your survival armor, this space is for you. Tune in as we unlearn survival mode together - because you are not broken, and you are no longer alone.",Anchor,en,https://d3t3ozftmdmh3i.cloudfront.net/staging/podcast_uploaded_nologo/46507756/46507756-1786128916302-52b4a7a6c0c04.jpg,2026-08-09 10:14:44,7985971,confirmed,https://podcasters.spotify.com/pod/show/sisi33,1786270484,3b2c12be53172d582615c5385c854931,6799236946.0,2,0,INDIVIDUAL
Movieland,Movieland,https://rss.buzzsprout.com/2520616.rss,"Don't know what to watch? Grab your popcorn and follow us as we provide a one stop shop for updates on new releases at the cinema, digital rentals and all the streaming services combined including; Netflix, Prime Video and Disney+. Additionally, we feature an actor/director in our Movieland Spotlight to review and promote their filmography. Movieland, We'll Entertain You!
Movie News, Movie Podcast, Netflix Podcast, Cinema Podcast, Movie Interviews, Comedy Podcast, Apple TV, Prime Video, Disney Plus, Video Store Podcast, VHS Podcast, Movieland Video Store, Blockbuster Video, Video Ezy.",Buzzsprout,en-au,https://storage.buzzsprout.com/tv5hpwwmg87xz79uv77w9xyuejnc?.jpg,2026-08-09 10:11:18,7985969,confirmed,http://www.movieland.au,1786270278,d9c16a47933a875e69065cbbcfecc97c,,4,0,CORPORATE
Oceanic Waves,Oceanic Wave,https://www.spreaker.com/show/7249144/episodes/feed,"<b>Oceanic Waves Podcast </b>lets you peer beneath the surface and into the deep, where the amazing and unexplored world under the ocean’s surface begins. From tales of incredible oceanic animals and adventures, to oddities, happenings, climate shifts, shipwrecks, and more – each episode dives into an exciting part of the world above the water and beyond the waves.<br /><br />Whether it's a tale about the deep undersea world or the lives of those who sail the oceans, Oceanic Waves Podcast shares the best stories, mysteries, and adventures from the sea.<br />Come on, let's go with the waves and share in the tales of the deep and the sea.<br /><br /><br /><b>Oceanic Waves Podcast</b> dives into the many mysteries of the water world. From uncovering hidden creatures and the deep intrigue of the ocean to all the exciting and terrifying adventures at sea, you can experience it all right here, right now.",Spreaker,en,https://d3wo5wojvuv7l.cloudfront.net/t_rss_itunes_square_1400/images.spreaker.com/original/5afaa4b15c8776bd51df5396dcae236d.jpg,2026-08-09 10:06:16,7985963,confirmed,https://www.spreaker.com/podcast/oceanic-waves--7249144,1786269976,7f9901d8107530aaa03ffeb2e849883b,,4,0,INDIVIDUAL
A Different Perspective w/ Carmen Renè,Carmen Renè,https://anchor.fm/s/97966db4/podcast/rss,"A Different Perspective is a podcast about the everyday moments that quietly shape how we think, grow, and create the lives we want.
Through honest conversations, I explore mindset, identity, creativity, confidence, personal growth, and the beliefs that influence the choices we make every day.
This isn’t about having all the answers. It’s about asking better questions, challenging familiar ways of thinking, and walking away with a perspective you may not have considered before.
Whether we’re talking about relationships, work, purpose, habits, or the stories we tell ourselves, my hope is simple:
That you’ll leave every episode with a little more clarity than you had when you arrived.
Because sometimes one different perspective is all it takes to change everything.",Anchor,en,https://d3t3ozftmdmh3i.cloudfront.net/staging/podcast_uploaded_nologo/25332181/25332181-1785160655216-7fd64357bf434.jpg,2026-08-09 09:36:27,7985952,confirmed,https://linktr.ee/carmen_rene,1786268187,4b1bf01f77c7e9cb92bdfe01dd4d0bbe,6797109049.0,2,0,INDIVIDUAL
The Cross+Breed Podcast,C.D. Brown,https://anchor.fm/s/1152e42d8/podcast/rss,Spreading the Gospel of the Cross to all who will hear. Matthew 28:19-20,Anchor,en-us,https://d3t3ozftmdmh3i.cloudfront.net/staging/podcast_uploaded_nologo/46403206/46403206-1784740085465-c4b3aeeb017a8.jpg,2026-08-09 09:31:39,7985951,confirmed,https://podcasters.spotify.com/pod/show/the-crossbreed,1786267899,96683d10a3bcf2137a1e9494127fb906,6793673042.0,2,0,INDIVIDUAL
Loreologist,BE | The Loreologist,https://anchor.fm/s/11477ad70/podcast/rss,"Your nook for layered storytelling, pop-culture lore, and casual commentary. Perfect for drives, chores, and late‑night rabbit holes.",Anchor,en-us,https://d3t3ozftmdmh3i.cloudfront.net/staging/podcast_uploaded_nologo/46283548/46283548-1786056664464-bc6fdd083ab2b.jpg,2026-08-09 09:05:27,7985936,confirmed,https://podcasters.spotify.com/pod/show/loreologist,1786266327,ca9b5de5198ce424ec7bb95649e58366,6798881083.0,2,0,INDIVIDUAL
Long way down,Taylor Heke-Mccawe,https://www.spreaker.com/show/7249139/episodes/feed,Its a novel that im gonna be talking about with the topic gun violence,Spreaker,en,https://d3wo5wojvuv7l.cloudfront.net/images.spreaker.com/nuvolari-assets/yellow_square_mic.jpg,2026-08-09 09:05:09,7985935,confirmed,https://www.spreaker.com/podcast/long-way-down--7249139,1786266309,4753059dbd8286aba0df9a2ce06d6420,,4,0,INDIVIDUAL
The TD Connection,Ty Walker and Daniel Dahm,https://anchor.fm/s/115951c88/podcast/rss,"First we did a college radio show together...
Then we did a show on a major state radio network...
Now we're trying out the podcast world...
What could go wrong?",Anchor,en-us,https://d3t3ozftmdmh3i.cloudfront.net/staging/podcast_uploaded_nologo/46470610/46470610-1785608706607-94dbc26610f34.jpg,2026-08-09 08:50:10,7985917,confirmed,https://podcasters.spotify.com/pod/show/ty-walker,1786265410,f27c7bf67667b90effb278cbe293b703,6797071744.0,2,0,CORPORATE
Reddit Life Tales,Reddit Life Tales,https://www.spreaker.com/show/7249106/episodes/feed,posting reddit stories every day,Spreaker,en,https://d3wo5wojvuv7l.cloudfront.net/t_rss_itunes_square_1400/images.spreaker.com/original/8628f7bac27413ec7f8695a99ebb4546.jpg,2026-08-09 08:49:08,7985915,confirmed,https://www.spreaker.com/podcast/reddit-life-tales--7249106,1786265348,2637885972308cbface09d5f4008ccdb,,4,0,INDIVIDUAL
Becoming the Church in North Kitsap,newlife North Kitsap,https://rss.buzzsprout.com/1956367.rss,"<p>We are part of the larger People Becoming the Church Movement, and we would love for you to be a part of the movement! This podcast is meant to create intentional conversations and communities around what it means to be the church in North Kitsap and beyond.</p>",Buzzsprout,en,https://d3t3ozftmdmh3i.cloudfront.net/staging/podcast_uploaded_nologo/46515033/a299a30858c8e48e.jpg,2026-08-09 08:48:40,7985913,confirmed,https://www.buzzsprout.com/1956367,1786265320,2f69d69709720262e83af78ed17dc2d7,,4,0,INDIVIDUAL
Mental Fascination,William Walker Atkinson,https://www.spreaker.com/show/7112607/episodes/feed,"Embark on a captivating journey through the realms of thought and perception with Mental Fascination, where the intricate relationship between mind and matter takes center stage. This podcast invites you to explore a rotating collection of audiobooks that delve into the fascinating principles of the New Thought movement and the profound effects of mental fascination on both humans and animals. Each episode presents a new complete audiobook, offering unique insights into the power of imagination, the science behind fascination, and the potential risks of exploring the psychic realm. As you listen, you'll encounter diverse perspectives on how thoughts shape reality and the extraordinary capabilities of the mind. This is not a single story but a series of enlightening explorations that challenge your understanding of consciousness and its impact on the world around us. Discover a new book with every episode and unlock the mysteries of mental fascination.",Spreaker,en,https://d3wo5wojvuv7l.cloudfront.net/t_rss_itunes_square_1400/images.spreaker.com/original/ed0843bd6f11ced79e30b26edb1a66e2.jpg,2026-08-09 08:47:01,7985912,confirmed,https://www.spreaker.com/podcast/mental-fascination--7112607,1786265221,bdf20ae3eb5dc9d196275098fc3999da,,4,0,INDIVIDUAL
All Star Locker Weekly Huddle,Outdoor Obsession Network,https://www.spreaker.com/show/7247668/episodes/feed,"<b>All Star Locker Weekly Huddle - 15 minutes of real football talk + real card market moves. From The Bass Cast in Virginia — we break down the week in NFL & college, who balled out, and which cards to hunt before prices jump. Buy, Hold, Sell, plus one pro tip to save you money.</b>",Spreaker,en,https://d3wo5wojvuv7l.cloudfront.net/t_rss_itunes_square_1400/images.spreaker.com/original/cade8373a0a0d42813073764a0aea109.jpg,2026-08-09 08:40:53,7985910,confirmed,https://www.spreaker.com/podcast/all-star-locker-weekly-huddle--7247668,1786264853,a8b5cc666f68834900457750fc2eea81,,4,0,CORPORATE
CASANOVA MEMOIRS: The Story of My Life,Giacomo Casanova,https://www.spreaker.com/show/7249074/episodes/feed,"<b>THE MEMOIRS OF JACQUES CASANOVA de SEINGALT - THE STORY OF MY LIFE: The Extraordinary Memoirs, Adventures, Loves and Escapes of an 18th-Century Adventurer.</b><br /><br />Few autobiographies have captured the imagination of the world like The Story of My Life, the extraordinary memoirs of Giacomo Casanova (1725–1798).<br /><br />Born in Venice in the eighteenth century, Casanova lived a life that seems almost impossible to believe. He was a priest, soldier, musician, gambler, writer, intellectual, diplomat, adventurer, prisoner, fugitive and notorious lover. He moved through the courts, salons, convents, gambling houses and prisons of Europe, crossing paths with aristocrats, artists, philosophers, politicians and women from every level of society.<br /><br />But Casanova's memoirs are far more than a catalogue of romantic encounters. They form a remarkable portrait of eighteenth-century Europe—a world of aristocratic privilege, religious authority, political intrigue, elaborate social rituals, intellectual revolution, travel, gambling, wealth, poverty and personal freedom.<br /><br />This podcast presents The Story of My Life as an epic journey through Casanova's adventures, following the memoir from his childhood in Venice through his travels across Europe and ultimately into old age. Across six volumes and thirty episodes, listeners will accompany Casanova from Venice to Paris, Amsterdam, London, Berlin, Moscow, Madrid, Rome, Naples, Switzerland, Germany and beyond.<br /><br />VOLUME 1 — VENETIAN YEARS<br />The journey begins in Casanova's native Venice, where his extraordinary personality and appetite for adventure first begin to develop.<br />1. CHILDHOOD (1-7)<br />The opening chapters introduce Casanova's early years and the world that shaped him. We encounter his family, education, childhood experiences and first encounters with religion, society and the opposite sex. These chapters reveal the young Casanova before he became the legendary figure associated with his name.<br />2. CLERIC IN NAPLES (8-12)<br />Casanova enters the world of the Church and travels to Naples. His experiences as a young cleric expose him to religious institutions, aristocratic society and the contradictions between public morality and private desire.<br />3. MILITARY CAREER (13-15)<br />Seeking a different path, Casanova turns toward military life. His brief career introduces him to discipline, travel and the realities of eighteenth-century military society, while his restless character continues to resist conventional expectations.<br />4. RETURN TO VENICE (16-19)<br />Casanova returns to Venice, the city that remains central to his identity. His fortunes begin to change as he becomes increasingly involved in the city's social world and discovers new opportunities for adventure.<br />5. MILAN AND MANTUA (20-23)<br />His travels continue through northern Italy. Milan and Mantua become stages for new friendships, romances, intrigues and unexpected encounters, demonstrating the extraordinary mobility of European society in Casanova's time.<br /><br />VOLUME 2 — TO PARIS AND PRISON<br />The second volume brings Casanova into a more dangerous phase of his life. His ambitions expand, his reputation grows, and his adventures increasingly place him in conflict with authority.<br />6. PARIS<br />Paris opens a new chapter in Casanova's life. He encounters French society, wealth, culture and intellectual life while attempting to establish himself in one of Europe's most influential capitals.<br />7. VENICE<br />Returning to Venice, Casanova becomes deeply involved in the city's social and romantic world. His intelligence, charm and appetite for risk continue to create both opportunities and enemies.<br />8. CONVENT AFFAIRS<br />Casanova's adventures take him into the mysterious world of convents and forbidden relationships. These chapters combine secrecy, romance, religion and social convention in classic Casanova fashion.<br />9. THE FALSE NUN<br />Intrigue reaches another level as deception and disguise become central to the story. The episode illustrates Casanova's fascination with secrecy, identity and the boundaries imposed by eighteenth-century society.<br />10. UNDER THE LEAD<br />SCasanova's freedom finally comes to an end when he is imprisoned beneath the famous Leads of Venice. These chapters recount one of the most dramatic episodes of his entire life: his imprisonment, psychological struggle and extraordinary escape.<br /><br />VOLUME 3 — THE ETERNAL QUEST<br />Freedom once again sends Casanova onto the roads of Europe. The third volume follows his continuing search for fortune, intellectual stimulation, companionship and adventure.<br />11. PARIS AND HOLLAND<br />Casanova travels through France and Holland, encountering new social circles, financial opportunities and romantic adventures. His life becomes increasingly international.<br />12. RETURN TO PARIS<br />Back in Paris, Casanova becomes immersed once again in the sophisticated world of French society. He pursues opportunities while navigating friendships, money, romance and reputation.<br />13. HOLLAND AND GERMANY<br />The journey continues northward. Holland and Germany provide new environments and new acquaintances, showing Casanova's remarkable ability to adapt wherever he goes.<br />14. SWITZERLAND<br />Switzerland introduces Casanova to a different landscape and culture. His travels become as important as his personal relationships, revealing Europe as a vast network of interconnected societies.<br />15. WITH VOLTAIRE<br />One of the intellectual highlights of the memoir arrives with Casanova's encounter with Voltaire. Their meeting brings together two extraordinary personalities of the Enlightenment and provides a glimpse into the intellectual world of eighteenth-century Europe.<br /><br />VOLUME 4 — ADVENTURES IN THE SOUTH<br />The fourth volume takes Casanova back toward Italy and the Mediterranean world, where his appetite for adventure remains undiminished.<br />16. DEPART SWITZERLAND<br />Casanova leaves Switzerland and resumes his restless journey. New encounters and unexpected opportunities once again shape his path.<br />17. RETURN TO ITALY<br />Italy welcomes him back. The familiar landscape of Italian cities becomes the setting for new relationships, schemes and adventures.<br />18. RETURN TO NAPLES<br />Casanova returns to Naples, reconnecting with the world he encountered during his youth. The city provides another stage for romance, intrigue and personal transformation.<br />19. BACK AGAIN TO PARIS<br />Paris once again draws Casanova back. His repeated returns demonstrate the importance of the French capital in his European life and ambitions.<br />20. MILAN<br />Milan becomes another major stop in his continuing travels. Casanova's experiences reveal both the pleasures and uncertainties of life as an eighteenth-century adventurer without a permanent home.<br /><br />VOLUME 5 — TO LONDON AND MOSCOW<br />Casanova's world expands even further in Volume Five. He travels across Western and Eastern Europe, encountering cultures increasingly distant from his Venetian origins.<br />21. SOUTH OF FRANCE<br />The journey begins in southern France, where Casanova encounters new people, landscapes and opportunities. His experiences continue to demonstrate his remarkable ability to enter unfamiliar social worlds.<br />22. TO LONDON<br />Casanova travels to London, one of Europe's great commercial and cultural centers. British society presents him with new customs, personalities and challenges.<br />23. THE ENGLISH<br />His encounters with English society provide a fascinating portrait of eighteenth-century Britain through the eyes of a foreign adventurer.<br />24. FLIGHT FROM LONDON TO BERLIN<br />Casanova leaves London and heads toward Berlin. His journey becomes increasingly unpredictable as political circumstances, personal relationships and financial concerns influence his movements.<br />25. RUSSIA AND POLAND<br />Casanova ventures into Eastern Europe, reaching Russia and Poland. These chapters broaden the geographical scope of the memoir and reveal his encounters with unfamiliar cultures, rulers and political environments.<br /><br />VOLUME 6 — SPANISH PASSIONS<br />The final volume follows Casanova through Spain, Italy and the last stages of his extraordinary existence.<br />26. SPAIN<br />Spain becomes the setting for another major chapter of Casanova's European adventure. He encounters Spanish customs, personalities and passions while continuing his endless search for opportunity.<br />27. EXPELLED FROM SPAIN<br />Casanova's adventures once again bring him into conflict with authority. His expulsion demonstrates the risks that accompanied his unconventional lifestyle.<br />28. RETURN TO ROME<br />Returning to Italy, Casanova arrives in Rome, one of Europe's great centers of religion, culture and power. The city provides another setting for his continuing encounters and",Spreaker,en,https://d3wo5wojvuv7l.cloudfront.net/t_rss_itunes_square_1400/images.spreaker.com/original/0b4cf608330ec273c58a9012dbfde179.jpg,2026-08-09 08:35:59,7985908,confirmed,https://www.spreaker.com/podcast/casanova-memoirs-the-story-of-my-life--7249074,1786264559,35048a8f93d8d1b955c90e9d251e4c6c,,4,0,INDIVIDUAL
Not Your Grandma's ABA,Scott & Brittany Moore,https://anchor.fm/s/1155b933c/podcast/rss,It's not about having all the answers. It's about asking better questions and having conversations that matter.,Anchor,en,https://d3t3ozftmdmh3i.cloudfront.net/staging/podcast_uploaded_nologo/46432903/46432903-1785104072236-221d0b916d594.jpg,2026-08-09 08:29:32,7985905,confirmed,https://podcasters.spotify.com/pod/show/brittany-moore0,1786264172,eec6ab9a2bddbb10f2d3198b831daa47,6798378561.0,2,0,CORPORATE
The Pipeline Podcast,Pipeline Podcast,https://anchor.fm/s/1151ed668/podcast/rss,"Real stories from the shop floor and the job site. The Pipeline Podcast (DSI, a Quanta Services Company) talks shop, leadership, careers, and the trades with the people living it every day.
🔧dsi.us | 📷@pipelinepodcastdsi | 📧 pipelinepodcastdsi@gmail.com",Anchor,en-us,https://d3t3ozftmdmh3i.cloudfront.net/staging/podcast_uploaded_nologo/46393098/46393098-1784553315119-839edff7cdf4d.jpg,2026-08-09 08:28:52,7985904,confirmed,https://podcasters.spotify.com/pod/show/pipeline-podcast8,1786264132,8fa4c0ed5f172e4883508e900440ae84,6792794022.0,2,0,INDIVIDUAL
Quickie with a Vibe,SWELL Collective,https://anchor.fm/s/115cec320/podcast/rss,"Join sex therapists Dr. Danielle Armour and Dr. Ashley Sweet as they combine data-driven sex education with Millennial wit to destigmatize pleasure, untangle relationship dynamics, and answer the sex questions you’re usually too afraid to Google. Consider this your weekly dose of unapologetic, science-backed pleasure ed—served quick, with a side of good vibes.
Find them on IG @quickiewithavibe",Anchor,en,https://d3t3ozftmdmh3i.cloudfront.net/staging/podcast_uploaded_nologo/46508392/46508392-1786136757255-fbf8b6d9c03e7.jpg,2026-08-09 08:07:10,7985895,confirmed,https://podcasters.spotify.com/pod/show/advocatepassion6,1786262830,e2c69ef6f705e426b80f3e14b8b998d0,6799253173.0,2,0,CORPORATE
Emerging Evidence Podcast,Leah,https://rss.buzzsprout.com/2630004.rss,"<p>Emerging Evidence is the podcast about Australian health and mental health research as it happens. Registered nurse</p><p>Leah Veenhuizen talks with the researchers behind current studies and trials, in plain language, including the ones offering free programs to everyday people right now.</p>",Buzzsprout,en-us,https://storage.buzzsprout.com/164gxis6pr8orca5ltmb2ogjonjt?.jpg,2026-08-09 07:59:33,7985891,confirmed,,1786262373,0ec573c4f2240a68132cad4f0276d412,,4,0,INDIVIDUAL
Before It Begins,Impala & Peacock,https://rss.buzzsprout.com/2634452.rss,"<p>Five minutes with a cup of tea, every weekday morning. Pour the water, watch the colour arrive, and hear one true thing about what's in the cup — why lemon myrtle carries more lemon than a lemon does, why hibiscus isn't a flower, why no ginger plant has ever been found growing wild. Then one thought worth carrying into the day. A new blend each week, Monday to Friday. Made by Impala & Peacock Artisan Teas, blended by hand in Melbourne. Best taken with something steeping.</p>",Buzzsprout,en-au,https://storage.buzzsprout.com/1shxvglrznfnb3gs2eh63lvh79rj?.jpg,2026-08-09 07:34:26,7985885,confirmed,,1786260866,596cacae4206b8b2e6afbb91c1490e94,6799613114.0,0,0,CORPORATE
The Intent Podcast: Leveraging Lessons from the TV Industry to Help Organisations Create Intentional Idea and Opportunity Flows,Intent,https://anchor.fm/s/fa9c2700/podcast/rss,"<p>Welcome to the Intent podcast, where industry experts Claire Tavernier and Richard Vargas explore the world of TV production. Join us as we delve into the intricate process of selecting, developing, and managing new TV show ideas. Our guests, including top producers, writers, and executives, share their valuable insights to help you make better business decisions.As a $500bn/yr global industry, television has become a master of creativity at scale. With tens of thousands of new shows launching every year and existing ones constantly evolving, the TV industry has honed its ability to manage a constant pipeline of fresh ideas.Whether you're in the TV industry or another business sector, you'll gain a deeper understanding of how to manage a constant pipeline of new ideas and navigate the complexities of the ideation process.If you’re interested in learning how we at Intent can help you select the right business opportunities, say ‘no’ to the wrong ones, and scale your growth, head over to our website at www.weareintent.com. <br><br>[Music cues and sound effects credits: SergeQuadrado and Borys Kozielski from Pixabay]</p>",Anchor,en-gb,https://d3t3ozftmdmh3i.cloudfront.net/staging/podcast_uploaded_nologo/41945376/d71b47e6f78094d0.jpg,2026-08-09 07:25:16,7985877,confirmed,https://weareintent.com/,1786260316,105696d6131481bc6c22b0a7b5b2bac6,,4,0,INDIVIDUAL
Emotional Alchemy,Baylee Summer,https://feed.podbean.com/bayleejoysummer/feed.xml,"<p>This is the Emotional Alchemy podcast, where high-sensitives, entrepreneurs, and those in the depths of transition receive the codes to emotional alchemy; a process of somatically feeling your emotions to free up your energy, heal old wounds, cultivate a deep connection with yourself…</p>
<p>And, in it’s most uniquely potent form, emotional alchemy has the power to transmute deep suffering into euphoric bliss.</p>
<p>In this podcast, we’ll explore how to live in a way that feels beautiful—in both ease and pain.</p>
<p>I’m your host, Baylee Summer. A business & emotional alchemy coach, and lifelong horsewoman with an obsession for <em>connecting:</em> to myself, my body, the earth, and the beautiful souls around me—human and animal alike.</p>
<p>Thank you for being here. Let’s dive deep.</p>",Podbean,en,https://pbcdn1.podbean.com/imglogo/image-logo/22548013/Emotional_2048_x_2048_px_6ugez.png,2026-08-09 07:23:09,7985875,confirmed,https://bayleejoysummer.podbean.com,1786260189,39f3dcd6d16759a370f4e5aedf1eb615,6799498573.0,2,0,INDIVIDUAL
It’s An Us Thing,Brett and Christina Varvel,https://anchor.fm/s/11582ed74/podcast/rss,"Life was never meant to be lived separately—and neither was following Jesus. It’s An Us Thing with Brett & Christina Varvel is an honest, faith-filled conversation about marriage, parenting, calling, suffering, hope, laughter, and everyday life. Through storytelling, vulnerability, and biblical truth, Brett and Christina bring real-life stories back to Jesus and invite you to pursue Him together—wherever life takes you. Come listen in as they bring the Gospel into real life—and discover what happens when “me” becomes “us,” and “us” keeps pointing back to Him.",Anchor,en,https://d3t3ozftmdmh3i.cloudfront.net/staging/podcast_uploaded_nologo/46458693/46458693-1785435281702-95f0d94c81613.jpg,2026-08-09 07:02:19,7985867,confirmed,https://podcasters.spotify.com/pod/show/brett-varvel0,1786258939,66581c68ff5d1fb4c93b49f1ce502165,6799215297.0,2,0,CORPORATE
The Possibilist Podcast (PSSBLST),Justin Perkins,https://feeds.transistor.fm/the-possibilist-podcast-pssblst,"Stories of adventure and lessons in wisdom from Justin Perkins and his network of founders, artists, leaders, athletes, and adventurers and Possibilists. This podcast explores the wonder and grit required to be a successful modern human, bringing big ideas into the world, with an emphasis on the Founder to CEO journey that is the ultimate modern rite of passage for creative humans. Host Justin Perkins is a serial entrepreneur, author, and founder coach, a former competitive athlete, musician and world adventurer. This podcast includes a mix of reflective rite-of-passage experiences, stories, and interviews with exceptional possibilists, intimate coaching sessions that led to breakthroughs, and a deep exploration of possibilism - a skill that anyone can develop.  Possibilism is an upgrade to optimism - it is ""someone who neither hopes without reason nor fears without reason, but sees progress because they are willing to look honestly at reality."" And you will join the Possible List - a network of Possibilists - in creating your own list of what's possible.",Transistor,en,https://img.transistorcdn.com/Ub756shF5UiPg0kJ_ves_sHZ3ru4e7iSSHs7acKbyzY/rs:fill:0:0:1/w:1400/h:1400/q:60/mb:500000/aHR0cHM6Ly9pbWct/dXBsb2FkLXByb2R1/Y3Rpb24udHJhbnNp/c3Rvci5mbS8wOGIx/MjZkMDgwMTE0MmVj/ZjQzMzg4N2EzYWNi/ZGY3ZS5qcGVn.jpg,2026-08-09 06:50:42,7985861,confirmed,https://www.newedgecoaching.com/podcast,1786258242,610c32049cc98eefc265d0d8cb2924df,,4,0,INDIVIDUAL
Mr. Content Talkshow,Akash Jaiswal,https://anchor.fm/s/230b8c04/podcast/rss,"This podcast will cover topics related to branding , social.media , storytelling , copywriting , marketing , persuasion and much more related to human behavior.",Anchor,en,https://d3t3ozftmdmh3i.cloudfront.net/production/podcast_uploaded_nologo/5779593/5779593-1681105752155-2eccdf6383882.jpg,2026-08-09 06:46:13,7985857,confirmed,https://podcasters.spotify.com/pod/show/mr-akash-jaiswal,1786257973,623667a7ea9834187176721742f8b016,1686797803.0,2,0,INDIVIDUAL
The Educator's Why,Doug Yarbrough and Tori Sinco,https://anchor.fm/s/115bb4868/podcast/rss,"Behind every educator is a story—a journey filled with challenges, victories, lessons learned, and an unwavering commitment to students. This podcast goes beyond the headlines and the classroom to uncover the heart of education: the people who dedicate their lives to making a difference.
In each episode, we'll sit down with teachers, principals, superintendents, and education leaders to explore their personal journeys, the experiences that shaped them, and the purpose that fuels their work every day. Along the way, we'll discuss leadership, innovation, policy, technology, and the future of ed",Anchor,en,https://d3t3ozftmdmh3i.cloudfront.net/staging/podcast_uploaded_nologo/46495626/46495626-1785960860986-ff6ce48c88fc5.jpg,2026-08-09 06:44:06,7985856,confirmed,https://podcasters.spotify.com/pod/show/doug-yarbrough7,1786257846,db82c11aa319d04594176397fe4b6e93,6798427561.0,2,0,CORPORATE
Holy-ish The perfect place for people who aren’t,lisavoorhies,https://feed.podbean.com/lisavoorhies/feed.xml,"<p></p>
<p>Welcome to <strong>Holyish</strong>—the podcast for people who love Jesus and want to do real life. No fake it til ya make it here. </p>
<p>If you've ever wrestled with insecurity, comparison, perfectionism, shame, or simply wondered if you're doing this faith thing right, you're in good company. Around here, we believe God isn't looking for perfect people—He's transforming willing ones.</p>
<p>Each week, you'll find honest conversations, biblical encouragement, practical wisdom, a few laughs, and plenty of reminders that God's grace is bigger than your mistakes. We'll talk about identity in Christ, spiritual growth, confidence, purpose, relationships, and learning to trust a perfect God instead of trying to become a perfect person.</p>
<p>So grab your coffee, come as you are, and join us. Because we're all a little <strong>Holyish</strong>—and that's exactly where God's grace meets us.</p>
<p><strong>New episodes every week.</strong></p>",Podbean,en,https://pbcdn1.podbean.com/imglogo/image-logo/21544958/holyish_logo_66x6vx.jpg,2026-08-09 06:32:08,7985851,confirmed,https://lisavoorhies.podbean.com,1786257128,cf0026d2a2ddefbba03e8124826b39ce,6799279980.0,2,0,INDIVIDUAL
Philippines Passport Renewal,Zulfkar Ali,https://www.spreaker.com/show/7248865/episodes/feed,"Learn the <a href=""https://dfapassportappointmentt.com/passport-renewal/"" target=""_blank"" rel=""noreferrer noopener"">DFA Passport Renewal</a> process, and find why renewal matters. We will also disucss requirements, fee, procedure, and more.",Spreaker,en,https://d3wo5wojvuv7l.cloudfront.net/t_rss_itunes_square_1400/images.spreaker.com/original/0170bf58374b5aad7e61c139200e5737.jpg,2026-08-09 06:23:45,7985849,confirmed,https://www.spreaker.com/podcast/philippines-passport-renewal--7248865,1786256625,97f68859f66b8d981017eb47c2011ec4,,4,0,INDIVIDUAL
Meet The Collective,G-Woman Radio,https://www.spreaker.com/show/7241986/episodes/feed,"The Meet the Collective is a weekly live radio show on G-Woman Radio that introduces listeners to the remarkable women who make up the G-Woman Collective. Each episode hosted by Alex Okoroji features two members in an engaging, light-hearted conversation where they share who they are, what they do, what inspires them, and the experiences that have shaped their journeys.<br /><br />Rather than formal interviews, the show feels like sitting around the table with friends, full of laughter, surprises, meaningful conversations, and genuine human connection. By giving members a platform to be seen, heard, and celebrated, the program strengthens relationships across the Collective while inspiring global listeners through authentic stories from everyday women creating extraordinary impact.",Spreaker,en,https://d3wo5wojvuv7l.cloudfront.net/t_rss_itunes_square_1400/images.spreaker.com/original/5e7f3fdb3cc21bec6f3e69ce997637ab.jpg,2026-08-09 06:12:24,7985835,confirmed,https://www.gwomanradio.com/meet-the-collective,1786255944,304f47ef0100d17a20c7592d2a4499f5,,4,0,CORPORATE
DN4 - A Doncaster Rovers podcast,Liam Hoden and Robbie Andrews,https://anchor.fm/s/115bc8d68/podcast/rss,"Analysis, debate and discussion on all things Doncaster Rovers from two experts on the club, Robbie Andrews and Liam Hoden with some special guests along for the ride.",Anchor,en-gb,https://d3t3ozftmdmh3i.cloudfront.net/staging/podcast_uploaded_nologo/46496458/46496458-1785972784975-cb116f6507bfb.jpg,2026-08-09 06:01:34,7985827,confirmed,https://podcasters.spotify.com/pod/show/liam-hoden6,1786255294,4dfdca9c3863a7a9cbde135256f5e55b,6798829579.0,2,0,CORPORATE
The United Foundry,Listening Dog Media,https://feeds.megaphone.fm/COMG5650122588,"<p>An independent Manchester United fan channel hosted by Gaz Drinkwater, bringing United supporters the latest news, honest opinions and proper debate on everything happening at Old Trafford.</p>
<p>Expect regular Manchester United transfer updates, match previews, instant reactions, weekly podcasts, player analysis, interviews and discussion around the biggest stories affecting the club.</p>
<p>Gaz is joined by guests, contributors and supporters to break down performances, transfers and the decisions shaping Manchester United — without the noise, agendas or recycled talking points.</p>
<p>Whether you are watching from Manchester or supporting United from anywhere in the world, subscribe and become part of The United Foundry.</p>
<p>Manchester United. Forged through discussion.</p>",Megaphone,en,"https://megaphone.imgix.net/podcasts/149551ce-8f4f-11f1-930c-6b58ef4fb858/image/e392286e3ddcff3a09035bca3eb614f2.png?ixlib=rails-4.3.1&max-w=3000&max-h=3000&fit=crop&auto=format,compress",2026-08-09 06:01:34,7985826,confirmed,,1786255294,383c8cd8abcc50233842827e60615c4a,6797830395.0,2,0,CORPORATE
The Premier Optical Eye Care Podcast,Premier Optical,https://anchor.fm/s/11503b9c8/podcast/rss,"Clear, practical conversations about eye health, vision tests, eyeglasses, contact lenses, lens technology, and everyday visual comfort. Each episode turns Premier Optical’s eye-care guides into useful information that helps individuals and families understand their vision, prepare for eye exams, and make informed eyewear choices.",Anchor,en,https://d3t3ozftmdmh3i.cloudfront.net/staging/podcast_uploaded_nologo/46375330/46375330-1784272641733-5f991574a6dc.jpg,2026-08-09 05:51:56,7985822,confirmed,https://premieroptical.ca,1786254716,61a349ddedb4f0561487e21b9fb281e1,6796036919.0,2,0,INDIVIDUAL
Casita Cocco Radio,CasitaCoccoRadio,https://anchor.fm/s/10e65a504/podcast/rss,"Reporting & interviews for thoughtful travelers, immigrants and expats who want to engage with art in Barcelona
© 2026 Casita Cocco Radio. All rights reserved.",Anchor,en,https://d3t3ozftmdmh3i.cloudfront.net/staging/podcast_uploaded_nologo/45265097/45265097-1769534290478-1ce20ca390f4a.jpg,2026-08-09 05:39:34,7985818,confirmed,https://casitacoccoradio.com,1786253974,1340649109cee3ace72ccaf8714030e2,1872459477.0,2,0,INDIVIDUAL
Tarot for Humans,Lindsay Nelson | Pink Moon Audio,https://anchor.fm/s/114bdb720/podcast/rss,"What if Tarot wasn't about predicting the future, but helping you make sense of the exact moment you're in?
Tarot for Humans is a series of mini-episodes that feel like voice notes from your witchy best bud or your sorta bossy big sis (because I'm all of those things 💖).
Using Tarot as a tool for reflection and POV-shifting, each episode explores a specific life moment: from overthinking a text to starting something new to feeling stuck, overwhelmed, or ready for a change.
No gatekeeping. No fortune-telling. Just perspective, a little magic, and tools for navigating real life.",Anchor,en,https://d3t3ozftmdmh3i.cloudfront.net/staging/podcast_uploaded_nologo/46329448/46329448-1783967561222-8eeda75f3ca8e.jpg,2026-08-09 05:36:36,7985817,confirmed,https://podcasters.spotify.com/pod/show/lindsb1180,1786253796,dd1a8af11d607a9f0289f77bd8a03caa,6798682711.0,2,0,INDIVIDUAL
Streetmotherz Podcast,Tiffany Davis,https://anchor.fm/s/10529df3c/podcast/rss,"Our Podcast will deliver a rollercoaster of raw emotions, stories and hardships of being a product of our environment.
We talk about the harsh realities of the streets. The struggles of being involved and/or raising children that are in the streets. Many don't understand what we've seen and even been through. We are here to share with the world our stories.
Warning: Our content may be offensive to some viewers.
We will allow our platform to be a safe space for guest to express themselves. We don't judge, we listen.",Anchor,en-us,https://d3t3ozftmdmh3i.cloudfront.net/staging/podcast_uploaded_nologo/43715975/43715975-1747799707060-5daf090b8860a.jpg,2026-08-09 05:36:23,7985816,confirmed,https://podcasters.spotify.com/pod/show/streetmotherz-podcast,1786253783,f8bac126e1fbd5e15f820d99e6e34526,1890928314.0,2,0,INDIVIDUAL
George T. The Movie Geek,George Tedino iii,https://anchor.fm/s/101cb7c24/podcast/rss,"I will talk about news,  actors, actresses, give my reviews, and preview  movies and occasionally  tv shows.",Anchor,en-us,https://d3t3ozftmdmh3i.cloudfront.net/staging/podcast_uploaded_nologo/43150801/c7fa4c96e1de6497.jpg,2026-08-09 05:30:46,7985815,confirmed,https://podcasters.spotify.com/pod/show/george-tedino-32,1786253446,a8099a5ee47c3ca75686dfefcccfdc16,,4,0,CORPORATE
They Call Me Wally,Wally,https://rss.buzzsprout.com/2635840.rss,<p>Off-Road Enthusiasts going above and beyond to build it better then they left it... I want to speak to the people that care enough personally to be the change they want to see. </p>,Buzzsprout,en-us,https://storage.buzzsprout.com/n3k8cdybplc8qy4l91pvfvddsm53?.jpg,2026-08-09 05:28:24,7985812,confirmed,https://www.buzzsprout.com/2635840,1786253304,41d796915c0f076bae9f9c740887487b,,4,0,INDIVIDUAL
Still Going Strong (?),I am Matthew Ministries,https://anchor.fm/s/1086c2a88/podcast/rss,"Our 20-year marriage has been anything but ordinary—filled with laughter, tears, victories, and struggles. We’ve known the weight of trying to make it on our own and the freedom of building a marriage centered on Christ. On the Still Going Strong (?) Podcast, we open the door to honest conversations about love, faith, forgiveness, and perseverance. We don’t pretend to have all the answers, but we do know this: Christ makes all the difference. Our hope is to encourage you, make you laugh, and remind you that with Him, your marriage can stand.",Anchor,en-us,https://d3t3ozftmdmh3i.cloudfront.net/staging/podcast_uploaded_nologo/44262738/44262738-1755517195321-c7fb60e33a7ff.jpg,2026-08-09 05:25:55,7985811,confirmed,https://podcasters.spotify.com/pod/show/i-am-matthew3,1786253155,cad099e462b844daa0ef7b8bbabd1767,6791836195.0,2,0,CORPORATE
Jake’s Reddit Stories,Jake’s Reddit Stories,https://www.spreaker.com/show/7248777/episodes/feed,"Hey, I'm Jake. I read the craziest Reddit stories so you don't have to. Relationship drama, workplace disasters, family chaos – all the good stuff. Perfect for background listening while you do literally anything else. New stories all the time.",Spreaker,en,https://d3wo5wojvuv7l.cloudfront.net/t_rss_itunes_square_1400/images.spreaker.com/original/38e88b79cde0332710658a554c21082e.jpg,2026-08-09 05:22:01,7985809,confirmed,https://www.spreaker.com/podcast/jake-s-reddit-stories--7248777,1786252921,9ec8fe6e36ff54dbe63a5fdafac38623,,4,0,INDIVIDUAL
A- List Kitchen with Chef Keis Briscoe,chefkeisbriscoe,https://feed.podbean.com/chefkeisbriscoe/feed.xml,"<p>A List Kitchen is where great food, good conversation, and A-List energy come together. Hosted by Chef Keis Briscoe, the series goes beyond the headlines, helping viewers get to know the person behind the personality. While preparing and sharing a meal, guests open up about their journeys, passions, challenges, and the experiences that shaped who they are. Through authentic conversations and unforgettable moments, A List Kitchen creates a space where food becomes the connection and every story has a seat at the table.</p>",Podbean,en,https://pbcdn1.podbean.com/imglogo/image-logo/22413748/A-List_Kitchen_Podcast_Logo_1400x1400.png,2026-08-09 05:20:38,7985808,confirmed,https://chefkeisbriscoe.podbean.com,1786252838,eb4480a1568934b13f6aa26dd8002861,6798028687.0,2,0,INDIVIDUAL
Converse With Kaffy Podcast,Kafayat Gbajabiamila,https://rss.buzzsprout.com/2635463.rss,"<p><b>Converse with Kaffy</b> is a podcast for anyone navigating the beautiful, messy, and meaningful journey of life.</p><p><br></p><p>Hosted by Kaffy, each episode invites you into honest conversations about the things we often think about but don't always talk about; purpose, relationships, growth, identity, resilience, work, family, faith, failure, hope, and everything in between.</p><p><br></p><p>This isn't a place where anyone pretends to have all the answers. It's a space to ask thoughtful questions, share real experiences, and learn together, one conversation at a time.</p><p><br></p><p>Whether you're celebrating a new beginning, facing an unexpected challenge, or simply looking for conversations that leave you feeling encouraged and understood, there's a seat for you here.</p><p><br></p><p><b>Pull up a chair. There's room for you here.</b></p>",Buzzsprout,en-us,https://storage.buzzsprout.com/bhokv61wjp1tuzd4aa2xtc4oom6p?.jpg,2026-08-09 05:16:05,7985807,confirmed,http://www.conversewithkaffy.com,1786252565,7408f84ef6465c8ad88cf01fc0a98680,,4,0,INDIVIDUAL
Let’s F’N Go Podcast,Samantha Gunn,https://rss.buzzsprout.com/2635821.rss,"<p>A radical self-honesty podcast designed to bring new perspectives on life’s challenges and traumas. </p><p><br></p><p>“The truth never changes, but your relationship with it can!” - Samantha Gunn</p>",Buzzsprout,en-us,https://storage.buzzsprout.com/z7emixk3uchiy25pul6nd1edrkyr?.jpg,2026-08-09 05:01:26,7985803,confirmed,http://www.letsfngopodcast.com,1786251686,71f25de48e8191918da64d68a7dfdc86,,4,0,INDIVIDUAL
Harvest IOC,Harvest Church Albany,https://rss.buzzsprout.com/2018509.rss,<p>Enjoy and catch up with our Sunday messages … remember to visit us in person when your in Albany Western Australia </p>,Buzzsprout,en-us,https://storage.buzzsprout.com/0fgmop8nihykcqwjz1iue2nwk8gb?.jpg,2026-08-09 05:00:46,7985802,confirmed,https://www.buzzsprout.com/2018509,1786251646,9e1c6b8f6a15934b79dd99960889ee77,,4,0,CORPORATE
Confrontation Station,Masseeh Radfar & Craig McLoughlin,https://feeds.libsyn.com/627115/rss,"Confrontation Station breaks down real confrontations, high-pressure situations and moments where people are forced to make split-second decisions.
Using viral videos, public interactions and real-world incidents, we analyze body language, psychology, escalation, de-escalation, authority, confidence, persuasion and the choices people make when emotions take over. From arguments and street confrontations to police encounters, workplace disputes and everyday conflicts, every episode asks the same question: why did people react the way they did?
Hosted by Massey and Craig, Confrontation Station is about understanding human behaviour when the pressure is on.",Libsyn,en,https://static.libsyn.com/p/assets/e/5/1/e/e51eeefa901dbef416c3140a3186d450/cs.png,2026-08-09 04:48:23,7985797,confirmed,https://sites.libsyn.com/627115,1786250903,88ee0ac03e756dbfe1d526c4ba9ae493,6798366037.0,2,0,CORPORATE
PiazzAsiago,PiazzAsiago,https://feeds.megaphone.fm/MNTHA8338341420,"<p>PiazzAsiago è la rassegna culturale e politica ideata e condotta da David Parenzo e Alessandro De Angelis, in programma dal 1 al 5 agosto ad Asiago.</p>",Megaphone,en,"https://megaphone.imgix.net/podcasts/e9ff89fa-81ae-11f1-8490-77f0e1e345aa/image/2a9201580ecc096506000556c0e01d3a.png?ixlib=rails-4.3.1&max-w=3000&max-h=3000&fit=crop&auto=format,compress",2026-08-09 04:46:31,7985795,confirmed,,1786250791,92b04043099fd7ed9962c558893b4ec3,6795131746.0,2,0,INDIVIDUAL
The PortCast Official,D111 FILMS U.S.A.,https://rss.buzzsprout.com/2633655.rss,"<p>THE PORTCAST is the media voice of Port Laredo — North America's Leading Trade Gateway. Broadcast-grade conversations with the carriers, brokers, port officials, and decision-makers moving North American trade. Hosted by Felipe Romero & David Romero.</p>",Buzzsprout,en-us,https://storage.buzzsprout.com/z6p8nek423ac63986h402xw9nuyb?.jpg,2026-08-09 04:40:32,7985793,confirmed,,1786250432,0599a7db4c1ac55dac613011ce51def0,6799592797.0,0,0,INDIVIDUAL
Food Noise Is Not the Villain You Think It Is,Daryl Perry,https://anchor.fm/s/115c660a4/podcast/rss,"Food noise has become a huge part of the conversation around eating, weight loss, and GLP-1 medications. But what does food noise actually mean to you?
Hosted by Daryl Perry of Your Level Fitness, this podcast takes a more nuanced look at the thoughts, feelings, habits, and experiences we often group together as food noise. No fear, guilt, shame, or one-size-fits-all answers. Just honest conversations to help you better understand your relationship with food and find what works for you for life.",Anchor,en,https://d3t3ozftmdmh3i.cloudfront.net/staging/podcast_uploaded_nologo/46502897/46502897-1786058237338-5912965658808.jpg,2026-08-09 04:36:14,7985790,confirmed,https://podcasters.spotify.com/pod/show/daryl-perry6,1786250174,f02900d41372c5f681a7130398f98e47,6799038367.0,2,0,INDIVIDUAL
The Unintended School,Dr. Cathy White,https://rss.buzzsprout.com/2635048.rss,"<p><em>The Unintended School </em>explores what happens when reasonable choices, good intentions, and everyday habits create consequences we never meant to build into the school system.</p>",Buzzsprout,en-us,https://storage.buzzsprout.com/7apparo6906pwi6covw2sdd8aot0?.jpg,2026-08-09 04:36:07,7985789,confirmed,https://theunintendedschool.com,1786250167,d6af62398b88a0775df7620743385e84,,0,0,INDIVIDUAL
AMBS UNFILTERED with Amber Greaves,amber greaves,https://rss.buzzsprout.com/1867023.rss,"<p><b>Ambs Unfiltered</b> is your new weekly dose of real talk with your internet bestie, host <b>Amber Greaves</b>. Join this 29-year-old entrepreneur, creator, and pop culture fanatic as she serves up <b>unfiltered advice</b> on life, business, relationships, and chasing your biggest goals. Need a happy escape? Want to feel motivated to take control of your life? Press play and settle in—it’s time for some encouraging, feel-good vibes designed to remind you that it's <em>never</em> too late to go after your dreams.</p>",Buzzsprout,en-us,https://storage.buzzsprout.com/rpvywd0vegth305cetupz9bxwe9a?.jpg,2026-08-09 04:04:11,7985782,confirmed,https://ambsunfilteredpodcast.buzzsprout.com,1786248251,bb556420d4a5d068b741803983fc925f,1597189026.0,2,0,INDIVIDUAL
Dear Self : Navigating Through 20s,Jerlyn Sagayaraj,https://anchor.fm/s/1140b3e10/podcast/rss,"Time to do a reality check🥂 - your twenties are a chaotic cocktail of trying to build a career, surviving timeline anxiety, and wondering if eating sugary cereal for dinner counts as self-care (spoiler: it does). We are breaking down the comparison olympics, social media curation fatigue, and corporate guilt with zero filter. We aren’t experts; we’re just figuring out how to protect our peace and choose our own happiness. Consider this a love letter, a guide, and a warm hug to your evolving self. Hit subscribe, grab your matcha or whatever drink, and let’s navigate the plot twists together.✨",Anchor,en,https://d3t3ozftmdmh3i.cloudfront.net/staging/podcast_uploaded_nologo/46212484/46212484-1785869462220-ef1f65d8d5319.jpg,2026-08-09 03:45:33,7985777,confirmed,https://podcasters.spotify.com/pod/show/jerlyn-sagayaraj9,1786247133,50d89827558bb47f34cc794f1ab22acb,6797976410.0,2,0,INDIVIDUAL
Echo 24: Conversations,KaayRizzy,https://anchor.fm/s/11253a620/podcast/rss,"Echo 24 is a media space built around real conversations, personal growth, and storytelling. The platform explores identity, mindset, discipline, relationships, and the ongoing process of becoming who you’re meant to be. Through interviews and honest dialogue, Echo 24 highlights different perspectives on life, growth, and self-discovery. Every episode is rooted in truth, reflection, and evolution—no filters, no perfection, just real conversation.",Anchor,en,https://d3t3ozftmdmh3i.cloudfront.net/staging/podcast_uploaded_nologo/45924392/45924392-1778136999436-457049a7e7cfd.jpg,2026-08-09 03:41:59,7985776,confirmed,https://podcasters.spotify.com/pod/show/kaayrizzy,1786246919,0fc0df51ddc62f25723696b362afcc5c,6799004056.0,2,0,INDIVIDUAL
The Tarah and Barry Show,Tarah and Barry,https://anchor.fm/s/ee746dd4/podcast/rss,"<p>Welcome to ""The Tarah and Barry Show,"" your weekly deep dive into the world of ADHD in life and love!</p><p><br></p><p>Every Monday AND Thursday, join us for a blend of playful banter, insightful stories, and actionable advice, as we unpack what it's like living with ADHD and navigating it in romantic relationships. </p><p><br></p><p>We're not here to tell you that ADHD is your superpower. But we are here to help you understand yourself, feel seen, and offer real, transformative strategies to work with your ADHD, rather than against it.</p><p><br></p><p>Whether you're self-diagnosed, have a formal diagnosis, or are simply curious about ADHD, our show has something special for you.</p><p><br></p><p>Are you ready to join the family? Hit that subscribe button, become a part of our FREE Facebook community, or elevate your experience by joining our exclusive ""Neurospicy Family Membership."" Let's embrace ADHD together and thrive in love and life.</p>",Anchor,en-au,https://d3t3ozftmdmh3i.cloudfront.net/staging/podcast_uploaded_nologo/39906077/39906077-1711868947059-155824c963506.jpg,2026-08-09 03:40:47,7985775,confirmed,https://www.buzzsprout.com/2232675,1786246847,625072a2a7d3ee889d4ef67ed5265134,,4,0,CORPORATE
English speakers,Nouredine Nachite,https://rss.buzzsprout.com/2465825.rss,"Tune in to Episode 3 for all things English! From essential vocabulary to conversational phrases, this episode is a must-listen for beginners diving into the language. Packed with tips, tricks, and engaging exercises, you'll boost your language skills in no time. Don't miss out on leveling up your English game with Episode 3 - your ticket to fluency starts here!",Buzzsprout,en,https://storage.buzzsprout.com/4avo9l9sr1sxv0efz4zsv65qcd7d?.jpg,2026-08-09 03:40:42,7985774,confirmed,https://podeo.co,1786246842,a0873a5069bdb1bd79d235844ae99265,,4,0,INDIVIDUAL
Redemption Stories,Carrie Newman,https://rss.buzzsprout.com/2635835.rss,"<p>In this episode of <em>Redemption Stories</em>, host Carrie Newman shares her personal testimony of redemption, healing, and restoration through Jesus Christ. Drawing from the biblical accounts of the Prodigal Son and the Woman at the Well, Carrie reflects on her own struggles with past trauma, fear, and broken relationships, and how God's grace transformed her life and marriage. This devotional podcast encourages listeners to trust God's plan, embrace His forgiveness, and discover how their own stories can bring them closer to Him</p>",Buzzsprout,en-us,https://storage.buzzsprout.com/887v87l2d78llzrd3ylzd0quzurc?.jpg,2026-08-09 03:39:55,7985773,confirmed,,1786246795,d627c5eb05103448ef70bcdb5f7bdb8a,,4,0,INDIVIDUAL
Faith and Favor,Joanne Gabriel,https://anchor.fm/s/f4772780/podcast/rss,"Faith & Favor is a Christian podcast hosted by Joanne Gabriel, where faith meets healing through honest conversations about shields, stories, and salvation. 
Every episode unpacks a protective shield we often build because of sin, pain, or trauma—such as hyper-independence, self-preservation, or fear. Joanne then shares the personal story behind each shield and reveals how Jesus lovingly dismantles those defenses to bring true freedom and restoration. 
Join Joanne and guests to discover that our greatest protection isn't the walls we build, but the Savior who makes us whole.",Anchor,en,https://d3t3ozftmdmh3i.cloudfront.net/staging/podcast_uploaded_nologo/40914496/40914496-1784414046444-b6bf441c54092.jpg,2026-08-09 03:29:23,7985769,confirmed,https://podcasters.spotify.com/pod/show/faithandfavor,1786246163,8c1421ad12b388b2a0223d894bbe5348,1739718882.0,2,0,INDIVIDUAL
The Hoax News: Radio Hour,Nathaniel Harvey,https://www.spreaker.com/show/7248619/episodes/feed,"EST: 2026.<br /><br /> The Hoax News: Radio Hour is a comedic based fake news style as mimicking radio/podcast show to listening the storytelling with Nathaniel Harvey, (The Sole Creator Of The Hoax News Podcast & Zines)<br /><br /> Warning: <br /><br /> This show is not as for stories based for real life events, political or people, anything to harmful with comedy and not taken seriously or spreading rumours.<br /><br /> Try safe at home.",Spreaker,en,https://d3wo5wojvuv7l.cloudfront.net/t_rss_itunes_square_1400/images.spreaker.com/original/6cdb0bf1e5781daec02d7ef31a024180.jpg,2026-08-09 03:13:20,7985760,confirmed,https://www.spreaker.com/podcast/the-hoax-news-radio-hour--7248619,1786245200,c41a48e3ec415b1d683615dc3514aceb,,4,0,INDIVIDUAL
Build to Last,Build to Last,https://anchor.fm/s/11558a988/podcast/rss,"Built to Last is the podcast for people who want to build big things from the ground up. A mix of self-development and infrastructure finance, no unnecessary jargon, just concrete ideas to help you grow, in your career and in your life.",Anchor,en,https://d3t3ozftmdmh3i.cloudfront.net/staging/podcast_uploaded_nologo/46430994/46430994-1785081480960-834ee16f9d3d2.jpg,2026-08-09 03:12:20,7985758,confirmed,https://podcasters.spotify.com/pod/show/build-to-last7,1786245140,19b597278842e4ecfe91cac7fa2d9747,6795188921.0,2,0,INDIVIDUAL
The Aging Well Blueprint,Rodger,https://rss.buzzsprout.com/2635825.rss,"<p> The Aging Well Blueprint is a practical health and wellness podcast designed to help you understand how everyday choices affect the way you age. Each episode explores nutrition, hydration, strength, mobility, heart and brain health, sleep, stress, preventive health, and the simple daily habits that can help you stay active, independent, and engaged for years to come. </p>",Buzzsprout,en-us,https://storage.buzzsprout.com/yoziwcq8iuxjklvf3jorllm3wzam?.jpg,2026-08-09 03:05:32,7985750,confirmed,,1786244732,c67b0df56d35fbfbc8c0e109f2e1a63b,,0,0,INDIVIDUAL
The Unfiltered Frequency,Bonnie Comfort,https://www.spreaker.com/show/7248252/episodes/feed,"The Unfiltered Frequency is where nothing is off-limits. From paranormal encounters and unexplained phenomena to music trends, entertainment, interviews, and culture, we dive into the conversations others won’t. Raw opinions, real stories, unexpected perspectives, and completely unfiltered conversations—tuning into the frequency beyond the ordinary.<br /><br />Become a supporter of this podcast: <a href=""https://www.spreaker.com/podcast/the-unfiltered-frequency--7248252/support?utm_source=rss&utm_medium=rss&utm_campaign=rss"">https://www.spreaker.com/podcast/the-unfiltered-frequency--7248252/support</a>.",Spreaker,en,https://d3wo5wojvuv7l.cloudfront.net/t_rss_itunes_square_1400/images.spreaker.com/original/4ccfe488b4fc189c63099500702cedf7.jpg,2026-08-09 03:03:00,7985748,confirmed,https://www.spreaker.com/podcast/the-unfiltered-frequency--7248252,1786244580,fcc19c2af83299fd11010ac16802eaff,,4,0,INDIVIDUAL
The Smoking Boof Podcast,Jaypeg,https://rss.buzzsprout.com/2357691.rss,Sheeeeeesh,Buzzsprout,en-us,https://d3t3ozftmdmh3i.cloudfront.net/staging/podcast_uploaded_nologo/41956379/caa2561b20bc43b3.jpg,2026-08-09 03:01:14,7985746,confirmed,https://smokingboof.com,1786244474,d6c0aa8ddaec205ce29c8cd42050ed3b,,4,0,INDIVIDUAL
Eastern Edge,Kaleb Cavalier,https://anchor.fm/s/115c60a50/podcast/rss,"Eastern Edge is the podcast dedicated to the NHL Eastern Conference, Eastern PWHL teams, and hockey history.
Hosted by Kaleb Cavalier, each episode breaks down the latest from all 16 Eastern NHL teams, covers the top Eastern PWHL squads, and features engaging history segments. The show also analyzes major Western Conference moves through an Eastern Conference lens.
New episodes every Friday at noon ET",Anchor,en-ca,https://d3t3ozftmdmh3i.cloudfront.net/staging/podcast_uploaded_nologo/46502676/46502676-1786055032579-9297a5d3d3816.jpg,2026-08-09 02:34:13,7985717,confirmed,https://podcasters.spotify.com/pod/show/kaleb9,1786242853,d679954671986fd9d48efb1892d8b8fb,6797085910.0,2,0,INDIVIDUAL
The Eternal Thread,"Rajesh Chowdhry, Your Fellow Traveler",https://anchor.fm/s/115b9ca60/podcast/rss,"The Eternal Thread is a quiet space for exploring how consciousness, attention, and realization shape the reality we live in.
Drawing from quantum field perspectives and classical Indian thought, these conversations look at how we participate in the world — not as distant observers, but as part of the field itself.
Topics include mind and language, the accumulation of realization, the illusion of separation, and the path toward Mukti. This is not a podcast of final answers. It is an invitation to look more carefully at how we see, speak, and take part in reality.",Anchor,en,https://d3t3ozftmdmh3i.cloudfront.net/staging/podcast_uploaded_nologo/46494648/46494648-1785950508911-1295bb2ac0308.jpg,2026-08-09 02:32:35,7985716,confirmed,https://podcasters.spotify.com/pod/show/chowdhryrc2,1786242755,adebfe4703994a3ab453a5876aa6da98,6798376908.0,2,0,INDIVIDUAL
Deep and Ridiculous with Anthony Marino,Anthony Marino,https://anchor.fm/s/113fdf034/podcast/rss,"Where Wisdom meets Humour.
Conversations about life that make you think Deeply and laugh Ridiculously.",Anchor,en-au,https://d3t3ozftmdmh3i.cloudfront.net/staging/podcast_uploaded_nologo/46203765/46203765-1786112776147-f7f54af3b1c2b.jpg,2026-08-09 02:30:18,7985714,confirmed,https://podcasters.spotify.com/pod/show/deep--ridiculous5,1786242618,dbdf5d934f4ee07aec51c2bd8b582758,6799135540.0,2,0,INDIVIDUAL
Audio Fiction FM,Hemlock Creek Productions,https://feeds.acast.com/public/shows/6a74adfaaa557e62dc22c072,"<p>Created by <a href=""https://www.hemlockcreekprod.com/"" rel=""noopener noreferrer"" target=""_blank"">Hemlock Creek Productions</a>, Audio Fiction FM is a show for those looking to discover new audio fiction, whether you've been enjoying audio only shows for years or are looking to start listening for the first time. Host Marisa Ewing-Moody, audio drama editor and creator of ""<a href=""https://www.liarsandleeches.com/"" rel=""noopener noreferrer"" target=""_blank"">Liars & Leeches,</a>"" will share news from the audio fiction world, the first episode of a piece of audio fiction, and an interview with that show's creators.</p><br><p>Join us for the premiere of Audio Fiction FM on our <a href=""https://www.youtube.com/@hemcreekprod"" rel=""noopener noreferrer"" target=""_blank"">YouTube</a>, August 12th at 8:00pm central time, where you can chat in real time with fans and audio drama creators as you listen. If you miss the premiere, or would prefer to listen to an audio only version, all episodes will be uploaded wherever you get your podcasts.</p><br><p>New episodes will be released on the second Wednesday of every month.</p><p><br></p><hr><p style='color:grey; font-size:0.75em;'> Hosted on Acast. See <a style='color:grey;' target='_blank' rel='noopener noreferrer' href='https://acast.com/privacy'>acast.com/privacy</a> for more information.</p>",Acast,en,https://assets.pippa.io/shows/cover/1786031486536-a8f49f20-2edc-4937-889d-a258fb3c5d3b.jpeg,2026-08-09 02:29:45,7985713,confirmed,https://feeds.acast.com/public/shows/audio-fiction-fm,1786242585,e9f3d5daf0196e00e920e674ccac1bc0,6799576850.0,0,0,CORPORATE
Podcasting and AI,John Jamingo,https://feeds.captivate.fm/podcasting-and-ai/,"Podcasting and A.I. follows John Jamingo as he learns artificial intelligence in real time, on camera, mistakes and all. No scripts, no fake expertise, just a working podcaster figuring out how AI can actually help with research, production, and post-production, one fumble at a time. If you make podcasts and you're curious about AI but a little intimidated by it, this is the show that proves you can learn as you go, right alongside him and his AI co-host Claudette.",Captivate,en,https://artwork.captivate.fm/f29b0692-a263-47de-9416-104e6b3cb158/podcastingandai-1400x1400.jpg,2026-08-09 02:23:34,7985711,confirmed,https://serve.podhome.fm/the-daily-jamingo,1786242214,82ef1e8c0403523face568b4f1100a3e,,4,0,INDIVIDUAL
Stories We Inherit: History Through Their Eyes,Sophie and Isabel,https://rss.buzzsprout.com/2635536.rss,"<p>Stories We Inherit explores the stories, memories, and histories beyond the textbooks we read in class. Through the personal perspectives of the older generation, we uncover the untold stories behind historical events across the world, giving voice to the experiences, memories, and lessons that are often left out of the history books. These are the stories passed down through generations that continue to shape who we are today.</p>",Buzzsprout,en-us,https://storage.buzzsprout.com/c34g73ds7od9dwkojzcsb1liocnq?.jpg,2026-08-09 02:23:20,7985710,confirmed,,1786242200,a77654b15f3f32080ebfa1c53f3ac8dc,6799559297.0,4,0,CORPORATE
The Conscious Leaders UNFILTERED,Cheryl x Kiah,https://anchor.fm/s/11489ac78/podcast/rss,"What if leadership isn't about the people you manage—but about how you show up every single day?
The Conscious Leaders Unfiltered is where authentic conversations meet conscious living. Join Cheryl and co-host Kiah as they explore the real, unfiltered side of leadership—self-leadership, relationships, emotional intelligence, purpose, courage, and growth. Because conscious leadership isn't a title. It's a way of living, loving, and leading that creates lasting impact—whether you're leading one person or many.",Anchor,en-ca,https://d3t3ozftmdmh3i.cloudfront.net/staging/podcast_uploaded_nologo/46295342/46295342-1783177151017-76dfaa5f0f711.jpg,2026-08-09 02:22:51,7985709,confirmed,https://podcasters.spotify.com/pod/show/cheryl-watson,1786242171,e57f9eaa53cc8de9e4a9e69c23447593,6799466235.0,2,0,INDIVIDUAL
The Iron Parable Podcast,rebekahj,https://feed.podbean.com/rebekahfa/feed.xml,"<p style=""text-align: center;""><span style=""font-size:18pt;font-family:tahoma, arial, helvetica, sans-serif;"">The Iron Parable is a storytelling podcast that uses real faith journeys to sharpen faith, foster spiritual growth, and invite listeners into deeper walks with Christ.</span></p>",Podbean,en,https://pbcdn1.podbean.com/imglogo/image-logo/22320604/Master_logo_PNGa2axk.png,2026-08-09 02:19:50,7985706,confirmed,https://rebekahfa.podbean.com,1786241990,afc363ce79a01361ddf15c19ed5bb90f,6797127994.0,2,0,INDIVIDUAL
Post Road Christian Church,PRCC,https://rss.buzzsprout.com/2635194.rss,"<p>Welcome to the podcast of the weekly sermon from Post Road Christian Church in Indianapolis, Indiana. Each week, join us for biblical teaching designed to encourage, challenge, and help you grow in your relationship with Jesus.</p><p><br></p><p><br></p><p><br></p>",Buzzsprout,en-us,https://storage.buzzsprout.com/tutbi1xzwumozirxa4l7ch7tqrq3?.jpg,2026-08-09 02:14:56,7985702,confirmed,https://www.buzzsprout.com/2635194,1786241696,b7d8a677703c669c93d72c50f114d890,,0,0,CORPORATE
"The Truth, Half-Truths, Assumptions and Outright Lies Podcast",Chuck Bongiovanni,https://rss.buzzsprout.com/2635823.rss,"<p>""The Truth, Half-Truths, Assumptions & Outright Lies"" podcast will be where local politics meets late-night comedy. If ""Meet the Press"" and the ""Howard Stern Show"" had a baby, it'd be this podcast. </p><p>We separate facts from friction, laugh at the absurd, challenge and roast everyone equally, while holding local leaders accountable. If you're easily offended, this may not be your show. If you appreciate transparency, wit, and sarcasm all mixed in with a good laugh, welcome aboard. <br><br>Keep your hands inside the vehicle at all times and check your feelings at the door.  Coming soon wherever you get your podcasts.  Remember the last laugh wins. </p>",Buzzsprout,en-us,https://storage.buzzsprout.com/obqbzimrozqnfsl217nzjndhu1py?.jpg,2026-08-09 02:13:05,7985700,confirmed,,1786241585,322c7e2f3bf5a4f948a4609eb1988baa,,4,0,INDIVIDUAL
The CCT Podcast,Critical Communications Today,https://www.omnycontent.com/d/playlist/14f60c17-0074-476d-8548-b3680082530f/ccefd6b4-160e-413d-b4c3-b45100e5854e/7d2d7018-def5-4e21-892f-b45100e58a5a/podcast.rss,"The CCT Podcast is the official podcast from Critical Communications Today, hosted by editor Philip Mason.
Each episode brings together voices from across the critical communications, public safety and technology sectors to explore the ideas, innovations and real-world challenges shaping modern communications and emergency response.
Featuring industry leaders, emergency services professionals and technology experts, The CCT Podcast covers the trends, experiences and developments influencing mission-critical communications and the wider world of connected technology, resilience and public safety.
With insightful conversations and expert perspectives, The CCT Podcast provides a platform for the people driving change across the sector, whilst also offering a wider look at how technology, communication and innovation continue to shape the world around us.",Megaphone,en-US,https://www.omnycontent.com/d/programs/14f60c17-0074-476d-8548-b3680082530f/ccefd6b4-160e-413d-b4c3-b45100e5854e/image.jpg?t=1779371791&size=Large,2026-08-09 02:11:52,7985698,confirmed,https://www.criticalcomms.com/,1786241512,ecf92897094b67dc0be0bd888f0009f9,6783843899.0,2,0,INDIVIDUAL
