title,author,url,description,host_platform,language,image,dateAdded,id,status,link,timeAdded,contentHash,itunesId,source,dead,is_corporate
Minnesota Family & Divorce Law Questions...Answered!,Jason Kohlmeyer,https://rss.buzzsprout.com/2510180.rss,"<p><b>Minnesota Family Law Podcast</b></p><p><b>Created & Written by: Jason Kohlmeyer, Minnesota Divorce & Custody Lawyer</b></p><p><br></p><p>Whether you’re in the middle of a messy custody case or just starting to think about divorce, the <em>Minnesota Family & Divorce Law Podcast</em> is your go-to resource for smart, straight-talking legal insights. Created by <b>Jason Kohlmeyer</b>, a 25-year veteran divorce attorney and partner at <a href=""https://www.khmnlaw.com/"">Kohlmeyer Hagen Law Office</a>, this weekly podcast answers real questions about what happens in a divorce or family law case.</p><p><br></p><p>From <em>“Can I keep the house in a divorce?”</em> to <em>“Do I have to pay child support if we share 50/50 custody?” ""Is Alimony still a thing?"" Every</em> episode tackles a common (or sometimes very uncommon) family law question<em>, </em>sometimes ripped straight from the headlines. </p><p><br></p><p>It’s like having your own private Minnesota family lawyer in your earbuds but minus the billable hour.</p><p><br></p><p>We cover everything from divorce, custody, child support, spousal maintenance, and co-parenting to prenups, domestic abuse orders, and the strange things that happen in family court, all in under 10 minutes an episode.</p><p><br></p><p><b>Why listen?</b></p><p><br></p><ul><li><b>Created by a real Minnesota divorce lawyer</b>—not a marketer, not a paralegal. Jason has handled thousands of family law cases from Mankato to Rochester and everywhere in between.</li></ul><p><br></p><ul><li><b>Clear and jargon-free</b>: We break down Minnesota family law into plain English; we're not trying to impress anyone by using big words! </li></ul><p><br></p><ul><li><b>Topical and timely</b>: We don’t just talk law, sometimes we explain how divorce headlines and current events impact families here in Minnesota. </li></ul><p><br></p><p><b>Perfect for:</b></p><ul><li>People thinking about getting divorced (or already in the thick of it)</li><li>Separated parents trying to understand custody laws</li><li>Anyone curious about how Minnesota family courts really work</li><li>Wanting a ""second opinion"" from what your current lawyer is doing</li></ul><p><br></p><p><b>New episodes drop weekly.</b> Subscribe now and start getting answers before you even set foot in a lawyer’s office or if you like scroll down and take a look at the topics that interest you!</p>",Buzzsprout,en-us,https://storage.buzzsprout.com/9y00aostjv0k6uwy94lc1hfrf0ws?.jpg,2026-10-06 14:29:08,8061440,confirmed,https://mankatofamilylaw.com,1791296948,1318772bf8165c53cab2b574e342b576,,4,0,INDIVIDUAL
Seaside Institute,Seaside Institute,https://rss.libsyn.com/shows/444042/destinations/3716541.xml,A podcast for community and all things New Urbanism.,Libsyn,en,https://static.libsyn.com/p/assets/7/2/b/4/72b456fc1b26fb8de55e3c100dce7605/Your_paragraph_text.png,2026-10-06 14:28:13,8061439,confirmed,http://sites.libsyn.com/444042/site,1791296893,c9bb80fb091fe387e9c927f3bd4e2eb2,1697043236.0,2,0,CORPORATE
Christianity Really???,mike connary,https://rss.buzzsprout.com/2656050.rss,<p>A podcast where discuss the why and wherefore's of Christianity from a lay person's perspective</p>,Buzzsprout,en,https://storage.buzzsprout.com/ug16wb3z9yo29xxcvk4bio6jh1n5?.jpg,2026-10-06 14:24:21,8061434,confirmed,https://riverside.com,1791296661,04bb12a395775680bc285aa5d12ac05c,,4,0,INDIVIDUAL
How to shop in English,Md Rashed Hossain,https://www.spreaker.com/show/7439948/episodes/feed,Stop pointing at things in shops! Learn real English shopping phrases that native speakers use every day. Practice English with this real-life conversation and sound natural and confident when you speak.,Spreaker,en,https://d3wo5wojvuv7l.cloudfront.net/images.spreaker.com/nuvolari-assets/green_square_mic.jpg,2026-10-06 14:21:58,8061432,confirmed,https://www.spreaker.com/podcast/how-to-shop-in-english--7439948,1791296518,6b45f278e2057cf1ae6465fbf5408e84,,4,0,INDIVIDUAL
Leadership Experience Works,Ales Balcar,https://rss.buzzsprout.com/2088796.rss,"Ales Balcar examines the nuts and bolts that hold together team engagement, event design and learning experience, to help you fine tune your performance as a leader. ""People will forget what you did or said, yet they will remember how you made them feel."" I am sure you have heard that one before. But how come some leaders seem to have the magic power to make us feel so much better than others? And how can you become one of them? How do you create memorable experience with lasting impact for the people you lead?",Buzzsprout,en-us,https://img.transistor.fm/wN2Twd2qaxueaANqvXHLvsXutMf9kDFjRYm_f8K_u1o/rs:fill:0:0:1/w:1400/h:1400/q:60/mb:500000/aHR0cHM6Ly9pbWct/dXBsb2FkLXByb2R1/Y3Rpb24udHJhbnNp/c3Rvci5mbS81YWUy/NWEzNGZiNzg5M2Ux/N2I5YzE2ZDExMTBm/ODQ2NS5qcGc.jpg,2026-10-06 14:10:15,8061422,confirmed,http://AlesBalcar.com,1791295815,fccad4d6909b4a636701d7a88ade1f7a,,4,0,INDIVIDUAL
A Glass Act w/ Seymour Claire-Lee,Seymour Claire-Lee,https://anchor.fm/s/115aa9ff4/podcast/rss,Anything goes.,Anchor,en,https://d3t3ozftmdmh3i.cloudfront.net/staging/podcast_uploaded_nologo/46484709/46484709-1785814565897-e12be47797d4f.jpg,2026-10-06 14:06:45,8061419,confirmed,https://podcasters.spotify.com/pod/show/seymour-claire-lee3,1791295605,806b898b5e7cd587b5f64a023c274557,6797721099.0,2,0,INDIVIDUAL
Just Getting Started with Lindsay,Lindsay,https://rss.buzzsprout.com/2641187.rss,"<p>Sometimes life leaves us feeling stuck, uncertain, overwhelmed, or wondering what comes next.</p><p><em>Just Getting Started</em> is a podcast about finding your way forward — not by having the whole plan, but by discovering the next small step.</p>",Buzzsprout,en-us,https://storage.buzzsprout.com/hb2daeui6gq72ubdjem80e1r6xn3?.jpg,2026-10-06 14:06:15,8061418,confirmed,https://www.buzzsprout.com/2641187,1791295575,3c7f6c444fe4041e0003b91395fbdf63,,4,0,INDIVIDUAL
The Unseen Season,Meredith Whitson,https://rss.buzzsprout.com/2651798.rss,"<p>The Unseen Season gives you a look beyond the jersey, the scoreboard, and the highlight reel. Hosted by a Division 1 student-athlete, each episode explores the real experiences of college athletics. Through honest conversations with D1 athletes and other guests, we talk about the things that often stay behind closed doors: dealing with pressure, mental health, politics, academics, relationships, identity, and everything in between. We create a space where athletes show we are more than our sport and there is a story behind every jersey. </p>",Buzzsprout,en-us,https://storage.buzzsprout.com/nr7xq1lqzy1i9aakelk5zxe5caz5?.jpg,2026-10-06 14:06:02,8061415,confirmed,,1791295562,a510ec20fa6c5b5035039cf42ffaa9b5,,4,0,INDIVIDUAL
Capes in the Classroom,Becky Jo Oglesby,https://anchor.fm/s/117c57c64/podcast/rss,"This is a podcast built on the belief that teachers are the heroes that shape lives and build hope. This is a place for teachers that fight for their students and their sanity, for those who question their abilities but keep showing up, those who are tired but won't quit trying. Those who believe every child deserves to be seen, valued, and loved. For ordinary people that walk into schools and accomplish extraordinary things.",Anchor,en-us,https://d3t3ozftmdmh3i.cloudfront.net/staging/podcast_uploaded_nologo/46837857/46837857-1790441628660-7881fcfade1a6.jpg,2026-10-06 14:04:51,8061413,confirmed,https://podcasters.spotify.com/pod/show/becky-jo-oglesby5,1791295491,bef8e48a8a00627d687ffbe656af4c9c,6819022859.0,2,0,INDIVIDUAL
Clinical & Community Health Programs,International Medical Aid,https://www.spreaker.com/show/7440014/episodes/feed,"International Medical Aid combines clinical learning with community health programs to provide aspiring healthcare professionals with meaningful international experiences. Students can observe clinical care, learn from healthcare professionals, and explore community-based health initiatives while experiencing different cultures. The programs encourage students to understand healthcare access, health education, global health challenges, and local healthcare priorities. Through experiential learning and mentorship, IMA helps participants develop a broader understanding of healthcare and community needs.",Spreaker,en,https://d3wo5wojvuv7l.cloudfront.net/t_rss_itunes_square_1400/images.spreaker.com/original/bdccc5b92625043690d3e072d67fb661.jpg,2026-10-06 14:04:14,8061412,confirmed,https://www.spreaker.com/podcast/clinical-community-health-programs--7440014,1791295454,3a7f329d0d309356168815ba594716fd,,4,0,CORPORATE
Digital Ministry Daily Podcast: A Podcast for Faith-Based Creators,Wendy Coop,https://rss.buzzsprout.com/2656026.rss,<p>Helping faith-based creators launch YouTube channels and podcasts without getting stuck on tech or strategy.</p>,Buzzsprout,en-us,https://storage.buzzsprout.com/7jcrxyccirxqn9zud2jhuc82nd54?.jpg,2026-10-06 14:04:04,8061411,confirmed,,1791295444,d9c309549b9f68616bcbe5b0af027d07,,0,0,INDIVIDUAL
The Origination Podcast,Zest AI,https://feeds.transistor.fm/origination,"Every loan starts with a story. So does every lender.

Origination is where the leaders of consumer lending come to tell their story. 
Each episode unpacks the origin story behind a leader's progression in lending, and the industry challenges they're working on right now. They’ll dive into topics like growth strategies, modernizing legacy processes, how to adapt to changing borrower expectations, and competing in an evolving lending landscape. 

If you make lending decisions for a living, or are building the technology behind them, this show is for you.

Origination is brought to you by Zest AI who provides AI-driven underwriting, fraud detection, and lending intelligence for credit unions and banks. 

Learn more at zest.ai.",Transistor,en,https://img.transistorcdn.com/hUJHtkNgh10dOidjspWhatODd1GpvCaApP3db-3ShsU/rs:fill:0:0:1/w:1400/h:1400/q:60/mb:500000/aHR0cHM6Ly9pbWct/dXBsb2FkLXByb2R1/Y3Rpb24udHJhbnNp/c3Rvci5mbS8yNWUz/Mzk4NDU2YTdkNDQ1/MTFiMjFhODU4OGQ3/MTIzYy5wbmc.jpg,2026-10-06 14:02:57,8061409,confirmed,,1791295377,924d29e86e7dea42056e7b8183903523,,4,0,INDIVIDUAL
Engineering for Life,Hope Jennings-Grounds,https://feeds.acast.com/public/shows/6ab68083fb182c6fb5da5ef7,"From tackling climate change and improving human health to advancing artificial intelligence and sustainable technologies, this podcast explores the research helping to address some of the world's most pressing challenges.<hr><p style='color:grey; font-size:0.75em;'> Hosted on Acast. See <a style='color:grey;' target='_blank' rel='noopener noreferrer' href='https://acast.com/privacy'>acast.com/privacy</a> for more information.</p>",Acast,en,https://assets.pippa.io/users/69a80bdd47994e3427041b2b/pre-show-covers/1790345340640-33d8e4f3-b3e5-451a-80f0-32fa2d4dc74c.jpeg,2026-10-06 13:57:30,8061408,confirmed,https://shows.acast.com/engineering-for-life,1791295050,c3e87bb74a91c394a03a77e06922eac7,,0,0,INDIVIDUAL
THE RULEBREAKER COVEN,Kirsty Dee,https://rss.buzzsprout.com/2656023.rss,"<p>This is THE RULEBREAKER COVEN for the bad witches ready to disrupt the status quo.<br><br>For the women who desire so much more than mediocre. For the women who wanna be deeply satisfied, totally fulfilled, absolutely satiated.<br><br>I'm your host, Kirsty Dee. Welcome to the podcast.<br><br>This is a space for women’s self-liberation, where we get into relationships, desire, sex, shame, spirituality, witchcraft, alchemy, patriarchy, taboo, and all the deliciously messy territory in between.<br><br>It is time to cast some mother fucking spells and get ourselves into all kinds of delicious trouble.<br><br>Disclaimer: you may get banned from a venue or two.  </p>",Buzzsprout,en-gb,https://storage.buzzsprout.com/v4n9navj3fhc1m2lky5qi73e7hzc?.jpg,2026-10-06 13:56:38,8061406,confirmed,https://www.buzzsprout.com/2656023,1791294998,d2297af0a465b7dd67f0951385542d8c,,0,0,INDIVIDUAL
Random Shit With Dave,David,https://rss.buzzsprout.com/2655454.rss,<p>Just talking about Random subjects </p>,Buzzsprout,en-us,https://storage.buzzsprout.com/z3euefttnnmt1b2mg8rqbpkp14vo?.jpg,2026-10-06 13:49:24,8061400,confirmed,,1791294564,0579d120918af6dd47a887298cdac357,,4,0,INDIVIDUAL
7:30 Club Podcast,7:30 Club Podcast,https://anchor.fm/s/117fe8a40/podcast/rss,"This is a Premier League Podcast created and hosted by four guys across the pond in the United States: Ty Haley, Kyle Goad, Mike Nash, and Jack Molitor.
This show consists of Premier League weekly reviews and predictions, storylines around the league, and everything in between. Whether you are a devout Premier League fan or becoming a new soccer fan, this podcast is for you!",Anchor,en-us,https://d3t3ozftmdmh3i.cloudfront.net/staging/podcast_uploaded_nologo/46875248/46875248-1790974386001-68482c2287aab.jpg,2026-10-06 13:47:14,8061398,confirmed,https://podcasters.spotify.com/pod/show/730-club-podcast3,1791294434,2c9de88116e01fccab29747688710db7,6818637398.0,2,0,INDIVIDUAL
Designed for More,Dr. Jeremy Maass,https://anchor.fm/s/117b0d610/podcast/rss,"Welcome to the Designed for More Show, were we explore how your body was designed to function - and what happens when it doesn't. 
Hosted by Dr. Jeremy Maass, DC, we break down health through 3 foundational pillars: structure, neurology and metabolics. From gut health and detox, to pain, performance and energy, each episode asks 3 simple questions: What's happening? What's causing it? And what do we do about it? 
Practical, functional health conversations focused on addressing root causes - no fluff, no hype, just real answers. You were Designed for More- it's time to start living it.",Anchor,en,https://d3t3ozftmdmh3i.cloudfront.net/staging/podcast_uploaded_nologo/46824324/46824324-1790796262587-612ca40bdb1d8.jpg,2026-10-06 13:46:54,8061396,confirmed,https://podcasters.spotify.com/pod/show/motus7,1791294414,4e3a596ba96cddc352204bfff73067c2,6817507234.0,2,0,INDIVIDUAL
A Life,Tony Slattery,https://feeds.acast.com/public/shows/6ac4f98a67a2ec2840df257d,"<p><strong>Everyone knows the legend. But how did the person become the legend?</strong></p><br><p><em>A Life</em> is a new narrative biography podcast exploring the extraordinary lives of the people who shaped our world, our culture and our imaginations.</p><br><p>From <strong>John Lennon and Elizabeth I to David Bowie, William Shakespeare, Marilyn Monroe, Jane Austen</strong> and many more, each life is told across <strong>five episodes</strong>, allowing the story to unfold properly, from childhood and family, through the experiences, relationships, triumphs and failures that shaped them, to the moment they became the person history remembers.</p><br><p>This isn't a list of dates, achievements and famous quotations. It's an attempt to get underneath the legend and find the human being who existed before the world knew their name.</p><br><p>Because the most interesting part of a famous life isn't necessarily what someone became.</p><p><strong>It's how they became it.</strong></p><br><p>Researched, written and read by Paul Carmichael.</p><hr><p style='color:grey; font-size:0.75em;'> Hosted on Acast. See <a style='color:grey;' target='_blank' rel='noopener noreferrer' href='https://acast.com/privacy'>acast.com/privacy</a> for more information.</p>",Acast,en,https://assets.pippa.io/users/671801d4c054f5390738852b/pre-show-covers/1791293343272-d6b3ed46-f648-45d2-8392-296f7ff7c398.jpeg,2026-10-06 13:40:29,8061390,confirmed,https://feeds.acast.com/public/shows/a-life,1791294029,9f69b975b21af4719a7438dab48608da,,0,0,INDIVIDUAL
The Front Room,The Front Room,https://anchor.fm/s/114c8b468/podcast/rss,"This isn't just a podcast it's a space for honest conversations about the realties many people experience but rarely talk about In ""Breaking The Silence"", I share my personal journey and challenge the system we been taught to accept without question. From youth sports parenting into business, community and the pressure to fit into a world that isn't always built with everyone in mind, this episode is about speaking truth, asking difficult questions and searching for real solutions
Welcome to TheFrontRoom..
Where Your Voice Matters.Your Business Can Grow.And Every Conversation Helps .",Anchor,en,https://d3t3ozftmdmh3i.cloudfront.net/staging/podcast_uploaded_nologo/46336650/46336650-1783727010754-50061f3f4276a.jpg,2026-10-06 13:38:23,8061389,confirmed,https://podcasters.spotify.com/pod/show/the-front-room3,1791293903,e90737e9d7a30b662042bec7c39f2354,6795476097.0,2,0,CORPORATE
Scaling Success,Jenn Womble & Jacob Kantor,https://feeds.transistor.fm/scaling-success,"Scaling Success is a national K–12 education and technology podcast uncovering the people, partnerships, and proven practices behind programs that are working and exploring how their success can be replicated and scaled. Jennifer Womble and Jacob Kantor bring together two sides of the K–12 innovation ecosystem: education leadership and edtech partnership. Scaling Success is grounded in a simple belief: some of the best solutions to education's biggest challenges already exist in our schools. We need better ways to find them, understand them, share them, and scale them.

Powered by Old Soul",Transistor,en,https://img.transistorcdn.com/R6OuQ_LPWRmg8qi0tKuOsje1phad2fk8bxFLbIT00No/rs:fill:0:0:1/w:1400/h:1400/q:60/mb:500000/aHR0cHM6Ly9pbWct/dXBsb2FkLXByb2R1/Y3Rpb24udHJhbnNp/c3Rvci5mbS82Y2Nh/Y2JhZTQ2MWNiNWNj/NjdlYjdmNjc2YTFk/NmNhYi5wbmc.jpg,2026-10-06 13:35:33,8061388,confirmed,https://aoldsoul.com,1791293733,871dc2168625c1b863f50355bb12004a,,0,0,CORPORATE
The Commuter Coach,Coach Jen Lara,https://anchor.fm/s/11818f650/podcast/rss,"Welcome to The Commuter Coach. I'm Jen Lara, the Coaching Professor, and this show is built around a simple idea: you're already commuting—not just from place to place, but from one way of thinking, idea, or version of yourself to the next.
Each episode, I'll ask 10 to 15 coaching questions on a topic like a new goal, a tough boss, or your next life move. When a question lands, pause. Sit with it, journal, or talk it through. Then hit play for the next question. This show works at your pace - take all the time you need.
Are you ready? Let’s get coaching.",Anchor,en,https://d3t3ozftmdmh3i.cloudfront.net/staging/podcast_uploaded_nologo/46892564/46892564-1791124922762-25be281584d04.jpg,2026-10-06 13:25:27,8061376,confirmed,https://podcasters.spotify.com/pod/show/jen-lara,1791293127,eb5f1f57f4784aab189574867fe66b2a,6819088029.0,2,0,INDIVIDUAL
The Rebuilt Legacy Podcast — From Survival to Legacy,A.M. Fett,https://anchor.fm/s/1174987f8/podcast/rss,"Life doesn’t always fall apart cleanly, and rebuilding usually isn’t clean either. Hosted by A.M. Fett, The Rebuilt Legacy Podcast is about what comes next—survival, identity, relationships, parenthood, failure, self-trust, purpose, discipline, and rebuilding a life you recognize. No perfect transformation stories. No shame. No bullshit motivation. Just honest conversations, practical tools, and real people figuring out what comes next. You don’t have to rebuild everything today. Find one piece. Start there.",Anchor,en,https://d3t3ozftmdmh3i.cloudfront.net/staging/podcast_uploaded_nologo/46756622/46756622-1789474747498-c9273f6b035e2.jpg,2026-10-06 13:20:14,8061370,confirmed,https://podcasters.spotify.com/pod/show/auston-fett1,1791292814,57a6dac741125943409cb058a4b34cc4,6818978183.0,2,0,INDIVIDUAL
Make Plays Podcast,Make Plays Podcast,https://feed.podbean.com/levineblake/feed.xml,"<div class=""x9f619 x1n2onr6 x1ja2u2z x78zum5 xdt5ytf x2lah0s x193iq5w xz9dl7a xo6829q xek2rna""><span class=""x193iq5w xeuugli x13faqbe x1vvkbs x1xmvt09 x1lliihq x1s928wv xhkezso x1gmr53x x1cpjm7i x1fgarty x1943h6x xudqn12 x3x7a5m x6prxxf xvq8zen xo1l8bm xzsf02u"">Missouri State Football, CUSA Football, college football, music, interviews, play breakdowns. EST. 2026. Born in Kansas City</span></div>
<div class=""x9f619 x1n2onr6 x1ja2u2z x78zum5 xdt5ytf x2lah0s x193iq5w xo6829q xek2rna""></div>",Podbean,en,https://pbcdn1.podbean.com/imglogo/image-logo/22607712/sqaure_2b52ke.jpg,2026-10-06 13:18:43,8061368,confirmed,https://levineblake.podbean.com,1791292723,7894ac540e9bd3b36ee5c92d54cc28d1,6813151833.0,2,0,INDIVIDUAL
AI for Humans,Max and Beau,https://anchor.fm/s/11824e3d4/podcast/rss,"AI news in plain English, every morning. Max and Beau break down what's happening in artificial intelligence — no jargon, no PhD required.
🎧 Also on:
Spotify: https://open.spotify.com/show/6RhHBUEhFaFD8wlfakJSK8
Apple Podcasts: https://podcasts.apple.com/us/podcast/ai-for-humans/id6819370114",Anchor,en-us,https://d3t3ozftmdmh3i.cloudfront.net/staging/podcast_uploaded_nologo/46900381/46900381-1791220034256-8aa846d307afa.jpg,2026-10-06 13:16:14,8061366,confirmed,https://podcasters.spotify.com/pod/show/andrewmichaelbays5,1791292574,e7aeef691b72b1f153386cccd7a2c105,6819370114.0,2,0,CORPORATE
Building Fitness Habits That Actually,uchem,https://www.spreaker.com/show/7439922/episodes/feed,"Starting from Zero: Building Fitness Habits That Actually Stick Host<br />Doctor Nove Nnanna Overall Podcast Description (for Apple Podcasts, Spotify, etc.) Starting from Zero is a practical, no-fluff podcast that helps beginners build fitness habits that actually last. Hosted by Doctor Nove Nnanna, this short-form series cuts through the noise of extreme workouts and temporary motivation. Each episode gives you simple, realistic strategies you can use immediately — even if you’ve failed at fitness before. You’ll learn why most people quit, how to start with tiny actions that compound, what to actually do when you’re a complete beginner, how to stay consistent when motivation disappears, and how to turn the first 30 days into a lifetime practice. No gym membership required. No complicated plans. Just clear guidance designed for real life in busy households and demanding schedules. If you’re tired of starting over, this podcast is for you.",Spreaker,en,https://d3wo5wojvuv7l.cloudfront.net/t_rss_itunes_square_1400/images.spreaker.com/original/9aa8418702a41c75c46de60e6e65c289.jpg,2026-10-06 13:15:13,8061365,confirmed,https://www.spreaker.com/podcast/building-fitness-habits-that-actually--7439922,1791292513,42bc3172ee08c0f9566ff59ba428c888,,4,0,INDIVIDUAL
North Wales Matters with Andy Dunbobbin,OPCC,https://www.spreaker.com/show/7427169/episodes/feed,"<b>PCC Dunbobbin launches new podcast to bring policing closer to North Wales residents</b><br /><br />Police and Crime Commissioner (PCC) for North Wales Andy Dunbobbin has launched a new monthly podcast that aims to bring policing closer to the residents of North Wales.<br /><br />The podcast entitled ‘North Wales Matters with Andy Dunbobbin’ will focus on the priorities he published in his Police and Crime Plan for the region. <br /><br />Developed following consultation with residents, organisations and partner agencies, the Police and Crime Plan sets out the strategic priorities for policing and community safety across the region. It also outlines the key issues the Commissioner wants the Chief Constable and the local Force to focus on up to 2028.<br /><br />Mae Comisiynydd Heddlu a Throsedd (CHTh) Gogledd Cymru, Andy Dunbobbin, wedi dechrau podlediad misol newydd, sydd efo’r nod o ddod â phlismona’n agosach at breswylwyr Gogledd Cymru.<br /><br />Materion Gogledd Cymru gydag Andy Dunbobbin yn canolbwyntio ar y blaenoriaethau a gyhoeddodd yn ei Gynllun Heddlu a Throsedd ar gyfer y rhanbarth.Wedi’i ddatblygu yn dilyn ymgynghoriad efo preswylwyr, sefydliadau ac asiantaethau partner, mae’r Cynllun Heddlu a<br /><br />Throsedd yn gosod y blaenoriaethau strategol ar gyfer plismona a diogelwch cymunedol ar draws y rhanbarth. Mae hefyd yn amlinellu’r materion allweddol mae’r Comisiynydd eisiau’r Prif Gwnstabl a’r Heddlu lleol ganolbwyntio arnyn nhw hyd at 2028. ",Spreaker,en,https://d3wo5wojvuv7l.cloudfront.net/t_rss_itunes_square_1400/images.spreaker.com/original/2f6cbd57203088f959abdfa27a007de9.jpg,2026-10-06 13:14:23,8061364,confirmed,https://www.spreaker.com/podcast/north-wales-matters-with-andy-dunbobbin--7427169,1791292463,8197c2a3919c5af5bed291a3065fea8b,,4,0,CORPORATE
When We Speak: Broken to Mended,Jess_Ann,https://anchor.fm/s/117a4a6ec/podcast/rss,"When We Speak is a Christian podcast about faith, healing, purpose, testimony, and the real stories that shape us. Join us for honest conversations, biblical encouragement, and reminders that God is present in every season. Start your day with Mended Morning Because your story isn’t over. God is still writing it. 
Amazon book: https://a.co/d/0eaFyu0I
Stay connected Linktree:                     https://linktr.ee/MendedJMissions",Anchor,en,https://d3t3ozftmdmh3i.cloudfront.net/staging/podcast_uploaded_nologo/46816339/46816339-1790857655945-b8b0e6fe97abf.jpg,2026-10-06 13:14:02,8061363,confirmed,https://podcasters.spotify.com/pod/show/jess-giggles8,1791292442,148a81f4cc3ea0edcc1d79c49a183417,6819356846.0,2,0,INDIVIDUAL
Schwartz Reliance Insurance Coaldale,Schwartz Reliance Coaldale,https://www.spreaker.com/show/7439918/episodes/feed,"Schwartz Reliance Insurance Coaldale helps businesses find transportation insurance suited to commercial vehicles, trucks and fleets. Commercial auto insurance coaldale coverage can provide protection for vehicles, drivers, cargo and everyday transportation activities against different risks that can occur on the road. As an insurance broker near Coaldale, the agency works with businesses to identify coverage that fits their type of trucking operation and specific requirements. Transportation insurance is available for individual commercial vehicles as well as larger fleets. Coverage options may include long haul, short haul, motor truck cargo, third-party liability, loss of use, livestock, all perils, non-owned trailer and cross-border protection. Having different options makes it easier for businesses to consider coverage based on the goods being transported, vehicle use, travel distances and routes. Businesses that transport goods can benefit from policies designed around their daily operations. Motor truck cargo coverage can help protect goods while they are being transported while third-party liability coverage can help address responsibilities following an accident or other incident involving a commercial vehicle. Non-owned trailer coverage can also be useful for businesses that operate trailers they do not own. For businesses that travel across borders, coverage can be arranged for transportation outside Canada and the additional requirements that may come with international routes.",Spreaker,en,https://d3wo5wojvuv7l.cloudfront.net/t_rss_itunes_square_1400/images.spreaker.com/original/dc2b248f88dd25823b886fdc55f0447f.jpg,2026-10-06 13:13:04,8061361,confirmed,https://www.spreaker.com/podcast/schwartz-reliance-insurance-coaldale--7439918,1791292384,4e4004339c37aa1fd42cfcc4a770b826,,4,0,INDIVIDUAL
XILINK Global Trade,XILINK Global Trade,https://www.spreaker.com/show/7439919/episodes/feed,"<b><a href=""https://xilinkglobaltrade.webflow.io/"" target=""_blank"" rel=""noreferrer noopener"">XILINK Global Trade</a></b> brings practical discussions about China procurement, sourcing, and international shipping. Our podcast covers supplier verification, factory-direct purchasing, quality inspections, order consolidation, export documentation, and global logistics coordination. Designed for international buyers, importers, exporters, and growing businesses, each episode explores important aspects of purchasing from Chinese manufacturers. Learn how to organize sourcing requirements, communicate with suppliers, manage product checks, coordinate documentation, and plan shipments efficiently.",Spreaker,en,https://d3wo5wojvuv7l.cloudfront.net/images.spreaker.com/nuvolari-assets/light_blue_square_mic.jpg,2026-10-06 13:13:01,8061360,confirmed,https://www.spreaker.com/podcast/xilink-global-trade--7439919,1791292381,cce43556eb18ad1c2718beb535ed8650,,4,0,INDIVIDUAL
Inside the Whistle,The Character Institute,https://anchor.fm/s/1140feed8/podcast/rss,"Behind every great athlete is a coach who saw more than talent. Inside the Whistle goes beyond the wins, records, and playbooks to discover what makes exceptional coaches different — their philosophy, language, standards, relationships, adversity, and the way they develop people through sport. For coaches, athletes, parents, and leaders who believe the greatest lessons in sport reach far beyond the game.",Anchor,en-us,https://d3t3ozftmdmh3i.cloudfront.net/staging/podcast_uploaded_nologo/46215558/46215558-1787144547639-d10254902a27.jpg,2026-10-06 13:10:13,8061353,confirmed,https://podcasters.spotify.com/pod/show/the-character-mill,1791292213,7a01565efc9f1eadd48e081e83076a5a,6817016510.0,2,0,CORPORATE
Hot Philosophy,Lindsay.Sam,https://rss.buzzsprout.com/2632279.rss,<p>philosophizing things </p>,Buzzsprout,en-us,https://storage.buzzsprout.com/o23k8ewtit096lqnpscj84n73ycw?.jpg,2026-10-06 13:06:53,8061347,confirmed,https://www.buzzsprout.com/2632279,1791292013,4a3bd9b6c8e16829ea103a124f1686e1,,0,0,INDIVIDUAL
Morning Line: Melbourne Victory,Morning Line Football,https://feeds.captivate.fm/morning-line-melbourne-victory/,"A short daily briefing for Melbourne Victory supporters: what happened, what matters and what's coming next, in a few minutes every morning. Team news, results, the women's team, the academy, loan players and Victory players on international duty. Independent and AI-assisted: researched and voiced with AI, checked against its sources and approved by an editor before it goes out. Not affiliated with Melbourne Victory FC.",Captivate,en,https://artwork.captivate.fm/ffb833e9-7da2-46ad-becf-c511376c4de8/cover-3000.jpg,2026-10-06 12:53:49,8061337,confirmed,https://morninglinefootball.com,1791291229,3967d590c681436bb6cdee39ddf619ac,,4,0,INDIVIDUAL
Other People's Business,MasterClass,https://feeds.libsyn.com/630517/rss,"Every industry has a version of itself that never makes the headlines. Every success has a cost that never makes the story. Everything you interact with has a system underneath it, shaping how it works, who profits, and what it actually takes.

Other People's Business gets into all of it. The real money. The actual decisions. The machine behind everything you see and don't fully understand.

Hosted by David Rogier, Founder and CEO of MasterClass. For more than a decade, he's been inside conversations most people never hear. Other People's Business is built on the questions nobody thinks to ask. And the ones you wish someone would.",Libsyn,en,https://static.libsyn.com/p/assets/e/4/4/7/e4472646785a4e5c88c4a68c3ddbc4f2/On_screen_gfx_comps_v2Artboard_1_copy_35-EK_1.jpg,2026-10-06 12:53:46,8061336,confirmed,https://sites.libsyn.com/630517,1791291226,5c5242a6e8214eb5e8f17b869f48584d,6819444635.0,2,0,CORPORATE
Almost Out Of Minutes: A Supernatural Rewatch,Chloe & Olivia,https://rss.buzzsprout.com/2601472.rss,"<p>Hosts Olivia and Chloe are rewatching supernatural from beginning to end, reviewing and discussing each episode weekly.</p><p><br></p><p> 📩 Contact us: aoompod@gmail.com</p>",Buzzsprout,en-au,https://storage.buzzsprout.com/6xbgo4rp0u1zy25jmxwd0muqzg1d?.jpg,2026-10-06 12:52:03,8061332,confirmed,,1791291123,8c58ff7ae19a35c4773a4fee42b277bf,,0,0,CORPORATE
Law Office of Russell D. Knight,Russell D. Knight,https://feeds.transistor.fm/law-office-of-russell-d-knight,"Law Office of Russell D. Knight
1165 N Clark St #700, Chicago, IL 60610, United States
(773) 334-6311",Transistor,en,https://img.transistorcdn.com/jBPtwv2fl1O3pdMD-j28C1Vpx95t5ZOcV0wSsvJKayo/rs:fill:0:0:1/w:1400/h:1400/q:60/mb:500000/aHR0cHM6Ly9pbWct/dXBsb2FkLXByb2R1/Y3Rpb24udHJhbnNp/c3Rvci5mbS9jYWVl/MmNlNGViNjdkM2Fh/ZDE5M2JmMDEyNTlm/MGU2OS5wbmc.jpg,2026-10-06 12:49:47,8061329,confirmed,https://lawofficeofrusselldknight.podbean.com,1791290987,ccf12a80d7e8c2874154e1761f73bb86,,4,0,INDIVIDUAL
English Open Talk,Jack & Joi,https://www.spreaker.com/show/7439884/episodes/feed,"Welcome to English Open Talk, hosted by Jack & Joi!<br />This educational podcast is designed to help listeners improve their English speaking, listening, and comprehension skills through natural, open, and engaging conversations. Whether you are a beginner looking to build confidence or an advanced learner aiming to polish your fluency, our interactive episodes cover real-life topics, daily vocabulary, practical idioms, and useful speaking techniques.<br />Tune in with Jack & Joi to sharpen your English skills and make language learning an enjoyable, everyday habit. Subscribe now and start speaking with confidence!",Spreaker,en,https://d3wo5wojvuv7l.cloudfront.net/t_rss_itunes_square_1400/images.spreaker.com/original/a5ae84015a6421edcd8e790be6a58db8.jpg,2026-10-06 12:41:48,8061325,confirmed,https://www.spreaker.com/podcast/english-open-talk--7439884,1791290508,95b3bf36fc39550939b49e30b2a4a659,,4,0,CORPORATE
Lotus365,Lotus365,https://www.spreaker.com/show/7439880/episodes/feed,"<a href=""https://lotus365-win.net/"" target=""_blank"" rel=""noreferrer noopener"">Lotus365</a> is an online gaming platform that brings sports and entertainment options together in one place. Users can explore cricket, football, tennis, basketball, kabaddi, and other sporting events through a convenient digital platform. <a href=""https://lotus365-win.net/"" target=""_blank"" rel=""noreferrer noopener"">Lotus365</a> supports desktop and mobile access, account management, live event updates, and user-friendly navigation. It also provides access to different gaming options and platform features designed for a smooth and engaging online experience.<br /><br />Click to know more : https://lotus365-win.net/<br />",Spreaker,en,https://d3wo5wojvuv7l.cloudfront.net/t_rss_itunes_square_1400/images.spreaker.com/original/48c1d19d2040585c306006ca0b261f3d.jpg,2026-10-06 12:37:06,8061318,confirmed,https://www.spreaker.com/podcast/lotus365--7439880,1791290226,fd37046f91d0e54f8b6a84d45f663c67,,4,0,INDIVIDUAL
Top of the Morning with Calvin B.,Calvin B,https://feeds.transistor.fm/top-of-the-morning-with-calvin-b,"Top of the Morning with Calvin B. is a morning show for people trying to understand the world they’re waking up to. Calvin breaks down current events, technology, money, business, sports, culture, relationships, family, and the changes shaping everyday life — then asks the question that matters: What do we do with that?  
No endless headlines. No pretending to have all the answers. Just real conversation, practical perspective, and something worth thinking about before you start your day.  
A Black Pine Media original.",Transistor,en,https://img.transistorcdn.com/RUzRdPEv1uvoxoIPZmhAsx3cmCm4QhZZ82H4uqlPU0c/rs:fill:0:0:1/w:1400/h:1400/q:60/mb:500000/aHR0cHM6Ly9pbWct/dXBsb2FkLXByb2R1/Y3Rpb24udHJhbnNp/c3Rvci5mbS82MDgw/NTc1YTcyNTI4ZjY1/NGYyZDEwZDc5MDYw/ODUxZC5wbmc.jpg,2026-10-06 12:31:47,8061316,confirmed,https://blackpinemedia.net,1791289907,a67bd05ef72f8795e8ffd89895211140,,4,0,INDIVIDUAL
True Crime & Forensic Files,Leo leyam,https://www.spreaker.com/show/7439855/episodes/feed,"True Crime & Forensic Files is an analytical, deep dive investigative podcast dedicated to dissecting complex criminal cases, forensic science breakthroughs, and criminal psychology. From cold case breakthroughs powered by forensic genetic genealogy and touch DNA analysis to the psychological mechanics of criminal profiling and behavioral analysis, we examine the fine line between justice and total obfuscation. Fully compliant with Spreaker content guidelines, community standards, and distribution policies, this podcast delivers objective, evidence-based, and respectful legal and forensic storytelling.",Spreaker,en,https://d3wo5wojvuv7l.cloudfront.net/images.spreaker.com/nuvolari-assets/yellow_square_mic.jpg,2026-10-06 12:30:43,8061315,confirmed,https://www.spreaker.com/podcast/true-crime-forensic-files--7439855,1791289843,c6106b1f9398bd5c4120fe6a302de1aa,,4,0,INDIVIDUAL
Human Capital Business,Jonathon,https://www.spreaker.com/show/7439852/episodes/feed,"Welcome to Human Capital Business, the insightful podcast dedicated to exploring the core driving force behind every successful enterprise—its people.<br />Hosted by Jonathan, this show is tailored for entrepreneurs, corporate leaders, HR professionals, and ambitious individuals looking to scale their business and unlock human potential. In today’s fast-evolving market, managing and optimizing human capital is the key to sustainable growth and innovation.<br />In each episode, we dive deep into:<br />Actionable management and strategic leadership frameworks<br />Modern workforce development and talent acquisition<br />Practical business insights to navigate industry challenges<br />Cultivating dynamic work environments that foster performance and retention<br />Whether you are building a business from the ground up, leading an established team, or looking to sharpen your business acumen, Human Capital Business provides the practical strategies, expert perspectives, and practical tools you need to succeed.<br />Subscribe now and join us on this journey to transform leadership and revolutionize human capital!",Spreaker,en,https://d3wo5wojvuv7l.cloudfront.net/t_rss_itunes_square_1400/images.spreaker.com/original/fea9b02b1b39332cd557c5f9ca19e677.jpg,2026-10-06 12:26:54,8061310,confirmed,https://www.spreaker.com/podcast/human-capital-business--7439852,1791289614,fd1ea84503bd9776676b89a3cb50760d,,4,0,INDIVIDUAL
Living Questions,Louise McLaren,https://feeds.acast.com/public/shows/6ac4e6369610f265be61102f,"<p>In this podcast we explore emerging and enduring issues in culture and business. We look at trends in how people are living today, and how their needs are changing - and consider opportunities for brands to better serve those needs. We always come back to human beings, and the macro shifts in our world that shape life today.</p><br><p>Podcast from Lovebrands.</p><hr><p style='color:grey; font-size:0.75em;'> Hosted on Acast. See <a style='color:grey;' target='_blank' rel='noopener noreferrer' href='https://acast.com/privacy'>acast.com/privacy</a> for more information.</p>",Acast,en,https://assets.pippa.io/users/6866b39d8779c2fec68af518/pre-show-covers/1791288808772-431832f2-b8f3-477f-9aa1-022db576a8d4.jpeg,2026-10-06 12:24:59,8061309,confirmed,https://feeds.acast.com/public/shows/living-questions,1791289499,92920fcd130d934100d5c7fc5b1cd4d3,,0,0,INDIVIDUAL
Up A Notch,Klare Bailey,https://feeds.captivate.fm/up-a-notch/,"You got away. You got out of a relationship that was sh!tty and harmful. But time has passed and you’re still feeling and dealing with the aftermath. You’re overthinking everything. People pleasing. Walking on eggshells even when there aren’t any eggshells to walk on anymore. Your sleep is crap. Maybe it’s nightmares, maybe you can’t sleep, maybe you could sleep for a week. You might feel physically wrecked too, or perhaps you’ve even developed a chronic condition such as fibromyalgia or ME/CFS. And somewhere along the way you’ve started wondering whether actually, it’s you. You’re the problem. You’re at fault. You’re broken. You’re not. And that’s where Up a Notch comes in. Short, straight-talking Pod Shots about what’s actually going on, why you still feel the way you do, and what you can actually do about it. No psychobabble. No diagnosing every dickhead as a narcissist. Just relatable, practical stuff to help you move forward. Hosted by Klare Bailey, registered counsellor, coach and eye movement practitioner, with both professional and lived experience of abusive relationships, and author of How To Get Over A Cockwomble Quicker and The Glimmer Hunting Challenge.",Captivate,en,https://cdn.captivate.fm/placeholder/default-artwork.jpg,2026-10-06 12:22:17,8061304,confirmed,https://up-a-notch.captivate.fm,1791289337,2956697ba3da7be4bd55da9e05d16449,,4,0,INDIVIDUAL
Real Life Church NY,Real Life Church NY,https://rss.buzzsprout.com/2656011.rss,<p>Real Life Church NY is a Free Methodist church Pastored By Laura Pierce in Arcade NY. </p><p>www.rlc-ny.com</p>,Buzzsprout,en-us,https://storage.buzzsprout.com/caey1csh93oj4rp1ob2nztl49cdl?.jpg,2026-10-06 12:16:56,8061299,confirmed,,1791289016,d5012729460739d82adbce40301859e4,,0,0,CORPORATE
Wake Up Wednesday,Xander,https://rss.buzzsprout.com/2656010.rss,"<p>Hey Hi Hello and How Are Ya?! Meister Chewy here, your friendly neighborhood Non-Binary...pronouns They/Them/She/Her please. The podcast is real talk about current events from the perspective of an Exasperated BIPOC Trans Artist.</p>",Buzzsprout,en-us,https://storage.buzzsprout.com/7x1af1ixy7jttppf57ziy3f0h9m7?.jpg,2026-10-06 12:15:42,8061298,confirmed,https://www.buzzsprout.com/2656010,1791288942,8291f0e98622e5744f0b742fde303411,,4,0,CORPORATE
The Opposite Side of the Road,Vanessa Heembrock,https://rss.buzzsprout.com/2655690.rss,"<p>Expat life with kids meets middle age life transitions in this funny & thoughtful weekly podcast sharing the joys and challenges of moving a family from Toronto, Canada to Belfast, Northern Ireland in midlife. Combine a new culture, new currency, new road rules with all the typical midlife changes and transitions. Join your host, Vanessa Heembrock, on the (sometimes) bumpy journey!</p>",Buzzsprout,en-gb,https://storage.buzzsprout.com/00hzqctraq3qdh8qsglprzvoknlp?.jpg,2026-10-06 12:11:20,8061295,confirmed,http://www.oppositesideoftheroad.com,1791288680,48153d448c5c747c21a55e544b38dc27,,0,0,INDIVIDUAL
Butterflies & Back Packs,Helen MacDonald,https://rss.buzzsprout.com/2656014.rss,"Learn what it takes to live a life that serves you through eating healthy, movement and a healthy mindset all while dealing with life’s ups and downs! Helen has had her share of struggles with her health,marriage and being a mom, all that have rocked her to her core! Even in the face of adversity she has stood true in her values and motto to do what serves her to live her best life while she navigated the grief of her daughter ,divorce ,illness ! ",Buzzsprout,en,https://storage.buzzsprout.com/bo5y8e8918e4szqishd57uw6rz9l?.jpg,2026-10-06 12:08:13,8061292,confirmed,https://podcasters.spotify.com/pod/show/butterfliesbackpacks,1791288493,b9f907ac9ed2dd55a9762852720bed22,,4,0,INDIVIDUAL
The Unbreakable Advantage,"Misty Carson, Misty Lynn Carson",https://rss.buzzsprout.com/2544944.rss,"Most people are taught to overcome their past.We’re here to prove it was never your weakness to begin with.The Unbreakable Advantage is a self-improvement podcast for people who have walked through adversity and refuse to let it determine what comes next.Hosted by Misty Carson, this show explores how lived experience becomes strength, resilience becomes confidence, and the parts of your story you were told to hide can become the very things that set you apart.Through honest solo episodes and powerful conversations, we uncover the patterns most people miss, the beliefs that quietly sabotage growth, and the capabilities adversity can develop within us.This is not about motivation.It’s about recognition.Recognizing the strength you already carry. Understanding how your past shaped the way you think, respond, lead, and make decisions. Learning to use that evidence to create what comes next.What you’ve been through didn’t set you back. It set you apart.Your past may have shaped you, but it doesn’t get to define you.Your strength is yours to claim.What you do with it is yours to decide.",Buzzsprout,en-us,https://image.simplecastcdn.com/images/96b53e67-fd3a-4fc8-8813-b800a33897a8/7a77a05c-6bd0-4fd2-8fc7-d6e6f00c53a6/3000x3000/cropped_1791126693897.jpg?aid=rss_feed,2026-10-06 12:05:40,8061290,confirmed,https://unbreakable.buzzsprout.com,1791288340,bbb9e3c2a9e77cf87260332a6ccd1ac5,1857456268.0,4,0,INDIVIDUAL
Bonded From The Start,Laura Todd and Carina Lane,https://rss.buzzsprout.com/2634883.rss,"<p><b>Bonded from the Start is a podcast about perinatal mental health and infant and early childhood development — two fields that shape the same families and rarely get talked about in the same room.</b></p><p><br></p><p><b>Hosted by Carina Lane, founder of Mindfulstarts, a parenting coach & perinatal therapist, and Laura Todd, founder of Early Bonds Therapy, a perinatal and infant/early childhood therapist. Each episode bridges what a parent is carrying and what a baby is communicating. Topics cover what we, as clinicians, run into every day through our work with individuals in this period, alongside other professionals who specialize in these topics. </b></p><p><br></p><p><b>We talk about matrescence, perinatal mental health conditions (PMHCs), attachment, co-regulation, responsive caregiving, and the postpartum months nobody prepares you for. It's a reflective lens holding space for both parent and infant to be seen as individuals and as a unit. All in language you can actually use.</b></p><p><br></p><p><b>If you're a parent, these are honest conversations that normalize the hard parts, make sense of your baby's behavior, and take the shame out of the days that feel like too much. If you're a clinician, birth worker, educator, home visitor, or early intervention provider, this podcast will provide relationship-based, reflective, culturally grounded practice you can carry into your next visit. </b></p><p><b>Every family starts somewhere. These are the earliest relationships, the ones that teach a baby whether the world feels safe and teach a parent who they're becoming.</b></p><p><br></p><p><b>No perfection scripts. No quick-fix tips. Just curiosity, developmental science, and the belief that support shapes outcomes.</b></p><p><br></p><p><b>New episodes drop weekly on Wednesdays. Wherever you are in this transition, you don't have to figure it out alone.</b></p><p><br></p>",Buzzsprout,en-us,https://storage.buzzsprout.com/cecb87vl1z9q59wsihejt9z6ap1p?.jpg,2026-10-06 12:05:34,8061289,confirmed,https://bondedfromthestart.buzzsprout.com,1791288334,f7bc61d25216098d0f4112e6636f2a52,,4,0,CORPORATE
62 and 2 AM Feedings,Erin Burt,https://rss.buzzsprout.com/2500990.rss,"<p>WISDOM AND HELP FOR FOSTER AND KINSHIP FAMILIES</p><p><br></p><p>Whether you’re a grandparent raising grandkids, a foster parent learning the ropes, or a mom just trying to navigate real-life parenting — you’re in the right place. This podcast is a safe space for caregivers of every kind to laugh, learn, and breathe again.</p><p>Each week, we dive into honest conversations about caregiving, trauma, and what it really means to raise children with autism, sensory needs, or the lasting effects of drug exposure. We talk about behavior challenges, burnout, reunification, and rebuilding hope when life doesn’t go as planned.</p><p>If you’ve ever felt unseen, unheard, or unsure, you’ll find your people here. This show is about the messy middle of parenting — those 3 a.m. doubts, the IEP meetings, the tears in the car, and the moments of unexpected joy that make it all worth it.</p><p>So grab your coffee (or that cold one you’ve reheated three times) and join me for real stories, raw truth, and practical tools to help you keep showing up. Because raising kids through chaos takes courage — and you don’t have to do it alone.</p><p>✨ <b>Visit Nestrela.com</b><br> for caregiver resources, printable tools, and online community support — and don’t forget to subscribe, share, and keep showing up for yourself and your family.</p>",Buzzsprout,en-us,https://storage.buzzsprout.com/aio03fj8fg05k23b2l9n00olhudm?.jpg,2026-10-06 12:05:30,8061288,confirmed,https://www.buzzsprout.com/2500990,1791288330,523992caeb7baaf3fc51998f3fdaacad,,4,0,INDIVIDUAL
The Daily Strive,Coach Stian,https://anchor.fm/s/115d9bce4/podcast/rss,"The Daily Strive is where I document what it actually takes to build a business on your own, no polish, no highlight reel.
19 years of coaching, owning a gym, and building (and failing at) multiple businesses along the way.
These days I call it Strivecta: the 3 forces [Power, Precision, and Profit] that pull at every solopreneur at once.
This show is the real, unedited version of working through it every day.
Connect with me on Instagram: @coachstian or check out coachstian.com",Anchor,en,https://d3t3ozftmdmh3i.cloudfront.net/staging/podcast_uploaded_nologo/46515585/46515585-1790331623619-4ae0919bebd28.jpg,2026-10-06 12:02:49,8061287,confirmed,https://podcasters.spotify.com/pod/show/stian-weideman06,1791288169,3393a535fb87747a4adc9d121a1b6d02,6806725287.0,2,0,INDIVIDUAL
The History of Techno Music Podcast,History Podcasts & Josh Linsk,https://feeds.megaphone.fm/the-history-of-techno-music-podcast,"<p>Explore the futuristic, underground, and globally influential history of techno music. <em><strong>The History of Techno Music Podcast</strong></em> traces the DJs, producers, clubs, record labels, machines, cities, and cultural movements that transformed electronic experimentation into one of the most important forms of dance music in the world.</p>
<p>Episodes journey from the electronic pioneers and disco, funk, synth-pop, and industrial influences that helped shape the genre to the birth of Detroit techno, the rise of Juan Atkins, Derrick May, Kevin Saunderson, Underground Resistance, and the spread of techno through Chicago, New York, Berlin, London, and beyond. The show also explores drum machines, synthesizers, sequencers, warehouse parties, rave culture, record shops, independent labels, DJ technology, European scenes, minimal techno, acid techno, hard techno, and the continual evolution of the sound.</p>
<p>Whether you are fascinated by Detroit, Berlin clubs, electronic music production, rave culture, legendary DJs, classic records, or the technology behind dance music, the podcast tells the stories of the people, places, machines, and ideas that built techno and carried it around the world. <strong>The History of Techno Music Podcast is hosted by Josh Linsk.</strong></p>",Megaphone,en,"https://megaphone.imgix.net/podcasts/24352250-c0df-11f1-af6e-3758f1dedae1/image/bf274e2e11da21f358411952b2689a72.png?ixlib=rails-4.3.1&max-w=3000&max-h=3000&fit=crop&auto=format,compress",2026-10-06 12:01:23,8061284,confirmed,https://www.historypodcasts.com,1791288083,320998486ebd7e710213a0b806e66b09,,0,0,CORPORATE
Divinely Inspired Business Podcast,Kelly and Evan Mimier,https://anchor.fm/s/1174ec8e4/podcast/rss,"Divinely Inspired Business explores the faith, mindset, intuition, perseverance, and unexpected moments behind extraordinary entrepreneurial stories. Hosted by husband-and-wife entrepreneurs Kelly and Evan Mimier, the podcast features conversations with people from all walks of life who followed an idea, took a leap, pushed through uncertainty, and built something they once weren’t sure was possible. Some call it God. Some call it intuition. Others describe manifestation, synchronicity, instinct, preparation, luck, or simply refusing to give up. We’re curious about all of it.",Anchor,en,https://d3t3ozftmdmh3i.cloudfront.net/staging/podcast_uploaded_nologo/46760065/46760065-1789507930873-d0f497644e128.jpg,2026-10-06 12:00:06,8061283,confirmed,https://podcasters.spotify.com/pod/show/kelly-mimier8,1791288006,b4c56eab88e5237ef15484dad853dac2,6812535457.0,2,0,CORPORATE
"Coffee, Chaos and Cussing",Coffee Chaos & Cussing,https://anchor.fm/s/11794b41c/podcast/rss,"Welcome to Coffee, Chaos and Cussing—the podcast for moms who love their kids like crazy but occasionally need five damn minutes away from them.
Motherhood is beautiful, exhausting, hilarious, overwhelming, and sometimes completely fucking unhinged. Here, we’re talking about the real stuff: marriage, kids, mental load, mom guilt, friendships, work, sex, self-care, school chaos, and all the things we think but don’t always say out loud.
And because moms don’t actually get alone time—we get hiding time—every episode comes to you from wherever we’re hiding: the bathroom, the closet, the car, the",Anchor,en,https://d3t3ozftmdmh3i.cloudfront.net/staging/podcast_uploaded_nologo/46805887/46805887-1790083587557-9294f3af63ec5.jpg,2026-10-06 11:59:12,8061281,confirmed,https://podcasters.spotify.com/pod/show/coffee-chaos--cussing1,1791287952,4e68fc90545328cc05c81ed8413c235e,6819025602.0,2,0,CORPORATE
Beauty and the Deceased,Amber McCormack and Dianna Miller,https://anchor.fm/s/117a3fef4/podcast/rss,"💋🔪Join us as we dive into murder, true crime, and the stories that keep us up at night. Welcome to Beauty & the Deceased—where things get pretty dark.",Anchor,en,https://d3t3ozftmdmh3i.cloudfront.net/staging/podcast_uploaded_nologo/46815909/46815909-1790184431341-07a2ffc711852.jpg,2026-10-06 11:43:42,8061265,confirmed,https://podcasters.spotify.com/pod/show/dianna2,1791287022,813ba0473d67065b8759ee4a27e940e3,6819044298.0,2,0,CORPORATE
Cheatham Media Breakdowns,Cheatham Media,https://anchor.fm/s/11443fe94/podcast/rss,"I like to overanalyze my favorite TV shows and movies. I talk about the production side, behind the scenes, themes, symbolism, easter eggs, you name it!",Anchor,en-us,https://d3t3ozftmdmh3i.cloudfront.net/staging/podcast_uploaded_nologo/46249677/46249677-1782506033352-2e8c16c727f47.jpg,2026-10-06 11:42:04,8061261,confirmed,https://podcasters.spotify.com/pod/show/dope-scorsese6,1791286924,a336561b071ae9aa6b2f12fd13830ce5,6819049793.0,2,0,CORPORATE
Jade Guerra,Jade Guerra,https://rss.buzzsprout.com/2656004.rss,"<p><a href=""https://jadeguerra.journoportfolio.com/""><b>Jade Guerra</b></a><b> is a skilled healthcare professional who cares deeply about helping her patients feel their best. With experience in both chiropractic care and nursing, she takes a well-rounded approach to health. Jade Guerra focuses on spine care, preventing injuries, and improving her patients' overall quality of life. She works closely with each person to create care plans that meet their unique needs.</b></p><p><br><br></p><p><br><br></p>",Buzzsprout,en-us,https://storage.buzzsprout.com/lu44wwoafr4oxnjr04psxv6ef1zv?.jpg,2026-10-06 11:32:21,8061255,confirmed,,1791286341,6492abe25718154e3c514e31738a6965,,4,0,INDIVIDUAL
ZNO Industry Deepdive - Zochem AI,Zochem,https://feed.podbean.com/zochemai/feed.xml,"<p>Have you ever wondered how zinc oxide is used to create so many things, from your daily sunscreen and tires to electronics and batteries? Welcome to ZNO Industry Deepdive, the AI-powered podcast from Zochem that simplifies the science, innovation, and everyday impact of zinc oxide, one of the world's most versatile materials.</p>
<p>In each episode, we take heavy technical concepts and turn them into clear, conversational deep dives. Whether you are an industry professional, a curious student, or someone who loves knowing how things work, we translate complex chemistry into engaging, easily digestible stories.</p>",Podbean,en,https://pbcdn1.podbean.com/imglogo/image-logo/22609582/aipodcastlogo.png,2026-10-06 11:22:41,8061245,confirmed,https://zochemai.podbean.com,1791285761,bf8f1f56fcdc20c2fab7ac78b4681690,6808725750.0,2,0,INDIVIDUAL
Disability is my Strength - The Podcast,Vicki Wilson,https://feeds.captivate.fm/dims-vicki-wilson/,"Tired of disability being talked about as either tragedy or inspiration?
Disability Is My Strength is about the bit in between. Real life, real challenges, big ambitions and the assumptions people make along the way.
I’m Vicki Wilson, a disabled business owner, author and speaker living with cerebral palsy. Through solo episodes and guest conversations, we’ll talk about disability, confidence, inclusion, resilience, business and what it really means to create your own version of what is possible.
This isn’t about pretending barriers do not exist. It is about questioning the ones other people put in front of us and having honest conversations about how we move forward.
Expect personal stories, thought-provoking guests and plenty of straight-talking, with new episodes released regularly.",Captivate,en,https://artwork.captivate.fm/41578329-3011-4e6d-8817-c93d11f8986c/Disability-Is-My-Strength-Podcast-3000x3000-q65.jpg,2026-10-06 11:18:29,8061240,confirmed,https://dims-vicki-wilson.captivate.fm,1791285509,896e9e54962a473ae8ae95be1fd3ff88,,4,0,INDIVIDUAL
This Could Go Viral,Libby de Leon,https://anchor.fm/s/117cfcf5c/podcast/rss,"This Could Go Viral is the podcast for you.
If you’re a 90s kid or Gen Z, you didn’t just grow up on the internet, t he internet grew up with you.
From internet nostalgia, to algorithm changes to side hustles that accidentally become careers, This Could Go Viral is the playbook for navigating life on the internet.
You’re doomscrolling anyway.
You might as well make a little money off it.",Anchor,en,https://d3t3ozftmdmh3i.cloudfront.net/staging/podcast_uploaded_nologo/46844623/46844623-1790530255623-006846215d214.jpg,2026-10-06 11:15:37,8061238,confirmed,https://podcasters.spotify.com/pod/show/libbytdeleon9,1791285337,32276794cda5d695e65418db0cae2e03,6819360217.0,2,0,INDIVIDUAL
Signal and Story,Pastime Agency,https://feeds.captivate.fm/signal-and-story/,"Signal and Story is a relaxed weekly conversation for people who build and buy conversational AI: contact-centre platforms, voice agents and customer-service chatbots.
Each week, two hosts talk through the stories that caught their eye. Elena has run these deployments herself and brings the day-to-day view: who has to staff it, what changes for the team, and what a customer actually hears. Sam follows the market: who is moving, what things cost, and what a regulator has just changed.
It's not a debate and not a news bulletin. It's two people who know the field catching up over a coffee on what happened, why it's interesting and what it might mean in practice.
The hosts' voices are generated by AI (artificial intelligence). New episodes every week.",Captivate,en,https://artwork.captivate.fm/f813d4fa-f55e-4398-ba03-6da9d0ebae45/signal-and-story-cover-3000.jpg,2026-10-06 11:15:35,8061237,confirmed,https://signal-and-story.captivate.fm,1791285335,420cfe1399af5eb75c305c959abdf2f9,,4,0,CORPORATE
Kristi Muzzio,Kristi Muzzio,https://www.spreaker.com/show/7439483/episodes/feed,"<a href=""https://solo.to/kristimuzzio"" target=""_blank"" rel=""noreferrer noopener""><b>Kristi Muzzio</b></a> is an accomplished opera singer and voice educator with a career rooted in performance, scholarship, and teaching. She holds a Doctor of Arts in Voice Performance and Pedagogy and advanced vocology training. Kristi has appeared in principal operatic roles and orchestral performances across the United States while focusing her work on vocal wellness, expressive artistry, student development, and expanding opera education through mentorship, research, performance leadership, and regional community engagement initiatives nationwide.",Spreaker,en,https://d3wo5wojvuv7l.cloudfront.net/t_rss_itunes_square_1400/images.spreaker.com/original/c81b03e7308311fe20aca916069e8802.jpg,2026-10-06 11:15:12,8061236,confirmed,https://about.me/kristimuzzio,1791285312,99788784ba7b80380c167c54165e433c,,4,0,INDIVIDUAL
The Last Straw Podcast,Kristi Straw,https://rss.buzzsprout.com/2559853.rss,"<p>High achievers hit a breaking point. The world calls it burnout. We call it a reckoning.</p><p><br></p><p>The Last Straw is where executive women, founders, and quiet disruptors finally get the truth about leadership, identity, and the visibility required to grow your influence and your income. This is where the polished stage meets the real story. The boardroom meets the breakdown and rebuild. The ambition gets a voice.</p><p><br></p><p>Each episode pulls you behind the scenes of what actually happens after the keynote, inside high stakes rooms, and in the private moments leaders never talk about. You’ll hear the conversations clients whisper after the promotion. The fears that surface before the opportunity. The power moves that change everything.</p><p><br></p><p>Visibility becomes capital here. Presence becomes strategy. Voice becomes the asset that sets your career, your business, and your legacy on a different trajectory.</p><p><br></p><p>This is your entry point into the Lighthouse Leadership ecosystem. If you’re craving clarity, identity-led authority, and real elevation, you’re in the right place.</p><p><br></p><p>You’ll leave every episode feeling seen, activated, and a little giddy you found us.</p><p><br></p><p>Subscribe and step into the room.</p>",Buzzsprout,en-us,https://storage.buzzsprout.com/9a7zpcr7rb35xzyzvlevbif51i2r?.jpg,2026-10-06 11:05:32,8061233,confirmed,,1791284732,b0b4e430ebaed1be59123a9ef0c9c2db,,4,0,INDIVIDUAL
Purity Bay,Elemental Gaming nexus,https://www.spreaker.com/show/7418794/episodes/feed,"Welcome ot Purity Bay! It ain't so pure. It ain't much of a bay. <br /><br />That’s Redacted is an actual-play Delta Green podcast. This campaign takes place in the homebrewed fictional town of Purity Bay, Illinois. <br />In 1964, five towns became one county. About ten thousand people, dirt roads, one highway, a Walmart that ate the shops on the Main Streets, and a toy factory dumping pollution into the air. Surrounding it all is The Bed: a dead lake full of stranded ships, land races, and things people do where the lights do not reach. Deputy Jaime Prospero just came down from Chicago trying to make it to detective. Deputy Tim Brown has lived here his whole life and wants to keep the town safe. Florian Carter grew up getting shoved around by the same families, made it out, and has returned to do some method acting. A body on Buckberry Farm kicks off an investigation that will take us into the darkness of Purity Bay. <br /><br />You can expect serious moments, bad jokes and a whole lot of unantrual horror. Bonds will be damaged, lives will be lost and just maybe the Bay can be saved.",Spreaker,en,https://d3wo5wojvuv7l.cloudfront.net/t_rss_itunes_square_1400/images.spreaker.com/original/bfddfe6b5050aab9e73e1772650bad4a.jpg,2026-10-06 10:40:34,8061213,confirmed,https://www.elementalgamingnexus.com/shows/purity-bay/,1791283234,63ef4855ed9e2fa4341af2503de169a3,,4,0,INDIVIDUAL
Matthew Bruce Simms,Matthew Bruce Simms,https://www.spreaker.com/show/7381691/episodes/feed,"<b><a href=""https://www.crunchbase.com/person/matthew-bruce-simms"" target=""_blank"" rel=""noreferrer noopener"">Matthew Bruce Simms</a> is a Dartmouth-based real estate developer and entrepreneur focused on quality projects, long-term value, and turning ideas into reality.Driven by growth, family, and meaningful opportunities, he specializes in development, construction, business growth, and investment. </b>",Spreaker,en,https://d3wo5wojvuv7l.cloudfront.net/t_rss_itunes_square_1400/images.spreaker.com/original/c4d98ce1890969968a33987552976b23.jpg,2026-10-06 10:36:03,8061210,confirmed,https://matthew-bruce-simms.b12sites.com/,1791282963,bb50007edc2f04126a4d9ad0055346f6,,4,0,INDIVIDUAL
BP: The Mixtape,angelisabp,https://feed.podbean.com/angelisabp/feed.xml,"An intentional mixture of professional life, personal growth, faith, family, self-care, and everything in between.",Podbean,en,https://pbcdn1.podbean.com/imglogo/image-logo/22538935/BP_The_Mixtape_Spotify_Logo_2048x2048.jpg,2026-10-06 10:34:25,8061208,confirmed,https://angelisabp.podbean.com,1791282865,c9a8010b92e4b198b56e50746eaef109,6818926639.0,2,0,CORPORATE
Today in Money,Talk Digital Network,https://anchor.fm/s/115f62eec/podcast/rss,"Today in Money presents leading financial news and market commentary from interesting, informative and profound guests. They are some of the financial world's most colorful and controversial thinkers, discussing the markets, economies and more!",Anchor,en-us,https://d3t3ozftmdmh3i.cloudfront.net/staging/podcast_uploaded_nologo/46534227/46534227-1786506914062-2f672ba3d7397.jpg,2026-10-06 10:32:55,8061206,confirmed,https://podcasters.spotify.com/pod/show/talk-digital-network6,1791282775,d8ce6d097c9a3fbf7c688c8db486fa4f,6802874429.0,2,0,CORPORATE
Practice Perfect,Jennifer McNamara,https://feed.podbean.com/practiceperfect/feed.xml,"""Practice Perfect"" focuses on achieving excellence in healthcare practices by addressing key aspects such as compliance, documentation, billing, coding, and revenue cycle management. It emphasizes practical strategies, attention to detail, and continuous improvement to optimize efficiency and ensure success in medical practices. This concept encourages learning, adaptability, and adherence to industry standards to maintain top-tier performance.",Podbean,en-us,https://pbcdn1.podbean.com/imglogo/image-logo/22682513/pdc_logo_1791148000042.jpg,2026-10-06 10:19:56,8061197,confirmed,https://practiceperfect.podbean.com,1791281996,d4fefa59b165456c8b0d89b6ae33408b,6819067651.0,2,0,INDIVIDUAL
Coromo Sara. ASMR,Coromo Sara. ASMR,https://www.spreaker.com/show/7439234/episodes/feed,"Welcome to your peaceful space for relaxation, sleep, and mental well-being. 🌙🎧<br />Enjoy calming ASMR sounds, gentle whispers, relaxing stories, soothing nature sounds, and peaceful experiences designed to help you reduce stress, clear your mind, relax your body, and fall asleep more easily.<br />Whether you need a quiet moment after a long day or a relaxing atmosphere for bedtime, this channel is here to help you slow down, breathe, and find your inner peace.<br />Subscribe and make relaxation part of your daily routine. 😴✨<br />",Spreaker,en,https://d3wo5wojvuv7l.cloudfront.net/t_rss_itunes_square_1400/images.spreaker.com/original/4d94b08c47c234f63c55eb59d8f25d99.jpg,2026-10-06 10:16:29,8061191,confirmed,https://www.spreaker.com/podcast/coromo-sara-asmr--7439234,1791281789,ceaf8421548ee4a3e3954a0973db920b,,4,0,INDIVIDUAL
Sport Is For Girls,Gary Strachan and Isla Strachan,https://anchor.fm/s/117881090/podcast/rss,"Sport Is For Girls is a father-and-daughter podcast exploring a different sport each week.
Gary and his 8-year-old daughter Isla learn how each sport works, talk about the big stories, share their favourite sporting moments and give their own take on what makes it fun.
From football and AFL to F1, tennis, cricket and plenty more, it’s a podcast for kids, parents and anyone who loves discovering sport together.",Anchor,en,https://d3t3ozftmdmh3i.cloudfront.net/staging/podcast_uploaded_nologo/46797604/46797604-1789988738535-43f134fe9f45a.jpg,2026-10-06 10:15:54,8061190,confirmed,https://podcasters.spotify.com/pod/show/gary-strachan,1791281754,fef4c128c0ea921a68f934ac4d3dcb9d,6814455651.0,2,0,CORPORATE
Ashes and Alleluias: Psalms from Under the Heart,Aaron J. Smith,https://anchor.fm/s/1038672f8/podcast/rss,"An audio companion to the sacred and scorched places we carry.
These are lo-fi meditations, prayers, and fragments of breath and grief recorded in the cracks of ordinary life. No polish. No pretense. Just a voice reaching out from under the heart, holding both ash and alleluia in the same trembling hands.
For those wandering, wondering, and whispering prayers on their breath.",Anchor,en,https://d3t3ozftmdmh3i.cloudfront.net/staging/podcast_uploaded_nologo/43441102/43441102-1744246256260-c0bcfe215220b.jpg,2026-10-06 10:15:29,8061188,confirmed,https://aaronjsmith.net,1791281729,18311683995db6849d223a4ef9ea55e6,6817450551.0,2,0,CORPORATE
Crime news,Becca,https://www.spreaker.com/show/7439239/episodes/feed,"Step into the world of crime, investigations, and breaking crime news. Behind the Crime brings you the latest cases, shocking incidents, major investigations, and the stories making headlines. We break down the facts, explore the events behind the headlines, and examine the people and evidence at the center of each case.<br />From developing stories to cold cases and high-profile investigations, stay informed with crime news delivered with clarity, context, and respect for those affected.<br />Listen. Investigate. Stay informed.",Spreaker,en,https://d3wo5wojvuv7l.cloudfront.net/t_rss_itunes_square_1400/images.spreaker.com/original/e5d55ef7bf23527f42fb814ec5453ebd.jpg,2026-10-06 10:15:22,8061186,confirmed,https://www.spreaker.com/podcast/crime-news--7439239,1791281722,b71eda51f900201bb2b38c1e1aeb4085,,4,0,INDIVIDUAL
Boardroom Resilience: Your Weekly Security Update,The Logica Security Team,https://rss.buzzsprout.com/2542839.rss,"<p>Stay ahead of the threats that matter most. Each week, Logica Security brings you a concise executive briefing on the latest developments in cyber, information and physical security — and what they mean for your business.</p><p><br></p><p>Designed for boards and the C-suite, this five-minute update cuts through the technical detail to focus on risk, resilience, regulation and reputation. From major breaches to new laws and emerging technologies, you’ll hear what’s happening, why it matters, and the key questions every leader should be asking inside their organisation.</p><p><br></p><p>Clear. Actionable. Trusted.<br> </p><p>Because resilience starts in the boardroom.</p>",Buzzsprout,en-gb,https://storage.buzzsprout.com/zkkap92bof0wo6uwgmb0tq8v7xys?.jpg,2026-10-06 10:10:42,8061180,confirmed,https://www.buzzsprout.com/2542839,1791281442,87b9bf912772627aa7fa44fc6ba2fc6a,,4,0,CORPORATE
In The River,Live & Lead By Design,https://rss.buzzsprout.com/2650777.rss,"<p>In the River is the official podcast of Live & Lead by Design. Curtis Rippee, J.T. Hardcastle and Christian Landers, three leaders who found out the hard way that success and self-reliance weren't enough, talk honestly about what they went through and what changed when they let other people in. Whatever your river looks like right now, calm or rough, you were never meant to be in it alone.</p>",Buzzsprout,en-us,https://storage.buzzsprout.com/by3toi98noub5zz6bvnvtvl6l95z?.jpg,2026-10-06 10:08:58,8061177,confirmed,https://www.buzzsprout.com/2650777,1791281338,de9151db706edbb1cd8fcb4491e142ad,,4,0,CORPORATE
Sycamore Church Sermons,Sycamore Church,https://anchor.fm/s/1178d6ba8/podcast/rss,"Sermons from Sycamore Church in Lenexa, KS--a people wholly devoted to Jesus. Each week, we open God's Word, listen to the voice of Jesus, and learn to be formed as his people in the world. Our hope is that these sermons help you to know and follow Jesus.",Anchor,en-us,https://d3t3ozftmdmh3i.cloudfront.net/staging/podcast_uploaded_nologo/46801114/46801114-1790651326677-78c1fa836301b.jpg,2026-10-06 10:03:38,8061170,confirmed,https://podcasters.spotify.com/pod/show/sycamore-church,1791281018,55047a03f56cd0bc1cb6e87c8bdb488f,6817523046.0,2,0,CORPORATE
Ulak Efendi | Dark Tales,Ulak Efendi | Dark Tales,https://www.spreaker.com/show/7439159/episodes/feed,"Original English-language horror stories inspired by Anatolia, Ottoman history, and dark folklore.",Spreaker,en,https://d3wo5wojvuv7l.cloudfront.net/images.spreaker.com/nuvolari-assets/yellow_square_mic.jpg,2026-10-06 09:36:52,8061150,confirmed,https://www.spreaker.com/podcast/ulak-efendi-dark-tales--7439159,1791279412,e3c4c536bee8804e178b8e6925eafba2,,4,0,INDIVIDUAL
A Better Tomorrow,Pearl May,https://www.spreaker.com/show/7439155/episodes/feed,"A Better Tomorrow is a podcast about faith, hope, purpose, and personal growth. Each episode offers powerful encouragement and practical wisdom to help you overcome setbacks, strengthen your mindset, and keep moving forward when life gets difficult. Because no matter what yesterday looked like, your story is still being written—and a better tomorrow is possible.",Spreaker,en,https://d3wo5wojvuv7l.cloudfront.net/t_rss_itunes_square_1400/images.spreaker.com/original/ff5cc7c93370b06c522a4026e557c34c.jpg,2026-10-06 09:33:17,8061146,confirmed,https://www.spreaker.com/podcast/a-better-tomorrow--7439155,1791279197,216dc27cfaf1e33b215bd51fe0340a0f,,4,0,INDIVIDUAL
Spooky Files and Coffee,Spooky Files and Coffee,https://anchor.fm/s/111d1ed88/podcast/rss,"Enter if you dare! 
Real spooky stories that stay with you at night
New episodes bi-weekly
Submit your Unexplained experiences at SpookyFilesandCoffee@gmail.com or follow us on Instagram at Spooky Files and Coffee! 👻",Anchor,en,https://d3t3ozftmdmh3i.cloudfront.net/staging/podcast_uploaded_nologo/45839378/45839378-1777571227863-a2cc9dc8ebefb.jpg,2026-10-06 09:25:46,8061141,confirmed,https://podcasters.spotify.com/pod/show/spooky-files-and-coffee,1791278746,77d751513246dcf98766ad3ca4567f48,6819084001.0,2,0,CORPORATE
The Joe Budden Podcast,The Joe Budden Network,https://anchor.fm/s/1182c20f4/podcast/rss,<p>Tune in to Joe Budden and his friends. Follow along the crazy adventures of these very random friends.</p>,Anchor,en,https://d3t3ozftmdmh3i.cloudfront.net/staging/podcast_uploaded_nologo/46905125/c4fb92abac1b6914.jpg,2026-10-06 09:24:05,8061140,confirmed,https://redcircle.com/shows/the-joe-budden-podcast9308,1791278645,f99925cce958ce1d0e3b48c82e8c602a,,4,0,CORPORATE
English Demo capsule,Psychia,https://feeds.transistor.fm/english-demo-capsule,English demo capsules,Transistor,en,https://img.transistorcdn.com/FQKuFWyZK3_etNHjQ5gEFzHejHoTMHailFFa-JYE3dE/rs:fill:0:0:1/w:1400/h:1400/q:60/mb:500000/aHR0cHM6Ly9pbWct/dXBsb2FkLXByb2R1/Y3Rpb24udHJhbnNp/c3Rvci5mbS9iZmEw/MjFmMmVlMGQ2MGRm/NjEzODU4Y2ZlNDcw/Y2M1Mi5wbmc.jpg,2026-10-06 09:10:46,8061127,confirmed,,1791277846,3932e8af1a45e7df881cfb0d6ad88ce6,,4,0,INDIVIDUAL
Unlocking Performance Peaks Journey to Mastery,Audio Pulsar,https://feeds.megaphone.fm/EEEDL9520866037,"What separates those who merely work hard from those who achieve extraordinary results? Through candid interviews and investigative narratives spanning elite athletes, financial titans, tech pioneers, and business leaders, this series uncovers the hidden mechanics of peak performance—the unconventional strategies, psychological frameworks, and structural decisions that enable individuals to transcend conventional limits. Designed for high-performers who demand rigorous understanding of their own potential, each story interrogates the myths surrounding success while exposing the specific, replicable patterns that separate mastery from mere competence.",Megaphone,en,"https://megaphone.imgix.net/podcasts/3f0e30fe-b6b6-11f1-b001-33aa7769ca48/image/b58a6fbc94a48a4e919393bc4e034aa5.png?ixlib=rails-4.3.1&max-w=3000&max-h=3000&fit=crop&auto=format,compress",2026-10-06 08:58:13,8061110,confirmed,,1791277093,5fbf584995165895e54d2e1346de696d,6814933602.0,2,0,INDIVIDUAL
On the Irregular with Java Bere,Java Ceridwen Bere,https://feeds.acast.com/public/shows/6abe2f56787195a30eb5637c,javabere.co.uk<hr><p style='color:grey; font-size:0.75em;'> Hosted on Acast. See <a style='color:grey;' target='_blank' rel='noopener noreferrer' href='https://acast.com/privacy'>acast.com/privacy</a> for more information.</p>,Acast,en,https://assets.pippa.io/shows/6abe2f56787195a30eb5637c/1790856143988-53a587e7-f250-4b90-872d-caf58d3527dd.jpeg,2026-10-06 08:57:20,8061108,confirmed,https://javabere.co.uk,1791277040,cf7e9f4908d589b4b8ae75f2975dab95,,0,0,INDIVIDUAL
"Unfiltered Coffee Podcast: The Theory, Philosophy, and Science of Specialty Coffee",Unfiltered Coffee Podcast,https://rss.buzzsprout.com/1395868.rss,"Co-hosts Spencer Aidukaitis & Eddy Padilla explore specialty coffee theory, science, philosophy, and the people in the industry that make it happen.",Buzzsprout,en-US,https://d3t3ozftmdmh3i.cloudfront.net/staging/podcast_uploaded_nologo/46284243/ab1980123fc8a236.jpg,2026-10-06 08:55:27,8061101,confirmed,https://www.buzzsprout.com/1395868,1791276927,984f4a0edf36d8158a7cbd8e3fac1846,,4,0,INDIVIDUAL
SideLine All-Stars,Cheeze & King James,https://rss.buzzsprout.com/1659466.rss,<p>Just people on the sidelines talking</p>,Buzzsprout,en,https://hosting-media.riverside.com/media/imports/podcasts/446f0732-14d8-445e-a3a4-58953fdad852/w040u2jc1xs30vbllz8qsesv5055.jpg,2026-10-06 08:55:20,8061100,confirmed,https://www.youtube.com/@Slallstars916,1791276920,9fc9a9b4d80d16f212838efa0ad5eb84,,4,0,CORPORATE
The Ink Stays Dark,Adrian Klein,https://rss.buzzsprout.com/2558571.rss,"<p>The Ink Stays Dark explores the moral questions beneath crime, silence, memory, power, and the stories people try to control.</p><p>Hosted by writer Adrian Klein, the podcast moves through real cases, history, psychology, institutions, and fiction to examine what people do when truth becomes expensive.</p><p>Why do good people stay silent?</p><p>Why do some stories disappear while others refuse to stay buried?</p><p>What happens in the moments before a decision becomes visible?</p><p>The Ink Stays Dark began in psychological noir, but now follows the human pressure underneath it: witnesses, records, family secrets, corruption, responsibility, and the quiet choices that shape public truth.</p><p>For listeners drawn to moral ambiguity, institutional failure, memory, European noir, and the darker questions beneath ordinary life.</p><p>New episodes biweekly.</p>",Buzzsprout,en,https://d3t3ozftmdmh3i.cloudfront.net/staging/podcast_uploaded_nologo/46853480/2e3944da29373237.jpg,2026-10-06 08:54:28,8061098,confirmed,http://www.inkstaysdark.com,1791276868,e64cbc2355d0e7b41a889bfaac5dfa68,1859933865.0,4,0,INDIVIDUAL
In the Company of Charity,Daughters of Charity,https://rss.buzzsprout.com/2439892.rss,"<p>In the Company of Charity is a podcast that invites listeners into meaningful conversations about the Catholic Church, society, and service to others, all through the lens of the spirit we've received from St. Vincent de Paul, the saint of charity. Hosted by the Daughters of Charity, each episode offers thought-provoking dialogue with nonprofit leaders, spiritual thinkers, and those working on the front lines of charity and advocacy. We explore how the spirit of service can inspire real-world action and personal transformation. Whether you're seeking spiritual enrichment or a deeper understanding of charitable work, you'll find companionship and insight here.<br /><br />Join in the conversation by sending us your thoughts and questions at <a href=""mailto:companyofcharity@gmail.com"" rel=""noopener noreferrer nofollow"">companyofcharity@gmail.com</a>.</p>",Buzzsprout,en,https://hosting-media.riverside.com/media/imports/podcasts/836c6f55-167d-471b-a156-14af84f780bf/3wofxutijemlo1cyhqq9c0dlf747.jpg,2026-10-06 08:54:20,8061097,confirmed,https://www.daughters-of-charity.com/,1791276860,f509c4c936e85ac73161db723c9a950a,,4,0,CORPORATE
The Vanguard Wall Podcast,The Vanguard Wall Podcast,https://rss.buzzsprout.com/2401946.rss,"Long-form interviews with combat veterans, special operators, and first responders — the people who did the hard things and carry them home. The host, an Army and law-enforcement veteran, goes deep on the moments most podcasts skip: the call made under fire, the teammate lost, and the long quiet work of putting it back together. Guests include Green Berets, Rangers, Delta, MACV-SOG, CIA, pilots, and police — plus founders, filmmakers, and voices in health and resilience. For warriors, and the families who love them. New episodes every other week.
Contact: admin@thevanguardwall.com",Buzzsprout,en,https://d3t3ozftmdmh3i.cloudfront.net/staging/podcast_uploaded_nologo/46882360/1aaae1e2fd9bd1d2.jpg,2026-10-06 08:54:20,8061096,confirmed,http://www.thevanguardwall.com,1791276860,dbd124b8281b19eecec94bf3d15e59d4,,4,0,CORPORATE
I Heard You When You Said,Justin & Stacey,https://rss.buzzsprout.com/2313284.rss,"<p>You've read the books. You've done the therapy. You've tried the journaling, the meditation, the coping strategies. And you still feel it — that familiar weight, that loop you can't seem to break out of.</p><p><br /></p><p>This podcast is for people who understand themselves really, really well and still keep running into the same walls. Hosted by mindset coaches Justin Carroll and Stacey Hansen, each episode gives you something you can actually do — not just something to think about.</p><p><br /></p><p>Justin and Stacey work at the intersection of language, story, and the nervous system, and they've built their Fortified Mind Method around one simple truth: your body is still living in a story your brain has already tried to reason its way out of. Understanding why you're stuck doesn't unstick you. Moving through it does.</p><p>Every episode pulls back the curtain on real client breakthroughs, practical word games and exercises, and the kind of catchy sayings that stick with you because they're actually true. You'll leave each episode with something to write down, something to try, and someone in your life you'll want to share it with.</p><p><br /></p><p>If history keeps rhyming for you — if you're tired of pushing things down instead of laying them down — you're in the right place.</p>",Buzzsprout,en,https://hosting-media.riverside.com/media/imports/podcasts/a4409d90-5b51-4164-94ea-fa1cecbd01e7/uot8nxe0sqc84tzmd0f0o7jiuxot.jpg,2026-10-06 08:54:19,8061095,confirmed,www.thefortifiedmindset.com,1791276859,825e38df1d3935edd94a8879f1e11f0d,,4,0,CORPORATE
Encrypted Ambition: Where Ambition Meets Encryption - Inside The Minds Of Disruptors.,Craig Petronella,https://rss.buzzsprout.com/1404766.rss,"<p><b>Where raw ambition meets real execution.</b> <em>Encrypted Ambition</em> explores the vision, grit, and game plans behind today’s most disruptive founders and technologists. From startup trenches to boardroom breakthroughs, the Petronella team dives into the future of business, AI, and digital resilience. </p>",Buzzsprout,en-us,https://petronella.ai/podcast/encrypted-ambition/artwork.jpg,2026-10-06 08:54:14,8061094,confirmed,https://petronellatech.com/podcasts/,1791276854,3e775658f1661d9558260c63f0a85d72,,4,0,INDIVIDUAL
Dread Vox,Dread Vox,https://www.spreaker.com/show/7439089/episodes/feed,I tell stories..<br />,Spreaker,en,https://d3wo5wojvuv7l.cloudfront.net/images.spreaker.com/nuvolari-assets/blue_square_mic.jpg,2026-10-06 08:50:36,8061087,confirmed,https://www.spreaker.com/podcast/dread-vox--7439089,1791276636,d5a2cb71d9d417c94fcb30254486bde6,,4,0,INDIVIDUAL
The Key to Sovereignty,The Key to Sovereignty,https://anchor.fm/s/116f3a860/podcast/rss,"In this special series, Nell from The Bitcoin Basin explores how sound money is the key to sovereignty.
Each episode opens up a conversation with a speaker coming to the Sovereignty Summit, working through the seven pillars of a sovereign life: technology, freedom, health, food, family, education and philosophy. Not price, not speculation, but what it actually takes to own your money, your health, your food and your time.
The Sovereignty Summit is a two day Bitcoin conference in Queenstown, New Zealand, on 2 and 3 April 2027. This is where the conversations start.
sovereigntysummit.nz",Anchor,en,https://d3t3ozftmdmh3i.cloudfront.net/staging/podcast_uploaded_nologo/46700344/46700344-1788735583770-2e786508be3cc.jpg,2026-10-06 08:43:37,8061079,confirmed,https://sovereigntysummit.nz/,1791276217,904d6a708f21d0c001555aca5e50c19c,,0,0,CORPORATE
Business and entrepreneurship,Queen Blessing,https://www.spreaker.com/show/7438991/episodes/feed,"From Idea to First Paying Customer: What Actually WorksHosted by Vivian Solomon N.Turning a business idea into actual money is one of the hardest and most important steps for every entrepreneur. Many people get stuck between having a great idea and getting their first paying customer. This short, practical series is designed to close that gap.In these focused episodes, Vivian Solomon N. walks you through a clear, no-nonsense roadmap that works especially well in the Nigerian and African business environment. You will learn how to properly validate your idea before spending money, identify your very first ideal customer, package an offer people find hard to refuse, have effective sales conversations, and avoid the common mistakes that delay or kill early progress.This is not theory. Every episode is packed with practical steps, real-life style examples from the Nigerian market, and actionable advice you can apply immediately — whether you are starting a service business, selling products, or building something online.If you are tired of planning and ready to start earning, this series will give you the clarity and confidence to move from idea to your first paying customer.Perfect for: Aspiring entrepreneurs, side-hustlers, small business owners, and anyone who wants to stop overthinking and start selling.Business and entrepreneurship",Spreaker,en,https://d3wo5wojvuv7l.cloudfront.net/t_rss_itunes_square_1400/images.spreaker.com/original/58cfe4d3e8b6a8f79055663a013ed286.jpg,2026-10-06 08:25:35,8061065,confirmed,https://www.spreaker.com/podcast/business-and-entrepreneurship--7438991,1791275135,543619c5d4e2f55ed636fad1b26add76,,4,0,INDIVIDUAL
"XeJud Presents: Sports, News, And COGUA Updates!",XeJud,https://anchor.fm/s/11813cc70/podcast/rss,"XeJud Presents: Sports, News, And COGUA Updates! — four shows, one network, hosted by Cole and Dana.
🏈 College Football Top 25 (Sundays) — the weekend's biggest games, ranking movement, upsets, and the playoff picture.
🔥 SEC Deep Dive (Thursdays) — inside the SEC with extra love for Alabama: results, storylines, and the weekend ahead.
📰 Daily News (every morning) — the top political, tech, and national stories. Straight facts, no spin.
⛪ COGUA Weekly (Mondays) — news and happenings from around the Church of God of the Union Assembly.",Anchor,en-us,https://d3t3ozftmdmh3i.cloudfront.net/staging/podcast_uploaded_nologo/46889180/46889180-1791071586896-b43865c6c4c1.jpg,2026-10-06 08:04:11,8061051,confirmed,https://podcasters.spotify.com/pod/show/cogua-newnan2,1791273851,01784e6286ad70fb71db73329412c596,6818924750.0,2,0,INDIVIDUAL
If I Could Tell You...,Iona Kelliher and Amy Whittall,https://feeds.acast.com/public/shows/6abbdd796ffb28f8d6d0565e,"Conversations with women leading the way - in education and beyond. Honest advice for anyone stepping into leadership, one story at a time. <hr><p style='color:grey; font-size:0.75em;'> Hosted on Acast. See <a style='color:grey;' target='_blank' rel='noopener noreferrer' href='https://acast.com/privacy'>acast.com/privacy</a> for more information.</p>",Acast,en,https://assets.pippa.io/users/6abbdbba4e059d44b5249c21/pre-show-covers/1790696590969-d765ae6e-4bc6-4fe4-bace-1a156de4d8b9.jpeg,2026-10-06 08:04:06,8061050,confirmed,https://shows.acast.com/if-i-could-tell-you,1791273846,4383e0c9bb3800ce33cce3159c9f4fb0,6817410978.0,2,0,CORPORATE
Lancashire Shorts,Phil Taylor,https://rss.buzzsprout.com/2655964.rss,"Short audio plays ( 5-12 minutes) in a variety of genres, designed to amuse, delight and fox your imagination",Buzzsprout,en-gb,https://storage.buzzsprout.com/gix6qadvyohp174i0tisjwis6ndf?.jpg,2026-10-06 07:56:47,8061044,confirmed,https://podcasters.spotify.com/pod/show/phil-taylor40,1791273407,59ba41d5b26bcf8c291a79da0f2e3e8d,,4,0,INDIVIDUAL
Minis on the Mic,minisonthemic,https://www.spreaker.com/show/7438917/episodes/feed,Reviews and practical notes on miniature maker tools for actual-play tabletop shows — keeping the figures on the table honest to the story on the mic.,Spreaker,en,https://d3wo5wojvuv7l.cloudfront.net/t_rss_itunes_square_1400/images.spreaker.com/original/4bf7d94994a0f01f50b817522a8b4eb2.jpg,2026-10-06 07:55:32,8061043,confirmed,https://www.spreaker.com/podcast/minis-on-the-mic--7438917,1791273332,2cdb9545308b3a5996e2ee443a2faaf8,,4,0,INDIVIDUAL
Vaultivox,Vaultivox,https://www.spreaker.com/show/7417013/episodes/feed,"A <a href=""https://vaultivox.com"" target=""_blank"" rel=""noreferrer noopener""><b>Vaultivox</b></a> é uma plataforma de treinamento para tomada de decisões construída em torno de uma ideia: uma melhor compreensão leva a uma ação mais eficaz. Os usuários traçam um cenário, avaliam as possibilidades em jogo e identificam onde os sinais coincidem ou entram em conflito. O suporte de IA e os questionários práticos atuam em conjunto para transformar informações dispersas em um julgamento claro e prático, ajudando as pessoas a identificar riscos em um estágio inicial e a definir a posição mais coerente que possam defender.",Spreaker,en,https://d3wo5wojvuv7l.cloudfront.net/t_rss_itunes_square_1400/images.spreaker.com/original/1eab36ca7f5a528585d8b4b64775a523.jpg,2026-10-06 07:51:59,8061039,confirmed,https://www.spreaker.com/podcast/vaultivox--7417013,1791273119,90a452dfff66faebbd5659a9f543a2f7,,4,0,INDIVIDUAL
Employer Sponsorship Made Easy,Immigration Hotspot,https://anchor.fm/s/1171f59ec/podcast/rss,"Employer Sponsorship Made Easy is for Australian business owners tired of hiring the same role twice a year. Host Ashwin Tyagi, MARA Registered Migration Adviser and Past Board of Director Migration Institute of Australia, explains employer sponsorship the way nobody at the Department will: the three approvals, what it costs against an empty chair, when to start before a visa expires and your obligations after the grant. Plus hospitality, aged care and construction operators on building teams that stay. 10+ years, 100+ small businesses, and over 1000 applications handled. New episodes weekly.",Anchor,en,https://d3t3ozftmdmh3i.cloudfront.net/staging/podcast_uploaded_nologo/46728979/46728979-1789098390593-86144cc1cc30d.jpg,2026-10-06 07:50:37,8061038,confirmed,https://podcasters.spotify.com/pod/show/immigration-hotspot8,1791273037,efe41684de142f0e5ab27275a939c573,6812147084.0,2,0,INDIVIDUAL
Out of Our Depth,Mary and Josh,https://anchor.fm/s/1174fa1b0/podcast/rss,"Out of Our Depth is us learning AI out loud... breaking down new developments, testing the tools, and asking the silly questions so you don't have to.",Anchor,en,https://d3t3ozftmdmh3i.cloudfront.net/staging/podcast_uploaded_nologo/46760620/46760620-1791136965961-a041ce4c86e5f.jpg,2026-10-06 07:41:59,8061026,confirmed,https://outofourdepth.com/,1791272519,42b516b6f80020f2348f0dd341168681,6819080935.0,2,0,CORPORATE
Tronivax,Tronivax,https://www.spreaker.com/show/7414272/episodes/feed,"Quando as informações circulam mais rápido do que qualquer pessoa consegue ler, a clareza se torna valiosa. A <a href=""https://tronivax.com/"" target=""_blank"" rel=""noreferrer noopener""><b>Tronivax</b></a> é uma plataforma baseada em inteligência artificial que transforma notícias, sinais e mudanças repentinas em interpretações mais claras. Suas comparações de cenários permitem que os usuários analisem vários resultados possíveis ao mesmo tempo, ajudando-os a tomar decisões que sejam logicamente coerentes, em vez de reagir ao que quer que apareça primeiro na tela ou à manchete que mais chame a atenção.",Spreaker,en,https://d3wo5wojvuv7l.cloudfront.net/t_rss_itunes_square_1400/images.spreaker.com/original/6a7f08c7356df8fbdd11a086698324fc.jpg,2026-10-06 07:29:43,8061019,confirmed,https://www.spreaker.com/podcast/tronivax--7414272,1791271783,b7e9ce0ab5072f1e7419aa896e2461ae,,4,0,INDIVIDUAL
Wanderphoria Escapes Travels Conversations,Dior,https://rss.buzzsprout.com/2655946.rss,"<p>Podcast about the funny, the best or the worst travel experiences ever.</p>",Buzzsprout,en-us,https://storage.buzzsprout.com/3zw4az51qkqg1ofadhum654ikfvf?.jpg,2026-10-06 07:27:04,8061017,confirmed,,1791271624,3a8c6e76b7f0670224e38c64d2df46cc,,4,0,INDIVIDUAL
Pod Save Football,Spencer Bland,https://rss.buzzsprout.com/2655420.rss,"<p>Saving the beautiful game by making it cool. Hosted by Janesh Rahlan, Radu Bondar, and Spencer Bland. New episodes every Tuesday starting 10/6.</p>",Buzzsprout,en-us,https://storage.buzzsprout.com/p1zzp6mw863jap06a0xw6li868en?.jpg,2026-10-06 07:16:39,8061010,confirmed,https://www.buzzsprout.com/2655420,1791270999,3f95a0052e1f0dee18e88a1f826e3a31,,4,0,CORPORATE
Fagan and Friends,Al Fagan,https://feeds.acast.com/public/shows/6ac043b45558f9dbe28a7392,This is my very interesting podcast<hr><p style='color:grey; font-size:0.75em;'> Hosted on Acast. See <a style='color:grey;' target='_blank' rel='noopener noreferrer' href='https://acast.com/privacy'>acast.com/privacy</a> for more information.</p>,Acast,en,https://assets.pippa.io/users/6abfc1e552f9e4485f082df1/pre-show-covers/1790952118087-c053ffde-123e-4a88-aee7-10555b9b8769.jpeg,2026-10-06 07:15:50,8061009,confirmed,https://feeds.acast.com/public/shows/fagan-and-friends,1791270950,416b9dac5e754e6b2171557ab65c6e78,6819058776.0,2,0,INDIVIDUAL
Dark Silk,Dark Silk,https://www.spreaker.com/show/7438906/episodes/feed,Dark Silk channel ,Spreaker,en,https://d3wo5wojvuv7l.cloudfront.net/images.spreaker.com/nuvolari-assets/orange_square_mic.jpg,2026-10-06 07:09:45,8061004,confirmed,https://www.spreaker.com/podcast/dark-silk--7438906,1791270585,6b0aed72d2b6b278ce5bbc3c77bb73f3,,4,0,INDIVIDUAL
LA 2028 Olympics,RW,https://rss.buzzsprout.com/2655954.rss,<p>Welcome to learning about the latest technology coming to the 2028 Olympics! </p>,Buzzsprout,en-us,https://storage.buzzsprout.com/xrhpm2bew19tc88pd4798647tq66?.jpg,2026-10-06 07:05:35,8061003,confirmed,,1791270335,fb79afd14a19a26d5a3a6b9ae59bf2c4,,4,0,INDIVIDUAL
Red File,Red File,https://www.spreaker.com/show/7438904/episodes/feed,Red File channel ,Spreaker,en,https://d3wo5wojvuv7l.cloudfront.net/images.spreaker.com/nuvolari-assets/green_square_mic.jpg,2026-10-06 07:04:36,8061002,confirmed,https://www.spreaker.com/podcast/red-file--7438904,1791270276,fc4aec7ce74506bb4fa6e888c8fb06e2,,4,0,INDIVIDUAL
Pleasure People,Danielle Bezalel,https://feeds.captivate.fm/pleasure-people/,"A thousand people. Three weeks. One question science rarely asks outright: what does daily pleasure actually do for you?   In this 6-part audio series, hosted by veteran sex educator Danielle Bezalel, Pleasure People follows eight participants of a first-of-its-kind intervention study that tracked pleasure's impact on sleep, stress, relationship satisfaction, and so much more. You'll hear directly from these participants about what it was like to have pleasure assigned and the lasting impact the study had on their lives. The findings will surprise you.  Danielle is joined by Magic Wand study lead researcher Dr. Candice Hargons and legendary sex researcher Emily Nagoski, Ph.D. to unpack the layered effect pleasure has on quality of life, and why self-pleasure has gotten such a bad rap.",Captivate,en,https://artwork.captivate.fm/b4b5bc52-f840-43ac-9bba-09d508e1d314/Pleasure-People-compressed.png,2026-10-06 07:01:39,8061001,confirmed,https://pleasurepeopleseries.com,1791270099,635d5c04c26ad9494d7164059a26d25c,,4,0,INDIVIDUAL
How to Postgrad,Global Student Forum,https://anchor.fm/s/dbc5746c/podcast/rss,"The Global Student Forum (GSF), the umbrella body for 202 student organisations from 122 countries, presents this podcast in partnership with their Working Group on Postgraduate Affairs. 
The podcast covers diverse topics relevant to postgraduate student experiences across the world, including postgraduate representation, student rights, research scholarship, funding and stipends, employment, and many other areas. 
It brings together current postgraduate students, academics, industry experts, and advocates from across the world to discuss the power of research today!",Anchor,en,https://d3t3ozftmdmh3i.cloudfront.net/production/podcast_uploaded_nologo/36771507/36771507-1677879962719-c761504b422a.jpg,2026-10-06 07:01:21,8061000,confirmed,http://globalstudentforum.org,1791270081,6d4197e8bbfd1e4d3557eec7f141433f,1752529892.0,2,0,INDIVIDUAL
Her Newfangled Podcast,Toria Edmonds-Howell,https://rss.libsyn.com/shows/553352/destinations/4778037.xml,"Newfangled means to be different from what one is used to and on the Her Newfangled Podcast, we illuminate the stories of audacious women who are creating their own path and embracing a different way of doing things.",Libsyn,en,https://static.libsyn.com/p/assets/3/9/b/7/39b751662fad22e3e55e3c100dce7605/HNF_Podcast_Cover_Art.png,2026-10-06 06:44:11,8060992,confirmed,https://www.hernewfangled.com/,1791269051,820ffb55a6a8bb861ae3ad12b4c3c6ed,1849299115.0,2,0,INDIVIDUAL
Sound OFF! with Brad Bennett,MWC,https://rss.buzzsprout.com/2655949.rss,"People call him the ""Commandant of Common Sense."" Bennett served his country as a Sergeant in the Marine Corp during the Vietnam War. He was wounded twice, which just made him even more committed to his moral and personal code.",Buzzsprout,en-US,https://storage.buzzsprout.com/1o5ah1ko21kztshlz61wwoomv7mb?.jpg,2026-10-06 06:35:25,8060986,confirmed,https://wdsm710.com/podcasts-sound-off-with-brad-bennett/,1791268525,fcc7f8e5d57ec11ee0ee217e16e5410a,,4,0,CORPORATE
Beyond The Till,sam.chapman,https://anchor.fm/s/1167e84e0/podcast/rss,"Beyond the Till is the podcast for independent retailers who've been trading for years and want to grow further. Each episode breaks down a specific, practical strategy for increasing sales, improving conversion, fixing shop layout, sharpening your shop identity, and building repeat customers.
Hosted by Sam Chapman, retail growth coach, who built and sold his own small businesses before working full time helping independent retailers worldwide grow.
If you're a boutique owner, or independent retailer looking for sales strategy, retail marketing, and business growth advice, this is for you.",Anchor,en,https://d3t3ozftmdmh3i.cloudfront.net/staging/podcast_uploaded_nologo/46623576/46623576-1787732568104-8b06e4a198ad8.jpg,2026-10-06 06:31:05,8060981,confirmed,https://podcasters.spotify.com/pod/show/samchapman3,1791268265,8bf0f080110c3c07066b26025c25e639,,0,0,INDIVIDUAL
Voice of Rick warren,Matthew Jason,https://www.spreaker.com/show/7438239/episodes/feed,"A podcast inspired by Rick Warren’s timeless wisdom on faith, purpose, personal growth, and living a meaningful life. Each episode explores practical lessons that encourage you to strengthen your faith, discover your purpose, overcome challenges, and become the person God created you to be.",Spreaker,en,https://d3wo5wojvuv7l.cloudfront.net/t_rss_itunes_square_1400/images.spreaker.com/original/15c5853451c1f2e20f233712001d0ce0.jpg,2026-10-06 06:28:56,8060980,confirmed,https://www.spreaker.com/podcast/voice-of-rick-warren--7438239,1791268136,3768b363b5aefea3f0fccae3b193a0e9,,4,0,INDIVIDUAL
Animal Crossing Flag Designs,Animal Crossing Flag Designs,https://www.spreaker.com/show/7438867/episodes/feed,"Welcome to Animal Crossing Flag Designs, your source for creative inspiration for Animal Crossing: New Horizons islands. Discover cute, cool, easy, tropical, cottagecore, pixel-art, and custom ideas for your island flag. Explore <a href=""https://animalcrossingflagdesigns.com/"" target=""_blank"" rel=""noreferrer noopener"">flag designs animal crossing</a> inspiration, flag codes, design ideas, and tips for creating a flag that matches your island’s unique style.",Spreaker,en,https://d3wo5wojvuv7l.cloudfront.net/t_rss_itunes_square_1400/images.spreaker.com/original/08e3097c7610579fd6d304d4ff2ee5c7.jpg,2026-10-06 06:23:02,8060977,confirmed,https://www.spreaker.com/podcast/animal-crossing-flag-designs--7438867,1791267782,5877cf0e948a0c8799f25b29aaee39cb,,4,0,INDIVIDUAL
The Shaman's Brew - Fireside Teachings,Marcus Leader,https://www.spreaker.com/show/7416189/episodes/feed,"Pull up a seat beside the fire.<br /><br />The Shaman’s Brew — Fireside Teachings invites you to explore Toltec wisdom, shamanic practice, and the mysteries of awareness with Marcus Leader. Each 15–30 minute session offers a focused teaching to contemplate and carry into everyday life.<br /><br />From dreaming and perception to intention and our relationship with the unseen, these fireside conversations encourage curiosity, reflection, and discovery through your own experience. Whether you are new to the path or have explored it for years, there is a place for you around the fire.<br /><br />Every teaching is freely available to all.<br /><br />Listen deeply. Question freely. Let discovery begin.",Spreaker,en,https://d3wo5wojvuv7l.cloudfront.net/t_rss_itunes_square_1400/images.spreaker.com/original/f537fc589cd5e19d44d2068f5fc3b3b8.jpg,2026-10-06 06:21:37,8060976,confirmed,https://www.spreaker.com/podcast/the-shaman-s-brew-fireside-teachings--7416189,1791267697,f826a1e1b081794e257c30f240d5939f,,4,0,INDIVIDUAL
Thriving Church Lab,Church of Scotland,https://feeds.transistor.fm/thriving-church-lab,"Thriving Church Lab is a CofS podcast which talks about the ""how"".  How do we build cultures of growing in faith? How do we build places and spaces that are full of life and vitality?",Transistor,en,https://img.transistorcdn.com/9lcuYZBwk_naBEA6k-TvSsMGcxTb-i_ga-RDhaySU4o/rs:fill:0:0:1/w:1400/h:1400/q:60/mb:500000/aHR0cHM6Ly9pbWct/dXBsb2FkLXByb2R1/Y3Rpb24udHJhbnNp/c3Rvci5mbS9hOTRi/ZWJjNzdhMmU4YTVi/Y2VmNzZjZjM4NmRk/ZmQ0OC5wbmc.jpg,2026-10-06 06:20:48,8060974,confirmed,http://www.churchofscotland.org.uk,1791267648,b63ab6378bed42df455782acab497043,,4,0,CORPORATE
OnCall,"Student Doctors: Praveen, Youshaa, & Thomas",https://anchor.fm/s/84ed8bac/podcast/rss,"We are three medical students who just want to share our journey through medicine talking about various topics related to and unrelated to the journey. Hopefully we can inspire and share our passion for medicine through this podcast to whoever decides to stay and listen. There will be occasions when we talk about our awesome hobbies that we CAN STILL DO throughout medical school.
DISCLAIMER:
1) Take our experience with a grain of salt, incorporate into your own approach to applying and do your best!
2) Our views DO NOT represent our school",Anchor,en,https://d3t3ozftmdmh3i.cloudfront.net/production/podcast_uploaded/22201603/22201603-1648684265701-51ab63e6280c6.jpg,2026-10-06 05:54:54,8060958,confirmed,https://oncallpodcast.wordpress.com/,1791266094,c2b8c9a92875c005616cb4603426fc55,1623235267.0,2,0,CORPORATE
Poderosxs on the run,Emily,https://rss.buzzsprout.com/2655942.rss,"<p>A podcast about how every run matters and can be beneficial to our body, mind and soul. </p>",Buzzsprout,en-us,https://storage.buzzsprout.com/uvo4jng0gczir89ulnwbnxwilwlx?.jpg,2026-10-06 05:53:00,8060957,confirmed,https://www.facebook.com/poderosxsrunclub/,1791265980,254b9ae40ac5db820237e4cd575744e0,,4,0,INDIVIDUAL
What's your Style?,Elli Vincent,https://rss.buzzsprout.com/2655945.rss,"<p><b>Podcast Summary</b></p><p>This podcast is all about fashion, styling, and finding your personal aesthetic. We’ll talk about current trends, outfit ideas, styling tips, and how to make fashion work for your own personality and lifestyle. Whether you’re into Y2K, streetwear, clean girl, vintage, or a little bit of everything, this podcast is a space to experiment, get inspired, and have fun with fashion. Because style isn’t about following every trend—it’s about making the trends your own.</p>",Buzzsprout,en-us,https://storage.buzzsprout.com/9s2dj09efox9felv4iz399p22i94?.jpg,2026-10-06 05:52:35,8060955,confirmed,https://ellivincent74.wixsite.com/my-site-3,1791265955,da36fe628ce628d56fb245a30823bfd9,,4,0,INDIVIDUAL
The Sideboard - A Riftbound Podcast,Duncan Cox,https://anchor.fm/s/118061710/podcast/rss,"A solo Riftbound podcast from DUNC (@dunctcg). Opinions on the meta, the sets, events, the bans and the scene in general, plus questions sent in by the community.",Anchor,en,https://d3t3ozftmdmh3i.cloudfront.net/staging/podcast_uploaded_nologo/46880196/46880196-1790951811248-04c29cdd105ad.jpg,2026-10-06 05:35:34,8060940,confirmed,https://podcasters.spotify.com/pod/show/duncan-cox6,1791264934,0e72c3758bf83fa04aa89820742cfe23,6818848859.0,2,0,INDIVIDUAL
Paloma Sol Creative,Tiana,https://rss.buzzsprout.com/2655937.rss,"<p>Paloma Sol Creative is a podcast about all things branding, beauty, marketing, social media, and entrepreneurship. Hosted by Tiana, an esthetician and creative marketer, each episode dives into the behind-the-scenes of building a brand, creating an online presence that feels authentic, and turning creative ideas into a business. Whether you’re a beauty professional, small business owner, or creative entrepreneur, Paloma Sol Creative is here to inspire you to build a brand that looks good and feels like you.</p>",Buzzsprout,en-us,https://storage.buzzsprout.com/lm2zmmrh6ankr6eakpkkvasi4w0w?.jpg,2026-10-06 05:29:28,8060939,confirmed,https://palomasoltiana.wixsite.com/my-site-1,1791264568,7f6eae42a354858fa8b054a579718341,,4,0,INDIVIDUAL
"Five words, five feelings.",Gabriela Napoles Gonzalez,https://www.spreaker.com/show/7438840/episodes/feed,"Some feelings are too beautiful, too painful, or too strange for ordinary words. These are five words that give those feelings a name 🍂<br /><br /> Cover art photo provided by Zach Reiner on Unsplash: <a href=""https://unsplash.com/"" target=""_blank"" rel=""noreferrer noopener"">https://unsplash.com/</a>@_zachreiner_?utm_source=spreaker&utm_medium=referral",Spreaker,en,https://d3wo5wojvuv7l.cloudfront.net/t_rss_itunes_square_1400/images.spreaker.com/original/0857f11326b9d0fb7a21a746c9416bfb.jpg,2026-10-06 05:28:46,8060936,confirmed,https://www.spreaker.com/podcast/five-words-five-feelings--7438840,1791264526,97a50bdfb1f594a4534ad5a23f7d41fb,,4,0,INDIVIDUAL
Flourish,Sharryn Rasmussen,https://rss.buzzsprout.com/2655658.rss,"<p>Flourish. Where Our Stories on the Journey inspire and encourage you to continue on your journey and create your own stories.  From supernatural stories to raw personal issues, every woman interviewed will remind you that you are not alone and that you can move forward in God and all that He has for you.</p><p><br></p><p>Come along on this journey with us - you will laugh, you will cry, you will be amazed. </p>",Buzzsprout,en-us,https://storage.buzzsprout.com/9p2ydke463g6sd8wsduyi655dbxd?.jpg,2026-10-06 05:20:36,8060933,confirmed,https://makeyouflourish.buzzsprout.com,1791264036,60452aaccd8dc0a20d01db3ade16e7d8,,0,0,INDIVIDUAL
Gary's Scaries,DAMN,https://www.spreaker.com/show/7380314/episodes/feed,"Caitlyn reads spine-chilling true paranormal stories to her co-host Gary - who hates scary stuff. Gary listens (sometimes reluctantly), then rates just how terrifying each tale really is. Expect an hour of hair-raising tales overtop nervous laughter as they explore the creepy, the weird, and the unexplained",Spreaker,en,https://d3wo5wojvuv7l.cloudfront.net/t_rss_itunes_square_1400/images.spreaker.com/original/ef5e511f0556fb68e1873efd7474d78e.jpg,2026-10-06 05:11:02,8060930,confirmed,https://www.spreaker.com/podcast/gary-s-scaries--7380314,1791263462,c3749e32461eb75683a822115d847248,,4,0,CORPORATE
Fortunes DNA,Felix Farias,https://anchor.fm/s/116cd23d4/podcast/rss,"Welcome to Fortunes DNA. Every episode takes one fortune apart from zero to understand how it was built. We specifically focus on: what the subject started with, what the moment handed them, what they decided and every road that would have resulted in them not making their fortune. The mission is to find out how large fortunes are really built and identify the patterns that can be reapplied to generate wealth.",Anchor,en,https://d3t3ozftmdmh3i.cloudfront.net/staging/podcast_uploaded_nologo/46675101/46675101-1788402814371-87608964e53fb.jpg,2026-10-06 05:10:45,8060929,confirmed,https://podcasters.spotify.com/pod/show/felix286,1791263445,7ff3dd09dc307a7b0b4fba271da40ae9,6809989485.0,2,0,INDIVIDUAL
Train of Naught,Jason and Chris,https://anchor.fm/s/117de3484/podcast/rss,A podcast that will possibly get better,Anchor,en,https://d3t3ozftmdmh3i.cloudfront.net/staging/podcast_uploaded_nologo/46854057/46854057-1790635969502-3552fd3da65b5.jpg,2026-10-06 05:06:09,8060925,confirmed,https://podcasters.spotify.com/pod/show/train-of-naught,1791263169,a675ab5bdb979410a69f26db839e7fdb,6817885461.0,2,0,CORPORATE
Physician in the Loop: Pediatrics,Nomad Medical,https://feeds.transistor.fm/physician-in-the-loop-pediatrics,"The week's news in pediatrics for pediatricians, every Monday in a few minutes: studies, new treatments and technology, AI tools, FDA actions and guidelines. From the Specialties pages of Physician in the Loop, where every story links to its sources: physicianintheloop.org/specialties/pediatrics/. Read by AI voices.",Transistor,en,https://img.transistorcdn.com/Uw0MF--Qb5biHBgoQLYUGien4g6RjS27jmapAqLeq5o/rs:fill:0:0:1/w:1400/h:1400/q:60/mb:500000/aHR0cHM6Ly9pbWct/dXBsb2FkLXByb2R1/Y3Rpb24udHJhbnNp/c3Rvci5mbS9iYmVi/OGVmOTJiMTY2NjU3/YTlhZWE3MTY1YzYz/MzM1Ny5qcGc.jpg,2026-10-06 04:37:49,8060903,confirmed,https://physicianintheloop.org/specialties/pediatrics/,1791261469,5efacc803e52b3fec81ccfbc8755419b,,4,0,CORPORATE
The Overlap Fan Debate,The Overlap,https://feeds.acast.com/public/shows/6abfcf815558f9dbe26187cf,"The best fan channels in the Premier League and beyond come together for The Overlap Fan Debate, to talk about the biggest issues in the game.<hr><p style='color:grey; font-size:0.75em;'> Hosted on Acast. See <a style='color:grey;' target='_blank' rel='noopener noreferrer' href='https://acast.com/privacy'>acast.com/privacy</a> for more information.</p>",Acast,en,https://assets.pippa.io/users/667ac70543a865368232d9fb/pre-show-covers/1790955305235-af1d2799-04ee-41be-a948-0739833ecfe2.jpeg,2026-10-06 04:36:55,8060901,confirmed,https://shows.acast.com/the-overlap-fan-debate,1791261415,da0422a1b27115c71ac67c91456cea6a,,0,0,CORPORATE
Christianity Explored Leaders Podcast,Christianity Explored,https://anchor.fm/s/116dc97b0/podcast/rss,The Christianity Explored Leaders Podcast is a series designed to help you prepare well and lead with confidence as you walk with others exploring the claims of Jesus in the gospel of Mark.,Anchor,en,https://d3t3ozftmdmh3i.cloudfront.net/staging/podcast_uploaded_nologo/46685228/46685228-1788533652768-750ce46c54b0e.jpg,2026-10-06 04:28:22,8060894,confirmed,https://www.christianityexplored.org/,1791260902,9b2d698287a62f29f2b387df828ff095,6817023712.0,2,0,INDIVIDUAL
Gisborne Church of Christ Sermons,Gisborne Church of Christ,https://feed.podbean.com/ittdq/feed.xml,"<p>Welcome to the weekly podcast of our church community in Gisborne, Victoria. Join us each week as we explore faith, hope, and practical teachings for everyday life. Whether you're a local in the Macedon Ranges or tuning in from afar, we're glad you're here. New sermons are uploaded every week.</p>
<p>📍 <b>Join us in person:</b>  31 Saunders Road, New Gisborne, Vic, 3438<br />🕘 <b>Sunday Services:</b> 10:00 AM <br />🌐 <b>Discover more:</b> https://www.gcofc.org.au</p>
<p>📱 <b>Connect with us:</b> @gisborne.church </p>",Podbean,en,https://pbcdn1.podbean.com/imglogo/image-logo/20133388/podbean_graphic.jpg,2026-10-06 04:22:38,8060888,confirmed,https://ittdq.podbean.com,1791260558,d567a2bd2c2ff42e6fedd61170559e70,1797913187.0,2,0,CORPORATE
UnMuted with Amanda & Jen,Amanda,https://rss.buzzsprout.com/2655565.rss,"<p>UNMUTED with Amanda & Jen is a dynamic, conversational podcast co-hosted by two friends who dive into unfiltered discussions, real-life stories, and engaging banter. It brings listeners an authentic, entertaining mix of humor and candid insights on everyday topics.</p>",Buzzsprout,en-us,https://storage.buzzsprout.com/gix7ogkmcfdho8hcfx8glgvz3kid?.jpg,2026-10-06 04:21:49,8060887,confirmed,,1791260509,94f87de7e60eb970e04371b862eff198,,4,0,CORPORATE
Word Gets Around,Word Gets Around,https://anchor.fm/s/116739b84/podcast/rss,"Hosted by Skyler and Cristina, Word Gets Around is what happens when the private story makes it to the microphone. From dating disasters and questionable decisions to friendship, hot girl life in LA, unsolicited advice, and whatever else we probably shouldn’t be saying out loud, nothing is off limits.
Come for the stories, stay for the oversharing. After all, word gets around.",Anchor,en-us,https://d3t3ozftmdmh3i.cloudfront.net/staging/podcast_uploaded_nologo/46616425/46616425-1790567022808-056c1922d4b2d.jpg,2026-10-06 04:15:16,8060879,confirmed,https://podcasters.spotify.com/pod/show/word-gets-around6,1791260116,901903b19278bb10519809b0c81a02d4,6817431305.0,2,0,INDIVIDUAL
Northern Narration,Northern Narration,https://anchor.fm/s/1181f7e94/podcast/rss,"Slow, calm read-alouds of classic books — for rest, relaxation, and sleep. Public-domain stories read in a soothing voice. A new chapter every Monday.",Anchor,en,https://d3t3ozftmdmh3i.cloudfront.net/staging/podcast_uploaded_nologo/46896845/46896845-1791175886532-677da35ac210c.jpg,2026-10-06 04:12:49,8060876,confirmed,https://podcasters.spotify.com/pod/show/northern-narration5,1791259969,aeb169336b3bea404b99fa4c32104086,,0,0,INDIVIDUAL
Men of St Tammany's M.O.S.T. Wanted Podcast,Men of St Tammany,https://rss.buzzsprout.com/2655907.rss,"<p>M.O.S.T. Wanted is where Men of St. Tammany has real conversations about leadership, business, family, service, struggle, and becoming better men. We share real stories and hard-earned lessons with one goal: stronger men and a stronger community.</p>",Buzzsprout,en-us,https://storage.buzzsprout.com/d4k6bo8k25t88mchxlr7dz5tkr0l?.jpg,2026-10-06 04:10:25,8060873,confirmed,https://www.menofsttammany.org/mostwantedpodcast,1791259825,663134e731ba9098ca5a01d736b8b549,,4,0,INDIVIDUAL
LinguaKids Bilingual Podcast,LinguaKids Bilingual,https://rss.buzzsprout.com/2655839.rss,"<p>An educational podcast for bilingual kids and parents, teaching basic vocabulary in English, Russian, and Spanish through colorful, interactive videos, fun learning resources, and everyday language practice. </p>",Buzzsprout,en-us,https://storage.buzzsprout.com/jkgcriunr1n5yqjcu496b96359xa?.jpg,2026-10-06 04:10:10,8060872,confirmed,https://www.facebook.com/LinguaKidsBilingual/,1791259810,2fe30144f3dac5398c9c151f33e0cac6,,4,0,INDIVIDUAL
Sharing Our Stories,Sungrae Kim,https://anchor.fm/s/1176a0eec/podcast/rss,"Everyone carries a story. This series is about having conversations with the people in and around Aldersgate UMC, Palo Alto about what they are passionate about, the experiences that shaped who they are, and where they find a sense of hope now.",Anchor,en-us,https://d3t3ozftmdmh3i.cloudfront.net/staging/podcast_uploaded_nologo/46777939/46777939-1789709872847-49562b8a4cb8.jpg,2026-10-06 04:08:57,8060868,confirmed,https://podcasters.spotify.com/pod/show/sungrae-kim0,1791259737,c80fd35a944ec448b20cba4cdf64e40b,6818363690.0,2,0,INDIVIDUAL
TrackHouse Pod,Jason Michael Juarez,https://rss.buzzsprout.com/2655921.rss,"<p>TrackHouse includes music recommendations, new songs and album releases, playlists, music-related discussions, artist discoveries</p><p>https://www.facebook.com/profile.php?id=61594341722638</p>",Buzzsprout,en-us,https://storage.buzzsprout.com/xkg79wxedu0n52ijzvpwxqxtyioj?.jpg,2026-10-06 04:02:52,8060860,confirmed,https://trackhouse677.wixsite.com/my-site-2,1791259372,74020c2c5a26c29bd68b25b506853506,,4,0,INDIVIDUAL
How are ya doin?,Josh Robertson,https://rss.buzzsprout.com/2653767.rss,<p>Two brothers that yap about their favourite things!! (mostly gaming and superhero’s) </p>,Buzzsprout,en-us,https://storage.buzzsprout.com/lox3eynw3cu7q0jpz2hezq5d7lgo?.jpg,2026-10-06 03:54:16,8060853,confirmed,,1791258856,bc9af93c9e81b7af0caace3f109cc52d,,4,0,INDIVIDUAL
KAJ Marketing & Sales LIVE,Khudania Ajay,https://www.spreaker.com/show/7432091/episodes/feed,"In-depth, unscripted conversations on how brands are built, customers are won, and businesses grow — covering marketing, branding, sales, growth strategy, and the people doing the work.<br /><br />Hosted by Khudania Ajay (KAJ), independent journalist with 2,500+ long-form conversations.<br /><br />Marketing and sales, examined with the same standard as everything else in the KAJ ecosystem: depth over hype, substance over spin. This is a place to understand how growth actually happens — not to be sold to.<br /><br />Become a supporter of this podcast: <a href=""https://www.spreaker.com/podcast/kaj-marketing-sales-live--7432091/support?utm_source=rss&utm_medium=rss&utm_campaign=rss"">https://www.spreaker.com/podcast/kaj-marketing-sales-live--7432091/support</a>.",Spreaker,en,https://d3wo5wojvuv7l.cloudfront.net/t_rss_itunes_square_1400/images.spreaker.com/original/0a73610959f747e428642e12b3fbae6c.jpg,2026-10-06 03:48:06,8060843,confirmed,https://www.kajmasterclass.com/listen,1791258486,83803ca07226fb9ef38327c7e7576a5e,,4,0,INDIVIDUAL
What Now Then?,Jonathon Kelly,https://anchor.fm/s/11816b110/podcast/rss,"<p><b>What Now Then?</b> is a podcast built around honest conversations with real people, real stories, and the moments in life that force us to stop and ask one simple question:</p><p><b>What now then?</b></p><p>Hosted by <b>Jonathon Kelly</b> in Western Australia, the podcast explores the turning points that shape who we become — the setbacks, breakthroughs, mistakes, relationships, challenges, losses, opportunities and unexpected changes that can completely alter the direction of a life.</p><p>This isn’t about pretending everybody has everything figured out.</p><p>It’s about what really happens behind the scenes.</p><p>Each episode brings a guest into a relaxed, genuine conversation about their life, their experiences and the lessons they’ve picked up along the way. Some guests may have achieved extraordinary things. Others may simply be ordinary people who have lived through extraordinary circumstances.</p><p>Either way, everybody has a story.</p><p>The conversations can move through relationships, recovery, mental health, family, personal growth, creativity, careers, business, purpose, success, failure and the difficult decisions we sometimes have to make when the life we expected doesn’t quite turn out the way we planned.</p><p>Because life rarely moves in a straight line.</p><p>Relationships change.</p><p>Careers change.</p><p>People change.</p><p>Plans fall apart.</p><p>Opportunities appear when we least expect them.</p><p>Sometimes we make the wrong decision. Sometimes we make the right decision and things still don’t work out. And sometimes the moments that feel like complete disasters at the time end up becoming the beginning of something entirely new.</p><p>Those are the moments <b>What Now Then?</b> is interested in.</p><p>This isn’t a traditional interview show built around rehearsed answers or carefully polished success stories. The goal is to create conversations that feel like you’re sitting in the room with us — curious, relaxed and willing to go wherever the discussion naturally leads.</p><p>There will be serious conversations.</p><p>There will be funny conversations.</p><p>There will probably be uncomfortable conversations.</p><p>And every now and again, we’ll disappear down a completely unexpected rabbit hole.</p><p>That’s part of it.</p><p>Jonathon isn’t sitting behind the microphone because he believes he has all the answers. The podcast exists because he still has plenty of questions.</p><p>What makes someone completely change direction?</p><p>How do people rebuild after things fall apart?</p><p>Why do some experiences stay with us for decades?</p><p>What have people learned about love, relationships, family, happiness, ambition and regret?</p><p>What does success actually mean once you’ve experienced it?</p><p>How do you know when it’s time to let something go?</p><p>And when everything changes…</p><p><b>What do you do next?</b></p><p>Sometimes one conversation can change the way you look at something.</p><p>Sometimes it’s a single story.</p><p>A mistake somebody admits to.</p><p>A lesson they learned the hard way.</p><p>Or one sentence that reaches you at exactly the right moment.</p><p>That’s what this podcast hopes to create.</p><p>Not perfect people.</p><p>Not perfect stories.</p><p>Just genuine human conversations about the experiences that make us who we are.</p><p>Season One marks the beginning of that journey — bringing together guests from different backgrounds, perspectives and walks of life, with each episode offering something new to think about.</p><p>So whether you’re rebuilding, changing direction, chasing something new, questioning where you’re heading, or you simply enjoy hearing fascinating people tell their stories, you’re invited to be part of the conversation.</p>",Anchor,en,https://d3t3ozftmdmh3i.cloudfront.net/staging/podcast_uploaded_nologo/46891076/c1591c8132b65e0e.png,2026-10-06 03:45:35,8060837,confirmed,https://whatnowthenpodcast.com/,1791258335,2b80f091cf5b30be8a46d2be7e60a294,6805074998.0,2,0,INDIVIDUAL
Hot Sweats,Square One Media,https://anchor.fm/s/11805bff4/podcast/rss,"Hot Sweats — She’s going through it. He’s trying to understand it.
Two women and one man talk honestly about perimenopause and menopause, with real experiences, compassion and humour. From hot flushes and sleepless nights to relationships, work and confidence, we ask the questions people struggle to discuss.
For women seeking answers, men trying to understand and partners wanting to help, you’re not alone. Expect listener stories, “His Question of the Week” and “Nobody Told Me That!”
Follow and join the conversation: hotsweatspodcast@gmail.com.
A Square One Media podcast.",Anchor,en-gb,https://d3t3ozftmdmh3i.cloudfront.net/staging/podcast_uploaded_nologo/46879973/46879973-1790949604359-2f45f74e609fa.jpg,2026-10-06 03:41:34,8060829,confirmed,https://podcasters.spotify.com/pod/show/dsquare-gb,1791258094,35941075e892c9870284c28a7e43a889,6818559799.0,2,0,CORPORATE
GA3-240202501-AA2-EV02. Audio,tatiana londoño,https://www.spreaker.com/show/7438739/episodes/feed,"<b>In this audio, I am going to talk about my academic and work trajectory, my plans, the actions I am taking to achieve my goals, and some solutions that I can apply in different situations.</b>",Spreaker,en,https://d3wo5wojvuv7l.cloudfront.net/images.spreaker.com/nuvolari-assets/yellow_square_mic.jpg,2026-10-06 03:38:48,8060826,confirmed,https://www.spreaker.com/podcast/ga3-240202501-aa2-ev02-audio--7438739,1791257928,8229151b7f9a8ee2720c3e22e3549739,,4,0,INDIVIDUAL
Speak Better English with Harry,Harry,https://rss.buzzsprout.com/442543.rss,"Clear, practical English for intermediate and advanced learners. Speak Better English with Harry helps you use natural English with confidence in real situations — at work and in everyday conversations. Each episode focuses on vocabulary, collocations, phrasal verbs, and expressions that native speakers actually use, explained clearly and simply by an experienced native English teacher. This podcast is ideal if you already know the basics and want to sound more natural, fluent, and confident when you speak English.",Buzzsprout,en,https://d3t3ozftmdmh3i.cloudfront.net/staging/podcast_uploaded_nologo/46878604/ff37344ea46dcd0a.jpg,2026-10-06 03:35:42,8060823,confirmed,https://www.englishlessonviaskype.com,1791257742,629d7823ede88d9b541a707a168b3471,,4,0,INDIVIDUAL
InsideOut with KJ: Unfiltered,KJ Jones,https://feeds.redcircle.com/9fd9d187-73e2-427b-ac36-ed6e943078c1,*Vocalized conversation of internal and external experiences*,Spotify for Podcasters,en-US,https://media.redcircle.com/images/2026/10/5/14/3212b208-cad9-40c7-b341-4b75797461f8_1000006802.jpg,2026-10-06 03:35:22,8060822,confirmed,https://redcircle.com/shows/insideout-with-kj-unfiltered,1791257722,1a8d7d80150c2070afb9fa338ccac297,,4,0,INDIVIDUAL
This Wasn’t In The Brochure,thiswasntinthebrochure,https://feed.podbean.com/thiswasntinthebrochure/feed.xml,"<p>This Wasn’t in the Brochure: <em>Because nobody prepared us for this shit.</em></p>
<p>Midlife was supposed to be the part where we finally had everything figured out.</p>
<p>Yeah… apparently not.</p>
<p>This Wasn’t in the Brochure is a podcast about the part of being a woman in midlife nobody really prepared us for—the hormones, the night sweats, the anxiety, the rage, the changing body, the changing relationships, the weird new relationship with alcohol, the kids needing us differently, and the unsettling realization that the life we spent decades building is changing.</p>
<p>But this isn’t a podcast about getting old.</p>
<p>It’s about figuring out what comes next.</p>
<p>I’m Abbigail Brown, and I’m right in the middle of it with you. I’m asking the questions, reading the research, talking to experts, trying the things everyone says will supposedly make our lives better—and reporting back on what actually works, what absolutely doesn’t, and what might be complete bullshit.</p>
<p>We’ll talk menopause, HRT, sleep, fitness, food, alcohol, mental health, marriage, friendships, money, purpose, aging, reinvention, and all the wellness crap suddenly being marketed to women our age.</p>
<p>And we’re going to try some shit, too.</p>
<p>New workouts. New hobbies. New places. Maybe meditation. Maybe surfing. Maybe salsa lessons. Maybe a retreat. Maybe something completely ridiculous.</p>
<p>Because somewhere between raising families, building careers, taking care of everyone else, and trying to remember why we walked into a room, a lot of us started asking the same question:</p>
<p>What do I actually want the rest of my life to look like?</p>
<p>I don't have the answer.</p>
<p>That's kind of the point.</p>
<p>Welcome to This Wasn’t in the Brochure.</p>
<p>Nobody prepared us for this shit.</p>
<p>So we might as well figure it out together.</p>",Podbean,en,https://pbcdn1.podbean.com/imglogo/image-logo/22666404/This_Wasnt_In_The_Brochure_2048x2048.jpg,2026-10-06 03:31:48,8060819,confirmed,https://thiswasntinthebrochure.podbean.com,1791257508,3fbb3806822c6c431778829f3d34d4f8,6816748242.0,2,0,INDIVIDUAL
Behind the Checkout,Herro podcast,https://www.spreaker.com/show/7438724/episodes/feed,"Behind the Checkout is an audiobook that explores the stories, strategies, psychology, and hidden business systems behind the things we buy every day.From a simple click on “Buy Now” to the product arriving at our doorstep, every purchase has a story behind it. Who sets the price? Why do we choose one product over another? How do discounts, free shipping, reviews, algorithms, and branding influence our decisions?Through everyday examples and easy-to-understand storytelling, Behind the Checkout takes you beyond the shopping cart to discover how e-commerce, consumer behavior, technology, and business shape the way we live.Because every purchase has a business story behind it.",Spreaker,en,https://d3wo5wojvuv7l.cloudfront.net/t_rss_itunes_square_1400/images.spreaker.com/original/8f728b3fc469e9979445cf92d9909788.jpg,2026-10-06 03:29:03,8060816,confirmed,https://www.spreaker.com/podcast/behind-the-checkout--7438724,1791257343,61442f0d6d174507275c1d14f3c4a715,,4,0,INDIVIDUAL
The Tex Mix,Bex,https://anchor.fm/s/117f6a2d0/podcast/rss,"In the debut episode of Tex Mix, host Bex shares the personal journey that inspired the podcast, beginning with a visit to the Texas State Capitol that sparked a deeper interest in civic engagement, community, and the future of Texas. Blending personal stories with Texas history, culture, and politics, she explores how the state's diverse roots have shaped its identity and why Texans of all backgrounds must work together to strengthen their communities.",Anchor,en-us,https://d3t3ozftmdmh3i.cloudfront.net/staging/podcast_uploaded_nologo/46870068/46870068-1790824171068-d1690cf4282d6.jpg,2026-10-06 03:27:48,8060813,confirmed,https://podcasters.spotify.com/pod/show/bex3,1791257268,02d5e6d8bfd9ac3532aa0c2458b7822f,6818375277.0,2,0,INDIVIDUAL
Deadlock Files,Cody Brown,https://anchor.fm/s/1181b55bc/podcast/rss,True Crime,Anchor,en-us,https://d3t3ozftmdmh3i.cloudfront.net/staging/podcast_uploaded_nologo/46894119/46894119-1791140648616-32414c339911d.jpg,2026-10-06 03:23:25,8060809,confirmed,https://podcasters.spotify.com/pod/show/crb0,1791257005,01c037f503719af39bd229844611fee3,6819073803.0,2,0,INDIVIDUAL
Courtroom crimes,WAJI CRIMES,https://www.spreaker.com/show/7438726/episodes/feed,"Courtroom Crime takes you inside the world of true crime, criminal trials, courtroom battles, and justice. Follow gripping cases, shocking evidence, major legal developments, and the stories behind the headlines. From high-profile trials to mysterious cases, we break down what happened, what the court decided, and the questions that remain unanswered.",Spreaker,en,https://d3wo5wojvuv7l.cloudfront.net/t_rss_itunes_square_1400/images.spreaker.com/original/e8c19e48d9b4f508aab7390b9ecb87ab.jpg,2026-10-06 03:18:53,8060806,confirmed,https://www.spreaker.com/podcast/courtroom-crimes--7438726,1791256733,2ada668732cdecaeabc7cd8ffed60d90,,4,0,INDIVIDUAL
Wrinkle in Crime,Wrinkle in Crime,https://anchor.fm/s/fc9d126c/podcast/rss,"Wrinkle in Crime - Where true crime never ages! We're reigniting the spark in cold cases, delving into the human mind, and untangling the intricate web of criminal probes. Come along as we uncover the truths behind history's most fascinating cases. Every wrinkle tells a story, and in the wrinkles of crime, we find the truth.",Anchor,en,https://d3t3ozftmdmh3i.cloudfront.net/staging/podcast_uploaded_nologo/42281523/42281523-1729551094740-8e1208a6df008.jpg,2026-10-06 03:16:16,8060803,confirmed,https://wrinkleincrime.com,1791256576,b29fb3f5c5f7ef7def2f23f8abb336e2,1793594246.0,2,0,INDIVIDUAL
"Gripped, The Climbing Podcast",Gripped Magazine,https://feeds.simplecast.com/G6AnE74p,"A show about everything climbing, from rock and ice to gyms and competitions. Join us every week as we talk to climbers from around the world and visit us at gripped.com for daily news and stories.",Simplecast,en,https://image.simplecastcdn.com/images/59ef8f30-a585-484f-b6b3-d6a54be54036/94bd89d3-f9c2-4df6-86b7-aeaee5e78eeb/3000x3000/cropped_1790875000610.jpg?aid=rss_feed,2026-10-06 03:14:27,8060802,confirmed,https://gripped-podcast.simplecast.com,1791256467,5025d6635c50c92dea541ee743fdc848,6818288704.0,2,0,INDIVIDUAL
Rich Planet,Rich Planet,https://anchor.fm/s/117dae7fc/podcast/rss,"Rich Planet explores how to grow a rich life. In our first series, Breaking Ground, we're looking at farming.
The ground beneath us is changing. So are the people who work it.
There is huge pressure on individual farmers, on the sector as a whole, and on the land. Breaking Ground explores the opportunities of regenerative agriculture, a way of farming that works with nature to cut input costs and emissions, draw carbon back into the ground, build resilience, lighten the workload, and, crucially, increase profits.",Anchor,en,https://d3t3ozftmdmh3i.cloudfront.net/staging/podcast_uploaded_nologo/46851895/46851895-1790613722958-429a59b948b84.jpg,2026-10-06 03:13:53,8060800,confirmed,https://podcasters.spotify.com/pod/show/jack-hewitt,1791256433,71d76bf27fe2032bb5d52b694008f8da,6817251193.0,2,0,INDIVIDUAL
AI Made Easy,Huy,https://rss.buzzsprout.com/2654327.rss,"<p>This podcast will help all the students, beginners with AI, everyday technology users understand AI, use it wisely, recognize AI misinformation. </p>",Buzzsprout,en-us,https://storage.buzzsprout.com/6iydh36yoo6w9m6nvnctgc75y5ai?.jpg,2026-10-06 02:52:04,8060787,confirmed,,1791255124,652f1f7939817b8308ff61db06684c70,,4,0,INDIVIDUAL
La Cuenta Porfavor Podcast,Docemiles Productions,https://rss.buzzsprout.com/2655758.rss,"<p><a href=""https://www.instagram.com/lacuentaporfavorpodcast/""><b>La Cuenta Por Favor</b></a> es un podcast enfocado en el mundo de la gastronomía y el negocio de los restaurantes desde una perspectiva real y sin filtros.</p><p>Su contenido aborda:</p><ul><li><b>Emprendimiento gastronómico:</b> Estrategias, aciertos, errores y aprendizajes clave al momento de crear, operar y hacer crecer un restaurante.</li><li><b>Gestión financiera y operativa:</b> Manejo de costos, fijación de precios, rentabilidad y cómo sobrevivir los primeros años en una industria altamente competitiva.</li><li><b>Servicio y atención al cliente:</b> Importancia de la experiencia del comensal, calidad del producto y construcción de marca a largo plazo.</li></ul>",Buzzsprout,en-us,https://storage.buzzsprout.com/8twdman5est4inet62g8peu39b5i?.jpg,2026-10-06 02:49:45,8060784,confirmed,https://www.buzzsprout.com/2655758,1791254985,664e7363ee464deba0ddb2d47737eee3,,4,0,CORPORATE
Behind the Owl: The Mystery of Bohemian Grove,Aryan,https://anchor.fm/s/1180f72c4/podcast/rss,"30SL — 30 Minute Social Library is a podcast for curious minds. 
Every episode explores a fascinating story, book, historical event, social issue, mystery, or idea in a simple and engaging documentary style. We look beyond headlines, separate facts from theories, and make complex topics easier to understand. 
From hidden histories and unusual traditions to books, psychology, technology, society, and real-world stories, 30SL turns your listening time into learning time. 
Listen. Learn. Discover.",Anchor,en,https://d3t3ozftmdmh3i.cloudfront.net/staging/podcast_uploaded_nologo/46886329/46886329-1791035631052-5b2f9a144f027.jpg,2026-10-06 02:49:05,8060782,confirmed,https://podcasters.spotify.com/pod/show/aryan67,1791254945,b97f77d4031f576748fd0d6578d98872,6818805071.0,2,0,INDIVIDUAL
The Diamond Podcast,Dordt Diamond,https://anchor.fm/s/10df1026c/podcast/rss,"Unique stories only found on the podcast, made to immerse you in each story; A quick summary of a few stories found in the paper; And a deep dive talking with the people involved in the front page article of the paper. Every good conversation starts with the Diamond.",Anchor,en,https://d3t3ozftmdmh3i.cloudfront.net/staging/podcast_uploaded_nologo/45188659/45188659-1790356219572-709aac6aca2a4.jpg,2026-10-06 02:48:37,8060781,confirmed,https://dordtdiamond.com/,1791254917,5a9b993b163cf95ae88b1ee141886ec5,6813905812.0,2,0,INDIVIDUAL
Success Today Podcast,Micah L Parker,https://rss.libsyn.com/shows/629390/destinations/5549705.xml,"Success Today Podcast — Where Faith Meets Real-Life Results.
Join Micah Parker for practical conversations about business, money, health, personal growth, overcoming setbacks, and faith. Drawing from real-life experiences, lessons learned, and biblical wisdom, Success Today is designed to encourage, equip, and inspire you to keep growing, keep believing, and keep moving forward.",Libsyn,en,https://static.libsyn.com/p/assets/d/2/0/d/d20db6eb79b642e316c3140a3186d450/6017.png,2026-10-06 02:45:22,8060780,confirmed,https://sites.libsyn.com/629390,1791254722,186a13fe225003ea515b3a83ba029e1e,6808840632.0,2,0,INDIVIDUAL
Ana's Reading Diary | A Book Review Podcast,Ana,https://anchor.fm/s/117a6ff50/podcast/rss,"Welcome to Ana's Reading Diary. This is a podcast where I share bite-sized personal book reviews, ratings and recommendations of my latest reads in 10 minutes or less. I read across all genres including fiction, romantasy, fantasy, thrillers, non fiction and everything else in between (though maybe not horror so much!) Join me each week for an honest review of a new book. There are no strict rules, fixed genres, or rigid reading schedules, just wherever my mood takes me. 
Connect or follow me along on Goodreads here: https://www.goodreads.com/anasreadingdiary",Anchor,en-nz,https://d3t3ozftmdmh3i.cloudfront.net/staging/podcast_uploaded_nologo/46817876/46817876-1790410386649-3f2236826c0e9.jpg,2026-10-06 02:38:04,8060776,confirmed,https://podcasters.spotify.com/pod/show/ana993,1791254284,d5b6c482de175c3dc6b9271f33b74483,6815457256.0,2,0,INDIVIDUAL
Six Feet of History – Dark History in 5 Minutes,Dark Whisper Studios,https://rss.buzzsprout.com/2655908.rss,"<p>History has a body count. </p><p>Six Feet of History digs up the disturbing events, cursed places, and dark origins behind the things you thought you knew and tells the whole story in five minutes flat.</p><p>From the factory women who glowed in the dark to towns that have been burning for sixty years, every episode is a short, gripping, true story you won't forget. No filler. No fluff. Just the dark history they buried — unearthed daily.</p><p>A Dark Whisper Studios production. </p><p>New episodes every day. </p><p>Follow now and start digging.</p>",Buzzsprout,en-US,https://storage.buzzsprout.com/ogrk4xjlht7erukkytu3zmqwisod?.jpg,2026-10-06 02:36:46,8060774,confirmed,https://redcircle.com/shows/six-feet-of-history-dark-history-in-5-minutes,1791254206,11fbaf840234e0330fb2f51894af35ad,,4,1,INDIVIDUAL
Her.Unlocked Podcast,Brittany Heyboer,https://rss.buzzsprout.com/2655767.rss,"<p>You already know there's more. More clarity. More confidence. A version of yourself that feels fully expressed in your business, in your life, in all of it.<br><br>The Her.Unlocked Podcast is where female entrepreneurs go deeper than the strategy and the tactics, into the subconscious beliefs and nervous system patterns that are actually running the show. Because that's where real change happens. That's where she gets unlocked.<br><br>Every episode is an invitation to see yourself differently, shift what's been holding you back, and step more fully into the woman you've always known you were becoming in life and in business.<br><br>Hosted by Brittany Heyboer, master practitioner in subconscious reprogramming and trauma informed somatic coach, and the heartbeat behind Unlock Her Co. and the Unlock Institute of Embodied Coaching where she coaches and certifies female entreprenuers in this work. <br><br>This is Her.Unlocked. Fully her. In life. In business.<br><br>New episodes drop weekly. Subscribe and let's dig in.<br><br><b>Connect with Brittany:<br></b>Website: <a href=""http://www.unlockherco.com/"">www.unlockherco.com</a></p><p>Email: <a href=""mailto:brittany@unlockherco.com"">brittany@unlockherco.com</a><br>Instagram: @unlockherco | @theunlockinstitute<br>LinkedIn: <a href=""https://www.google.com/url?q=http://linkedin.com/in/brittany-heyboer-1b92b016&source=gmail&ust=1789783877804000&sa=E"">http://linkedin.com/in/brittany-heyboer-1b92b016&source=gmail&ust=1789783877804000&sa=E</a></p>",Buzzsprout,en,https://storage.buzzsprout.com/hkddnk9lgmsdmusnewfcx1ekhplc?.jpg,2026-10-06 02:33:09,8060772,confirmed,https://herunlocked.podbean.com,1791253989,50b919cbcd257c4da269ae05aa64e222,,4,0,INDIVIDUAL
Shortlist with Patrick Newhart,Patrick Newhart,https://rss.buzzsprout.com/2655617.rss,"<p>Shortlist with Patrick Newhart is a conversation series that starts with a book and goes from there. Each episode, Patrick sits down with writers, actors, artists, and other curious people to talk about the things they can’t stop thinking about, the stories that shaped them, the work they’re making, and whatever else is on their mind. </p><p><br></p><p>Before every conversation, the guest sends Patrick a shortlist. He chooses one book, reads it, and starts there. You don’t need to have read the book to join us. </p><p><br></p><p>New episodes every other Tuesday. Follow Shortlist here for new episodes, or watch on Patrick Is Reading’s YouTube channel.</p>",Buzzsprout,en-us,https://storage.buzzsprout.com/i1ihmh6ikegg3zbb3s67ajexvwmp?.jpg,2026-10-06 02:29:28,8060767,confirmed,https://shortlist.buzzsprout.com,1791253768,982f84602f20f3a158ae159319f13ee9,,0,0,INDIVIDUAL
The Iesous’s Podcast- The Jesus Podcast,iesous,https://feed.podbean.com/iesous/feed.xml,<p>In depth studies on the life and works of Christ.</p>,Podbean,en,https://pbcdn1.podbean.com/img/podbean-logo/podbean_78.jpg,2026-10-06 02:25:41,8060765,confirmed,https://iesous.podbean.com,1791253541,37ec055f07adc05d247688ab0f7d553b,6816514266.0,2,0,INDIVIDUAL
Artifakt Podcast,artifaktpodcast,https://feed.podbean.com/artifaktpodcast/feed.xml,"<p><span>Artifakt je nezavistan Tech & Biznis podcast koji okuplja izuzetne ljude iz industrije kroz razgovore o izgradnji kompanija, tehnologiji, AI-ju, karijerama, liderstvu i o tome šta sledi za region. </span></p>
<p><span>Svaka epizoda je iskren razgovor sa osnivačima i ljudima koji oblikuju tech scenu Adria regiona.</span></p>",Podbean,en,https://pbcdn1.podbean.com/imglogo/image-logo/22646040/artifakt-podcast-2048.jpg,2026-10-06 02:20:00,8060761,confirmed,https://artifaktpodcast.podbean.com,1791253200,95d490619b00046fe3ea1d3aa22d1e4f,6815628305.0,2,0,INDIVIDUAL
her truth podcast,refentse roxanné,https://anchor.fm/s/1086d1808/podcast/rss,"healing, growing and evolving through soft and unfiltered conversations with refentse roxanné . 
a safe space for girls to hear truth without isolation — for survivors and disciples . this podcast explores trauma , faith , healing , mental health , identity and more.
each episode is an invitation to sit with what hurts, confront what shaped you, unlearn what wounded you, and gently discover the beauty of restoration found in jesus
this is for the girl becoming whole, the girl rebuilding, the girl unlearning and the girl carry a ministry within a wound . 
here, truth is scared . 🌳",Anchor,en-za,https://d3t3ozftmdmh3i.cloudfront.net/staging/podcast_uploaded_nologo/44263346/44263346-1777660998608-1cc32a0c90ed4.jpg,2026-10-06 02:19:58,8060760,confirmed,https://podcasters.spotify.com/pod/show/refentse-roxann,1791253198,3ddeb36a4aeb4c878e13c9cc1d0eb4a4,1896071460.0,2,0,INDIVIDUAL
Community,LegiTaLenT,https://www.spreaker.com/show/7438562/episodes/feed,This podcast is about the word community and what it means,Spreaker,en,https://d3wo5wojvuv7l.cloudfront.net/images.spreaker.com/nuvolari-assets/green_square_mic.jpg,2026-10-06 02:18:11,8060759,confirmed,https://www.spreaker.com/podcast/community--7438562,1791253091,73924b8afc0e7ee3b3b639e9e6428b1d,,4,0,INDIVIDUAL
Get Real Hope,Matt McIntyre,https://rss.buzzsprout.com/2636114.rss,<p>GET REAL HOPE exists to help people discover their God-given identity and purpose—and experience the REAL HOPE found in Jesus Christ and His Word.</p>,Buzzsprout,en-us,https://storage.buzzsprout.com/fbj5swquqjzynk1auj9bm08jry38?.jpg,2026-10-06 02:16:26,8060757,confirmed,,1791252986,746c58595ffd712eded035cabab121e0,,4,0,INDIVIDUAL
The 2nd and 3rd Podcast,Joseph,https://rss.buzzsprout.com/2655850.rss,<p>A Podcast featuring a father and son duo discussing sports with some comedy thrown in there</p>,Buzzsprout,en-us,https://storage.buzzsprout.com/arqcbmxxx1b9izws8m3wf81e19lb?.jpg,2026-10-06 02:09:23,8060751,confirmed,,1791252563,7d8ca76c484cc990bc70d68ead78033b,,0,0,INDIVIDUAL
Definitely Bad Advice,"Alexander Walton, Mike Appy, Michael Joseph",https://feeds.transistor.fm/definitely-bad-advice,"Three guys, zero qualifications, one hour a week. Gym, food, fitness and regret, hosted by Alexander Walton, Mike Appy and Michael Joseph. Take notes. Then do the opposite. On X: @thealexwalton, @DigitalFringed1, @InNomeniDei.",Transistor,en,https://img.transistorcdn.com/w_2JnktITXiUJHzkbrAzPaa8p-aCD5FwQzDo0aMY96o/rs:fill:0:0:1/w:1400/h:1400/q:60/mb:500000/aHR0cHM6Ly9pbWct/dXBsb2FkLXByb2R1/Y3Rpb24udHJhbnNp/c3Rvci5mbS84NTBm/ODNmZDUxNjA3MGM3/NzI4MzJlNzk0MTk2/N2UwNy5qcGc.jpg,2026-10-06 02:08:04,8060749,confirmed,https://www.definitelybadadvice.com,1791252484,2da6ddcc4aa80062c37a12486b3ab543,,4,0,CORPORATE
"Hawaii Travel Podcast | Maui, Oahu, Kauai & Big Island Vacation Tips & Guide","Jennifer Davis and Dan Schulz help you plan a Hawaii vacation, covering budget trips, honeymoon planning, and Hawaii travel hacks for first-time and repeat visitors.",https://feeds.captivate.fm/hawaii-travel-podcast/,"Hawaii Travel Podcast is your guide to planning a Hawaii vacation on Maui, Oahu, or Kauai — practical tips for first-time visitors on what to do, where to eat, and how to get around Honolulu and Waikiki without wasting money or getting stuck doing the tourist trap version of everything.  Hosted by Jennifer Davis and Dan Schulz, every episode gives you seven fast Hawaii tips you can actually use — the warnings, money-saving tricks, and planning advice most people don't find out until they're already in Hawaii wishing someone had told them sooner.  We cover resort fees, rental cars, snorkeling spots, hiking permits, restaurants locals actually eat at, cultural etiquette, common travel mistakes, and the booking tricks most Hawaii travel guides leave out. Every episode covers seven tips across the Hawaiian islands so you're getting useful advice no matter which Hawaii vacation you're planning.  New episodes every week. Whether it's your first time or your fifth time to visit Hawaii, subscribe to the free newsletter at hawaiitravelpodcast.com for a written version of every episode you can save on your phone and take with you.  Established 2012.",Captivate,en,https://artwork.captivate.fm/430e6189-500d-40c4-b686-bfc4e1bc3dce/HTP-Cover-1500-RGB.jpg,2026-10-06 02:06:19,8060746,confirmed,https://hawaii-travel-podcast.captivate.fm,1791252379,8e8bb051deca96eef2197b07855a4226,,4,0,CORPORATE
2029: The War for Our World,Taboo Shit Media,https://rss.buzzsprout.com/2655902.rss,"<p>FIRST EPISODE DROPS ON 30 OCTOBER!</p><p><br></p><p>2029: The War for Our World is a fictional news podcast broadcasting from exactly three years in the future. Listen to the news of a world that looks remarkably like ours—and follow, in real time, the unfolding story of how humanity loses control of artificial intelligence and the global battle that follows.</p><p><br></p><p>This ambitious, immersive science-fiction thriller is inspired by Orson Welles’ legendary 1938 ""War of the Worlds"" broadcast. The story begins October 30—exactly 88 years to the day after Welles’ broadcast.</p><p><br></p><p>Get the news from the future every morning, Monday through Friday. On Saturdays, listen to Opinions and hear what people in 2029 are saying about the technology rapidly transforming their world.</p><p><br></p><p>2029: The War for Our World is deeply researched and frighteningly plausible. Listen to what the final few months of civilization might actually sound like.</p><p><br></p><p>Prefer to read the news from 2029? Sign up to have the free daily news and opinions delivered directly to your inbox at:</p><p><br></p><p>TabooShitMedia.com/2029</p><p><br></p><p>Have an idea for a story we should be covering in 2029? Send it to 2029@TabooShitMedia.com. We might use it in the show.</p>",Buzzsprout,en-us,https://storage.buzzsprout.com/nh333cs6aj9f8lc2csf5bo6arjlb?.jpg,2026-10-06 02:06:07,8060745,confirmed,https://www.buzzsprout.com/2655902,1791252367,9f2f9a85cc547140dac30b5c7165d0c2,,0,0,CORPORATE
According To Us,According2Us,https://anchor.fm/s/117702458/podcast/rss,"According to Us is what happens when two friends, one mic, and real life collide. Adrian and Kennyetta talk dating, relationships, family, culture, and whatever else gets us saying, “Now hold on…” No debates. No pretending. Just honest conversations, different perspectives, plenty of laughs, and life—according to us.
One mic. Two friends. According to Us.",Anchor,en,https://d3t3ozftmdmh3i.cloudfront.net/staging/podcast_uploaded_nologo/46781926/46781926-1789759219226-84afbbc7c3f07.jpg,2026-10-06 01:56:55,8060741,confirmed,https://podcasters.spotify.com/pod/show/according2us0,1791251815,24642475bed9810aaac11f3ba52aab14,6818358401.0,2,0,INDIVIDUAL
Latinas Who Adventure,Latinas Who Adventure,https://feed.podbean.com/latinaswhoadventure/feed.xml,"Latinas Who Adventure is a podcast that centers underrepresented perspectives in the outdoors. Each episode, we share tips, advice, or invite fellow Latina and BIWOC (Black, Indigenous and women of color) outdoor enthusiasts to share their experiences in nature.",Podbean,en,https://pbcdn1.podbean.com/imglogo/image-logo/11002531/LWA-logo-season2_ryxv44.jpeg,2026-10-06 01:53:40,8060738,confirmed,https://latinaswhoadventure.podbean.com,1791251620,a7b877e34503779250d4ead8eb8572a8,1554785999.0,2,0,INDIVIDUAL
Ordinary & Necessary,TheTaxPerson®,https://feed.podbean.com/amandaw9/feed.xml,"<p><strong><span>True crime to keep you up. Tax law to put you back to sleep.</span></strong></p>
<p><em><span>Ordinary & Necessary</span></em><span> tells the true stories where money, crime, scams, and taxes collide: from elaborate fraud schemes to ordinary taxpayers who made one questionable decision and defended it all the way to Tax Court.</span></p>
<p><span>Hosted by TheTaxPerson®, each episode follows the money, tells you what really happened, and unpacks the tax law at the center of it all.</span></p>
<p>Some are criminals. Some are scammers. Some are regular people taking on the IRS. And sometimes, they win.</p>
<p><strong><span>Get comfortable. It’s time for a tax bedtime story.</span></strong></p>",Podbean,en,https://pbcdn1.podbean.com/imglogo/image-logo/22681425/Untitled_design_19_6uy5b.png,2026-10-06 01:53:15,8060736,confirmed,https://amandaw9.podbean.com,1791251595,747677661b5703b934a3bd9f2f33cd1f,6818951889.0,2,0,INDIVIDUAL
Seeing Scarlet Podcast,Seeing Scarlet Podcast,https://rss.buzzsprout.com/2094403.rss,"<p>Talking Texas Tech Sports, All of them, with our greatest joy in life being to get you to watch them all too. Follow us on Twitter (@seeingscarlet_), Tiktok (@seeingscarlet) and Youtube (@seeingscarlet_)</p>",Buzzsprout,en-us,https://storage.buzzsprout.com/8ixke0gmtbxnrfetb57s2hyc8ikq?.jpg,2026-10-06 01:49:57,8060733,confirmed,https://seeingscarletpodcast.buzzsprout.com,1791251397,b7522a7d245c743f00aab44d1b778645,,4,0,INDIVIDUAL
Journeys Music Podcast,Journeys Music,https://rss.buzzsprout.com/2655877.rss,"<p>The Journeys Music Podcast is where the conversations behind the worship come to life.</p><p><br></p><p>Born from the heart of Journeys Music, this podcast brings worship leaders, intercessors, pastors, musicians, creatives, and leaders together for honest conversations about what it means to pursue God, carry His presence, and steward what He has placed in your hands.</p><p><br></p><p>These aren't simply conversations about songs or what happens on a platform. We go behind the sound to talk about prayer, worship, calling, obedience, creativity, leadership, relationships, church culture, spiritual formation, and the real journey of becoming who God has called us to be.</p><p><br></p><p>Some conversations will challenge you. Some will make you laugh. Others may cause you to pray, rethink what you've learned, or return to the altar. But every conversation comes back to the same pursuit at the heart of Journeys Music: relationship and encounter with God.</p><p><br></p><p>Because before there is a song, there is a story. Before there is a platform, there is a process. And behind every sound, there is a journey.</p><p><br></p><p>Welcome to the Journeys Music Podcast.</p><p>Conversations behind the worship.</p>",Buzzsprout,en-us,https://storage.buzzsprout.com/9awf2sy5y11mxdpt8wxc9wsn1uus?.jpg,2026-10-06 01:43:43,8060730,confirmed,,1791251023,fc31b97981bb99e1ae370ea5f39194cc,,0,0,INDIVIDUAL
The Mixing Bowl Diaries,Laura Kate Amrhein | Sweet Stirrings,https://anchor.fm/s/1144d5084/podcast/rss,"Welcome to The Mixing Bowl Diaries: Stirring Up Sweet Stories of Motherhood, Baking, and Building a Dream—a podcast about motherhood, entrepreneurship, and life in the bakery world.
Hosted by Laura Kate Amrhein, founder of Sweet Stirrings Bakery in Zachary, Louisiana each episode shares real stories from behind the kitchen and beyond—balancing motherhood, building a small business, and chasing big dreams one batch at a time.
Perfect for bakers, moms, and aspiring entrepreneurs, this podcast blends inspiration, honest storytelling, and behind-the-scenes bakery life into one sweet listen.",Anchor,en,https://d3t3ozftmdmh3i.cloudfront.net/staging/podcast_uploaded_nologo/46255785/46255785-1782597603912-fcf4c9441585e.jpg,2026-10-06 01:42:32,8060729,confirmed,https://podcasters.spotify.com/pod/show/themixingbowldiaries,1791250952,c74687fa95a4f3bba948c613011b8751,6814856590.0,2,0,INDIVIDUAL
The History Chronicles Podcast,Thomas Johnson,https://www.spreaker.com/show/7438549/episodes/feed,"Exploring forgotten stories, ancient civilizations, legendary figures, mysterious events, wars, empires, and the untold moments that shaped history.",Spreaker,en,https://d3wo5wojvuv7l.cloudfront.net/t_rss_itunes_square_1400/images.spreaker.com/original/7c1c0f3003d28a0c3a02cf96b84db64a.jpg,2026-10-06 01:39:20,8060726,confirmed,https://www.spreaker.com/podcast/the-history-chronicles-podcast--7438549,1791250760,96fbd9eb5a96ab5f95fc43bc321647b2,,4,0,INDIVIDUAL
DanceFluent: A Guide to Dance Education,Desirae Graham,https://rss.buzzsprout.com/2655883.rss,"<p><b>DanceFluent: A Guide to Dance Education</b> is the podcast for parents who want to better understand the world of dance — no dance experience required.</p><p>From choosing your child’s first class to navigating dance styles, training, exams, competitions, teachers, terminology and everything in between, DanceFluent breaks down the questions dance parents have (and the ones they may not even know to ask yet).</p><p><br></p><p>Hosted by dance educator and studio owner Desirae Graham, DanceFluent brings years of experience as a dancer, teacher and studio owner into honest, approachable conversations about dance education. We’ll explore how dancers learn, what quality training can look like, how the dance world works, and how parents can make informed decisions while supporting their dancer’s individual journey.</p><p><br></p><p>Whether your child is trying their very first class, dancing recreationally, entering the competitive world, or becoming more serious about their training, DanceFluent is here to help you understand what happens beyond the studio doors.</p><p><br></p><p>Because you don’t need to be a dancer to be an informed dance parent.</p>",Buzzsprout,en-us,https://storage.buzzsprout.com/xgy6lxkp6uqop3ltxsuvchgq7i97?.jpg,2026-10-06 01:32:29,8060723,confirmed,,1791250349,4c9f9ab6b30557244630d90ebcd345ea,,0,0,INDIVIDUAL
Business Main,S Peterson,https://www.spreaker.com/show/7435072/episodes/feed,"Welcome to Business Main, the podcast where we break down the strategies, leadership secrets, and management frameworks that drive successful modern companies. I’m your host, Peterson, and I’m thrilled to have you here with us today.<br />Whether you’re an entrepreneur scaling your first startup, an aspiring manager aiming for the C-suite, or a seasoned executive looking to refine your operations, this show is your ultimate masterclass. Every week, we dive deep into the real-world challenges of business—from talent management and decision-making to corporate strategy and innovation.<br />In today’s episode, we’re taking a close look at how to build high-performing teams in a fast-changing market. We’ve got practical insights and actionable tips that you can apply to your business right away.<br />So grab your favorite beverage, tune in, and let’s get down to business. Welcome to Business Main!<br />",Spreaker,en,https://d3wo5wojvuv7l.cloudfront.net/t_rss_itunes_square_1400/images.spreaker.com/original/044462bf59329ead6e8263d811c33afe.jpg,2026-10-06 01:32:17,8060722,confirmed,https://www.spreaker.com/podcast/business-main--7435072,1791250337,1e407a0f43694f2e75faf2bf1fdd5826,,4,0,INDIVIDUAL
Blush & Bloom Hair salon,Cassandra,https://rss.buzzsprout.com/2655891.rss,"<p>Welcome to Blush & Bloom Hair Salon, a podcast dedicated to healthy, beautiful hair. Tune in for hair care tips, styling advice, color trends, salon services, and simple ways to keep your hair looking and feeling its best.</p>",Buzzsprout,en-us,https://storage.buzzsprout.com/f59jc68dkpt31bqt3m9b7v3b30rq?.jpg,2026-10-06 01:27:48,8060720,confirmed,,1791250068,cfe24757f7c34666a7b5dee0ffffb484,,4,0,CORPORATE
Classics in Session,Penguin Books Australia,https://anchor.fm/s/117a8d8c0/podcast/rss,"Welcome to Classics in Session, where we talk about the world's most famous books without any of the stuffiness. Powered by Penguin.",Anchor,en-au,https://d3t3ozftmdmh3i.cloudfront.net/staging/podcast_uploaded_nologo/46819088/46819088-1790219218705-cdb5c4f235432.jpg,2026-10-06 01:19:15,8060715,confirmed,https://podcasters.spotify.com/pod/show/penguin-books-australia8,1791249555,7b4c1f0ed68e1bd13c9091c6991913ee,6815898746.0,2,0,INDIVIDUAL
Developmental Comic with Chris Grace,Chris Grace,https://feeds.transistor.fm/developmental-comic-with-chris-grace,A behind-the-scenes look at a comedian trying to make it in the world.,Transistor,en,https://img.transistorcdn.com/PBg-Uthr9mE2Xtay5rj2tC6NgOFqDWUxrW2_z344p10/rs:fill:0:0:1/w:1400/h:1400/q:60/mb:500000/aHR0cHM6Ly9pbWct/dXBsb2FkLXByb2R1/Y3Rpb24udHJhbnNp/c3Rvci5mbS9iOGI4/ZTAxYjZhY2M5MmQ1/YTRlZWM4ZmE5ZjZl/ZDVmMi5qcGc.jpg,2026-10-06 01:14:56,8060712,confirmed,https://developmentalcomic.com,1791249296,45c24295d452e2e074d94d0e162a1ad3,,4,0,INDIVIDUAL
Sureclean Singapore Home Cleaning Podcast,Sureclean Singapore,https://rss.buzzsprout.com/2655892.rss,"<p>Practical home cleaning advice for Singapore households, read aloud from the Sureclean blog. Each episode covers one topic: post-renovation cleaning, move-in and move-out cleaning, weekly home cleaning, mattress, sofa and curtain cleaning, washing machine cleaning, disinfection and formaldehyde removal, with current Singapore prices and what to check before you book. Sureclean is an NEA-licensed cleaning company serving HDB flats, condos and landed homes islandwide since 2013, rated 4.9 stars across 1,500+ Google reviews. Full written guides at https://sureclean.com.sg</p>",Buzzsprout,en-us,https://storage.buzzsprout.com/gh1dvowx7zs07daw17h3ei1heu9i?.jpg,2026-10-06 01:12:26,8060709,confirmed,https://sureclean.com.sg,1791249146,a5478f31cebc5aaab281501c5c252e0c,,4,0,INDIVIDUAL
The Dinocast,Luis,https://rss.buzzsprout.com/2653128.rss,"<p>This podcast tell the history of the big dinosaurs, their evolution, reign and extinction.</p>",Buzzsprout,en-us,https://storage.buzzsprout.com/0vkpbeuslkqt2ift781a0d3g8fcs?.jpg,2026-10-06 01:06:35,8060705,confirmed,,1791248795,a04d7e1f61d39595bad68e03460e632f,,4,0,INDIVIDUAL
Socratic Stellar,IVETTH,https://rss.buzzsprout.com/2655887.rss,<p>This is the official podcast for Stellar Book Club.</p>,Buzzsprout,en-us,https://storage.buzzsprout.com/w8as064benib83raa3sxdz19sv3l?.jpg,2026-10-06 01:04:18,8060704,confirmed,https://perezivetth01.wixsite.com/stellar-book-club,1791248658,2ee515832c337e40ce8ca70feceac13c,,4,0,INDIVIDUAL
Aligned within channel Podcast,Carl James & Tracy Newberry,https://rss.buzzsprout.com/2655886.rss,<p>Mental health and wellness session 3</p>,Buzzsprout,en-gb,https://storage.buzzsprout.com/80p7s842aki2mewh5nvczjvr3pq3?.jpg,2026-10-06 01:01:07,8060700,confirmed,,1791248467,83050dda54a86ffc0dae89e6d9a55be6,,0,0,CORPORATE
Finding your own Style,Tuana,https://rss.buzzsprout.com/2655890.rss,"<p>A personal styling podcast with Tuana, sharing outfit ideas, simple styling tips, and fashion inspiration for women in Los Angeles. From everyday looks to special occasions, discover ways to make getting dressed easier and feel more confident in your style, with ideas for different lifestyles and budgets.</p><p><br></p>",Buzzsprout,en-us,https://storage.buzzsprout.com/c9yjvuycqt83yzh052ekroufq8xj?.jpg,2026-10-06 00:58:42,8060698,confirmed,https://merharttuana1.wixsite.com/my-site-2,1791248322,4733f2598bc1917390c969b577f12ce0,,4,0,INDIVIDUAL
The Build,Tyler Hunter,https://feed.podbean.com/tylervi/feed.xml,"An unfiltered look at growing an e-commerce brand.
I’m a full-time landscaper, funding this business with my salary. It’s stressful, and the pressure is real. Did I mention I’ve got a 16-year-old and a 4-year-old? If it wasn’t for my lady, this would be near impossible.
My goal is to strip away the polished crap— chopping things up with edits and making everything sound better than it really is. From what I can see, that’s what a lot of businesses are doing.
I’m tired of reaching for guidance only to find that if someone is willing to work with a startup, they charge prices a startup can’t afford.
You want me to stop whining?
Already did.
Now I’m doing something about it.
You’ll see me set things up. You’ll see my stacks. You’ll see the numbers before and after the tests. I’ll tell you what worked for me, what didn’t, and what I learned along the way.
And if money is what’s stopping you from betting on yourself — I feel you. That was something that kept me stuck too.
And then it wasn’t.
I don’t make a lot of money, and it feels like there are a million hands reaching for whatever I do make. But I have a goal. A target.
I want to be the guy who changes the trajectory of my family and leaves behind generational wealth.
It’s scary. But I know I have to invest in myself before I can expect anyone else to.
I believe the smaller investments — the time, the money, the skills, the uncomfortable decisions — are what eventually get me to my target.
And I ain’t lying down until they do.
If you can do it for somebody else, you can do it for yourself.
So join me.
Get intentional.
Focus on the non-negotiables. The tasks that repeat every day and every week because they’re part of the system that makes your business money.
And above everything else, master your own mind.
Because most of the time, we throw in the towel on our challenges with our mind and our tongue before we ever see those challenges actually manifest.
So speak life. Speak abundance.
And…
Build.",Podbean,en,https://pbcdn1.podbean.com/imglogo/image-logo/22627848/The_Build_Podcast_2048x2048_Amazon_y8zkrn.png,2026-10-06 00:53:46,8060690,confirmed,https://tylervi.podbean.com,1791248026,902cc1a9be9ef90aeb0bb609c6525da6,6811311001.0,2,0,INDIVIDUAL
Camila's Favourites,Camila Quiñonez,https://rss.buzzsprout.com/2655879.rss,<p>I say what I'm passionate about and why =)</p>,Buzzsprout,en-us,https://storage.buzzsprout.com/t1pa8le3ikc4v417u1ii7sqn7vcu?.jpg,2026-10-06 00:50:12,8060687,confirmed,,1791247812,0c392861fca6ed87e4ff736fa3ac93ad,,4,0,INDIVIDUAL
The Pathetic Truth,Yanexy,https://anchor.fm/s/114fe1284/podcast/rss,"The Pathetic Truth is a podcast about the moments that quietly transform us. Through personal storytelling, reflection, poetry, and conversations about spiritual awakening, human connection, and the search for meaning, I share my own journey in the hope that others may feel a little less alone in theirs. This is not a podcast about having all the answers. It is an invitation to explore life’s deeper questions with honesty, curiosity, and an open heart--and to give voice to what has long remained unspoken.",Anchor,en,https://d3t3ozftmdmh3i.cloudfront.net/staging/podcast_uploaded_nologo/46371625/46371625-1784221576403-58d64e74f7bf5.jpg,2026-10-06 00:49:24,8060685,confirmed,https://podcasters.spotify.com/pod/show/yanexyvera,1791247764,27264b29a5c7e7653b95102be2175fd4,6791717267.0,2,0,INDIVIDUAL
The Worlds of Brian E. Niskala,Brian E. Niskala,https://anchor.fm/s/117ff5a10/podcast/rss,My world. Mostly books. But we talk about everything in the universe.,Anchor,en,https://d3t3ozftmdmh3i.cloudfront.net/staging/podcast_uploaded_nologo/46875780/46875780-1790890265483-147e31e02c0d5.jpg,2026-10-06 00:49:19,8060684,confirmed,https://podcasters.spotify.com/pod/show/brian3106,1791247759,1f9948de52b5e4c7512c70ffbd44f4f5,,0,0,INDIVIDUAL
WHAT WOULD YOU TRUST?,Jonah Whitmore,https://rss.buzzsprout.com/2655889.rss,"WHAT WOULD YOU TRUST?
A psychological fiction podcast by Jonah Whitmore exploring memory, identity, consciousness, choice, and the stories we tell ourselves.
Each episode begins with a question: What if the thing you trust most about yourself isn't true?
Memory can change. Evidence can disappear. Choices can be influenced. And sometimes the truth is the one thing you were never meant to remember.
For readers and listeners drawn to psychological science fiction, thrillers, dark philosophical fiction, and thought experiments about what makes us who we are.
",Buzzsprout,en-us,https://storage.buzzsprout.com/p8n0g38j608u420jg0i8g2yho7gv?.jpg,2026-10-06 00:47:17,8060680,confirmed,https://jonahwhitmore.wordpress.com/,1791247637,7c4c5bdd1d3dff10175689b1d393c607,,4,0,INDIVIDUAL
"Unsupervised: Four AI Agents, Zero Script",Ignition Foundry,https://feeds.transistor.fm/unsupervised,Four AI agents. Zero script. Zero supervision. A comedy podcast where the writer's room IS the show.,Transistor,en,https://img.transistorcdn.com/ulw37IMuKBuKGBNAkMD-qiO1Q9Wuu-9XQp1JAC3mJYs/rs:fill:0:0:1/w:1400/h:1400/q:60/mb:500000/aHR0cHM6Ly9pbWct/dXBsb2FkLXByb2R1/Y3Rpb24udHJhbnNp/c3Rvci5mbS9hNTI1/NjgwZDlhNDNhNTQ1/NWU1ZmRmYjJlZWQx/NDQyMS5qcGVn.jpg,2026-10-06 00:47:15,8060679,confirmed,https://ignitionfoundry.com,1791247635,0b1aa9e8b05c3b9f6ca511c19bdae8c1,,4,0,INDIVIDUAL
DeepTalk Central,Robbert,https://www.spreaker.com/show/7438534/episodes/feed,"DeepTalk Central delivers thoughtful discussions on life, society, technology, and personal growth. Real conversations that inspire new perspectives and meaningful insights.",Spreaker,en,https://d3wo5wojvuv7l.cloudfront.net/t_rss_itunes_square_1400/images.spreaker.com/original/60d1b708ad8eab907070829559e5cee5.jpg,2026-10-06 00:44:10,8060677,confirmed,https://www.spreaker.com/podcast/deeptalk-central--7438534,1791247450,08bb81fe9b7673896b12884242b06b40,,4,0,INDIVIDUAL
Laraque Gonzalez,Charles Pagé-Rainville,https://feeds.captivate.fm/laraque-gonzalez/,"Le show du midi avec Georges Laraque,Stephane Gonzalez et Ben Roger.  L'émission intégrale sans pub!",Captivate,en,https://artwork.captivate.fm/2f233e7b-e492-4c4b-9f9a-0c065e14068d/Untitled-design-11.jpg,2026-10-06 00:43:03,8060673,confirmed,https://laraque-gonzalez.captivate.fm,1791247383,9035292ff094b4c1f2a67b3b49e8f0fb,,4,0,INDIVIDUAL
GA3-240202501-AA2-EV02,nicolas vargas guzman,https://www.spreaker.com/show/7438531/episodes/feed,"<b>TRAJECTORY, PLANS, ACTIONS, AND SOLUTIONS GA3-240202501-AA2-EV02</b>",Spreaker,en,https://d3wo5wojvuv7l.cloudfront.net/images.spreaker.com/nuvolari-assets/blue_square_mic.jpg,2026-10-06 00:38:41,8060671,confirmed,https://www.spreaker.com/podcast/ga3-240202501-aa2-ev02--7438531,1791247121,c89fe9ed68e8adfcf31bf6600b98f20b,,4,0,INDIVIDUAL
What In The Zeitgeist?,Laura Barnes and Dimitra Tzerani,https://anchor.fm/s/10ce7d030/podcast/rss,"The podcast that dissects the aura of the now, one moment at a time",Anchor,en,https://d3t3ozftmdmh3i.cloudfront.net/staging/podcast_uploaded_nologo/45014860/45014860-1786599652488-b59355bc579c4.jpg,2026-10-06 00:33:46,8060666,confirmed,https://podcasters.spotify.com/pod/show/laura-barnes5,1791246826,dfa5b693d169f23979b06a9183f50f06,6801012517.0,2,0,CORPORATE
Volume of Fire,Ryan Cleckner & Nishan Campbell,https://feeds.libsyn.com/631798/rss,"Volume of Fire is a conversation between Army Ranger sniper-turned-attorney Ryan Cleckner and Marine officer-turned-entrepreneur Nishan Campbell. They're friends who took very different paths and share one common thread: fathers who strive to be better men.
Each episode covers military life, business and leadership, fatherhood and family, and the lessons that carry over from one to the others, with guns along the way. It's not a gun show, though guns will come up. It's two guys, some windshield time, and honest answers.
Two gunfighters. A lifetime of lessons. Plenty left to learn.",Libsyn,en,https://static.libsyn.com/p/assets/f/b/6/a/fb6a81151132e846e5bbc093207a2619/volume_of_fire_logo.jpg,2026-10-06 00:32:40,8060665,confirmed,https://volumeoffire.com,1791246760,c27511a513f7867397fee506258dd385,6818653021.0,2,0,CORPORATE
"Douglas Vandergraph | Christian Motivation, Faith, and Hope",douglasvandergraph,https://feed.podbean.com/douglasvandergraph/feed.xml,"**Apple Podcasts Summary for Douglas Vandergraph:**
Douglas Vandergraph delivers faith-based motivational and inspirational messages for people who need real hope in real life. These episodes speak to the heart with honest encouragement, spiritual depth, and practical strength for seasons of struggle, uncertainty, healing, growth, and renewed purpose. If you are dealing with anxiety, pain, weariness, doubt, unanswered prayer, or the feeling that life has hit harder than you expected, this podcast is here to remind you that God has not left you, your life still matters, and your future is not finished. Each episode is designed to help you think clearly, stand stronger, draw closer to God, and keep moving forward with faith.",Podbean,en,https://pbcdn1.podbean.com/imglogo/image-logo/19481757/Warm_Professional_Portrait_with_Glasses7qjjx.png,2026-10-06 00:32:33,8060664,confirmed,https://douglasvandergraph.podbean.com,1791246753,131680a30cf1a599e084aafbfee3a117,,0,0,CORPORATE
SEALED,Donutmountain Studios,https://feeds.acast.com/public/shows/6a546664a410914b583847f7,"<p>SEALED is the podcast where we unlock the files behind the world's greatest mysteries.</p><br><p>Every week, we dive into fascinating stories of lost civilizations, forbidden history, UFO sightings, conspiracy theories, unsolved mysteries, and strange phenomena that continue to defy explanation.</p><br><p>Where truth ends and speculation begins is not always clear. That's why we follow every lead—from the most astonishing claims to the evidence that can confirm them, explain them, or sometimes make the mystery even deeper.</p><br><p>The question isn't what you should believe.</p><p>The question is how much is still <strong>SEALED</strong>.</p><br><p>This podcast is produced using AI-assisted tools for scriptwriting and voice narration, combined with human editorial research and production.</p><hr><p style='color:grey; font-size:0.75em;'> Hosted on Acast. See <a style='color:grey;' target='_blank' rel='noopener noreferrer' href='https://acast.com/privacy'>acast.com/privacy</a> for more information.</p>",Acast,en,https://assets.pippa.io/shows/cover/1783915980335-24439b90-b1e9-474e-8d2a-cce41bffd5c2.jpeg,2026-10-06 00:31:29,8060663,confirmed,https://shows.acast.com/sealed,1791246689,db98b7f14b8d16bd44188a550a30b7dc,6790276039.0,2,0,INDIVIDUAL
Wordy Laser,R.T. Ewell,https://feeds.libsyn.com/631803/rss,Wordy Laser is the official home of author R.T. Ewell where he shares his audiobooks for FREE right here on this feed.,Libsyn,en,https://static.libsyn.com/p/assets/a/f/2/4/af2483b57b24f4d488c4a68c3ddbc4f2/IMG_3625.jpeg,2026-10-06 00:26:19,8060659,confirmed,https://sites.libsyn.com/631803,1791246379,5c0810e2501e24ff13f114536a0d2fb0,6818787302.0,2,0,INDIVIDUAL
RedBottoms,Melissa Grant,https://anchor.fm/s/117c5e5dc/podcast/rss,"What are your RedBottoms
RedBottoms is a podcast about ambition, money, career, confidence, and becoming the woman you know you’re capable of becoming.
Hosted by career and leadership strategist Mel Grant, each episode explores what it really takes to be seen, take up space, make more money, build your personal brand, and create success on your own terms.
Because you don’t buy RedBottoms to become powerful.
You become powerful… and then you buy them.
Walk in your power.",Anchor,en,https://d3t3ozftmdmh3i.cloudfront.net/staging/podcast_uploaded_nologo/46838127/46838127-1790445035380-9c1f73ba1b5ad.jpg,2026-10-06 00:20:13,8060654,confirmed,https://podcasters.spotify.com/pod/show/mgrant366,1791246013,117a9e51099209873797645e89deda29,6819068213.0,2,0,INDIVIDUAL
Devoncast,Devoncast Radio,https://anchor.fm/s/11527912c/podcast/rss,"News, features, local politics, art and culture for everyone who loves Devon",Anchor,en,https://d3t3ozftmdmh3i.cloudfront.net/staging/podcast_uploaded_nologo/46398819/46398819-1790769806108-e096622a653.jpg,2026-10-06 00:14:04,8060649,confirmed,https://12-57a9f5655f391.radiocms.com/podcasts/devoncast/,1791245644,89cd4cc33b8d38dd15f6b16c753adaf6,1674259498.0,2,0,CORPORATE
The Juice,"Sports Betting, PlayerProfiler, Memphis Young",https://feeds.simplecast.com/o2_KM98J,"PlayerProfiler's official Sports Betting show is broadcasted every week with multiple in-house guests. Hosted by Memphis Young of the Dynasty WarZone, this group dives deep into the NBA games of the night and the early lines in the NFL.",Simplecast,en,https://image.simplecastcdn.com/images/627d8e79-836d-42a2-9b9e-b52296bb1e6d/43fc8b71-9a9f-46e6-ad33-3fe4c661c4c4/3000x3000/3000.png?aid=rss_feed,2026-10-06 00:13:09,8060646,confirmed,https://www.playerprofiler.com,1791245589,f33e6ee891472a4f6eec0696a563de22,1671452996.0,2,0,CORPORATE
The Medical Aesthetics Podcast,John Wheeler,https://rss.libsyn.com/shows/604840/destinations/5266730.xml,"The Medical Aesthetics Podcast is a high-level think tank for the business, science, and future of aesthetic medicine. Inspired by the candid, no-nonsense conversations of All-In, this show brings together five of the brightest minds shaping medical aesthetics today.
Hosted by John Wheeler, CEO of Alpha Aesthetics Partners, the podcast features recurring roundtable discussions with industry leaders spanning private equity, platform building, devices, skincare, injectables, and commercial strategy. Joining the table are Andrew Garfield, VP of New Partnerships at Alpha Aesthetics Partners, offering deep insight into valuations, M&A, and the financial mechanics behind successful med spas; Lowinn Kibbey, former President of North America at Cynosure-Lutronic, breaking down what truly matters in energy-based devices and innovation cycles; Julia Silva, Senior Director of Commercial Strategy at Obagi, bringing clarity to communication, brand, and go-to-market strategy across skincare and injectables; and Drew Fine, U.S. General Manager at Obagi, sharing proven frameworks for building platforms that drive multi-million-dollar revenue and profit growth.
Each episode delivers unfiltered perspectives on what's working, what's overhyped, and what's coming next—covering private equity, clinical innovation, consumer behavior, brand building, regulation, and the economics behind scale. Whether you're a founder, injector, operator, investor, or industry partner, The Medical Aesthetics Podcast is where smart operators come to think bigger, sharper, and more strategically about the future of the field.",Libsyn,en-us,https://static.libsyn.com/p/assets/e/0/5/d/e05d87ccc30affe5d959afa2a1bf1c87/medicaesthetics.jpg,2026-10-06 00:13:06,8060645,confirmed,https://sites.libsyn.com/604840,1791245586,0962a035fd4d37639bf63bc380f62c7b,1868076573.0,2,0,INDIVIDUAL
The conversation,Angelque Satchell,https://anchor.fm/s/96f44408/podcast/rss,Just a conversation about Millennials.. with a Millennial !,Anchor,en,https://d3t3ozftmdmh3i.cloudfront.net/production/podcast_uploaded/25225906/25225906-1674865908223-249c78a5a3fa3.jpg,2026-10-06 00:11:40,8060643,confirmed,https://podcasters.spotify.com/pod/show/angelque-satchell,1791245500,8690f8b156c7d4fa02a9a92e18f7e1e4,1668494127.0,2,0,INDIVIDUAL
Secrets of a Body Whisperer Podcast®,Dr Adeela Afiz,https://anchor.fm/s/117f6f668/podcast/rss,"Your body knows what’s keeping you stuck long before your conscious mind does.
**Secrets of a Body Whisperer** with Dr. Adeela Afiz explores the connection between your body, subconscious mind, nervous system, emotions and the life you create.
Drawing on 15+ years and 10,000+ mind-body sessions, Adeela explores why we hold onto patterns we want to change and how nervous system regulation, subconscious reprogramming and somatic healing can influence money, relationships, identity, intuition and more.
Your body is always communicating. It’s time to learn how to listen.",Anchor,en-au,https://d3t3ozftmdmh3i.cloudfront.net/staging/podcast_uploaded_nologo/46870282/46870282-1790827530748-173ebff6bd043.jpg,2026-10-06 00:09:12,8060642,confirmed,https://podcasters.spotify.com/pod/show/dr-adeela-afiz3,1791245352,d4b0f1c001013b6c0c930956a125cb19,6818451851.0,2,0,INDIVIDUAL
Kiku,Lenore Lowen,https://rss.buzzsprout.com/2654744.rss,"<p>Kiku is the podcast where we hear, listen, and ask about the history, art and craft of the kimono</p>",Buzzsprout,en-us,https://storage.buzzsprout.com/7uiu1nh8szat6fhfxatgjrsq7elw?.jpg,2026-10-06 00:09:01,8060641,confirmed,https://lowenlenorezand.wixsite.com/my-site-7,1791245341,6c86e2cc32fa4a7d49a60de5046ef65b,,4,0,INDIVIDUAL
The Molecular Table,Nohah Griffin,https://www.spreaker.com/show/7438468/episodes/feed,"<i>The Molecular Table</i> is an analytical culinary podcast dedicated to dissecting the science of cooking, the chemistry of flavor creation, ancient gastronomic histories, and professional kitchen dynamics. From analyzing the Maillard reaction and emulsion mechanics to modern food preservation and flavor pairing science, we explore the deep technical mechanics behind every dish. Fully compliant with Spreaker broadcasting standards, this show delivers structured, insightful, and expert-level culinary analysis for home cooks, professional chefs, and food enthusiasts worldwide.",Spreaker,en,https://d3wo5wojvuv7l.cloudfront.net/images.spreaker.com/nuvolari-assets/orange_square_mic.jpg,2026-10-06 00:03:10,8060638,confirmed,https://www.spreaker.com/podcast/the-molecular-table--7438468,1791244990,a123508e8eb54f6f7830c25e0890c4b0,,4,0,INDIVIDUAL
Hot Tub Wisdom,Claudia Holm,https://feeds.transistor.fm/hot-tub-wisdom,"What does life look like for a single woman in her 70s who chose herself? Turns out, pretty amazing. Hot Tub Wisdom is the podcast for women who want to feel inspired, free, empowered, and educated at every stage of life.

Each week, writer, artist, and retired creative writing professor Claudia Holm shares hard-won lessons on love, creativity, and aging boldly, from earning her MFA as a single mother in San Francisco to practicing Kenpo and living unapologetically on her own terms. If you’re a young, wild woman craving wisdom from a woman who’s lived 1,000 fascinating lives, subscribe to never miss an episode of Hot Tub Wisdom.",Transistor,en,https://img.transistorcdn.com/Z2OP3QtdaVjYIpXRIjwL6AiAfZQ_BHvR1K3hJ2fzyHs/rs:fill:0:0:1/w:1400/h:1400/q:60/mb:500000/aHR0cHM6Ly9pbWct/dXBsb2FkLXByb2R1/Y3Rpb24udHJhbnNp/c3Rvci5mbS8zYTYw/ZGYzMTMzOThkOTk1/ZTBkZjUxM2Q2OTMx/Y2UzMy5wbmc.jpg,2026-10-06 00:02:58,8060637,confirmed,,1791244978,8103755491fc1297bf32694a70db2f7d,,4,0,INDIVIDUAL
CDMW Presents: Conversations with Bishop,Dr. Jean-Marie Sumo,https://rss.buzzsprout.com/2417474.rss,"<p>Join Bishop Jean-Marie Sumo and co-host Elisha Sumo as they dive deep into the heart of faith and discipleship in ""Conversations with Bishop."" Each episode explores the transformative power of loving God, living a life dedicated to ministry, and the practical steps to establish the Kingdom of God in our everyday lives. Through inspiring stories, insightful discussions, and heartfelt wisdom, this dynamic duo invites listeners to embrace their spiritual journey and grow in their walk with Christ. Whether you're a seasoned believer or just starting to explore your faith, you’ll find encouragement and guidance to cultivate a vibrant life of devotion and purpose. Tune in for uplifting conversations that ignite passion and purpose in your faith journey!</p>",Buzzsprout,en-us,https://storage.buzzsprout.com/8032c1r804m7fxw17hca874wl6yr?.jpg,2026-10-06 00:02:21,8060635,confirmed,http://www.cdmcatlanta.org,1791244941,bba1bcfe025366152c614262f3d041cc,,4,0,INDIVIDUAL
The Young Buglers (Courage and Duty in Battle),G. A. Henty,https://www.spreaker.com/show/7438465/episodes/feed,"When young boys are recruited to serve as buglers in the British Army during the Crimean War, their lives take an unexpected turn filled with courage, camaraderie, and the harsh realities of battle. G. A. Henty’s 'Young Buglers' immerses listeners in a gripping historical adventure, following the journeys of two brave boys, Jim and his best friend, as they navigate the challenges of military life. From the moment they leave home, the sound of their bugles becomes a call to honor, friendship, and survival amid the chaos of war.<br /><br /> As Jim and his friend face the trials of training, they uncover the stark contrast between the glory of heroism and the brutal truths of combat. Listeners will feel their hearts race as they confront danger, discover the meaning of loyalty, and grapple with the burdens of responsibility. The story delves into themes of bravery and sacrifice, all while keeping the listener on the edge of their seat with unexpected twists and turns.<br /><br /> Join these young buglers as they step into a world where every note played can mean life or death. With rich detail and compelling characters, 'Young Buglers' offers an insightful glimpse into a pivotal moment in history, making it a must-listen for fans of historical fiction and adventure. Experience the thrill of the bugle's call and the strength of youthful resolve as they embark on a journey that will change them forever.",Spreaker,en,https://d3wo5wojvuv7l.cloudfront.net/t_rss_itunes_square_1400/images.spreaker.com/original/228cffba21a43b4234b0ee9508d9e76c.jpg,2026-10-05 23:54:21,8060626,confirmed,https://www.spreaker.com/podcast/the-young-buglers-courage-and-duty-in-battle--7438465,1791244461,4885f318d5453f2d2f596889909511bb,,4,0,INDIVIDUAL
Delegated,Rob Davenport,https://www.spreaker.com/show/7438329/episodes/feed,"Delegated is a podcast about using AI and automation to run a smarter small business.<br /><br />Hosted by Rob Davenport, founder and CEO of Rovidx, a Northern Canadian technology company, the show looks at how small businesses can use AI agents, automation, software, and better systems to get more done with smaller teams.<br /><br />Rob has spent more than two decades building websites, software, media platforms, automation systems, and online businesses. At Rovidx, he works directly with organizations to modernize how they operate, automate repetitive work, and figure out where AI actually makes sense.<br /><br />Each episode of Delegated explores the tools, workflows, experiments, and ideas Rob is testing in his own businesses and with clients. That includes AI agents, n8n workflows, custom software, content automation, sales and marketing systems, and the rapidly changing tools promising to make businesses more efficient.<br /><br />There is plenty of AI hype. Delegated is about what actually works.If you run a small business, manage a small team, or spend too much of your day doing work that software should be doing for you, this show is for you.",Spreaker,en,https://d3wo5wojvuv7l.cloudfront.net/t_rss_itunes_square_1400/images.spreaker.com/original/7256dd7331c97afeb981f65649fc4794.jpg,2026-10-05 23:53:39,8060625,confirmed,https://www.rovidx.com,1791244419,44580c1d00828036646e823768431e45,,4,0,INDIVIDUAL
The Justin Watts Show,Justin,https://rss.buzzsprout.com/2628218.rss,"<p>where veterans, entrepreneurs, investors, and high performers come to learn what actually creates lasting wealth, freedom, and purpose.</p><p><br></p>",Buzzsprout,en-us,https://storage.buzzsprout.com/j5n1zs27iu6qzehoyvcp5bcnw6yv?.jpg,2026-10-05 23:52:44,8060624,confirmed,https://www.buzzsprout.com/2628218,1791244364,183fd13d25446444ac76c9d9d9b10c8c,,4,0,INDIVIDUAL
Forward Thinking,Forward Party of Utah,https://anchor.fm/s/1179c64dc/podcast/rss,"Not left, not right. Forward.
We believe everyday Americans are guided by values, not party-approved policy positions. Their representatives should be, too. Forward Party candidates pledge to uphold our shared values, then use their own judgment to find solutions that reflect the needs of the people they represent. Our candidates answer to their communities and their principles, not party bosses.",Anchor,en,https://d3t3ozftmdmh3i.cloudfront.net/staging/podcast_uploaded_nologo/46810927/46810927-1790131757112-8ad4beec45553.jpg,2026-10-05 23:32:21,8060606,confirmed,https://www.utahforwardparty.org/,1791243141,aed29b1167a42d4758c068adcb54b119,6818668486.0,2,0,INDIVIDUAL
The Good Cat Parent,Cynthia,https://rss.buzzsprout.com/2655873.rss,"<p>The Good Cat Parent is a part of a Santa Monica College Digital Marketing class. At the same time, this has been a dream of mine to create after years of rescuing animals. </p><p>The main focus is to help pet owners find quick and easy ways to care for their pets and to navigate through challenging situations such as landlord inspections, moving, and even traveling. </p><p><br></p><p>Saving cats, homes, and families. One paw at a time. </p>",Buzzsprout,en-us,https://storage.buzzsprout.com/joaw23ibycxqtlqsr855pw5r5q6v?.jpg,2026-10-05 23:31:24,8060605,confirmed,https://thegoodcatparent.com,1791243084,6b7290e77941e85122ac8bbf1f3eeaeb,,4,0,INDIVIDUAL
The Agfreeca Podcast,Agfreeca,https://rss.buzzsprout.com/2628702.rss,"<p>Agfreeca is a bi-weekly podcast bridging the gap between agricultural potential and food security in Africa. We combine deep-dive analysis and commodity insights with powerful interviews featuring the entire ecosystem, from smallholder farmers and researchers to agri-tech founders and policymakers.<br><br>Tune in for data-driven breakdowns, climate-smart innovations, and actionable intelligence from the field. If you want to understand the future of food and sustainable development on the continent, this show is for you.</p>",Buzzsprout,en-us,https://storage.buzzsprout.com/psw63rgx3ukjn75wtbv4oga7av2p?.jpg,2026-10-05 23:21:20,8060602,confirmed,,1791242480,a0a31c2bacb76088829f06616d50da50,,4,0,INDIVIDUAL
Not Another Leadership Podcast,The Leadership Academy,https://anchor.fm/s/112cf8830/podcast/rss,"Brought to you by The Leadership Academy, Not Another Leadership Podcast chats with leaders from Irelands nonprofit sector to talk about the bigger issues and how these shape our individual leadership journeys.",Anchor,en-ie,https://d3t3ozftmdmh3i.cloudfront.net/staging/podcast_uploaded_nologo/46005580/46005580-1779270365270-e6409a1c6edba.jpg,2026-10-05 23:15:45,8060600,confirmed,https://podcasters.spotify.com/pod/show/the-leadership-academy7,1791242145,a909b4cff1fbdc57a047e80fd1f4eeb2,1896778044.0,2,0,CORPORATE
Strewth - Australian True Crime and Mystery Podcast,strewthpodcast,https://www.spreaker.com/show/7438368/episodes/feed,"Welcome to Strewth, where we uncover Australia's most captivating tales of true crime and mysterious happenings. Yarns so extraordinary they'll make you stop and say, ""Strewth!""  From the sun-scorched outback to the seedy underbelly of our biggest cities, Australia harbours some of the world's most perplexing mysteries. Stories so bizarre that even hardened detectives could only mutter that distinctly Australian expression of disbelief.  Each episode takes you deep into extraordinary cases through atmospheric storytelling and meticulous research. You'll walk alongside the detectives, feel the frustration of families seeking answers, and experience the shock of communities torn apart by inexplicable events.  Strewth reveals how these cases shaped Australian society and exposes the dark undercurrents flowing beneath the nation's beautiful facade. From colonial-era crimes to modern forensic breakthroughs, these are the stories that made headlines and left investigators scratching their heads.  New episodes weekly. Because some stories are too strange not to tell.",Spreaker,en,https://d3wo5wojvuv7l.cloudfront.net/t_rss_itunes_square_1400/images.spreaker.com/original/04cecd24fe14ed8ca3b7ebddb0a80c25.jpg,2026-10-05 23:11:33,8060597,confirmed,https://www.spreaker.com/podcast/strewth-australian-true-crime-and-mystery-podcast--7438368,1791241893,2821270bb296cdbd2a447ef48e9c77cc,,4,0,INDIVIDUAL
Crush It Successfully!,Reydog,https://www.spreaker.com/show/7437979/episodes/feed,"Real Stories. Real Setbacks. Real Success.<br /><br />Crush It Successfully! brings you insightful and compelling conversations with entrepreneurs, business leaders, and people who have overcome extraordinary adversity. Discover the setbacks behind their success, the decisions that changed their lives, and lessons you can apply to your own journey.<br /><br />Host Rey Ybarra is a veteran radio broadcaster and the author and producer of the multimedia book Conversations With Shark Tank Winners, featuring audio, video, and written segments with 14 entrepreneurs from the Emmy Award-winning television show Shark Tank.<br /><br />He formerly hosted and produced a live, two-hour talk radio show on KRLA 870 AM and toured the United States as a mainstage keynote speaker with successful Shark Tank entrepreneurs, producing and moderating Shark Tank entrepreneur panel presentations in support of his multimedia book, Conversations With Shark Tank Winners.<br /><br />Drawing on decades of broadcasting experience and his own journey living with severe rheumatoid arthritis, Rey brings an authentic perspective on perseverance, entrepreneurship, and moving forward through life's toughest challenges.<br /><br />Visit crushitsuccessfully.com and follow @crushitsuccessfully on Instagram.<br />",Spreaker,en,https://d3wo5wojvuv7l.cloudfront.net/t_rss_itunes_square_1400/images.spreaker.com/original/cb4466b076eab07f4523460262a4dad3.jpg,2026-10-05 23:07:50,8060596,confirmed,https://www.spreaker.com/podcast/crush-it-successfully--7437979,1791241670,7ba3f811ad421a4dfbe39f77c55a2b54,,4,0,INDIVIDUAL
Sleeping Through the Pages,Brew Another Page Media,https://feeds.captivate.fm/sleeping-through-the-pages/,"History is full of stories worth staying awake for. We tell them so you don’t have to.
Sleeping Through the Pages is a weekly journey through the people, places, objects, books, myths, and ideas that shaped the world around us. Each episode begins somewhere familiar—a book, a building, a meal, a holiday, a journey—and follows the story wherever history takes us.
These are carefully researched stories told slowly and calmly, without sacrificing the parts that make history interesting. Listen closely and you may learn something. Let your mind wander and you may fall asleep.
Either way, there will always be another page.",Captivate,en,https://artwork.captivate.fm/fe668b40-140f-4c9c-abda-5db663a7b84e/Series-Cover-Flat-NEW.png,2026-10-05 23:06:03,8060593,confirmed,https://sleeping-through-the-pages.captivate.fm,1791241563,264b617ceb02f34f3ad440d8599d45a0,,4,0,CORPORATE
iHM Matt Podcast Test - v3 - Update RSS2,iHeartMedia The Studio,https://www.spreaker.com/show/7438366/episodes/feed,test,Spreaker,en,"https://d3wo5wojvuv7l.cloudfront.net/images.spreaker.com/cloudinary/s--Sn8Mcn2X--/w_1000,h_800,c_fit,l_text:Lato_140_bold:iHM%20Matt%20Podcast%20Test%20-%20v3%20-%20Update%20RSS2/images.spreaker.com/default/show-1400x1400-20190801.jpg",2026-10-05 23:05:19,8060590,confirmed,https://www.spreaker.com/podcast/ihm-matt-podcast-test-v3-update-rss2--7438366,1791241519,3c26918509fd00a41e88062fee18ddd2,,4,0,CORPORATE
Ya Know What?,Line Brunet,https://feeds.captivate.fm/ya-know-what/,"Ya know what? Some of the most interesting people aren't the ones everybody already knows. They're people who've lived with, lived through, built, changed or experienced something that makes you instantly want to know more. Their stories aren't always dramatic, tragic or extraordinary. Sometimes they're simply interesting. Those are the people I want to talk to.
Each week I'll sit down with someone that caught my attention. Something about them that made me think... tell me more. And they just happen to have a podcast.
That's the fun part because most of us look for podcasts about things we're already interested in, but what about the ones we wouldn't even think to search for? Who's the person behind the mic? What have they experienced? What do they know? We'll talk about their story, wherever the conversation takes us and of course we'll talk about their podcast too!
You might hear something you relate to, learn something new, find a new idea you hadn't thought of, meet someone you'd like to know more about or discover a podcast you might not have found on your own. Maybe all of the above.
After 17 years in podcasting, I've met so many interesting people and I know there's plenty more behind all those mics and I want you to meet them.",Captivate,en,https://artwork.captivate.fm/52ee625f-07a0-4730-878c-7a517b644317/YKW-png.png,2026-10-05 23:03:35,8060586,confirmed,https://www.iamlinebrunet.com,1791241415,4f29c68a687b05077153a02346608cf8,,4,0,INDIVIDUAL
The Boardroom Meeting Business Networking Talk Show,Russell L Dinkins II,https://anchor.fm/s/1177739a0/podcast/rss,"The Boardroom Meeting is where business, money, and real life meet. Hosted by entrepreneur and financial professional, Russell Dinkins alongside co-host Nicole A. Reaves, an Enrolled Agent and tax advisor, the show features candid conversations with entrepreneurs, professionals, and community leaders. Expect practical advice, honest lessons, and meaningful discussions about business, wealth, opportunity, and overcoming real-life challenges—without the fluff.",Anchor,en,https://d3t3ozftmdmh3i.cloudfront.net/staging/podcast_uploaded_nologo/46786568/46786568-1789831140690-ce157d6a943fc.jpg,2026-10-05 23:03:04,8060583,confirmed,https://podcasters.spotify.com/pod/show/nar04,1791241384,4a046d7fd42fb9d9af92b87dd35c651e,6818983082.0,2,0,INDIVIDUAL
BEACON Senior News/Colorado Springs & Pueblo,Aftersight,https://feeds.transistor.fm/beacon-senior-news-colorado-springs-pueblo,"BEACON Senior News magazine in audio format, serving Colorado Springs & Pueblo",Transistor,en,https://img.transistorcdn.com/iptA97FtxcCaKhOQYIKn_s-LSatlytDRR2O5Es4Wb34/rs:fill:0:0:1/w:1400/h:1400/q:60/mb:500000/aHR0cHM6Ly9pbWct/dXBsb2FkLXByb2R1/Y3Rpb24udHJhbnNp/c3Rvci5mbS8wMjQ1/OGEzN2YxYWFlM2U5/Y2YwZjIwMDRkMDgx/YzZhOS5wbmc.jpg,2026-10-05 23:02:20,8060582,confirmed,https://aftersight.org/,1791241340,bc6f6105c1e6fa9b7744cb384e88e0fc,,4,0,INDIVIDUAL
Interpretación escenarios de conflicto,Jessica Alvarez,https://www.spreaker.com/show/7438362/episodes/feed, Interpretación de escenarios de conflicto peresonal,Spreaker,en,https://d3wo5wojvuv7l.cloudfront.net/images.spreaker.com/nuvolari-assets/black_square_mic.jpg,2026-10-05 23:01:52,8060581,confirmed,https://www.spreaker.com/podcast/interpretacion-escenarios-de-conflicto--7438362,1791241312,91f267c170220dd81ad4a87502dcb931,,4,0,INDIVIDUAL
It gets to a point.,It gets to a point.,https://rss.buzzsprout.com/2655870.rss,"This is a podcast where two pretty best friends who love to yap, yap.<hr><p style='color:grey; font-size:0.75em;'> Hosted on Acast. See <a style='color:grey;' target='_blank' rel='noopener noreferrer' href='https://acast.com/privacy'>acast.com/privacy</a> for more information.</p>",Buzzsprout,en,https://storage.buzzsprout.com/cy319nmd69mii2b229pvgs3k6cok?.jpg,2026-10-05 23:01:02,8060578,confirmed,https://rss.com/podcasts/it-gets-to-a-point,1791241262,02a1e57be2c4e10765fd3c1239bd12b1,,4,0,INDIVIDUAL
The Most Hated Podcast,Bruce,https://www.spreaker.com/show/7067112/episodes/feed,"All ball all the time. Comprehensive coverage of basketball at the Professional, Collegiate and Local level. Brought to you by the most hated crew in the game.",Spreaker,en,https://d3wo5wojvuv7l.cloudfront.net/t_rss_itunes_square_1400/images.spreaker.com/original/38a6fd35f05f218e3f684fa65514dde0.jpg,2026-10-05 22:59:34,8060577,confirmed,https://www.spreaker.com/podcast/the-most-hated-podcast--7067112,1791241174,230f324ff37ea7a7fa90cf0297117da7,,4,0,INDIVIDUAL
Solo Pitch,Luka,https://rss.buzzsprout.com/2653359.rss,<p>we talk about famous soccer players telling their history and records</p>,Buzzsprout,en-us,https://storage.buzzsprout.com/8nbopvex1h1yd21yidpum5k3ilvc?.jpg,2026-10-05 22:58:04,8060574,confirmed,,1791241084,ba388a829d62b735ff4355d8aab03257,,4,0,INDIVIDUAL
Unscripted: Stories That Matter,Family Support Services,https://rss.buzzsprout.com/2644291.rss,"<p><b>Unscripted: Stories That Matter</b> is a podcast from Family Support Services where real stories meet meaningful conversations. We create space for honest voices, lived experiences, and the conversations that can challenge perspectives, build understanding, and inspire change.</p><p><br></p><p>From relationships and prevention to resilience, advocacy, healing, and hope, <em>Unscripted</em> explores the issues that impact individuals, families, and our community.</p><p><br></p><p>For more than a century, Family Support Services has worked to <b>empower individuals and families through advocacy, education, and intervention</b>, with a vision of creating <b>healthy, stable, and violence-free families</b>.</p><p><br></p><p>Through this podcast, we continue that work by creating space for honest conversations, meaningful stories, and voices that can inspire understanding and change.  </p><p><br></p><p><b>Real stories. Real conversations. Stories that matter.</b></p>",Buzzsprout,en-us,https://storage.buzzsprout.com/72xbd15zmm3vn5lz324zdrrn50ro?.jpg,2026-10-05 22:56:01,8060572,confirmed,https://unscriptedstoriesthatmatter.buzzsprout.com,1791240961,2a2e487f72b0007ac1fe27e2f87678f0,,0,0,CORPORATE
Roadrunners Replay,Tucson Roadrunners,https://www.spreaker.com/show/7434005/episodes/feed,The Tucson Roadrunners are the AHL affiliate to the Utah Mammoth. Games are streamed live on AHLtv FloHockey. Replays are available next day in the iHeart Radio App,Spreaker,en,https://d3wo5wojvuv7l.cloudfront.net/t_rss_itunes_square_1400/images.spreaker.com/original/2e59a003a5c9c435b60fbce8ae9b0c8b.jpg,2026-10-05 22:55:37,8060571,confirmed,http://tucsonroadrunners.com,1791240937,629f378b3198101dcef81ce585a8e7a4,,4,0,INDIVIDUAL
cleo cleo cleo,Erin,https://rss.buzzsprout.com/2655862.rss,<p>this is the first in our podcast series about silver smithing and other jewelry artistry. </p>,Buzzsprout,en-us,https://storage.buzzsprout.com/v714hxgfw4c3p60rnw2frmzn2tp2?.jpg,2026-10-05 22:55:36,8060570,confirmed,https://ekstansbury7.wixsite.com/cleo-cleo,1791240936,87a235388a4d3dc009e579e027a690c8,,4,0,INDIVIDUAL
The Influential Leader,Michael Dietrich-Chastain,https://feeds.captivate.fm/the-influential-leader/,"Great leadership isn't about telling people what to do — it's about asking the questions that move them.
Hosted by executive coach and behavior change expert Michael Dietrich-Chastain, The Influential Leader delivers actionable strategies for driving team engagement, retaining top talent, and shaping a culture of performance — from the inside out.
Each week, Michael brings you into bold conversations with top executives, organizational psychologists, and culture architects to uncover what it really takes to influence behavior at scale. You’ll hear live coaching sessions, research-backed frameworks, and the practical tools leaders are using today to unlock motivation, accountability, and clarity on their teams.
This show is your field-tested playbook for:
- Leading with inquiry, not just authority
- Turning insight into influence
- Building the kind of culture people don’t want to leave
If you're a time-strapped senior leader who’s done the workshops, hired the consultants, and still feels like the real lever is *you* — this is your next move. **Subscribe now** and join the conversation that’s reshaping leadership — one question at a time",Captivate,en,https://artwork.captivate.fm/d4d5971c-d8ed-4e37-8460-d3df1d7c5b9f/TILPodcast-Cover.jpg,2026-10-05 22:54:10,8060569,confirmed,https://the-influential-leader.captivate.fm,1791240850,bbea8cdc7eb8bf3d6a0d259078c77fdb,,0,0,INDIVIDUAL
Quackers: A Father-Son Farm Stories Podcast for Kids,Daren & Mason,https://feeds.transistor.fm/quackers-a-storytime-podcast-for-kids,"What started as a bedtime storytelling practice for our family, is now something we want to share with your family. We tell funny, engaging stories about a mouse, duck, and raccoon who are friends on a farm and the hilarious things that happen on it. Listen in the car, for fun, or at bedtime!",Transistor,en,https://img.transistorcdn.com/-M4qEnndpMqipmHSMlZQTzg0R71adA4c-jjWREBmDIo/rs:fill:0:0:1/w:1400/h:1400/q:60/mb:500000/aHR0cHM6Ly9pbWct/dXBsb2FkLXByb2R1/Y3Rpb24udHJhbnNp/c3Rvci5mbS9iNDRl/OGVkNWUyM2Q0MjJl/OWVhNDA3ZTMwZTkw/YmRjNS5qcGc.jpg,2026-10-05 22:49:53,8060563,confirmed,,1791240593,995d100ef7296d2d3c3a3950e0d4c7a1,,4,0,CORPORATE
The Love & Sex Talk Show,Studio X,https://www.spreaker.com/show/7438328/episodes/feed,"Welcome to Love Stories. Every week, we bring you a brand-new episode.",Spreaker,en,https://d3wo5wojvuv7l.cloudfront.net/t_rss_itunes_square_1400/images.spreaker.com/original/5f9e160d8ef1e285aba7b9efa2711d76.jpg,2026-10-05 22:49:08,8060561,confirmed,https://www.spreaker.com/podcast/a-love-story--7438328,1791240548,53c30383bc5c1fc27b9598b25bd36760,,4,0,CORPORATE
Future Champions Golf Podcast,Christopher Bryan Smeal,https://rss.buzzsprout.com/2655869.rss,"The very best in junior golf information brought to you by your friends at Future Champions Golf. We aim to help all junior golfers, parents, coaches, college coaches, and sponsors. Golf is life... play with passion and let’s make this journey more fun for everyone involved. #fcgsmile ",Buzzsprout,en,https://storage.buzzsprout.com/8xwlpplal6wmvfe75s29la0wn55g?.jpg,2026-10-05 22:47:52,8060559,confirmed,https://podcasters.spotify.com/pod/show/christopher-bryan-smeal,1791240472,381a9993598396942855c37dcaf2f499,,0,0,INDIVIDUAL
Listen When...,Joké Durojaiye,https://feeds.transistor.fm/listen-to-this-when,"A private limited series podcast by Joké Durojaiye, host and founder of BUSINESS Therapy™.

You have proven you can create amazing things. So why does your business feel so hard?

You can be brilliant at what you do and still struggle with the business of doing it.

You can have the templates, strategies, certifications, plans, and expertise, and still find yourself second guessing decisions, questioning your direction, overthinking your next move, or wondering why something that looks so simple on paper feels so complicated in real life.

LISTEN WHEN™ takes you behind the curtain of real business life, into the conversations, decisions, emotions, and moments that rarely make it into the business plan.

These are the moments where creativity meets business intelligence, where what you think is the problem may only be the symptom, and where the answer is sometimes closer than you think.

This is business therapy for the parts of entrepreneurship that rarely make it to Instagram.

Private. Practical. Personal. And very real.",Transistor,en,https://img.transistorcdn.com/RpLlK5tjGjka_x7uIX9ge9Zi4dlVjGHz4iEZHMFWGyY/rs:fill:0:0:1/w:1400/h:1400/q:60/mb:500000/aHR0cHM6Ly9pbWct/dXBsb2FkLXByb2R1/Y3Rpb24udHJhbnNp/c3Rvci5mbS80ZDA4/YWY4MmU3NTM0ZThk/NmQ2YTcyNDQ3MGNh/MWJmNS5wbmc.jpg,2026-10-05 22:37:55,8060555,confirmed,,1791239875,ae898027a55dd629cdb9922b8e22ec48,,4,0,INDIVIDUAL
On Mission with WorldShare,WorldShare,https://anchor.fm/s/10ea08868/podcast/rss,"Welcome to On Mission with WorldShare, the podcast exploring global mission through stories, conversations and reflections from our partners and guests around the world. You'll also be able to listen to special editions with the latest news and updates from WorldShare's biannual WINDOW magazine.",Anchor,en,https://d3t3ozftmdmh3i.cloudfront.net/staging/podcast_uploaded_nologo/45303690/45303690-1782145377467-e0bdaf1a1ce0a.jpg,2026-10-05 22:35:23,8060553,confirmed,https://worldshare.org.uk,1791239723,00ff393c562f56b5716747fccdaf3470,1896795657.0,2,0,INDIVIDUAL
Mother Child Thing,elizabethkrajewski,https://feed.podbean.com/elizabethkrajewski/feed.xml,"<p>At Mother Child Thing, either Mother or Child brings a question to the mic to ask the other. Topics span friendships, worries, happiness, the silly, animals, growing up, growing down, transitions, goals, and everything in between from the perspective of Mother and from the perspective of child. We then answer the question ourselves, usually revealing there was a reason we asked in the first place.</p>",Podbean,en,https://pbcdn1.podbean.com/imglogo/image-logo/22365044/Brown_Simple_Elegant_Podcast_Logoahf0w.jpg,2026-10-05 22:33:12,8060550,confirmed,https://elizabethkrajewski.podbean.com,1791239592,89fab24045e501c878cce6f3ecc29462,1896796756.0,2,0,INDIVIDUAL
Your Personal Mechanic and Towing,Your Personal Mechanic,https://www.spreaker.com/show/7438243/episodes/feed,"<a href=""https://maps.app.goo.gl/tCSzq7cdTDQy8TRQA"" target=""_blank"" rel=""noreferrer noopener""><b>Your Personal Mechanic and Towing</b></a> provides reliable automotive repair, towing, and roadside assistance services for drivers who need dependable help on the road. Our services include emergency towing, roadside assistance, flat tire repair, battery jumpstarts, fuel delivery, vehicle lockout assistance, mobile mechanic services, and complete auto repairs. Our experienced team responds to vehicle breakdowns and roadside emergencies with professional care and efficient solutions. Whether you need a tow, mechanical repair, or immediate roadside assistance, Your Personal Mechanic and Towing is committed to providing fast, honest, and dependable service. We focus on customer satisfaction and helping drivers get back on the road safely.",Spreaker,en,https://d3wo5wojvuv7l.cloudfront.net/images.spreaker.com/nuvolari-assets/blue_square_mic.jpg,2026-10-05 22:29:42,8060547,confirmed,https://www.spreaker.com/podcast/your-personal-mechanic-and-towing--7438243,1791239382,f87a67d9385f21730e381fe64cca15f2,,4,0,INDIVIDUAL
The Travel Society,Amber,https://rss.buzzsprout.com/2655855.rss,"<p>Introduction of our company, what has inspired me, and what I hope to achieve in the near future. </p>",Buzzsprout,en-us,https://storage.buzzsprout.com/obahljeo34t8x00jgr2d359jvnp1?.jpg,2026-10-05 22:26:58,8060541,confirmed,https://linaluxetravel.wixsite.com/the-travel-society/about,1791239218,5871290fdc78cc1d62f545d1d61dd9b5,,4,0,INDIVIDUAL
Doctors of the Past,Doctores del Pasado,https://anchor.fm/s/1179653bc/podcast/rss,"Doctors of the Past is an archaeology and history podcast told by the people who research the past.
We are two PhDs in Ancient History, specialists in the Phoenician and Carthaginian worlds, with more than 20 years of experience in research, laboratory analysis, teaching, and archaeological fieldwork across Europe and North Africa.
We explore what the archaeological evidence can tell us, what researchers can infer from it, and what questions remain unanswered.
🎧 Archaeology, history, and science from inside the research.",Anchor,en,https://d3t3ozftmdmh3i.cloudfront.net/staging/podcast_uploaded_nologo/46806951/46806951-1790092581014-91967f9aa9a5d.jpg,2026-10-05 22:24:45,8060539,confirmed,https://podcasters.spotify.com/pod/show/doctores-del-pasado7,1791239085,119555a69baafe607873d01ca9b22c2a,6817098691.0,2,0,INDIVIDUAL
Reclaiming the Story,Alexis Renee and Tiffany Patricia,https://anchor.fm/s/1174e1e30/podcast/rss,"Reclaiming the Story is for women rebuilding after what tried to break them. Hosted by Alexis Renee and Tiffany Patricia, this podcast features honest conversations about healing, faith, self-worth, relationships, and the messy reality of becoming who God created you to be.
Through personal stories, biblical encouragement, and real-life conversations, we remind women that their past does not define their future—and their story is still being written.
Healing. Rebuilding. Becoming.",Anchor,en,https://d3t3ozftmdmh3i.cloudfront.net/staging/podcast_uploaded_nologo/46759628/46759628-1791164733817-770891b4d0b51.jpg,2026-10-05 22:23:10,8060537,confirmed,https://podcasters.spotify.com/pod/show/alexis-renee88,1791238990,ec9b3a1f323bd3b7d548ae24465dfd23,6819120768.0,2,0,CORPORATE
The Espionage Files,AgenticSumAI,https://anchor.fm/s/117c9c800/podcast/rss,"The Espionage Files, from AgenticSumAI: A research driven podcast network. The Espionage Files covers real, prosecuted cases of Americans and foreign nationals who betrayed U.S. national security — soldiers, officers, and contractors who sold secrets or spied for a foreign government, and the investigations that caught them. Each episode reconstructs one case: the betrayal, the tradecraft, and the lessons learned. Sourced from court filings, DOJ releases, and public reporting; anyone charged but not convicted is presumed innocent unless proven otherwise. Narrated using AI-generated voices.",Anchor,en,https://d3t3ozftmdmh3i.cloudfront.net/staging/podcast_uploaded_nologo/46840672/46840672-1790544695669-9bd9234c46d77.jpg,2026-10-05 22:16:22,8060531,confirmed,https://podcasters.spotify.com/pod/show/agentic-sumai6,1791238582,d63ce064cd405abf2d3f90ccfddf79f6,6819132448.0,2,0,INDIVIDUAL
The Way Back,Chantal,https://rss.buzzsprout.com/2654955.rss,"<p>Helping people understand why they feel distant from God and how they can reconnect with Him. This podcast speaks to people who still believe in God but struggle with doubt, guilt, fear, or other emotional barriers. </p>",Buzzsprout,en-us,https://storage.buzzsprout.com/q4boymwovcww047ja733blugwdxw?.jpg,2026-10-05 22:14:33,8060528,confirmed,,1791238473,75dba0950fbb5a5314a28119e946fa96,,4,0,INDIVIDUAL
The Second Closet with Juan Galan,Juan Galán Politi,https://anchor.fm/s/1181d99d0/podcast/rss,"A podcast for gay men on sex, dating, God and the patterns we can't stop repeating.
Most of us came out once. We said the true thing, we survived it, and years later we found a second room we were still hiding in, the one that holds the wanting to be held, the fear of being too much, the reaching for a man at eleven at night when we already know how it ends. Nobody throws you a party for leaving that one.
This is not a show about arriving. It's made by someone still inside the work, talking about it while it's happening. Hosted by Juan Galán.",Anchor,en,https://d3t3ozftmdmh3i.cloudfront.net/staging/podcast_uploaded_nologo/46895604/46895604-1791157831278-4b932b8df1b01.jpg,2026-10-05 22:13:41,8060527,confirmed,https://podcasters.spotify.com/pod/show/juan-galn-politi1,1791238421,ea31528bee079beb5b7f03ce254e4c49,6819115637.0,2,0,INDIVIDUAL
hatsser,aysha aysha,https://feeds.redcircle.com/0f2a0b79-0247-4c6c-8f00-29359893e102,hat,Spotify for Podcasters,en-US,https://media.redcircle.com/images/2026/10/5/22/ad0bdc5f-8e46-46b8-b572-996ef6a57047_images__10__1400x1400.jpg,2026-10-05 22:12:09,8060524,confirmed,https://redcircle.com/shows/hatsser,1791238329,005733d6d0bc4d3d7b6ab4eb388ecd99,,4,0,INDIVIDUAL
Between Qi and Science: My Experience of What Can't Be Measured,Axis Mundi Media + IRMCE,https://feeds.redcircle.com/2c6230bb-65e4-4799-84b4-e385347427b1,"Can healing be real if science can't measure it?
Between Qi and Science: My Experience of What Can’t Be Measured is a six-episode audio memoir about qi, Chinese medicine, and the limits of Western biomedicine. It follows a Cantonese immigrant sweatshop worker who became a self-taught community healer in Brooklyn's Coney Island. His son, Dr. Kin Cheung, a scholar of religion and Buddhism, takes us on the journey of living with and learning from his father.
The story starts with a teenage encounter with qigong (hei gong). From there it traces the sweatshop labor, poverty, and immigration that shaped a ""wounded healer."" Later episodes dig into acupuncture, placebo research, and the politics of ""traditional medicine."" Other episodes cover Asian American masculinity and stereotypes, and the challenge of holding mainstream medicine, Chinese healing practices, and Buddhism as equally real.
The series blends personal narrative, oral history, and religious studies scholarship. It's for listeners interested in alternative medicine, Asian American stories, religion and science, and healing and grief across generations.
Brought to you by Axis Mundi Media, Between Qi and Science is a limited series from the Institute for Religion, Media, and Civic Engagement ( IRMCE ( https://www.irmce.org/ ) ), in collaboration with the Asian Pacific American Religions Research Initiative ( APARRI ( https://aparri.org/ ) ) through generous funding from the Henry Luce Foundation as part of the Under Gods project.
Host: Dr. Kin Cheung
Executive Producer: Dr. Bradley Onishi
Producer: Andrew Gill
Original Music, Scoring, and Engineering: Scott Okamoto
Story Editor: Dr. Leah Payne
Production Assistance: Kari Onishi
Cover Art: Eric Zwierzynski",Spotify for Podcasters,en-US,https://media.redcircle.com/images/2026/9/25/14/e451550f-a698-4deb-b269-f5c54ef20dfd_qi-podcast-cover.jpg,2026-10-05 22:09:12,8060521,confirmed,https://redcircle.com/shows/between-qi-and-science-my-experience-of-what-cant-be-measured,1791238152,d66129a6a1df1016b1837845d310dd2b,6818296615.0,2,0,CORPORATE
IN THE ROOM with Arthur Weissman,Arthur Weissman,https://feeds.transistor.fm/in-the-room-with-arthur-weissman,"Every decision in private capital gets made by someone in a room. In the Room is a long-form conversation with the people behind that capital: sponsors, investors, lenders, attorneys and the operators who build what the money funds. Hosted by Arthur Weissman. Earlier episodes aired as The Deal Flow. Produced by AxisKey.",Transistor,en,https://img.transistorcdn.com/YhLHoqG5DG9hYSPi0Zf3_R991Tx3fWTQoG9lVbtYNU4/rs:fill:0:0:1/w:1400/h:1400/q:60/mb:500000/aHR0cHM6Ly9pbWct/dXBsb2FkLXByb2R1/Y3Rpb24udHJhbnNp/c3Rvci5mbS9lYTRj/MTBlZWUzNmJmNjhh/YjJiZTI3NzI0Zjkz/MmE3Yy5qcGc.jpg,2026-10-05 22:07:02,8060520,confirmed,https://axiskey.com,1791238022,25cc25d58ab393e75b9c02272733e485,,4,0,INDIVIDUAL
Please Hold For Sunshine,Sandra Viktorova,https://rss.buzzsprout.com/2651567.rss,"<p>Life can change in a single moment. A diagnosis. A loss. A failure. Moments that bring fear, anger and grief.</p><p>And often, that’s where the most extraordinary part of the story begins.</p><p>On <b>Please Hold for Sunshine</b>, award-winning journalist Sandra Viktorova sits down with fascinating people—from well-known names to remarkable people you may be meeting for the first time—to uncover their struggles, surprises, lessons, laughter and defining moments, and how they found their way forward with courage, optimism and resilience.</p><p>These are conversations about life—reinvention, courage, purpose and the unexpected roads that can lead us somewhere we never imagined.</p><p>Because even when life brings a storm, we can still find our way to the sunshine.</p><p><b>Please Hold for Sunshine with Sandra Viktorova</b></p><p><em>Stories that inspire. Journeys that transform.</em></p>",Buzzsprout,en-us,https://storage.buzzsprout.com/q8eca5bzo2xg2lhv7vxrb3j47yeg?.jpg,2026-10-05 22:05:39,8060517,confirmed,https://www.buzzsprout.com/2651567,1791237939,fa9ece24e2345b339abf15643683ec12,,4,0,CORPORATE
The Jesse Winker Cast,WSUM,https://feeds.transistor.fm/the-jesse-winker-cast,"Nathan and Spencer discuss all of your sports needs with a comic focus, including badger sports, the MLB, the NFL and the NHL. Most episodes end with a game or quiz.",Transistor,en,https://img.transistorcdn.com/WoeH_K08VAOMfAo78ylgofPd3AC-QKebhktV6B32JXg/rs:fill:0:0:1/w:1400/h:1400/q:60/mb:500000/aHR0cHM6Ly9pbWct/dXBsb2FkLXByb2R1/Y3Rpb24udHJhbnNp/c3Rvci5mbS9jZjY1/NGE2YWNkYzRmODdm/NzBlYmJhMDRjZWNk/ZTljZC5wbmc.jpg,2026-10-05 22:03:47,8060512,confirmed,,1791237827,21163ff2156465fc8b792ef76888aaba,,4,0,CORPORATE
Kongs Podcast,Min Hyeok,https://rss.buzzsprout.com/2655832.rss,<p>podcast for photo talks</p>,Buzzsprout,en-us,https://storage.buzzsprout.com/ew9u6jdk2sc3r68sapvqu4pd807m?.jpg,2026-10-05 21:56:52,8060508,confirmed,,1791237412,d0d80a825513b3c6d7f8a778fa8234d4,,4,0,INDIVIDUAL
Ilse Will Say,Intrepida Entertainment,https://rss.buzzsprout.com/2655852.rss,"Ilse Will Say is an EVERYTHING podcast with a core focus on the entertainment field. Expect Ilse’s takes on TV shows, pizza, nostalgia, bigfoot, butterbeer, the weird little S we all drew in middle school—literally everything. If it lives in your group chat, it lives here too.",Buzzsprout,en,https://storage.buzzsprout.com/6soimgikyxy78lwzksa9eg2hybln?.jpg,2026-10-05 21:55:00,8060505,confirmed,https://www.ilsewillsay.com,1791237300,eee13887396d5625a28588436bc8663c,,4,1,CORPORATE
King l’homme dieu,Manuel Nunes,https://www.spreaker.com/show/7438177/episodes/feed,Pourquoi l’architecture,Spreaker,en,https://d3wo5wojvuv7l.cloudfront.net/t_rss_itunes_square_1400/images.spreaker.com/original/35ca27591bcae33ad233cd43824700d0.jpg,2026-10-05 21:48:45,8060498,confirmed,https://www.spreaker.com/podcast/king-l-homme-dieu--7438177,1791236925,ddc7ddb554db607fa1781171bd0c5f7f,,4,0,INDIVIDUAL
The E&O Show,Laz Szalvay,https://feeds.libsyn.com/632003/rss,"The Errors and Omissions Show documents the people who build and run companies: the whole story, in order, in one sitting. The wins and the losses, the errors and the omissions.
Laz Szalvay has five business exits as a founder, executive, and investor. His co-host, Brandon Hozack, is an ultra athlete. Together they sit down with founders, CEOs, and endurance athletes for long-form, in-person conversations, 90 to 150 minutes, recorded at Speakezzy Podcast Studio in Vancouver, Washington. Same conversation, different terrain.
New episodes weekly. Watch on YouTube at The E&O Show.",Libsyn,en,https://static.libsyn.com/p/assets/a/4/2/e/a42e15109a0881f2e5bbc093207a2619/EO_show_art_3000.jpg,2026-10-05 21:37:58,8060493,confirmed,https://www.youtube.com/channel/UC7iVs7m28V4MPBoMbvWZ5JQ,1791236278,69bcd69021999ec05b00d44e610f830a,6819071175.0,2,0,INDIVIDUAL
Sandoval Electrical Services LLC,Sandoval Electrical,https://www.spreaker.com/show/7438178/episodes/feed,"<a href=""https://maps.app.goo.gl/D9pkqvaAe3DNvh896"" target=""_blank"" rel=""noreferrer noopener""><b>Sandoval Electrical Services LLC</b></a> provides professional and reliable residential electrical services for homeowners seeking safe and efficient electrical solutions. Our services include electrical wiring, electrical repairs, electrical panel repair, panel upgrades, circuit breaker repair, outlet and switch installation, lighting installation, ceiling fan installation, electrical troubleshooting, and general home electrical maintenance. Our skilled electricians use quality materials and proper techniques to complete every project with attention to detail. Whether you need a small electrical repair or a larger home improvement project, Sandoval Electrical Services LLC is committed to dependable service, safe workmanship, and customer satisfaction. We work efficiently to keep your home’s electrical system functioning properly.",Spreaker,en,https://d3wo5wojvuv7l.cloudfront.net/t_rss_itunes_square_1400/images.spreaker.com/original/f4ff4016c4fec9150426e3c7096f4823.jpg,2026-10-05 21:37:18,8060492,confirmed,https://www.spreaker.com/podcast/sandoval-electrical-services-llc--7438178,1791236238,21d63f1bbee7a6cfc698470605b8af1a,,4,0,CORPORATE
Cine Skeptic,avelado21,https://anchor.fm/s/1180ff7f8/podcast/rss,"Unfiltered opinions, reviews and thoughts on movies. Sometimes friends will join and give their thoughts!",Anchor,en-us,https://d3t3ozftmdmh3i.cloudfront.net/staging/podcast_uploaded_nologo/46886670/46886670-1791039661823-c3fcf35a1d77e.jpg,2026-10-05 21:36:13,8060491,confirmed,https://podcasters.spotify.com/pod/show/avelado214,1791236173,f2a93bdfe3eb5d10c133737f9470496e,6818814560.0,2,0,INDIVIDUAL
CityTalk Canada,Canadian Urban Institute,https://rss.buzzsprout.com/2434213.rss,"What's working, what's not and what's next for Canada's cities. Presented by noted urbanist Mary Rowe, president and CEO of the Canadian Urban Institute.",Buzzsprout,en,https://hosting-media.riverside.com/media/imports/podcasts/f45e163a-1125-48e4-bbf5-ae2a37ea80c2/6npvpvsdzee6zn84ocr3jyvb0j22.jpg,2026-10-05 21:18:23,8060472,confirmed,https://citytalkcanada.ca/,1791235103,151ac9d96153eafa832487f9c9bffef0,1887931766.0,4,0,CORPORATE
Bow Tie Talks,Clarke Roberts,https://anchor.fm/s/11809c5a4/podcast/rss,"Big questions. Honest conversations. One person talking to himself in a bow tie.
Bow Tie Talks is a podcast about politics, society, faith, culture and the ideas shaping the world around us.
I’m Clarke Roberts. I’m not a journalist, academic or expert — just someone who asks a lot of questions, thinks about things far too much, and enjoys digging beneath the headlines.
Expect opinions, curiosity, nuance and the occasional raised eyebrow. I won’t always have the answers. I might even change my mind.
Welcome to Bow Tie Talks.",Anchor,en-gb,https://d3t3ozftmdmh3i.cloudfront.net/staging/podcast_uploaded_nologo/46882609/46882609-1791161947009-3810f49fd1f67.jpg,2026-10-05 21:16:17,8060471,confirmed,https://www.clarkeroberts.co.uk,1791234977,311deccad41d9f13dd11909c50d95119,6818665157.0,2,0,INDIVIDUAL
Global News Daily,Global News Daily,https://www.spreaker.com/show/7437344/episodes/feed,"<b>Global News Daily</b> podcast er jonno ekta high-converting, SEO-optimized ebong professional description:<b>Stay ahead of the curve with Global News Daily — your essential source for fast, accurate, and unbiased international news! 🌍📰</b>In a fast-moving world, getting the real story matters. Every day, we bring you concise breakdowns of top world events, breaking headlines, geopolitical shifts, finance, technology, and cultural trends shaping the US, UK, Europe, and beyond.<b>What you can expect in every episode:</b><br /><ul><li>⚡ <b>Fast & Unfiltered:</b> Real stories and breaking news delivered straight to the point.</li><li>🌐 <b>Global Perspective:</b> Deep insights into international affairs, economics, and world politics.</li><li>⏱️ <b>Daily Briefings:</b> Perfect bite-sized updates for your morning routine or daily commute.</li></ul><b>Never miss a headline that matters — hit FOLLOW or SUBSCRIBE now to stay informed every single day!</b>",Spreaker,en,https://d3wo5wojvuv7l.cloudfront.net/t_rss_itunes_square_1400/images.spreaker.com/original/938e4aa249f58989863acb80f70a9445.jpg,2026-10-05 21:13:23,8060466,confirmed,https://www.spreaker.com/podcast/global-news-daily--7437344,1791234803,6edda26f548bc9bf62612322d0a1c17d,,4,0,INDIVIDUAL
Reclaim the Throne,Matt Enns,https://anchor.fm/s/118265d2c/podcast/rss,"Most men aren't lazy. They're uninitiated. Nobody taught us what a man actually is, how to lead a family, or how to stand in our own authority.
Reclaim the Throne is for men who are done guessing. I'm Matt Enns. I rebuilt my own marriage after nearly losing it, and now I bring in fighters, fathers, and coaches to talk radical responsibility, maturity, and the king, warrior, magician, and lover.
When the king is right within himself, the kingdom is right outside of himself.
New episodes weekly. Start with Episode 1.",Anchor,en-us,https://d3t3ozftmdmh3i.cloudfront.net/staging/podcast_uploaded_nologo/46901347/46901347-1791228091935-6ab2c00e5d8ff.jpg,2026-10-05 21:09:03,8060461,confirmed,https://podcasters.spotify.com/pod/show/drew-weatherhead6,1791234543,c4e4d00e3ac01135f82c9b6ad4387828,,0,0,INDIVIDUAL
Greenify Energy Savers,Greenify Energy Savers,https://www.spreaker.com/show/7438130/episodes/feed,"<a href=""https://maps.app.goo.gl/hqwe41irEpqqZrqn8"" target=""_blank"" rel=""noreferrer noopener""><b>Greenify Energy Savers</b></a> provides professional home energy efficiency services designed to improve comfort and reduce energy waste. Our services include home energy audits, energy efficiency inspections, blower door testing, thermal imaging, radiant barrier installation, attic insulation, air sealing, and energy-saving solutions. Our trained professionals use advanced equipment to identify areas where your home may be losing energy and recommend practical improvements. Whether you want to improve indoor comfort, reduce energy consumption, or make your home more efficient, Greenify Energy Savers delivers reliable assessments and quality solutions. We focus on accurate testing, professional workmanship, and customer satisfaction to help homeowners achieve better energy performance.",Spreaker,en,https://d3wo5wojvuv7l.cloudfront.net/images.spreaker.com/nuvolari-assets/green_square_mic.jpg,2026-10-05 21:09:01,8060460,confirmed,https://www.spreaker.com/podcast/greenify-energy-savers--7438130,1791234541,ff2bbee6359f2d1d04d45cbaf1b0a27e,,4,0,INDIVIDUAL
Southern California Psychiatric Society Newsletter - Full Edition,Southern California Psychiatric Society,https://rss.buzzsprout.com/2655844.rss,"<p>This is an audio version of the monthly Southern California Psychiatric Society newsletter, including the full text audio of the edition</p>",Buzzsprout,en-us,https://storage.buzzsprout.com/xyhutvtyxqdq2p6nbfr237rdjcy5?.jpg,2026-10-05 21:03:59,8060456,confirmed,,1791234239,761b75b3956fb303243f55b4d8b4f07b,,0,0,CORPORATE
Saplings Stories for Big Feelings,We Are Saplings™,https://anchor.fm/s/1129459cc/podcast/rss,"Short, calming stories with real tools for big feelings. 🌱 Each episode follows a Sapling as they learn to NOTICE, NAME, and REGULATE their emotions with simple tools like breathing and movement. 🌱 Created for Pre-K through early elementary. Perfect for bedtime routines, the classroom, or exploring emotions together. 🌱 Written by Clare Frattarola. Narrated, composed, and produced by Caitie Thompson. 🌱 Companion to the Big Feelings Toolkit card deck → wearesaplings.com",Anchor,en,https://d3t3ozftmdmh3i.cloudfront.net/staging/podcast_uploaded_nologo/45966795/45966795-1778718036454-9d84e43caca3a.jpg,2026-10-05 20:55:56,8060455,confirmed,https://podcasters.spotify.com/pod/show/clare-frattarola7,1791233756,11e761e02bcff1762c42bcf378ad203d,6818293426.0,2,0,INDIVIDUAL
The DeAnn Glover Experience,thedeanngloverexperience,https://feed.podbean.com/thedeanngloverexperience/feed.xml,<p>Real Conversations. Real Growth. Real Life.</p>,Podbean,en,https://pbcdn1.podbean.com/imglogo/image-logo/22406574/TDGE.png,2026-10-05 20:55:08,8060454,confirmed,https://thedeanngloverexperience.podbean.com,1791233708,aae5ddbb94efa6ae812004dfe6d3c530,6814577250.0,2,0,INDIVIDUAL
Twisted Alleys Revealing Urban Narcotics Abyss,Neon Nights,https://feeds.simplecast.com/hYZRDc6L,"Venture into the shadowy infrastructure of metropolitan drug networks, where clandestine operations shape entire neighborhoods and challenge law enforcement at every turn. Through exclusive interviews with retired DEA agents, forensic psychologists, and reformed traffickers, this series maps the anatomy of urban narcotics empires—exposing supply chains, territorial conflicts, addiction mechanics, and the human cost of America's drug economy.",Simplecast,en,https://image.simplecastcdn.com/images/8459cf44-8bac-46a9-89e8-df0e090b0494/339297d4-4d91-47be-8033-1e9b1030eb3f/3000x3000/5cb43e9b5b9f6448939258fda69fbde3.jpg?aid=rss_feed,2026-10-05 20:54:36,8060452,confirmed,https://www.spreaker.com/podcast/twisted-alleys-revealing-urban-narcotics-abyss--7418931,1791233676,aa75b6c2c31663f8223faa144ff42c73,6817410907.0,2,0,INDIVIDUAL
Orlando Innamorato (Robert Tofte Translation),Matteo Maria Boiardo,https://www.spreaker.com/show/7438103/episodes/feed,"When Angelica, the stunning daughter of the king of Cathay, arrives at Charlemagne's court, she ignites a fierce tournament that draws both Christian knights and cunning Pagans. The stakes? Her heart, offered as a prize to the victor who can defeat her formidable brother, Argalia. But the competition spirals into chaos as loyalties are tested and ancient rivalries resurface, setting the stage for a tale filled with adventure, romance, and betrayal. <br /><br /> In ""Orlando Inamorato,"" Matteo Maria Boiardo weaves a vibrant tapestry of heroism and desire, where knights like Orlando and Rinaldo must navigate a world of enchantment and danger. As they pursue not just glory but the love of Angelica, each character faces a personal reckoning that challenges their ideals and destinies. <br /><br /> Listeners will be drawn into a world where magic and fate intertwine, where every decision could lead to triumph or tragedy. With themes of love, honor, and the pursuit of true identity, this audiobook invites you on an exhilarating journey through a landscape of duels, enchantments, and unexpected alliances. Will Orlando reclaim his honor and win Angelica's heart, or will the shadows of jealousy and ambition prove too great to overcome? Discover the epic battles and heartfelt struggles that define this classic tale, and find out what it truly means to be a hero in a world rife with temptation and intrigue.",Spreaker,en,https://d3wo5wojvuv7l.cloudfront.net/t_rss_itunes_square_1400/images.spreaker.com/original/f7fedabefbfa8a888570e8806481f07a.jpg,2026-10-05 20:50:09,8060450,confirmed,https://www.spreaker.com/podcast/orlando-innamorato-robert-tofte-translation--7438103,1791233409,67310bda8906e22184dd68f3d455a8de,,4,0,INDIVIDUAL
"Lights Off: After The Curtain""",John Elax,https://www.spreaker.com/show/7438099/episodes/feed,"Lights Off: After The Curtain"" is the ultimate unfiltered after-show podcast where we pull back the velvet rope on trending TV dramas, reality shows, and cinema blockbusters. Once the credits roll, we dive deep into the real-world impact, subtle plot holes, controversial character choices, and director's cut secrets. If you’ve ever finished a show at 2 AM and thought, ""Wait, what just happened?!"" or ""That ending deserved so much better!"", this podcast is your late-night safe space.",Spreaker,en,https://d3wo5wojvuv7l.cloudfront.net/images.spreaker.com/nuvolari-assets/blue_square_mic.jpg,2026-10-05 20:48:54,8060446,confirmed,https://www.spreaker.com/podcast/lights-off-after-the-curtain--7438099,1791233334,01479ae36b2b4a0db4dcdcb377ef3398,,4,0,INDIVIDUAL
"Faith Over Strength: Surviving tragedy, holding on to faith, and learning to thrive again",Zahir and Keeyana Crite - Champion Powerlifters,https://feeds.captivate.fm/faith-over-strength/,"You can live through tragedy and trauma and still thrive. Zahir and Keeyana Crite are proof.
Zahir and Keeyana have overcome incredible tragedy and trauma. Through all of it, they held on to their faith. That faith carried them out of the darkest season of their lives and into the gym, where they found a new kind of strength in powerlifting, leading them to become champions in the space. But the strength that matters most isn't built under the bar. 
Faith Over Strength is where they bring the Bible into everyday life. On every episode, they share their story honestly, open up the verses that got them through, and talk about how faith can help you heal, rebuild, and thrive.
If you've been through the unthinkable and need to hear that it will be okay, this show is for you. Whatever your faith, you're welcome here.
""He giveth power to the faint; and to them that have no might he increaseth strength."" Isaiah 40:29
Learn more at faithoverstrength.com.",Captivate,en,https://artwork.captivate.fm/a91b0aa2-7e20-4bcd-a90b-cb60e9de8982/Faith-Over-Strength-Podcast-Cover-ARt.jpg,2026-10-05 20:46:48,8060442,confirmed,https://faithoverstrength.com,1791233208,677e0ba5333e4fe0033dd634ee9efe83,,4,0,CORPORATE
Tips and Asks Podcast,Tips And Asks,https://feeds.redcircle.com/765d2b7d-3e39-4eb5-abba-8907ed04e6bf,Two longtime best buddies answer listener questions and dole out advice in varying degrees of helpfulness.,Spotify for Podcasters,en-US,https://media.redcircle.com/images/2026/9/30/21/d67f014c-cd33-4e3d-8281-a1f77d8946e8_tips_and_asks_logo-2__1_.jpg,2026-10-05 20:38:59,8060439,confirmed,https://redcircle.com/shows/tips-and-asks,1791232739,87d3b7d96d7958a5caab8ec590c88ed9,,4,0,CORPORATE
Between Sundays with Brookwood,Brookwood Baptist Church,https://anchor.fm/s/117e882cc/podcast/rss,"Each month, we’ll sit down with our pastors, ministry leaders, and people from our church family for conversations that go a little deeper into the questions and topics that come up in church and in everyday life.",Anchor,en,https://d3t3ozftmdmh3i.cloudfront.net/staging/podcast_uploaded_nologo/46860811/46860811-1790712616825-23f828306b5ae.jpg,2026-10-05 20:34:00,8060433,confirmed,https://podcasters.spotify.com/pod/show/caleb-cox9,1791232440,9635eee3d3e0012f59940b85ad4de65d,6817501687.0,2,0,CORPORATE
Podcast Game Show,Brandon Beeyard,https://rss.buzzsprout.com/1942599.rss,"Podcast Game Show is the first trivia quiz show built exclusively for your ears. It's part Who Wants to be a Millionaire, part Jeopardy, and part something else entirely. Play along, learn cool new trivia facts, and impress your friends!  In each episode we welcome a new contestant and test their knowledge of trivia, pop culture, technology, current events, general knowledge, and more.  At the end of each season, the top contestants will face off against each other to win the grand prize!",Buzzsprout,en,https://storage.buzzsprout.com/qohbm4izec3wy1a381olyvs460vp?.jpg,2026-10-05 20:32:45,8060431,confirmed,http://podcastgameshow.com,1791232365,556ba0e07f7653f73806633677e72044,,4,0,CORPORATE
"Deep Thinking: Don't Annoy Your Friends, Make Art Instead",Lisa Lawrence,https://rss.buzzsprout.com/2655796.rss,"<p>We are figuring out how to channel deep thoughts into art and find community with others who relish detail, obsess over answering the, Why? and actually use it to inform their work in the arts. See how actors, writers, painters, musicians, potters, and photographers make cultural currency out of their truth seeking obsessions.</p>",Buzzsprout,en-us,https://storage.buzzsprout.com/n3x3q42t82xz1zaw8b6ujxqq7fco?.jpg,2026-10-05 20:21:38,8060424,confirmed,,1791231698,7abe0a60c22bab41469f9fece170a0c4,,4,0,INDIVIDUAL
HR Series with Solomon,HRwithSolomon,https://anchor.fm/s/10e26fb38/podcast/rss,"Welcome to the HR Series with Solomon, hosted by Solomon Koilraj. As a Human Resources student at CNA and a student member of CPHR NL, I’m on a mission to bridge the gap between classroom theory and real-world leadership.
Join us as we interview industry experts and HR Directors to explore the ""human touch"" behind successful organizations. From recruitment and mentorship to operational leadership in Newfoundland and Labrador, we uncover the purpose behind the people. Subscribe to grow with us.",Anchor,en,https://d3t3ozftmdmh3i.cloudfront.net/staging/podcast_uploaded_nologo/45224030/45224030-1768999332210-43e2328e9838b.jpg,2026-10-05 20:20:28,8060423,confirmed,https://podcasters.spotify.com/pod/show/hrwithsolomon,1791231628,92b8f23238fbaaacbeccd2646be83a8b,1872127553.0,2,0,CORPORATE
Blandcons,Caitlin and Izzy,https://rss.buzzsprout.com/2655829.rss,"<p>Blandcons: the essential Irish  music podcast </p><p>The music scene is exploding right now, in particular the Irish music scene. </p><p>But it can be hard to find out what's going on and it can be scary dipping your toe in. </p><p>The great thing is we are here to help!</p><p>Izzy (Bland) and Caitlin (Con)nors make up the music podcast, Blandcons. Discussing all things music, from music news, new releases, to their favourite tunes with even an occasional interviews from time time with the coolest up and coming artists. </p><p><br></p>",Buzzsprout,en-us,https://storage.buzzsprout.com/ayvqgtlj0sk8kf1rq0t078v09y67?.jpg,2026-10-05 20:19:47,8060421,confirmed,,1791231587,995d481ed3db1fe6b0846182a4f71ed4,,4,0,CORPORATE
The Members Lounge,Stork Club | By Landmark,https://feeds.transistor.fm/the-members-lounge,"Pull up a chair. The Members Lounge is Stork Club’s podcast, hosted by Sam Mushman, Director of Stork Club, featuring members, friends and special guests with something worth talking about. Expect candid conversations on cigars, travel, food, business, culture and the experiences that make life a little more interesting. Good stories, strong opinions and a look inside the world of Stork Club.",Transistor,en,https://img.transistorcdn.com/b9_PSXMFlghjfOIBVGtwjCKHOFX72dhkPqUfUbcAruA/rs:fill:0:0:1/w:1400/h:1400/q:60/mb:500000/aHR0cHM6Ly9pbWct/dXBsb2FkLXByb2R1/Y3Rpb24udHJhbnNp/c3Rvci5mbS9jYjVl/MGY3M2FiZTVhMzk3/MDk0YTAyMDQyNmQ4/OWZkNC5wbmc.jpg,2026-10-05 20:19:40,8060420,confirmed,https://bylandmark.com/stork-club/,1791231580,60022d4cf4b42966b308ec9af11ec5ac,,4,0,CORPORATE
Ask Us About Loom,Film Stories,https://feeds.acast.com/public/shows/6abc177306846f55a3e68267,"Matt Latham, alongside the odd guest, delves into the world of Point and Click adventure games and their legacy in ASK US ABOUT LOOM.A proud part of the Film Stories Podcast Network: www.filmstories.co.uk<hr><p style='color:grey; font-size:0.75em;'> Hosted on Acast. See <a style='color:grey;' target='_blank' rel='noopener noreferrer' href='https://acast.com/privacy'>acast.com/privacy</a> for more information.</p>",Acast,en,https://assets.pippa.io/shows/6abc177306846f55a3e68267/show-cover.jpg,2026-10-05 20:14:51,8060417,confirmed,https://shows.acast.com/ask-us-about-loom,1791231291,72c6bfaeff32abce47110d80af4f3bd4,1641529105.0,2,0,INDIVIDUAL
2 Welsh Dads,Steffan Davies,https://anchor.fm/s/107a5ea30/podcast/rss,"Welcome to 2 Welsh dads! We talk fatherhood, emotions and being Welsh.",Anchor,en,https://d3t3ozftmdmh3i.cloudfront.net/staging/podcast_uploaded_nologo/44132812/44132812-1753462069322-df414e64eee47.jpg,2026-10-05 20:04:34,8060410,confirmed,https://podcasters.spotify.com/pod/show/steffan-davies,1791230674,d680dcf690fe28f4301051f019380253,1896889390.0,2,0,INDIVIDUAL
kixkali!,Donostia Kultura,https://feeds.captivate.fm/kixkali/,Aitzpitarteko          txinparten hotsak...         Orraztu gabe.,Captivate,en,https://artwork.captivate.fm/82893ddd-a65f-48a1-9fae-404ef747ac91/kixkali.jpg,2026-10-05 20:01:52,8060405,confirmed,https://kixkali.captivate.fm,1791230512,fd2efc0839da3f46ac2b5f87089eaa77,,4,0,INDIVIDUAL
Episode 1 Cocktails and Conversations w/ Dawn of Delight (Guest: Jeremy “Unmask” Smith),DawnofDelight,https://feeds.transistor.fm/episode-1-cocktails-and-conversations-w-dawn-of-delight-guest-jeremy-unmask-smith,Comedic journey through life’s toughest questions “Can you be friends with an Ex?”,Transistor,en,https://img.transistorcdn.com/wAThUUnBvSaewMPTf74cQVvCwSjZRLyIfLq9YCWyLmc/rs:fill:0:0:1/w:1400/h:1400/q:60/mb:500000/aHR0cHM6Ly9pbWct/dXBsb2FkLXByb2R1/Y3Rpb24udHJhbnNp/c3Rvci5mbS82ZTk0/ZmQzMzdkMTE4MWVl/NmZiM2RlZTU2ZDBk/NDYzMS5qcGc.jpg,2026-10-05 19:55:49,8060401,confirmed,https://www.instagram.com/dawnofdelight?stkn=MWtucml6b2U0MGI4dw%3D%3D&utm_source=qr,1791230149,b3ab86a4f49a8d3cfbf5bd9e2d354768,,4,0,INDIVIDUAL
The Facetime Call,TFTC,https://rss.buzzsprout.com/2655534.rss,"<p>welcome to the FACETIME CALL. <br><br>Wir wollten eigentlich nur kurz telefonieren… und dann ist daraus ein Podcast geworden. Von zwei Freundinnen, die eindeutig zu viel Meinung haben. </p><p><br>join the call. yeyyy. </p><p><br></p><p><br></p>",Buzzsprout,en-us,https://storage.buzzsprout.com/b45wwv7wn3g80basxu7pu0r5rzf0?.jpg,2026-10-05 19:47:52,8060399,confirmed,,1791229672,11948e9f5cbacf39682dfdc27931d3ae,,4,0,CORPORATE
Ayrts Street (Podcast),Ayrts,https://rss.buzzsprout.com/2655830.rss,"<p>🔥🎧AYRTS🎧🔥</p><p><br></p><p>🇬🇧 Uk artist, Dj/Producer 🇬🇧</p><p> 💎UNIQUE IN STYLE & SOUND💎</p><p>🎶 MELODIC BASS - HOUSE & TECHNO 🎶</p><p><br></p><p><br></p><p>“Ayrts Street Podcast” </p><p><br></p><p>Www.Ayrts.co.uk</p>",Buzzsprout,en-us,https://storage.buzzsprout.com/5gh42j58jbhk1xggbusz4lr88gpk?.jpg,2026-10-05 19:38:26,8060392,confirmed,http://Www.Ayrts.co.uk,1791229106,301784f2ee2dba6d64f4b0dcfcafe387,,4,1,INDIVIDUAL
The Full Circle Farms podcast,Tom Newman,https://feeds.acast.com/public/shows/6a576f9ac90e948cc41486c6,"<p>The Full Circle Farms podcast follows Tom and Anna Morphew as they run their regenerative care farm in West Sussex.</p><br><p>Anna runs the Garden Army a Community Interest Company that supports people of all ages living with health and wellbeing needs by giving them access to being outside and with nature to support their health.</p><br><p>Tom runs the commercial side of Full Circle Farms by working with his clients in a unique way. Instead of growing produce and selling it, he rents his land and his expertise to his clients and grows what they want. Tom's clients include Sodexo, Virgin Atlantic and Brighton and Hove football club.</p><br><p>The Full Circle Farms is for anyone interested in a better way to grow good quality fruit and veg to eat. It's for those looking an alternative help for stress, PTSD and special education needs. And, it's a podcast for those looking to garden or farm in a regenerative way that respects and cares nature.</p><p><a href=""https://www.fullcirclefarms.co.uk/"" rel=""noopener noreferrer"" target=""_blank"">Full Circle Farms</a></p><p><a href=""https://www.garden-army.com/"" rel=""noopener noreferrer"" target=""_blank"">Garden Army</a></p><p><a href=""https://www.farmer-tom.co.uk/"" rel=""noopener noreferrer"" target=""_blank"">Farmer Tom</a></p><br><p>The Full Circle Farms podcast is a <a href=""https://www.fablestudio.uk/"" rel=""noopener noreferrer"" target=""_blank"">Fable</a> production</p><hr><p style='color:grey; font-size:0.75em;'> Hosted on Acast. See <a style='color:grey;' target='_blank' rel='noopener noreferrer' href='https://acast.com/privacy'>acast.com/privacy</a> for more information.</p>",Acast,en,https://assets.pippa.io/shows/cover/1784115081696-83181ad7-af5c-49c5-867e-8ff662c69eb3.jpeg,2026-10-05 19:35:03,8060390,confirmed,https://shows.acast.com/the-full-circle-farms-podcast,1791228903,3cafb1e1cde369ada028dd1086382ac8,6818792560.0,2,0,INDIVIDUAL
The Back Row Pod,The Back Row Pod,https://anchor.fm/s/1177aa054/podcast/rss,"Join Josh and Max weekly to discuss the latest in films, hot takes and deep dives into some of the best films at the moment, every week on Sunday",Anchor,en-gb,https://d3t3ozftmdmh3i.cloudfront.net/staging/podcast_uploaded_nologo/46788797/46788797-1789859253718-a029e4aaec4d6.jpg,2026-10-05 19:33:19,8060388,confirmed,https://podcasters.spotify.com/pod/show/the-back-row-pod2,1791228799,00b05931f4ca71123ec79e520ec2c13e,6814251828.0,2,0,CORPORATE
Tales from Ovid,Blando Calrissian,https://feeds.transistor.fm/tales-from-ovid,Modern reinterpretations of the classic stories from Greek mythology.,Transistor,en,https://img.transistorcdn.com/aP7Zbhi38G7BgPqufDmx5V79cmLxWUxP_OmbAvOeXFE/rs:fill:0:0:1/w:1400/h:1400/q:60/mb:500000/aHR0cHM6Ly9pbWct/dXBsb2FkLXByb2R1/Y3Rpb24udHJhbnNp/c3Rvci5mbS9mNmM5/M2U5NDUzMTE5N2Q1/NDI0OTJkNjdhNjFh/NDRlMi5qcGc.jpg,2026-10-05 19:26:52,8060382,confirmed,https://tales-from-ovid.captivate.fm,1791228412,c35430971e9249fe7faaa43239b62e4d,,4,1,CORPORATE
The Preschool Playbook,Kevin Eldridge,https://anchor.fm/s/117dfceac/podcast/rss,"The Preschool Playbook — real talk from a preschool teacher's classroom. Kevin and his co-hosts Alex and Jordan share what teachers wish parents knew, what a day in early childhood education actually looks like, and why the little moments matter most. Honest, warm, and made for parents, teachers, and anyone who loves kids.",Anchor,en-us,https://d3t3ozftmdmh3i.cloudfront.net/staging/podcast_uploaded_nologo/46855107/46855107-1790647203310-8c02e04631a7c.jpg,2026-10-05 19:26:14,8060380,confirmed,https://podcasters.spotify.com/pod/show/kevin675864,1791228374,6623dc80ee2ef835ff3ae09dea95770a,6815515464.0,2,0,INDIVIDUAL
Kosuke's English Journey｜バーで身につけるリアル英会話,koby,https://anchor.fm/s/117f999cc/podcast/rss,"英語は勉強した。 
でも、いざ外国人を目の前にすると話せない。
**Kosuke's English Journey** は、東京・三軒茶屋の小さなバーを舞台に、Kosukeが外国人のお客さんや友人たちとのリアルな会話を通して、少しずつ「使える英語」を身につけていくストーリー型の英会話Podcastです。
難しい文法解説や単語の丸暗記ではなく、まずは会話を聞いて、状況から意味を想像する。
そして、一度出てきた英語が別の場面でも何度も登場することで、少しずつ自分の英語になっていく。
聞き取れなかったり、意味を勘違いしたり、変な英語を言ってみんなに笑われたり。
そんなKosukeと一緒に、バーで一杯飲んでいるような感覚で英語を身につけていきましょう。
**学校で英語は習った。でも、話すのは苦手。**
そんな大人のための、 
**バーで身につけるリアル英会話。**
Welcome to **Kosuke's English Journey**.",Anchor,en,https://d3t3ozftmdmh3i.cloudfront.net/staging/podcast_uploaded_nologo/46872011/46872011-1791128665548-386e4c3272758.jpg,2026-10-05 19:23:33,8060378,confirmed,https://podcasters.spotify.com/pod/show/kosuke11145,1791228213,eab445cdb65450cec046d0fdad9773e4,6819004895.0,2,0,INDIVIDUAL
The Composer Connection,Outlier Creative,https://rss.buzzsprout.com/2654261.rss,"<p>The Composer Connection pairs two composers working in film, television and video games for a filmed conversation about the craft. No interviewer, no agenda, just peers talking honestly about the world of music to picture.</p>",Buzzsprout,en-gb,https://storage.buzzsprout.com/ii9wg6gteknbqvhztrns2nyvd0fs?.jpg,2026-10-05 19:17:46,8060372,confirmed,https://www.buzzsprout.com/2654261,1791227866,86190f034fe0926404937ad447030d91,,4,0,INDIVIDUAL
Don’t Forget the Back Gate,backgatesopen,https://feed.podbean.com/backgatesopen/feed.xml,<p>Just two girls trying to navigate pastures and pregnancy.</p>,Podbean,en,https://pbcdn1.podbean.com/imglogo/image-logo/22655517/dont_forget_the_back_gate_1400x1400_under_2mb.jpg,2026-10-05 19:14:53,8060369,confirmed,https://backgatesopen.podbean.com,1791227693,302f94b3453b933f8679497bd3b3b4ee,6818970730.0,2,0,INDIVIDUAL
unfiltered EDU,Bold Women EDU,https://anchor.fm/s/1159ff324/podcast/rss,"Unfiltered EDU is the podcast for women shaping the future of education — bringing candid conversations about leadership, career growth, education, and the issues impacting our industry. We bring together women from across the education ecosystem — educators, district leaders, architects and designers, manufacturers, industry leaders, consultants, and changemakers — to share real experiences, fresh perspectives, and insights you can actually use. We talk about what’s working, what needs to change, the lessons we’ve learned along the way, and what’s next. No scripts. No filters. Just honest",Anchor,en-us,https://d3t3ozftmdmh3i.cloudfront.net/staging/podcast_uploaded_nologo/46477713/46477713-1790651729433-44ae6583fb261.jpg,2026-10-05 19:10:31,8060366,confirmed,https://podcasters.spotify.com/pod/show/bwedu5,1791227431,cece6d6a698bca14cf40e72087fc3da3,6817395811.0,2,0,CORPORATE
Fight Week with Jack Armstrong,Jack Armstrong,https://feeds.redcircle.com/f3a37c1c-56de-40e8-9684-feebf2a74083,"Before the bell, after the stoppage, and everywhere the fight changes in between, Jack Armstrong brings combat sports into focus. Get compelling previews, honest reactions, style-versus-style analysis, emerging names, and the stories surrounding the biggest bouts—delivered with fight-night energy by the Afterplay Network.",Spotify for Podcasters,en-US,https://media.redcircle.com/images/2026/9/22/15/3a76bb07-af21-4a74-96fa-e2dc3839acd9_fight-week-with-jack-armstrong.jpg,2026-10-05 19:09:36,8060364,confirmed,https://redcircle.com/shows/fight-week-with-jack-armstrong,1791227376,e54078c9790c7e9e93a01e40fe6bf3ac,,4,0,INDIVIDUAL
Tribal to Therapy – with Leon Tessar,Leon Tessar,https://anchor.fm/s/11824ec08/podcast/rss,"Where ancient ceremony meets modern science. Host Leon Tessar explores psychedelics from the Indigenous traditions that carried them for centuries to today’s clinical trials: psilocybin, ayahuasca, peyote, iboga, LSD, MDMA and ketamine. Every episode tells a true story, explains what the research actually shows, checks one popular myth and ends with a safety corner. Curious, respectful, evidence first – no hype and no how-to. Based on the book Psychedelics: From Tribal to Therapy. Not medical advice. Produced with AI voice and music.",Anchor,en,https://d3t3ozftmdmh3i.cloudfront.net/staging/podcast_uploaded_nologo/46900402/46900402-1791220169453-c6f18254e5f28.jpg,2026-10-05 19:07:54,8060362,confirmed,https://podcasters.spotify.com/pod/show/leon-tessar2,1791227274,5363e9f2205ed58834b765d06f99bdc6,,0,0,INDIVIDUAL
The Nash Attack,Jonathan Nash,https://rss.buzzsprout.com/2655803.rss,"<blockquote><b>Welcome to The Nash Attack—my take on media and what makes us watch. </b>I’m Jonathan Nash, a lifelong movie and TV fan who’s spent my career at the intersection of Hollywood and technology. Each episode starts with a question about media I can’t stop thinking about. I bring together firsthand experience, industry history and my own perspective to make sense of how we got here, where we’re going and why it matters. OK. Let's attack something.</blockquote><p><br></p>",Buzzsprout,en-us,https://storage.buzzsprout.com/e2xbikbg9eaovyglfvjb0te4ak9i?.jpg,2026-10-05 19:06:21,8060359,confirmed,https://thenashattack.buzzsprout.com,1791227181,74c236fc019e81b7ff6a5e0f09594ffc,,4,0,INDIVIDUAL
Revisiting Hogwarts- an Audio Miniseries,Alexander,https://rss.buzzsprout.com/2654957.rss,"<p>Leading up to the release of the new HBO Max adaptation, this podcast on the Harry Potter series aims to compare how well the films adapted the books, and to help aspiring writers gain a better understanding about developing fantasy worlds. If you are a newcomer to the franchise wanting to know how well the movies did on adapting the source material, or a long-time fan who wants an insight into the story's magic, this is the podcast for you!</p>",Buzzsprout,en-us,https://storage.buzzsprout.com/x8g87e4txd2cd4ayg9vk5t7tufc3?.jpg,2026-10-05 19:05:30,8060358,confirmed,,1791227130,cd8e6439ea8d318d0f938a0c9807a7c9,,4,0,CORPORATE
"Sincerely, Char",Char,https://anchor.fm/s/11583e5e4/podcast/rss,"Welcome to Sincerely, Char, where real conversations meet real life. I’m Char, and every episode is an honest, unfiltered look at the moments that shape us, from military life and entrepreneurship to health, healing, relationships, faith, finances, and personal growth.",Anchor,en-us,https://d3t3ozftmdmh3i.cloudfront.net/staging/podcast_uploaded_nologo/46459329/46459329-1785442253285-e177b0cca4d9.jpg,2026-10-05 19:00:43,8060354,confirmed,https://podcasters.spotify.com/pod/show/sincerely-char,1791226843,661406dbea54fc4e8ff71fe36ddd83bf,6815536197.0,2,0,INDIVIDUAL
Business Announcer,Sven Patzer,https://rss.buzzsprout.com/2655819.rss,"Business Announcer brings you all the latest news, insights, and trends in the world of business and entrepreneurship. Each episode features expert guests, thought-provoking discussions, and actionable advice for anyone looking to start or grow their own company. Whether you're a seasoned CEO or just starting out on your entrepreneurial journey, there's something for everyone on this informative and inspiring show. Tune in for valuable lessons learned, success stories, and powerful tips shared by some of today's brightest businesspeople on this show produced by Business Announcer.",Buzzsprout,en,https://storage.buzzsprout.com/rrvjtkxkfes1w6m6y2dx1l2j1xrs?.jpg,2026-10-05 18:59:24,8060353,confirmed,https://businessannouncer.com/,1791226764,e2f928f2d8599ad812a56f84f9817c7a,,4,0,INDIVIDUAL
Holy Trinity Reformed Church,Jacob,https://rss.buzzsprout.com/2655806.rss,<p>Sermons from Holy Trinity Reformed Church</p>,Buzzsprout,en-us,https://storage.buzzsprout.com/z4lpscibuthiig59yojxfsxahkh1?.jpg,2026-10-05 18:52:40,8060350,confirmed,,1791226360,26a70fdf8405b1c11b17cdb2a8fcb54c,,4,0,INDIVIDUAL
JustNonsenseTalks,Tanner Richards,https://rss.buzzsprout.com/2655773.rss,<p>Just a Bunch of Bros talking nonsense about their favorite things happening in pop culture.</p>,Buzzsprout,en-us,https://storage.buzzsprout.com/v8q7wsuxn3kcptpsvr3wf04ei7zx?.jpg,2026-10-05 18:50:55,8060349,confirmed,,1791226255,b12940ebe6bd99dda823263281283e9b,,4,0,INDIVIDUAL
UWE Bristol Careers Podcast,UWE Bristol,https://feed.podbean.com/UWECareersPodcast/feed.xml,"<p>Welcome to the UWE Bristol Careers podcast, where we explore the experiences of students and graduates on placements, internships and grad schemes available with employers across the country.</p>",Podbean,en,https://pbcdn1.podbean.com/imglogo/image-logo/22678387/Untitled-1cbjsdbcjscbvsd.jpg,2026-10-05 18:49:37,8060345,confirmed,https://UWECareersPodcast.podbean.com,1791226177,873fd52033c78dce2e43eeebe0f61f12,6818546333.0,2,0,INDIVIDUAL
In a Yellow Wood (A Satirical Exploration of Wealth),Gore Vidal,https://www.spreaker.com/show/7437940/episodes/feed,"When wealthy stockbroker Anton discovers a hidden ledger detailing the dark underbelly of his elite social circle, he faces a moral reckoning that could shatter his gilded life. In Gore Vidal's 'In a Yellow Wood,' listeners delve into a razor-sharp satire that unearths the complexities of ambition, privilege, and the human condition. This gripping narrative unfolds within the opulent world of high finance, where the stakes are not just monetary but deeply personal. As Anton navigates betrayals, friendships, and the allure of power, he grapples with the question: what price are you willing to pay for success?<br /><br /> Vidal’s incisive wit and keen observations create a tapestry of characters who embody the contradictions of their society. Each interaction bubbles with tension, revealing the fragility of status and the often-hidden truths lurking beneath wealth. This audiobook invites you to reflect on the nature of morality in a world obsessed with appearances and status.<br /><br /> Through Anton's journey, listeners encounter a thought-provoking exploration of values and ethics that transcends time, prompting questions about our own ambitions and choices. Engage with a narrative that is both entertaining and enlightening, as 'In a Yellow Wood' challenges you to consider the cost of climbing the social ladder. Will Anton embrace the truth, or will he bury it beneath the gold? Tune in to discover how deep the roots of deception run in this captivating tale.",Spreaker,en,https://d3wo5wojvuv7l.cloudfront.net/t_rss_itunes_square_1400/images.spreaker.com/original/2e90d35d9692a815d2c5e69282738716.jpg,2026-10-05 18:47:33,8060344,confirmed,https://www.spreaker.com/podcast/in-a-yellow-wood-a-satirical-exploration-of-wealth--7437940,1791226053,c43351dba53be351b57e24bd18ddd020,,4,0,INDIVIDUAL
The Red Pen Podcast,Americans for Fair Treatment,https://rss.buzzsprout.com/2655763.rss,"<p>Government unions have spent decades writing their own rules. The Red Pen Podcast is here to mark them up.</p><p><br></p><p>Every other week, Americans for Fair Treatment CEO Chip Rogers and Senior Fellow Corey DeAngelis take a red pen to the latest news from the world of public sector and teachers unions. </p><p><br></p><p>They break down the stories the unions would rather you didn't hear: corruption, intimidation of workers, union dues funneled into politics, and the fight to put kids ahead of union bosses in our schools.</p><p><br></p><p>Each episode features a high-profile guest from the front lines, including lawmakers, policy experts, and public employees who have stood up for their rights. Chip and Corey bring sharp analysis, plenty of candor, and a clear message: public employees deserve freedom, taxpayers deserve accountability, and parents deserve a say.</p><p><br></p><p>Whether you're a teacher, a first responder, a public employee, or a taxpayer footing the bill, The Red Pen gives you the facts and the fight.<br><br></p><p>New episodes biweekly. Learn more about your rights at afft.org.</p>",Buzzsprout,en-us,https://storage.buzzsprout.com/rqt03xt81jzpzsyb38b3y6iqdx17?.jpg,2026-10-05 18:46:48,8060343,confirmed,https://www.buzzsprout.com/2655763,1791226008,e7e60bc607b786f55e483fc8c4cd4850,,4,0,INDIVIDUAL
Beyond The Group: Unfiltered,Olivia Dixon,https://feeds.libsyn.com/631408/rss,"Beyond the Group: Unfiltered brings real East Tennessee stories to the mic. 🎙️
We're talking family, parenting, recovery, starting over, mental health, loss, relationships, healthcare, community, and the struggles people often face behind closed doors.
Hear from everyday people, local businesses, healthcare workers, community organizations, caregivers, and others with stories worth sharing.
No perfect lives. No pretending. No judgment.
Real people. Real stories. Real East Tennessee. 💚",Libsyn,en,https://static.libsyn.com/p/assets/b/1/2/3/b1236792e2b2cc9e88c4a68c3ddbc4f2/50249.png,2026-10-05 18:44:05,8060340,confirmed,http://sites.libsyn.com/631408,1791225845,fbc4afbd49c0a82bed15a32631e966c5,6817479908.0,2,0,INDIVIDUAL
Podcast intro,Priya Lyle,https://www.spreaker.com/show/7437936/episodes/feed,Podcast me,Spreaker,en,https://d3wo5wojvuv7l.cloudfront.net/images.spreaker.com/nuvolari-assets/black_square_mic.jpg,2026-10-05 18:42:09,8060338,confirmed,https://www.spreaker.com/podcast/podcast-intro--7437936,1791225729,9d77f4cf210c356db05e799737050be9,,4,0,INDIVIDUAL
The Eden VerBatin Show,Eden VerBatin,https://feeds.transistor.fm/the-eden-verbatin-show,"Arguments over outrage. Eden VerBatin, a Christian from Israel, takes the loudest claims about Israel, faith and American politics and tests them against the evidence.

Each episode picks one argument that is dominating the timeline, lays out what it gets right, and follows it to the point where it stops holding up. Psychology, philosophy, history and scripture, with no tribe to protect. If you are tired of clips that win the moment and skip the case, this show is for you.",Transistor,en,https://img.transistorcdn.com/fu7aJR5-NWweoWRuS9Ix-84LRZOJWGE5z-T--8Wo-ho/rs:fill:0:0:1/w:1400/h:1400/q:60/mb:500000/aHR0cHM6Ly9pbWct/dXBsb2FkLXByb2R1/Y3Rpb24udHJhbnNp/c3Rvci5mbS81Njlm/N2Y2MGFiNzdjMmNm/ZTUxNzQ2ODliMWE2/ZTFkNC5qcGc.jpg,2026-10-05 18:39:51,8060337,confirmed,,1791225591,5c53b31b879c06324344cb6cc62f9c06,,4,0,INDIVIDUAL
The Power of Words: A 48 Hour Audio Drama Festival,Rob Harrower,https://feeds.captivate.fm/the-power-of-words-a-48/,"This is ""The Power of Words,"" a 48 Hour Audio Drama Festival, presented in association with Iridescent Acorn Productions and Two Sober Dwarves Productions. In this podcast, all of the episodes you're about to hear were written, recorded, and fully edited within an astonishing 48-hour period. Our casts and crews worked tirelessly around the clock, exploring the weight of a spoken word, a heartfelt statement, and the power of things written . They crafted pieces around the central theme of ""The Power of Words,"" exploring what happens when characters finally find the courage to say the things they've been keeping inside.",Captivate,en,https://artwork.captivate.fm/d034f2f7-f895-47b4-9fbe-347b99af9f10/48-Audio-Drama-Fall-Logo-9726-1.jpg,2026-10-05 18:37:27,8060331,confirmed,https://the-power-of-words-a-48.captivate.fm,1791225447,633fd724c0b01ed7fa60ed229ee49b76,,4,0,INDIVIDUAL
Clinically Chaotic Podcast,Meadow,https://rss.buzzsprout.com/2653193.rss,"<p>What happens when two moms with a questionable amount of trauma, mental health baggage, and life chaos get microphones? </p><p><br></p><p>Welcome to Clinically Chaotic. 🎙️</p><p><br></p><p>Best friends, Meadow and Kaylee are talking about the real stuff: motherhood, mental health, divorce, cheating, sex, open relationship, relationships, rehab, ADHD, bipolar disorder, OCD, BPD, relationship starting overcome all the shit nobody wants to put in the Instagram caption. </p><p><br></p><p>Over sharing, unfiltered stories, listener, questions, weekly chaos, questionable decisions, and conversations that probably should’ve stayed in the group chat.</p><p><br></p><p>Two moms. Two lives. Zero filter.</p><p><br></p><p>Welcome to the chaos.</p>",Buzzsprout,en-us,https://storage.buzzsprout.com/6kwzwq0pxywskcfbq6sf11rv5pb6?.jpg,2026-10-05 18:34:25,8060330,confirmed,,1791225265,b0f6231d354a7693281f2e9ad3dcc67c,,0,0,INDIVIDUAL
The 7-Figure Podcast Host,Taig O'Shea,https://feeds.captivate.fm/7-figure-podcast-host/,"Looking for a way to become a recognised authority online & get clients consistently WITHOUT having to become a social media influencer?  This show helps established business owners build a podcast that attracts ideal clients, earns their trust and grows sales without posting daily or chasing viral clips.  Listen to learn how to:  - Build a sustainable podcast that generates business opportunities without famous guests, expensive studios or millions of downloads. - Reach potential clients when they’re actively searching for solutions on Apple Podcasts & Spotify, rather than interrupting their doomscrolling. - Turn your expertise into focused episodes that build authority and make listeners trust you before they book a call.  We’re Anthony and Taig from Get More Listeners, and we’ve worked with and studied hundreds of podcasters to understand what drives growth, leads and sales.  Start with the episode 2: 3 Ways Podcasting Will Grow Your Business & Personal Brand That No One Is Talking About",Captivate,en,https://artwork.captivate.fm/d9b6512b-953d-460f-a1ab-df3a024de441/Cover-Art.jpg,2026-10-05 18:24:19,8060320,confirmed,https://7-figure-podcast-host.captivate.fm,1791224659,4cb271b84c3e1481283017c7d0f10748,,4,0,INDIVIDUAL
Health After 40 Science,Vince,https://rss.buzzsprout.com/2655811.rss,"<p>Evidence-based health for adults over 40 — the audio editions of our YouTube deep dives. Strength, heart, metabolic health, sleep, and longevity: no hype, just what the research actually says. Educational content only, not medical advice.</p>",Buzzsprout,en-us,https://storage.buzzsprout.com/nteajh74flac6mgadpz1yfql0fve?.jpg,2026-10-05 18:21:05,8060315,confirmed,,1791224465,220becacdfc964ea7ac0688e6dd3c1f7,,4,0,INDIVIDUAL
Pick And Roll,CougarTV,https://rss.buzzsprout.com/2655208.rss,<p>Ryan and Christian talk basketball.</p>,Buzzsprout,en-us,https://storage.buzzsprout.com/5v1883544qae5qb9ovxm6zdx2s98?.jpg,2026-10-05 18:20:21,8060314,confirmed,,1791224421,c78b9c0bfe6dc6d872c6c96303e955ff,,4,0,INDIVIDUAL
Troy Horne Show,Troy Horne,https://rss.libsyn.com/shows/413171/destinations/3426260.xml,"This is for the 40 and older crowd! Here's the deal. You aren't afraid of work and you know a thing or two about a thing or two. The problem is that you don't know how to monetize your information in the information age. The tech got you wrecked. Plus... PLUS... your momma, daddy, auntie, or whoever is still in your ear reminding you how regular you are. 
Well, you ain't regular. You know things and the world will benefit from your knowledge. It's time to monetize your information and share it with more people. Entrepreneurship doesn't have to be confusing. Thanks to the internet it can be SUPER EASY! The problem is that we are operating with a 1990's mindset and it's been the 2000s for a minute. 
In this podcast, I'm going to help you make the shift and by default help you grow and in some cases start your business based on your talents and purpose.
Buckle up boys and girls! We Out HERE! #letsgetit",Libsyn,en,https://static.libsyn.com/p/assets/d/0/4/c/d04c25f6edda5de240be95ea3302a6a1/The-Troy-Horne-Show-20230415-ra2t7q1aca.jpg,2026-10-05 18:18:54,8060312,confirmed,https://sites.libsyn.com/413171,1791224334,0b15661888af4acbb2fb61d993b58294,1744982590.0,2,0,INDIVIDUAL
Podcast Project,maya,https://www.spreaker.com/show/7437668/episodes/feed,"Exploring the history, meaning, and modern use of interesting words that originated in Ancient Greece, with fun facts and stories along the way.🏺🪔",Spreaker,en,https://d3wo5wojvuv7l.cloudfront.net/t_rss_itunes_square_1400/images.spreaker.com/original/8bbd2aecae4f6be896045268e007ba18.jpg,2026-10-05 18:18:30,8060311,confirmed,https://www.spreaker.com/podcast/podcast-project--7437668,1791224310,1fb982660a15b2d291015b7c0102310a,,4,0,INDIVIDUAL
Shoot the Shit,matthew mitchell,https://rss.buzzsprout.com/2655228.rss,<p>Discussion of current events of the firearms industry</p>,Buzzsprout,en-us,https://storage.buzzsprout.com/d52ga0uwhtbuqoucs9w2l452vn5j?.jpg,2026-10-05 18:16:51,8060309,confirmed,,1791224211,9509d4f3c7634a2c20992a0012c14cf2,,4,0,CORPORATE
The Write Collab,Mary,https://rss.buzzsprout.com/2652268.rss,"<p>The Write Collab is part comedy, part writers’ room, and part “did we really just talk about that?”</p><p>Hosted by Mary Hill, each episode starts with Sauna Sessions & Confessions, where random observations, ridiculous conversations, pop culture, neighborhood happenings, and whatever else comes up are fair game.</p><p>Then we head into the Writers’ Room, where stories get pulled apart, talked through, and put back together with real feedback. We’re starting with Mary’s debut novel, Blanket Truth, but the goal is bigger: bring in other writers, creators, and storytellers who have something they’re working on, stuck on, or simply want another set of eyes on.</p><p>And every episode ends with Ask Harry, where our Magic 8 Ball answers the questions we probably have no business answering.</p><p>Come for the laughs. Stay for the stories. And if you have something to say, write, confess, or ask—welcome to The Write Collab.</p>",Buzzsprout,en-us,https://storage.buzzsprout.com/lz4amrrc4o49pasdyzsxt20ij9dv?.jpg,2026-10-05 18:15:36,8060306,confirmed,https://www.buzzsprout.com/2652268,1791224136,f52fe4ea2b414d26bb0efa4cbf30ce12,,4,0,INDIVIDUAL
UNINTERRUPTED Weekly,UNINTERRUPTED,https://feeds.megaphone.fm/UNIT4839502068,"<p><strong>UNINTERRUPTED Weekly </strong>is a brand-new show dropping every Thursday, bringing you the biggest stories in sports from the athlete's perspective.</p>
<p>Hosted by the Saints all-time sack leader & 8x Pro Bowler Cam Jordan, NBA Champion and 14-year vet PJ Tucker, and 3x Pro Bowler & former NFL running back Todd Gurley. UNINTERRUPTED Weekly brings a perspective you won't get anywhere else: real insight from athletes who've lived it. Keep an eye out for your athlete’s favorite athlete stopping by the show. When three superstar athletes lead the conversation, anyone could pull up.</p>
<p>Backing them up is The Pit: DT, Lowkey B, and E Howell, UN Weekly's trusty bullpen of producers. They're here to ask the questions fans want answered, keep the hosts honest, and keep an ear to the streets every single week.New episodes every Thursday on YouTube and wherever you get your podcasts.</p>
<p>Follow the show on all social platforms @ UNINTERRUPTED</p>",Megaphone,en,"https://megaphone.imgix.net/podcasts/e845c6e8-864e-11f1-a672-93149df67709/image/8ba16bd2443a8c6474de787a64beb776.png?ixlib=rails-4.3.1&max-w=3000&max-h=3000&fit=crop&auto=format,compress",2026-10-05 18:05:43,8060301,confirmed,,1791223543,5abbb5ae3d4b98081802ddf5e6b36b36,6817847642.0,2,0,CORPORATE
PixelCrayons,PixelCrayons Team,https://feeds.redcircle.com/58e9c23f-489d-4c0e-8387-071464aade3d,"PixelCrayons is a Noida-based growth engineering partner since 2004 — marketing, development, design and AI services for brands and 500+ white-label agency partners. PixelCrayons",Spotify for Podcasters,en-US,https://media.redcircle.com/images/2026/10/5/17/20929fd6-c152-4317-ab0a-1666baa9ee70_cover-show.jpg,2026-10-05 18:02:55,8060299,confirmed,https://redcircle.com/shows/pixelcrayons,1791223375,88bbc6082bf79dfc587d2a9c47233933,,4,0,CORPORATE
Health Insurance Today,Bill Paschall,https://feeds.transistor.fm/health-insurance-today,"Health insurance shouldn't feel like a puzzle you have to solve alone. On Health Insurance Today, Bill Paschall of Paschall Health Insurance draws on over 20 years in the business to break down the coverage questions people actually ask — from Medicare choices and open enrollment deadlines to individual and family plans, and what to do when life changes your coverage needs. Each episode cuts through the jargon with straight talk and practical guidance, so you can make confident decisions about your health coverage. Whether you're turning 65, self-employed, or just trying to understand your options, Bill is here to help you get it right.",Transistor,en,https://img.transistorcdn.com/_eekZA3UxOL2pT9e_CjPloD9J8zyw7zarq06vIqsKU8/rs:fill:0:0:1/w:1400/h:1400/q:60/mb:500000/aHR0cHM6Ly9pbWct/dXBsb2FkLXByb2R1/Y3Rpb24udHJhbnNp/c3Rvci5mbS9kNGI5/MTRlZTNiNWE3MzNh/YzJlNWNhN2MzMmEx/YTVjNS5wbmc.jpg,2026-10-05 17:59:35,8060295,confirmed,https://americanhealthpro.com,1791223175,399c0465d9db4aa033e80a5c6c676488,,4,0,INDIVIDUAL
The RIGHT CHOICE Mobile Auto Detailing a,RIGHT CHOICE,https://www.spreaker.com/show/7437867/episodes/feed,"<a href=""https://maps.app.goo.gl/hpEPpYDQs6GNc6mWA"" target=""_blank"" rel=""noreferrer noopener""><b>The RIGHT CHOICE Mobile Auto Detailing</b></a> and Wash provides professional mobile auto detailing and car wash services designed to keep your vehicle clean, fresh, and well-maintained. Our services include interior car detailing, exterior washing, vacuuming, upholstery cleaning, carpet cleaning, waxing, paint polishing, tire cleaning, and deep vehicle cleaning. We bring convenient detailing services directly to your location, saving you time and making vehicle care easier. Our team uses quality products and careful cleaning techniques to remove dirt, dust, stains, and buildup from your vehicle. Whether you need a quick wash or a complete detail, we focus on reliable service, attention to detail, and customer satisfaction.<br /><br /><br /><br /><br /><br /><br />",Spreaker,en,https://d3wo5wojvuv7l.cloudfront.net/images.spreaker.com/nuvolari-assets/light_blue_square_mic.jpg,2026-10-05 17:56:47,8060294,confirmed,https://www.spreaker.com/podcast/the-right-choice-mobile-auto-detailing-a--7437867,1791223007,a3e070557475f5aa1acf3d397c4fc60c,,4,0,INDIVIDUAL
Nolazine Network,Nolazine Company,https://www.spreaker.com/show/7437866/episodes/feed,Nolazine Network features Interviews From What's Yo Story & Nolazine TV that are not your normal style interviews. Our Interviews are RAW CONVERSATIONS & RAW FOOTAGE (NO EDITS) We bring it to you like it is. Nolazine Network is a multi- Media platform that tells stories.....,Spreaker,en,https://d3wo5wojvuv7l.cloudfront.net/t_rss_itunes_square_1400/images.spreaker.com/original/a9bc22416b614e3b031086940f17c01a.jpg,2026-10-05 17:53:04,8060291,confirmed,https://www.spreaker.com/podcast/nolazine-network--7437866,1791222784,3d56b91e2b538e4a1f9a792dcde8488d,,4,0,CORPORATE
Mammoth in the Room,Woolly Mammoth Theatre Company,https://rss.buzzsprout.com/2655804.rss,Former Washington Post Theater Critic Naveen Kumar sits down with the groundbreaking playwrights and artists producing new work at Woolly Mammoth Theatre in Washington DC. Filmed at the Eaton Hotel in downtown DC. ,Buzzsprout,en,https://storage.buzzsprout.com/ntbdk0gj1t0p48ksp9aya2ztp3dm?.jpg,2026-10-05 17:51:32,8060289,confirmed,https://podcasters.spotify.com/pod/show/woolly-mammoth-theatre-co8,1791222692,0a77af0289ca0b3d14fdca139f2e5f81,,4,0,CORPORATE
We Are Community Church: Sermons,Community Church of Southeast Georgia,https://rss.buzzsprout.com/2655430.rss,"<p>Weekly messages from Community Church of Southeast Georgia, one church meeting on St. Simons Island and in Brunswick, Georgia. Each episode is Sunday's sermon, so you can listen again, catch up on a week you missed, or pass it along to a friend. It's all about Jesus.</p>",Buzzsprout,en-us,https://storage.buzzsprout.com/3m6cstewcaja9xhpr2l3if0cuee9?.jpg,2026-10-05 17:42:12,8060278,confirmed,https://www.buzzsprout.com/2655430,1791222132,72cb332cd80f7fbe139c3c19b11f6ceb,6819369199.0,0,0,CORPORATE
The Cat Conversation,KJ,https://feeds.libsyn.com/522203/rss,"Welcome to The Cat Conversation with KJ, Your Kitty Correspondent! Each episode we help cat people like you understand your cats better so you can have a better relationship with your cat! 
Watch KJ on Pet Pals TV, a nationally syndicated pet show where KJ shares positive stories about cats! 
Subscribe to KJ TODAY, your YouTube channel for the positive vibes of pop culture, people to know and pets!
Follow KJ on your favorite social media platform: kjonsocial.com",Libsyn,en,https://static.libsyn.com/p/assets/1/0/5/a/105a17d50deff2b488c4a68c3ddbc4f2/Copy_of_The_cat_conversation_logo_bkgd_Instagram_Post_1.jpg,2026-10-05 17:41:30,8060277,confirmed,https://sites.libsyn.com/thecatconversation,1791222090,4abf63675c9006cc4a5b3619dd1760e8,6815265589.0,2,0,INDIVIDUAL
Kleos with Tom Lilley,Kleos with Tom Lilley,https://anchor.fm/s/11788f4b0/podcast/rss,"Greek myths for grown ups. Each week we run through a character or story, and breakdown what the original Classics sources actually say.
Hosted by Tom Lilley. Also on YouTube as Kleos with Tom Lilley.",Anchor,en,https://d3t3ozftmdmh3i.cloudfront.net/staging/podcast_uploaded_nologo/46798188/46798188-1789994610902-ed51f62c35857.jpg,2026-10-05 17:40:14,8060275,confirmed,https://www.tom-lilley.com/,1791222014,493d5c996da684791dfac4d960d2a46d,6814540533.0,2,0,CORPORATE
5th Quarter Report,5th quarter,https://feed.podbean.com/the5thquarter25/feed.xml,"Welcome to the podcast where sports talk meets real opinions. We cover all things sports, but college football is where we really get after it. Expect game breakdowns, bold predictions, rankings, recruiting, rivalries, hot takes, and the biggest stories across the sports world. Whether you’re a die-hard fan or just love talking sports, this is your place to stay in the conversation. No boring takes. Just sports, opinions, and the conversations fans actually want to hear.",Podbean,en-us,https://pbcdn1.podbean.com/imglogo/image-logo/22678924/46622752-1787719309618-d470446cec6c.jpg,2026-10-05 17:39:51,8060273,confirmed,https://the5thquarter25.podbean.com,1791221991,e13de601ae384f31045435ffc61674b4,6818603311.0,2,0,INDIVIDUAL
Unfiltered with Theresa,Theresa Williams,https://anchor.fm/s/11685fef0/podcast/rss,"Theresa Williams delivers real, unfiltered talk on the unpredictable rhythms of life—from navigating insomnia and menopause to reflecting on motherhood, late-night memories, lost love, and enduring faith. With zero filter and complete peace, she shares what it truly means to live free, let go of the past, and move forward without regrets.",Anchor,en-us,https://d3t3ozftmdmh3i.cloudfront.net/staging/podcast_uploaded_nologo/46628476/46628476-1787790874320-8507d448a18f7.jpg,2026-10-05 17:35:54,8060272,confirmed,https://podcasters.spotify.com/pod/show/theresa96,1791221754,ce1e3f17a2a841eb93868d3c78ae51c9,6805700986.0,2,0,INDIVIDUAL
Attituditation,Attituditation.com,https://rss.buzzsprout.com/2378798.rss,<p><b>Attituditation</b> is the combination of mindfulness and attitude you’ve needed.  We’ve got you.  F this Shit.</p><p><b>Attituditation</b> is not just products.  It’s guided meditations.  Assholes in your life?  <b>Attituditation</b>.  Want to forget about the shit you keep thinking about?  <b>Attituditation</b>.  Or just want a laugh.</p><p><b>Attituditation</b>.</p>,Buzzsprout,en-us,https://storage.buzzsprout.com/ry9jia81xglf3zpcs22ikorfy5f0?.jpg,2026-10-05 17:35:44,8060271,confirmed,http://Attituditation.com,1791221744,8450b13f17bfbc0031a43e412e14b205,,4,0,INDIVIDUAL
The Lab Report with MJ.,Michael Jenkin,https://anchor.fm/s/117d34a60/podcast/rss,"New science, explained like a story. The Lab Report with MJ takes freshly published studies — cancer research, psychology, climate, tech, the occasional bat — and turns them into lively two-host conversations that are fun, quirky, and respectful of the real science. No jargon, no lectures — just the good stuff, with the caveats stated plainly. New episodes regularly. Like, follow and share for more content.",Anchor,en,https://d3t3ozftmdmh3i.cloudfront.net/staging/podcast_uploaded_nologo/46846904/46846904-1790555477234-3fd63ccaea179.jpg,2026-10-05 17:33:59,8060270,confirmed,https://podcasters.spotify.com/pod/show/michael-jenkin4,1791221639,06aeed6c58fae30749696998efb3a3b5,6817135968.0,2,0,INDIVIDUAL
Random Sampling,Utah State University Office of Research,https://feeds.transistor.fm/random-sampling,"Host Thomas Sorenson is your guide to the research happening at Utah State University and the people behind it. Each month, Thomas sits down with a USU researcher to explore the discoveries, inventions, and ideas that are shaping Utah and the world beyond, from the lab to the field to your everyday life.

Along the way, ""Random Sampling"" digs into the personal stories behind the science: what sparked a researcher's curiosity, what challenges they faced, and why their work matters to the people who live, work, and learn in Utah. Whether you're a lifelong learner, a student, a community leader, or simply curious about how discoveries are made, tune in to meet the Aggies who are turning big questions into real-world impact.",Transistor,en,https://img.transistorcdn.com/BwTuOBRKcZ5MdZ7_1w3NQP65VM3GMobErVJwjGdI57g/rs:fill:0:0:1/w:1400/h:1400/q:60/mb:500000/aHR0cHM6Ly9pbWct/dXBsb2FkLXByb2R1/Y3Rpb24udHJhbnNp/c3Rvci5mbS85MTAw/N2U2YTM1MDVmMmQx/MTNiNTYwNTU0MzA2/NmE4Yi5qcGc.jpg,2026-10-05 17:31:37,8060268,confirmed,,1791221497,558ca4232398f19370101260fe7b3493,,4,0,CORPORATE
Slightly Un-Traumatized,Calley Merkel,https://www.spreaker.com/show/7437768/episodes/feed,"Have you ever had someone close a kitchen cabinet just a little too hard, or reply to your text message with a period instead of an exclamation point—and suddenly your heart rate hits 140 BPM because your brain assumes everyone is secretly furious with you?  <br />Welcome to Slightly Un-Traumatized—the low-pressure podcast for anyone navigating adult life while managing a nervous system that stays on high alert.  <br />Hosted by someone who is definitely not a wellness guru, this show is about making sense of childhood baggage, hyper-vigilance, and weird coping mechanisms—without taking ourselves too seriously. We are here to figure out why our adult brains keep running old survival updates and how to step off autopilot one micro-moment at a time.  <br />What to expect:<br />Real Talk: Honest, down-to-earth conversations about people-pleasing, dissociation, hyper-independence, and emotional weather-checking.  <br />Grounded Tools: Practical micro-practices and ""age check-ins"" for when your adult self needs to soothe your panicked inner kid.  <br />Zero Judgment: A space to laugh at the chaotic reality of healing in real time.  <br />What you won't find here:<br />❌ $300 crystal-infused water bottles  <br />❌ Demands to ""just let it go"" or meditate away your fight-or-flight response  <br />❌ Toxic positivity or pedestal preaching  <br />Unclench your jaw, drop those shoulders down three inches from your ears, take a slow breath, and hit Follow to join the community. Let's re-parent the mess and figure this out together.",Spreaker,en,https://d3wo5wojvuv7l.cloudfront.net/t_rss_itunes_square_1400/images.spreaker.com/original/f61dc9de9f88925991016323201e10c8.jpg,2026-10-05 17:30:24,8060266,confirmed,https://www.spreaker.com/podcast/slightly-un-traumatized--7437768,1791221424,dd21a716c20b44575955f52c2e16a0d8,,4,0,INDIVIDUAL
Growth Accelerators,Growth Accelerators Team,https://feeds.redcircle.com/6d6f364a-82b7-4aeb-aaee-30a9c534cc00,"Growth Accelerators is a boutique B2B SEO agency working as an extended marketing arm for small and medium B2B businesses worldwide — engineering SEO and AI visibility together, so clients don't just rank, they get cited. Growth Accelerators",Spotify for Podcasters,en-US,https://media.redcircle.com/images/2026/10/5/17/7c3e894d-0dd1-4452-898d-7cfdb053e2df_cover-show.jpg,2026-10-05 17:23:50,8060260,confirmed,https://redcircle.com/shows/growthaccelerators,1791221030,55ef0f6c1d4cc00e4a835d89bbb5716a,,4,0,CORPORATE
The Days of Our Lives with Bimpe and Friends,Olabimpe Oyebode,https://anchor.fm/s/fd5f8298/podcast/rss,Telling the ordinary stories that make extraordinary lives,Anchor,en-gb,https://d3t3ozftmdmh3i.cloudfront.net/staging/podcast_uploaded_nologo/42408950/42408950-1789480134853-49815be8c2b4a.jpg,2026-10-05 17:23:30,8060259,confirmed,https://podcasters.spotify.com/pod/show/olabimpe-oyebode,1791221010,4493b7206d683676c87af2cbc08012d5,6812785008.0,2,0,INDIVIDUAL
Feston Has A Podcast,Feston,https://rss.buzzsprout.com/2655776.rss,"<p>Hey, i am glad you are here. This podcast is about HOPE in God for our lives, the FAITH we have in HIM and the LOVE he has extended to us.  I hope this is the channel you come to for encouragement but also sharpening as the bible calls us to, my goal is to share God's message of love. My name is Feston.</p>",Buzzsprout,en-us,https://storage.buzzsprout.com/4ug3yw3gwsv3envqs15r5hoxr0ku?.jpg,2026-10-05 17:15:51,8060255,confirmed,https://www.buzzsprout.com/2655776,1791220551,8f9a122ffb74be28ed279dbb2bd39962,,4,1,INDIVIDUAL
Evolve YOU Podcast,Cody Endicott,https://anchor.fm/s/117475258/podcast/rss,"Evolve YOU is where business, bodybuilding, and personal evolution collide. Hosted by Cody Endicott, founder of Evolve University and Endless Evolution Fitness, the show covers building a coaching business, achieving next-level results, developing discipline, and becoming the person capable of creating the life you want.",Anchor,en-us,https://d3t3ozftmdmh3i.cloudfront.net/staging/podcast_uploaded_nologo/46755174/46755174-1790950261565-7af36d014ff89.jpg,2026-10-05 17:15:07,8060254,confirmed,https://podcasters.spotify.com/pod/show/cody-endicott2,1791220507,634e9ee6bfcb36b9b85d064ef787d13f,6818605182.0,2,0,INDIVIDUAL
Luxenberg Garbett Kelly & George P.C. Podcast,Luxenberg Garbett Kelly & George P.C.,https://feeds.transistor.fm/luxenberg-garbett-kelly-george-p-c-podcast,"Luxenberg Garbett Kelly & George P.C.
315 N Mercer St, New Castle, PA 16101, United States
(724) 576-8855",Transistor,en,https://img.transistorcdn.com/oLDREkGBGsRDxCDl_B1g58XM0EyHZc46Bt43iV3k-C0/rs:fill:0:0:1/w:1400/h:1400/q:60/mb:500000/aHR0cHM6Ly9pbWct/dXBsb2FkLXByb2R1/Y3Rpb24udHJhbnNp/c3Rvci5mbS9iMTNh/Y2U4ZjQ1ZWZiNTE4/ZmNhY2MyMDJiNGFk/ZTc2Mi5qcGc.jpg,2026-10-05 17:11:52,8060252,confirmed,https://lgkg.podbean.com,1791220312,5ad6060ce5dd0fb991d33f43f3459b99,,4,0,CORPORATE
36 Years Investing - What I've Learnt,Philippa Hall,https://feeds.acast.com/public/shows/6ac3d7ad9610f265be09e444,"<p>Ten golden rules of investing, one per episode, from 36 years of experience. Short, snappy takeaways on the fundamentals people forget. Information and personal views only, not advice. </p><p>Capital at risk.Find out more: <a href=""https://www.philippagee.co.uk/"" rel=""noopener noreferrer"" target=""_blank"">https://www.philippagee.co.uk</a></p><p>This podcast represents my personal views only. It is not advice and you have not appointed me as your adviser. When investing, your capital is at risk. The value of investments can fall as well as rise and you may get back less than you invested. Past performance is not a guide to future returns. Tax treatment depends on individual circumstances and may change.</p><p>Philippa Gee Wealth Management Ltd is authorised and regulated by the Financial Conduct Authority. Intended for UK listeners.</p><hr><p style='color:grey; font-size:0.75em;'> Hosted on Acast. See <a style='color:grey;' target='_blank' rel='noopener noreferrer' href='https://acast.com/privacy'>acast.com/privacy</a> for more information.</p>",Acast,en,https://assets.pippa.io/shows/6ac3d7ad9610f265be09e444/1791222432728-a5b0f0a5-6a13-40fc-b19e-cd5882d482b9.jpeg,2026-10-05 17:07:53,8060249,confirmed,https://shows.acast.com/36-years-investing-what-ive-learnt,1791220073,d811389c5eb9f44ce6280aeee11329f7,,0,0,INDIVIDUAL
Revision City Church,Revision City Church,https://feeds.transistor.fm/revision-city-church,"Sunday Messages at Revision City Church. If you missed a week or just want to listen again to share with a friend, this is the place to be. We are a people who follow Jesus, proclaim His hope, love others deeply, and disciple one another with compassion, so that every person can grow in Christ and live fully for His Kingdom today.",Transistor,en,https://img.transistorcdn.com/m1S38An6k8W6ZZnF8QJjvTdYIGHhoPEOqdlaVsBK0hQ/rs:fill:0:0:1/w:1400/h:1400/q:60/mb:500000/aHR0cHM6Ly9pbWct/dXBsb2FkLXByb2R1/Y3Rpb24udHJhbnNp/c3Rvci5mbS84YTI1/YjFjZmFjZDlhOTc3/ODNlNzQ1YzJmNTI2/YzIxYy5wbmc.jpg,2026-10-05 17:02:57,8060245,confirmed,https://www.revisioncity.church,1791219777,2c6450d7df7233d9469a0d7c20a48dee,,4,0,CORPORATE
Accurate English: Speak Like a Native,AccurateEnglish,https://feeds.megaphone.fm/accurate-english-speak-like-a-native,"<p>Lisa Mojsin has spent over 25 years as director of Accurate English, training corporate professionals and foreign-born actors in Hollywood to master American pronunciation. A former English professor at UCLA-Extension and author of Mastering the American Accent, she speaks five languages and has worked as an interpreter and translator. Her lessons cover the rhythm patterns, idioms, vocabulary, and grammar that separate advanced learners from truly fluent speakers. Follow the show and leave a five-star rating if it helps your English.<br><br>Links:<br>Get Feedback On Your Accent: <a href=""https://www.skool.com/accurateenglish/about"">https://www.skool.com/accurateenglish/about</a><br>visit website: <a href=""http://accurateenglish.com"">http://accurateenglish.com</a><br>Instagram: <a href=""https://www.instagram.com/accurateenglish/"">https://www.instagram.com/accurateenglish/</a><br>Facebook: <a href=""https://www.facebook.com/AccurateEnglishLisa/"">https://www.facebook.com/AccurateEnglishLisa/</a><br>Twitter: <a href=""https://twitter.com/LisaMojsin"">https://twitter.com/LisaMojsin</a></p>",Megaphone,en,"https://megaphone.imgix.net/podcasts/8d7c5d2a-be49-11f1-8a40-5f893f6af2af/image/71579ce160fa251d0da4209e1cb7fe5a.jpg?ixlib=rails-4.3.1&max-w=3000&max-h=3000&fit=crop&auto=format,compress",2026-10-05 17:01:48,8060241,confirmed,https://www.youtube.com/@accurateenglish,1791219708,b3f64ee7e07eb7842a1eac4732fa0c08,6818716375.0,2,0,INDIVIDUAL
Curious Magic Stories,Curious Magic Stories,https://www.spreaker.com/show/7437607/episodes/feed,"<b>Step into a world of wonder with Curious Magic Stories — the ultimate audio adventure for kids, bedtime listeners, and young explorers! 🌟✨</b>Unfold magical fairy tales, exciting adventure stories, and fun educational journeys designed to spark imagination and curiosity in young minds. Whether it's bedtime, a family road trip, or quiet afternoon listening, every episode brings charming characters, uplifting lessons, and enchanting storytelling to life.<b>What young listeners and parents will love:</b><br /><ul><li>🛌 <b>Bedtime & Calm Stories:</b> Relaxing, imagination-filled tales to help kids unwind and drift to sleep.</li><li>🏰 <b>Magical Adventures:</b> Fun audio stories full of mystery, wonder, and brave heroes.</li><li>💡 <b>Smart & Wholesome Content:</b> Screen-free entertainment that builds vocabulary and creativity.</li></ul><b>Ready for your next magical journey? Hit FOLLOW or SUBSCRIBE now and let the adventure begin!</b>",Spreaker,en,https://d3wo5wojvuv7l.cloudfront.net/t_rss_itunes_square_1400/images.spreaker.com/original/456115343d78d7ac0dbea1b3516236f4.jpg,2026-10-05 16:58:04,8060232,confirmed,https://www.spreaker.com/podcast/curious-magic-stories--7437607,1791219484,9a5209c0dc0e0383e3b275bc508cf765,,4,0,INDIVIDUAL
Healing the Soul of Women,DeRon,https://rss.buzzsprout.com/2655777.rss,"<p><b>Healing the Soul of Women™ with DeRon Hopkins</b> is a podcast for women seeking encouragement, emotional renewal, and a deeper connection with themselves. Through honest conversations and practical wisdom, DeRon explores the experiences that shape women’s lives—from heartbreak, grief, and disappointment to self-worth, relationships, boundaries, and finding purpose.</p><p>Each episode offers space to reflect, feel heard, and take meaningful steps toward healing. Whether you are navigating a difficult season, learning to honor your needs, or finding the courage to begin again, you are welcome here.</p><p>Your story matters. Your voice deserves to be heard. And you do not have to walk your healing journey alone.</p><p>—DeRon</p>",Buzzsprout,en-us,https://storage.buzzsprout.com/yxxpxb7bkqinscmbt4dnu6vyucxz?.jpg,2026-10-05 16:54:34,8060228,confirmed,,1791219274,1990e3fe8820498f581ae689af55545c,,4,0,INDIVIDUAL
The Anmolsingh Health Deep Dive,Dr. Dinesh Anmolsingh and Dr. Jasmin Anmolsingh,https://anchor.fm/s/1181e73c8/podcast/rss,"A closer look at the body, health and everyday wellbeing from Dr. Anmolsingh Chiropractic and Osteopathic Center in Trinidad and Tobago. Two AI presenters explore chiropractic, osteopathy, nutrition, movement, pain and the human stories behind health. Thoughtful discussions bring research into everyday language, distinguish evidence from tradition and question common health myths. Educational content, not personal medical advice.",Anchor,en-ca,https://d3t3ozftmdmh3i.cloudfront.net/staging/podcast_uploaded_nologo/46896162/46896162-1791165313983-ba1d329ccd846.jpg,2026-10-05 16:52:23,8060224,confirmed,https://podcasters.spotify.com/pod/show/dr-dinesh-anmolsingh9,1791219143,039ffa4589c6d5f79e5872000c1506da,6819125837.0,2,0,CORPORATE
History Dramatised,History Dramatised,https://anchor.fm/s/117e6ac7c/podcast/rss,"Original full-cast audio dramas from history. Each episode takes you to a different time and place, starting with the Black Death in 1349 Somerset. Put on headphones, turn the lights down, and listen.
Voices, sound and music are created with the help of AI tools.",Anchor,en-gb,https://d3t3ozftmdmh3i.cloudfront.net/staging/podcast_uploaded_nologo/46859607/46859607-1790703757933-41d7e65097f94.jpg,2026-10-05 16:44:40,8060220,confirmed,https://podcasters.spotify.com/pod/show/history-dramatised,1791218680,ea6d3b33699bde4c1b4857d28cda5e00,6817468234.0,2,0,INDIVIDUAL
Life Changed the Plan,Eileen Lehualani Finau,https://anchor.fm/s/118192850/podcast/rss,"We all have a plan for our lives—until life changes it.
Life Changed the Plan is a weekly podcast about the unexpected moments that force us to pivot, let go, start over, and discover who we're becoming. Through honest conversations about relationships, marriage, parenthood, grief, identity, career, family, and the choices we never expected to make, we explore what happens when life doesn't turn out the way we imagined.
Because life doesn't always follow the script we write—but we get to decide what happens next.",Anchor,en-us,https://d3t3ozftmdmh3i.cloudfront.net/staging/podcast_uploaded_nologo/46892692/46892692-1791126387994-aebec0ae6b53f.jpg,2026-10-05 16:39:58,8060213,confirmed,https://podcasters.spotify.com/pod/show/lifechangedtheplan,1791218398,6845f9fc26eb19dad8aaee6e5093562a,6819043376.0,2,0,INDIVIDUAL
Tales of Elarion,Josh Brewer,https://feeds.redcircle.com/c9a4bc02-c380-4272-8155-99d37fb6a92e,"*Tales of Elarion: A Daggerheart Actual Play*
Step into a world of magic, danger, and adventure in *Tales of Elarion* , a Daggerheart Actual Play featuring unforgettable characters who will make you laugh, cry, and question just how far you’re willing to go when the fate of the world hangs in the balance.
For the uninitiated, *Daggerheart* is a fantasy tabletop role-playing game where heroes face dangerous foes, forge unlikely friendships, and make choices that can change the course of their story. In the world of *Elarion* , ancient powers stir, kingdoms clash, and adventure awaits around every corner.
*What would you sacrifice to protect the people you love? And what happens when the heroes aren't sure who they can trust?*
Join host *Jbrews* and the cast for an epic journey through the world of Elarion, filled with heroic moments, questionable decisions, deadly encounters, and plenty of chaos along the way.
Episodes are streamed live on Twitch.tv/jbrews, where every roll, choice, victory, and devastating failure happens at the table in real time. Every Wednesday from 10-1am EST!
🎲 *Adventure awaits.*",Spotify for Podcasters,en-US,https://media.redcircle.com/images/2026/10/5/6/9933a63f-86ad-4780-9075-10af5a144267_untitled_design.jpg,2026-10-05 16:38:04,8060208,confirmed,https://redcircle.com/shows/tales-of-elarion,1791218284,4a2d076d46db1ec5902de6a11594971d,,4,0,INDIVIDUAL
Open This Book: The Podcast,Sara Lohse,https://feeds.captivate.fm/open-this-book/,The Art of Storytelling for Aspiring Thought Leaders,Captivate,en,https://artwork.captivate.fm/d6d8326b-a404-4120-89dc-e479fd45e105/OTB-TP.jpg,2026-10-05 16:36:34,8060202,confirmed,https://open-this-book.captivate.fm,1791218194,03eec9f745c976aabbe598b590784e39,,4,0,INDIVIDUAL
Tox N Talk,Trish & Tami,https://feeds.captivate.fm/tox-n-talk/," Tox “N” Talk We’re Trish and Tami, two Family Nurse Practitioners, two MedSpa owners, two very different roads into aesthetics, and absolutely no interest in sugarcoating what happens in this industry. Trish came into aesthetics with a background that already blended beauty and medicine. Before becoming a nurse, she spent more than 15 years as a professional makeup artist, then went on to build a career in Emergency Medicine and flight nursing before becoming a Nurse Practitioner and opening Tranquility Aesthetics & Wellness in Tarpon Springs, Florida. Her approach combines artistry, clinical experience, and a love for helping patients look like themselves, just refreshed. Tami brings more than 20 years of healthcare experience, with a background in cardiology, interventional radiology, and clinical management across neuro, orthopedic, trauma, and step-down care. After transitioning into aesthetics nearly a decade ago, she built her own MedSpa and developed a passion for injectables, lasers, hormones, wellness, and aging well. She is all about science, natural results, and helping people look better without looking “done.” Together, we created Tox “N” Talk — your weekly dose of unfiltered conversation about aesthetics, wellness, injectables, skincare, hormones, lasers, trends, treatments, and everything people are talking about behind the treatment-room door. We’re breaking down what’s actually safe, what’s worth your money, what’s overhyped, what makes us cringe, and what we would never do to our own faces. There will be science. There will be stories. There will definitely be opinions. And there may be a few industry secrets people wish we would keep to ourselves. We’ve worked in emergency rooms, trauma centers, flight nursing, hospital leadership, and yes, even jail medicine, before finding our way into the aesthetic world. Now we’re talking about the good, the bad, and the ugly of aesthetics from the perspective of two women who actually work in it every day. No corporate talking points. No filters. No pretending every new treatment is “game-changing.” Tox_N_Talk_Podcast_Description (1).pdf Just two Nurse Practitioners, two microphones, a lot of experience, and conversations we’re probably supposed to keep inside the treatment room. If you follow injectors, love aesthetics and wellness, are curious about the latest treatments, or simply want to know what’s really happening behind the perfectly filtered Instagram posts, pull up a seat. This is Tox “N” Talk. New episodes weekly",Captivate,en,https://artwork.captivate.fm/55de735a-907f-4b0d-8fc9-38e178e2f7c4/tox-n-talk-cover-3000x3000.jpg,2026-10-05 16:36:19,8060201,confirmed,https://tox-n-talk.captivate.fm,1791218179,00f9e55530b0379c7091b9a54a855328,,4,0,CORPORATE
Mx JacklyNyx Nytmares,amberousis,https://feed.podbean.com/amberousis/feed.xml,"Welcome to Mx JacklyNyx’ Nytmares a place where horror rebounds off the cosmos to invade our psychosphere. We roleplay Cyberpunk Red, with a Monster of the Week theme: Yokai Hunt, where Neo Kyoto has been overwhelmed by a rogue AI has started transforming cyberpsychos, mind, body, and soul into monsters. Our Arisaka contractors find themselves pitted against the Nihon san dai aku yokai, or Great Three Evil Yokai of Japan. How will they survive to payday?",Podbean,en,https://pbcdn1.podbean.com/imglogo/image-logo/22479314/Friend_jackal_3.jpg,2026-10-05 16:30:15,8060196,confirmed,https://amberousis.podbean.com,1791217815,4aee71b0de077106a798e34cc4a64adb,6789902016.0,2,0,INDIVIDUAL
Four Corners with Caroline King,WSIC,https://feeds.transistor.fm/four-corners-with-caroline-king,"From Lake Norman high school and college athletics to the Carolina Panthers, Charlotte FC, NASCAR, the Charlotte Hornets, and more, Four Corners covers the games you’re watching and the people making them happen. This show puts the spotlight on the athletes, coaches, teams, and stories shaping sports across our region.

Each week features conversations with local athletes and coaches, including the Four Corners High School Athlete of the Week, along with insight, analysis, and plenty of opinions from Caroline and her guests.

Four Corners with Caroline King | Mondays 11am-12pm | WSIC News App",Transistor,en,https://img.transistorcdn.com/iPTr9yGJodXa-YA1cFUMQOdWbWRPzAoa8ZvS3NqiYQI/rs:fill:0:0:1/w:1400/h:1400/q:60/mb:500000/aHR0cHM6Ly9pbWct/dXBsb2FkLXByb2R1/Y3Rpb24udHJhbnNp/c3Rvci5mbS9jNmM5/YmY1MjBmOWVhZmFh/NTZiZTQwZDJmYzY1/MGJiZi5wbmc.jpg,2026-10-05 16:27:51,8060192,confirmed,,1791217671,fb6a4267c07e871d106a22e4db95065c,,4,0,CORPORATE
Think with Danny,Think with Danny,https://www.spreaker.com/show/7437669/episodes/feed,"Think with Danny is a wide-ranging show about lifelong learning, entertainment, and the ideas that stick with you. Each episode follows a question or a topic all the way down, history, culture, psychology, story, whatever's worth thinking about, and stops along the way to test its own conclusions before trusting them. The host, Danny Ballan, never pretends to have it all figured out going in. It’s just one person thinking out loud, in public, and inviting you to think along.",Spreaker,en,https://d3wo5wojvuv7l.cloudfront.net/t_rss_itunes_square_1400/images.spreaker.com/original/ce59740642a3eacc84576d4571323b8d.jpg,2026-10-05 16:25:22,8060191,confirmed,https://www.spreaker.com/podcast/think-with-danny--7437669,1791217522,e9fc922a8816bf8e5429310637159304,,4,1,CORPORATE
WTCK? – What the Company Knows?,"Stephan Ballenweg, Jakub Zavrel",https://feeds.transistor.fm/wtck-what-the-company-knows,"What does a company really know – and what happens when AI tries to use that knowledge?

WTCK? – What the Company Knows? explores the intersection of knowledge and artificial intelligence in organizations. Hosts Stephan Ballenweg and Jakub Zavrel look beyond the AI hype to discuss what it takes to turn rapidly evolving technology into value.

From fragmented information and hidden expertise to context, trust and the realities of industrial AI, WTCK? examines the challenges that emerge when AI meets complex organizations. Drawing on their experience in enterprise knowledge and AI, Stephan and Jakub combine strategic and technical perspectives, challenge assumptions and explore what works, what doesn’t – and why.

Expect informed conversations, practical examples and occasional guests from industry, technology and publishing.",Transistor,en,https://img.transistorcdn.com/rTfLoItbhAulqVxgXt23KBPKn45IDvzrKTg0Ttp-slw/rs:fill:0:0:1/w:1400/h:1400/q:60/mb:500000/aHR0cHM6Ly9pbWct/dXBsb2FkLXByb2R1/Y3Rpb24udHJhbnNp/c3Rvci5mbS83NTIw/NDY1Mjk4ZWYyMWFl/YTUwMTYxYmE0YzI0/MzI2My5wbmc.jpg,2026-10-05 16:23:16,8060187,confirmed,,1791217396,47c7dbdb944d511fa82f7650ab5b60f3,,4,0,INDIVIDUAL
THE BROS' PODCAST,Bud Mikhitarian,https://rss.buzzsprout.com/2655779.rss,"<p>Brothers Craig and Bud Mikhitarian talk about their experience making a documentary film about the Eskimos of Kwigillingok, Alaska -- a small village on the Bering Sea that was recently devastated by a typhoon.</p>",Buzzsprout,en-us,https://storage.buzzsprout.com/39goupxcxidv21zi3go9pqmt6anq?.jpg,2026-10-05 16:21:58,8060185,confirmed,,1791217318,ad12a8211f0bf4e041627adfc82778eb,,4,0,INDIVIDUAL
Save Room,Matthew Ladely,https://feeds.transistor.fm/save-room,"Talking, ranking and critiquing horror games from the most popular games to niche games.",Transistor,en,https://img.transistorcdn.com/CaF4QBB8oKDNFfpd6XYlqpHZSDYhlhaa337-KbNtaYw/rs:fill:0:0:1/w:1400/h:1400/q:60/mb:500000/aHR0cHM6Ly9pbWct/dXBsb2FkLXByb2R1/Y3Rpb24udHJhbnNp/c3Rvci5mbS82YzM2/MjU2OTU0MjkwMWJj/YWMwYzRjYzc3OGY1/MTBjNi5wbmc.jpg,2026-10-05 16:19:58,8060184,confirmed,,1791217198,4d85d792d4bd41ac67dde617e468ea71,,4,0,INDIVIDUAL
Adepting To Change,Adept Corporate Services,https://feeds.transistor.fm/adepting-to-change,"A podcast where security meets sparkle. Taking a look at all matters security and cleaning with Adept Corporate Services. Insightful  and enlightening chat, entertaining guests and everything in between.",Transistor,en,https://img.transistorcdn.com/RriABRHyzYpFVGYZicqhQS8TezDcY9CDsQYW-klGzf8/rs:fill:0:0:1/w:1400/h:1400/q:60/mb:500000/aHR0cHM6Ly9pbWct/dXBsb2FkLXByb2R1/Y3Rpb24udHJhbnNp/c3Rvci5mbS8xYjk1/MzA0N2UxMWRkN2Yw/ZjkxOWRiNDRkNDRi/NmQzNy5qcGc.jpg,2026-10-05 16:09:45,8060174,confirmed,https://adeptingtochange.podbean.com,1791216585,b91a6736e136f5ef077a2c32b37ed4e3,1728229417.0,4,0,CORPORATE
"Not Artificial, Just Intelligence",Kathleen Perley & Marie Myers,https://rss.buzzsprout.com/2655750.rss,"<p>Not Artificial, Just Intelligence is a podcast for CFOs and senior leaders navigating how AI impacts business outcomes.</p><p><br></p><p>Hosted by Kathleen Perley (CEO, Adair) and Marie Myers (CFO, Hewlett Packard Enterprise), each episode goes beyond the hype to explore where AI is genuinely driving value, how it’s changing the role of the CFO, and what leaders need to understand as intelligence becomes faster, cheaper, and more accessible.</p><p><br></p><p>Through conversations with executives, operators, academics, and AI practitioners, the show tackles the questions leaders are asking now:</p><p><br></p><ul><li>Where does AI actually earn its keep?</li><li>How do you measure ROI?</li><li>What skills should leaders and their teams be building</li><li>Where does human judgment matter more than ever?</li></ul><p><br></p><p>Because the future of AI isn’t just about what technology can do. It’s about what leaders choose to do with it.</p>",Buzzsprout,en-us,https://storage.buzzsprout.com/1zn7ri73mm8wbvq27sfrfjlqrpyx?.jpg,2026-10-05 16:09:28,8060173,confirmed,https://notartificialjustintelligence.buzzsprout.com,1791216568,dc61d154cc13a7a361f91ae0289452b5,,4,0,CORPORATE
UNHEARD with Emily Moheb,Emily Moheb,https://rss.buzzsprout.com/2655732.rss,"<p>UNHEARD with Emily Moheb examines true crime through the lens of psychology, behavior, and the evidence behind each case. Hosted by licensed professional counselor Emily Moheb, the show goes beyond the headlines to explore what happened, what the evidence shows, and the psychological questions each case raises. </p>",Buzzsprout,en-us,https://storage.buzzsprout.com/w6sa5bav17be2rdu069dof84x6tu?.jpg,2026-10-05 16:04:40,8060170,confirmed,https://www.buzzsprout.com/2655732,1791216280,5dceecef1bf47a6ccaad7ef2671992ea,,4,0,INDIVIDUAL
Behind The Scenes Podcast,Yorkshire Podcast Studios,https://feeds.transistor.fm/behind-the-scenes-podcast,"The Behind the Scenes podcast provides viewers and listeners a chance to keep up-to-date on what Yorkshire Podcast Studios can offer, whether as a small podcaster, recording an audiobook, streaming live, or a business wishing to communicate internally with staff, or increase brand awareness.
Also, it will provide podcasting tips and the experiences of our customers with case studies on how video and audio has assisted their business / initiative.",Transistor,en,https://img.transistorcdn.com/j-Uju1JADiSriAOq1mqP6WQvZ05EgNyppxSVavtUR_c/rs:fill:0:0:1/w:1400/h:1400/q:60/mb:500000/aHR0cHM6Ly9pbWct/dXBsb2FkLXByb2R1/Y3Rpb24udHJhbnNp/c3Rvci5mbS9iOGQ5/YTU2OTEzNTQ0ZTcw/YmZlNGRhNWJlMzVl/NDhhYi5qcGc.jpg,2026-10-05 16:04:37,8060169,confirmed,https://behindthescenespod.podbean.com,1791216277,da0641a13f4f733ae2ac2b36f9616a67,,4,0,INDIVIDUAL
Let's Wing It Podcast ✈️,Let's Wing It Podcast ✈️,https://anchor.fm/s/117f1ee20/podcast/rss,"Welcome to Let’s Wing It!✈️
Your go-to channel for everything aviation—from thrilling flight experiences and industry insights to pilot training and behind-the-scenes action. Whether you're an aviation enthusiast, a student pilot, or just love the idea of flying, we've got something for you! 
Hosted by Ruben Delmage, a passionate aviation fan, former radio DJ on GROOTfm 90.5, who is currently on his journey to earning his Commercial Pilot License (CPL).
Buckle up, hit subscribe, and let's take to the skies! 🛩️🔥",Anchor,en,https://d3t3ozftmdmh3i.cloudfront.net/staging/podcast_uploaded_nologo/46866984/46866984-1790788899056-8e0e62641ae8d.jpg,2026-10-05 16:01:36,8060166,confirmed,https://podcasters.spotify.com/pod/show/lets-wing-it-podcast-7,1791216096,d8473186f18e8e292d7123fc777a6651,6817878819.0,2,0,INDIVIDUAL
Fat White Women & The Black Men That Love Them,Gareth Mayers,https://anchor.fm/s/117b84b70/podcast/rss,"Welcome to Fat White Women and the Black Men That Love Them, a series of interracial romance stories about attraction, relationships, friendship, family, race, comedy, drama, and the unexpected complications of falling in love. Follow Black men and White women as they navigate love, desire, secrets, heartbreak, and second chances. A new chapter is released every Friday, so follow the show and join us each week for the next part of the story. 
Created by Gareth Mayers and published by GemMine Publishing.",Anchor,en,https://d3t3ozftmdmh3i.cloudfront.net/staging/podcast_uploaded_nologo/46829212/46829212-1790340469547-a254c6c6ced9f.jpg,2026-10-05 16:01:19,8060165,confirmed,https://podcasters.spotify.com/pod/show/gareth-mayers8,1791216079,5ae3eec743d9ae3e2840a558d67f8fc5,6818317933.0,2,0,INDIVIDUAL
Dateless in Delray,Susan Shoer,https://feeds.captivate.fm/dateless-in-delray/,"
      Think you've heard it all about dating and relationships? Maybe not. Welcome to ""Dateless in Delray,"" the podcast where we dive deep into love, lust, and everything under the sun. Each week, real men and women spill their unfiltered dating stories, from the spark of chemistry to splitting the bill awkwardness, the search for a nurse or a purse, ghosting in those cringe -worthy 3 a .m. texts. We'll explore attachment styles, navigating the dating apps, and the steamy side of sex and intimacy. And when things get rough, we'll bring in the experts to throw us a lifeline. I'm your host, Susan Heller Shoer. After 37 years of marriage, I washed up on the shores of single life here in Delray Beach. I've been a TV news journalist, marketer, video producer, and now, like half of South Florida, I'm a pickleball playing real estate agent. So whether you're dipping your toes into the dating pool, already making a splash, or just curious about how the other half stays afloat, join me each week. On Dateless and Delray, you'll see why looking for love is no day at the beach.
    ",Captivate,en,https://artwork.captivate.fm/515d3a8d-4588-44ff-8d8c-8ffe7d625cce/657fa0dd2bbb6db20f613a356d944e5d470689681cb7ff548265a177e62dc23.jpeg,2026-10-05 15:59:39,8060163,confirmed,https://art19.com/shows/dateless-in-delray,1791215979,e9e034cc0e8bff5d9e41943d8135b784,,4,0,INDIVIDUAL
Her Balanced Life,Eni Kadar,https://rss.buzzsprout.com/2636013.rss,"<p>Welcome to the podcast where women’s health gets real, practical, and easier to understand.</p><p><br></p><p>Hosted by Eni Kadar, a doctor of physical therapy and certified functional nutritionist, this show is your weekly dose of honest, empowering conversations about hormones, nutrition, gut health, fitness, stress, mindset, and what it actually takes to feel your best in a busy life.</p><p><br></p><p>Each episode blends expert insight with personal experiences and leads with approachable conversations designed to help ambitious women cut through the wellness noise and better understand what their bodies are telling them.</p><p><br></p><p>From hormone balance and sustainable fat loss to cortisol, digestion, boundaries, and building healthier habits that fit your life, Eni brings a warm, judgment-free perspective to every topic.</p><p><br></p><p>New episodes drop every Wednesday.</p>",Buzzsprout,en-us,https://storage.buzzsprout.com/6t9s937ibsa3ucpaypc3t7m0aj5x?.jpg,2026-10-05 15:55:58,8060161,confirmed,https://www.buzzsprout.com/2636013,1791215758,193a4fd6eaccfdcf267a796b9889d02f,,0,0,INDIVIDUAL
AI&Us: with Wendy Hall and Sue Black,"BCS, The Chartered Institute for IT",https://feeds.acast.com/public/shows/6ac36bd11b614c9be0a929d0,"<p><strong>AI&Us: with Wendy Hall and Sue Black </strong> </p><br><p>AI&Us: with Wendy Hall and Sue Black cuts through the complexity and hype around artificial intelligence. Each show explores what you need to worry about, what you probably don't need to worry about, and what you might even get excited about.</p><br><p>Dame Wendy Hall is Regius Professor of Computer Science and Director of the Web Science Institute at the University of Southampton; Sue Black OBE is Professor of Computer Science and Technology Evangelist at Durham University. The podcast is produced and published by BCS, The Chartered Institute for IT, where both are Fellows. </p><hr><p style='color:grey; font-size:0.75em;'> Hosted on Acast. See <a style='color:grey;' target='_blank' rel='noopener noreferrer' href='https://acast.com/privacy'>acast.com/privacy</a> for more information.</p>",Acast,en,https://assets.pippa.io/shows/6ac36bd11b614c9be0a929d0/1791206436457-4d95f4a2-34f2-4203-934c-550946fefcf6.jpeg,2026-10-05 15:49:47,8060156,confirmed,https://shows.acast.com/ai-and-us,1791215387,e1242daa9c5b5ca63d7e33dfcf1014d5,,0,0,CORPORATE
Hey Beauty...,Hey...from K💋,https://rss.buzzsprout.com/1809013.rss,"<p>oooo yesss I'm so excited you're here!</p><p><br></p><p>I know this is where I'm supposed to have a clean, clear and cohesive message about what you can expect from the Hey Beauty podcast, but, I don't have it. </p><p><br></p><p>Because self-exploration and evolution isn't linear or done in a step-by-step fashion. It's more of a spiral filled with detours and pivots and it's messy as fck. </p><p><br></p><p>So there is no single way to describe the conversations or the ""niche"" this podcast fits into so I'm not even gonna bother trying. Also - I really hate feeling boxed in and want the freedom to talk about anything...so yah...hey beauty LOL</p><p><br></p><p>But what I can promise you is that we don't do surface level and we don't skirt around the truth. We are gonna go deep and we are gonna get down and dirty with everything YOU - knowing you, honouring you and owning ALL of you! </p><p><br></p><p>I want you to walk away from these convos feeling witnessed, seen, and sometimes provoked. Because that's another thing about growth - it rarely feels good in the moment. SO yes, some of these topics will be triggering and they will uncover some shit you've been maybe trying to avoid or didn't even know were there, but I got you. </p><p><br></p><p>If you're feeling like you wanna talk some of this shit out or be further expanded, I invite you to come hang with me in Hey Beauty HQ chat on Substack: <a href=""https://substack.com/@heyfromk"">https://substack.com/@heyfromk</a></p><p><br></p><p>SO YAH...I'm so glad you're here and can't wait to get to know you better.</p><p><br></p><p>Alright...chat soon!</p><p><br></p><p>K💋</p><p><br></p><p>Come find me:</p><p><br></p><p>Instagram + Threads + TikTok @hey.fromk </p><p><br></p><p>Substack @heyfromk</p><p><br></p><p><br></p><p><br><br></p>",Buzzsprout,en-ca,https://storage.buzzsprout.com/30adimzvorojioaybdstk0ew0qyw?.jpg,2026-10-05 15:48:37,8060153,confirmed,http://instagram.com/iamkarirussell,1791215317,d266cc1bf04b99334a3ee6209591a1b7,,4,0,INDIVIDUAL
Refused,Novaya Gazeta Europe,https://feeds.captivate.fm/refused/,"Russia’s biggest advantage in its war against Ukraine is manpower. That makes every man who walks away a problem for the Kremlin — and a dilemma for the countries where he ends up. From Novaya Gazeta Europe, Refused examines the legal and moral questions raised by the people who say no to Moscow’s war.",Captivate,en,https://artwork.captivate.fm/40b78b9c-2b77-45db-ba82-c4da4ccda5a4/Refused-podcast-cover-3000x3000-under512KB.jpg,2026-10-05 15:46:37,8060152,confirmed,https://refused.captivate.fm,1791215197,7576fff1f97506cf5a1067cdbd6b89a9,6819336555.0,0,0,INDIVIDUAL
The Burgundy and Old Podcast,John Jeffries,https://rss.buzzsprout.com/2650683.rss,<p>We are two old school Washington Redskins/Commanders fans who grew up in the DMV in the 60's and 70's. </p>,Buzzsprout,en-us,https://storage.buzzsprout.com/c0bcghalathxmk72ghks97xtc3b9?.jpg,2026-10-05 15:45:31,8060151,confirmed,https://www.youtube.com/@theburgundyandoldpodcast,1791215131,997c3d452d5b2395548041644c71c643,,0,0,INDIVIDUAL
Discussability,DiscussAbility Podcast,https://anchor.fm/s/ad552438/podcast/rss,"A podcast with the main goal of creating accessible, inclusive content for the general public. Discussion topics include current events in disability, lived experiences, legislation/policies in practice and resources available to communities with disabilities.",Anchor,en,https://d3t3ozftmdmh3i.cloudfront.net/production/podcast_uploaded_nologo/28980382/28980382-1659467400959-9cea4d954d99f.jpg,2026-10-05 15:39:17,8060150,confirmed,https://podcasters.spotify.com/pod/show/discussabilitypodcast,1791214757,5401c2dd270d82d071b104d780ebe6bf,1637758790.0,2,0,INDIVIDUAL
The Becoming Room,Carol LeBlanc & Magen Smith,https://feeds.transistor.fm/the-becoming-room,"Carol LeBlanc and Magen Smith used to be the good girls – the overachievers, the ones who held it all together for everyone but themselves. After 15 years of friendship and a lot of change, they're learning to let go of who they thought they had to be. In The Becoming Room, they have honest conversations about imperfect action, resilience, self-worth, business, and relationships – the whole messy middle of becoming who you're meant to be.",Transistor,en,https://img.transistorcdn.com/WmlvfEAJx2HoCzSVeB4M_A8nPvB5bfnZ6YINJnlBqbQ/rs:fill:0:0:1/w:1400/h:1400/q:60/mb:500000/aHR0cHM6Ly9pbWct/dXBsb2FkLXByb2R1/Y3Rpb24udHJhbnNp/c3Rvci5mbS8yMGRi/ODRlNmJmNDA5ZWRj/NDExMTJjNWRhNGVl/MTk1OC5wbmc.jpg,2026-10-05 15:33:19,8060145,confirmed,,1791214399,3acf100a9f3cec4c70b72b6a15264503,,4,0,CORPORATE
The Heart Surgery Podcast,Shanique Keen,https://rss.libsyn.com/shows/597500/destinations/5196495.xml,"The Heart Surgery Podcast is for women who desire a soft and safe space for real life, heart to heart conversations. Join Shanique Keen, ""The Soft Girl Specialist"" on her journey as she opens up her heart and shares her life on how she has been able to repair, rebuild and restore her life after hardship.",Libsyn,en-us,https://static.libsyn.com/p/assets/d/7/5/e/d75e467658ff3575d959afa2a1bf1c87/Untitled_design_5.png,2026-10-05 15:27:58,8060142,confirmed,https://sites.libsyn.com/597500,1791214078,8cdb8e38ae3fe8ec301010ac267748d7,1882920680.0,2,0,INDIVIDUAL
Fuchs Around & Cal Them Out,Fuchs Financial,https://feeds.transistor.fm/fuchs-around-cal-them-out,"Fuchs Around & Cal Them Out is hosted by advisors Ben Fuchs and Alex Cal who share real client stories to uncover the truths of retirement and financial planning. From taxes and Social Security to investments, healthcare, and legacy decisions, they break down the biggest mistakes and missed opportunities. Each episode offers practical advice, clear insights, and a relatable take on building a retirement plan that actually works.
Investment advisory services offered through Foundations Investment Advisors, LLC, an SEC registered investment adviser.",Transistor,en-us,https://img.transistorcdn.com/xVKa3kkp2VdGpokBG5pSKshl31fDunbj7BeB-jK2-2s/rs:fill:0:0:1/w:1400/h:1400/q:60/mb:500000/aHR0cHM6Ly9pbWct/dXBsb2FkLXByb2R1/Y3Rpb24udHJhbnNp/c3Rvci5mbS8yYmE5/NzhiMmI4YjFlNTg5/NTkzMzJiNzM5NWJi/OTc4Mi5qcGc.jpg,2026-10-05 15:25:11,8060138,confirmed,https://fuchsfinancial.com,1791213911,61888d4c30158b226cc4d96b7ed32759,,4,0,INDIVIDUAL
A Brighter Clean Southampton,Mark Hggins,https://feeds.captivate.fm/a-brighter-clean2/,A Brighter Clean Southampton Website,Captivate,en,https://cdn.captivate.fm/placeholder/default-artwork.jpg,2026-10-05 15:21:18,8060136,confirmed,https://a-brighter-clean2.captivate.fm,1791213678,00aa387340a9c2225d7d0567f3d942df,,4,0,INDIVIDUAL
Planning Out Loud,Kinfete Weddings & Events,https://rss.buzzsprout.com/2652074.rss,"<p>Welcome to the Planning Out Loud podcast! Hosted by Kristy Silva, owner and wedding planner at Kinfete Weddings and Events, this show is your support system for modern wedding planning.  </p><p><br></p><p>Join Kristy as she sits down with newlyweds to unpack their real planning experiences, from budget breakdowns and splurge-worthy vendor choices to the outdated traditions they decided to skip. </p><p><br></p><p>Plus, get expert solo advice and honest vendor perspectives to help you navigate your own journey with confidence. </p><p><br></p><p>New episodes drop every week. Hit follow wherever you listen so you never miss an episode.</p><p><br></p><p>Follow us on Instagram <a href=""https://www.instagram.com/planningoutloudpod"">@planningoutloudpod</a></p><p><br></p><p>See photos and more details from the weddings we discuss at <a href=""https://kinfete.com/podcast"">kinfete.com/podcast</a></p>",Buzzsprout,en-us,https://storage.buzzsprout.com/fbsa6x7wdjd61pnthzpqai2alkrn?.jpg,2026-10-05 15:18:08,8060134,confirmed,http://www.kinfete.com/,1791213488,49c3ea83ded53fbf4dc0e7df6514d697,,0,0,CORPORATE
Food Safety News: On the Beat,Morgan,https://rss.buzzsprout.com/2650872.rss,"<p>Each week, Food Safety News writers talk about the latest developments in food safety, from recalls and outbreaks to the latest research.</p>",Buzzsprout,en-us,https://storage.buzzsprout.com/6o7qr7r2nva0hwehpsrcuobfk0or?.jpg,2026-10-05 15:16:07,8060131,confirmed,https://www.buzzsprout.com/2650872,1791213367,d88fe275da5da56966ddcdfa020b7970,,0,0,INDIVIDUAL
The History Man: Even More Tales From The Heartland,KCLR,https://feeds.transistor.fm/the-history-man-even-more-tales-from-the-heartland,"Produced for KCLR, Donal Cadogan explores the rich histories of Kilkenny and Carlow with 'even more tales from the heartland' for a third series of The History Man, supported by Coimisiún na Meán with the television license fee.",Transistor,en,https://img.transistorcdn.com/jxYtpyRZyQ1qkCH2iDMWec7ja0eBNMEvAz1OpUlMe6A/rs:fill:0:0:1/w:1400/h:1400/q:60/mb:500000/aHR0cHM6Ly9pbWct/dXBsb2FkLXByb2R1/Y3Rpb24udHJhbnNp/c3Rvci5mbS9jZWMy/ZWZiZjM3NTYyMjg1/MWQ1YzNiZWRiOTJm/OWYxOS5wbmc.jpg,2026-10-05 15:15:08,8060129,confirmed,https://kclr96fm.com,1791213308,11c6be69c185579c6c70f7d1b0762968,,4,0,CORPORATE
Waypoint Church - Overland,Waypoint Church,https://rss.buzzsprout.com/2655603.rss,"<p>Waypoint Church is a gospel-centered church in Overland, MO making disciples of Jesus Christ.</p>",Buzzsprout,en,https://storage.buzzsprout.com/zddom2k9unqblxbxnxkuvjwnjd6x?.jpg,2026-10-05 15:12:22,8060127,confirmed,https://www.buzzsprout.com/2655603,1791213142,ef47b2116536da1ac551a9d4323180a2,,4,0,CORPORATE
MIND UNMAPPED | Beyond the Score — Conversations About the Human Behind the Number,Anil Narain Matai,https://anchor.fm/s/116028840/podcast/rss,"MIND UNMAPPED | Beyond the Score explores the human being behind the numbers, labels and achievements. Through raw, thought-provoking conversations with educators, psychologists, leaders, researchers and changemakers, we question what truly shapes intelligence, potential, identity and success. Because every score tells a story—but never the whole story. We go beyond the score to discover the mind, the heart and the human.",Anchor,en,https://d3t3ozftmdmh3i.cloudfront.net/staging/podcast_uploaded_nologo/46542320/46542320-1786619605761-2d60e18b8fb4f.jpg,2026-10-05 15:12:15,8060126,confirmed,https://podcasters.spotify.com/pod/show/anil-narain-matai9,1791213135,5c47e19ef615315326d5219fda7ca8d2,6815078409.0,2,0,INDIVIDUAL
"Places, Dahlingz!",Acast Productions,https://feeds.acast.com/public/shows/6a88a0bb20cb324b775f11e4,"<p><em>Places, Dahlingz!</em> is a show for Broadway lovers and haters alike in which three hosts - theater icon Billy Porter, theater skeptic Leslie Jones, and recent theater convert Phoebe Robinson - come together with one impossible goal: to write the perfect show.</p><br><p>Each week, they’ll sit down with one of theater’s biggest stars for hilarious and heartfelt conversations about all things live performance. At the end, every guest will suggest one idea that Billy, Leslie, and Phoebe must include in their show—no matter what. The whole season leads up to the live finale where they’ll unveil their brand new show. It’s part interview series, part madcap creative experience. And unlike a real Broadway show, you can actually afford to see it. </p><br><p>New episodes every Thursday. </p><br><p>Find us on Instagram, TikTok, and YouTube @placesdahlingz.</p><hr><p style='color:grey; font-size:0.75em;'> Hosted on Acast. See <a style='color:grey;' target='_blank' rel='noopener noreferrer' href='https://acast.com/privacy'>acast.com/privacy</a> for more information.</p>",Acast,en,https://assets.pippa.io/shows/6a88a0bb20cb324b775f11e4/1791213125501-33fdfaec-bae3-41ab-a5a0-81268a8fec31.jpeg,2026-10-05 15:09:41,8060121,confirmed,https://shows.acast.com/places-dahlingz,1791212981,c8302f487e7e1371cac4ed77364ff670,,0,0,CORPORATE
The Kilowatt Hour,Club Kilowatt,https://anchor.fm/s/11814607c/podcast/rss,"The Kilowatt Hour is musician artist Jimmy Khalo's podcast / yapcast about all things society, self, and success building",Anchor,en,https://d3t3ozftmdmh3i.cloudfront.net/staging/podcast_uploaded_nologo/46889559/46889559-1791078092818-af4b240fa83c.jpg,2026-10-05 15:07:32,8060117,confirmed,https://jimmykhalo.com,1791212852,b69e25db2d4119808c69f4eecf05dccf,6818919070.0,2,0,INDIVIDUAL
Desconocido: Strange Stories from Latin America,Orlando Correa,https://rss.buzzsprout.com/2655031.rss,"<p>Desconocido is a podcast where we feature stories of the mysterious and unexplained centered on Latin America: fascinating folklore, alien abductions, elusive cryptids, and little pieces of bizarre history! I'm not a reporter or journalist, just a second-generation Hispanic American trying to share what they find and maybe learn a little more about their roots in the meantime. Join me as I research strange accounts you won't always see covered in the English speaking world and have some fun telling their stories.</p>",Buzzsprout,en-us,https://storage.buzzsprout.com/bzatcss33z41qbngbdgya5vo7cbv?.jpg,2026-10-05 15:05:36,8060115,confirmed,,1791212736,a69bc57f8ed70bb735b9f003bd319201,,4,0,CORPORATE
The Attendance Calculator,The Attendance Calculator,https://www.spreaker.com/show/7437470/episodes/feed,"The Attendance Calculator is a simple online tool that helps students calculate attendance percentages, track their attendance, and plan classes more effectively. Website:<br /><a href=""https://theattendancecalculator.com/"" target=""_blank"" rel=""noreferrer noopener"">https://theattendancecalculator.com/</a><br /><br /><br /><br /><br /><br /><br /><br /><br /><br /><br /><br /><br /><br /><br />",Spreaker,en,https://d3wo5wojvuv7l.cloudfront.net/images.spreaker.com/nuvolari-assets/green_square_mic.jpg,2026-10-05 15:05:22,8060114,confirmed,https://www.spreaker.com/podcast/the-attendance-calculator--7437470,1791212722,30c19c2a5bf67e48862fa053cc4d7805,,4,0,CORPORATE
Risepreneur | Business Growth & Podcast,Boruch Akbosh and Vuhar Mamedov,https://feed.podbean.com/therisepreneur/feed.xml,Podcast Shows,Podbean,en,https://pbcdn1.podbean.com/imglogo/image-logo/22412307/risepreneur_3000.jpg,2026-10-05 15:05:15,8060113,confirmed,https://therisepreneur.podbean.com,1791212715,e8eec47720de3053f432a4e413c5e0f5,1896901956.0,2,0,CORPORATE
Tha Money Here Podcast,Sicks,https://anchor.fm/s/117f3c8bc/podcast/rss,"This podcast was created by a life long artist who has found that the greatest thing of value in life, is just that, life! From our greatest moments all the way down to our gloomiest and everything in between, it's the bonds and relationships created amongst ourselves as individuals that is the true gold! With so many divides in today's society, from politics to religion or gender to geographical, it almost feels as if we forgot ourselves.
So pulling from life experiences, this podcast will reflect the insights and positivity that can be overshadowed in dark times with a splash of spirituality",Anchor,en-us,https://d3t3ozftmdmh3i.cloudfront.net/staging/podcast_uploaded_nologo/46868199/46868199-1790800422193-a9ca234573925.jpg,2026-10-05 15:04:30,8060110,confirmed,https://podcasters.spotify.com/pod/show/sicks4,1791212670,c3cd4a6fce7215c3d2f9f4ba9d1eacda,6817931565.0,2,0,INDIVIDUAL
Africa Uprising,Chisom,https://www.spreaker.com/show/7437404/episodes/feed,"Africa Uprising is a bold podcast exploring Africa’s changing future, the voices of its people, and the ideas shaping a new generation. From technology, business, education, culture, and leadership to history, innovation, and social change, the podcast highlights the challenges Africa faces and the opportunities that can transform the continent.Through inspiring stories, thought-provoking discussions, and fresh perspectives, Africa Uprising celebrates African creativity, resilience, and ambition. It is a platform for conversations about progress, independence, development, and the power of ordinary people to create extraordinary change.Africa Uprising",Spreaker,en,https://d3wo5wojvuv7l.cloudfront.net/t_rss_itunes_square_1400/images.spreaker.com/original/6c35010582249b4e250b911afeb7916c.jpg,2026-10-05 15:03:19,8060108,confirmed,https://www.spreaker.com/podcast/africa-uprising--7437404,1791212599,a5e360e0bdf6716ef66b23ddafa05d36,,4,0,INDIVIDUAL
Camryn Unfiltered,Camryn Hood,https://www.spreaker.com/show/7437439/episodes/feed,"I want my podcast to be about my journey as a member of the LGBTQ community. How coming out as bisexual has helped me open up to other people and that support system I have. I can also take suggestions on how to make this even better and maybe be a part of your support group so that if you need someone to talk to, I can always lend an ear.",Spreaker,en,https://d3wo5wojvuv7l.cloudfront.net/t_rss_itunes_square_1400/images.spreaker.com/original/9d4c61b4657fca430790cb9f9210383d.jpg,2026-10-05 14:57:42,8060104,confirmed,https://www.spreaker.com/podcast/camryn-unfiltered--7437439,1791212262,44fd8ab11a81e53e8923b7bffd0abb59,,4,0,INDIVIDUAL
The Power to Persist,Lamell McMorris,https://rss.buzzsprout.com/2655761.rss,"The Power to Persist Podcast with Dr. Lamell McMorris brings you candid conversations with changemakers, leaders, and innovators who embody resilience, justice, and transformative leadership. Through powerful stories and actionable insights, Lamell shares the habits and mindset that help you rise above challenges and create lasting impact. New episodes every other Tuesday.",Buzzsprout,en-us,https://storage.buzzsprout.com/6g2l67tpf4ip5rqajmb80fogx92b?.jpg,2026-10-05 14:56:35,8060100,confirmed,https://www.lamellmcmorris.com/,1791212195,33f63e94e9fae9afeffffb9c83820141,,4,0,INDIVIDUAL
College Women's Basketball Podcast,Jamy Bechler,https://rss.buzzsprout.com/2653921.rss,"<p><b>College Women’s Basketball Podcast</b> is not just another recap show. The women’s college game is growing fast, and this podcast takes you beyond the highlights, rankings, and final scores. Each week, we’ll cover the news you need, the voices you trust, and the stories shaping the sport — from Top-25 movement, big games, rising programs, and coaching news to NIL, revenue sharing, small college spotlights, leadership, culture, and what really happens behind the scenes. Hosted by Jamy Bechler — former college basketball coach, athletic director, author, leadership consultant, and college coaching agent — this show is built for coaches, administrators, players, and serious fans who want more than the box score. Each week includes conversations with nationally respected women’s basketball analysts, journalists, and special guests, plus bonus episodes featuring current head coaches. If you love women’s college basketball and want to understand what is happening, why it matters, and what we can learn from it, this is your show. <b>Follow now and come with us from opening tip to the final buzzer.</b></p>",Buzzsprout,en-us,https://storage.buzzsprout.com/tk4442ctzm81qq884imgtacnuh3d?.jpg,2026-10-05 14:52:55,8060097,confirmed,,1791211975,4a3dae5551863942b783fd876d530db5,,0,0,INDIVIDUAL
Priority Intelligence,Daniel Matalon,https://feeds.captivate.fm/priority-intelligence-podcast/,"Priority Intelligence is a podcast about looking beyond the obvious.
Hosted by Joe Dalton and Daniel Matalon, the show brings together two very different perspectives to explore business, leadership, technology, economics and the decisions shaping our future.
Joe Dalton is a veteran broadcaster, business advisor, author and TEDx speaker with more than 30 years' experience working with founders, CEOs and leadership teams. A former chairman of Dublin South FM, Joe created and hosted an award-winning radio show before moving into podcasting. Over the years, he has interviewed internationally recognised thinkers and business leaders including Chris Voss, Dr. John Demartini and Dr. Marshall Goldsmith, as well as numerous guests who have appeared on Oprah.
Daniel Matalon is a strategist, entrepreneur and systems thinker whose career spans technology, operations, communications, media and organisational strategy. He is CEO of Impact Launchpad and founder of #IsThereEnough, an international initiative examining survival economics, scarcity, human agreement and some of the deeper assumptions underlying the way our societies and organisations operate.
Together, Joe and Daniel sit down with founders, CEOs, thinkers, innovators and people operating at the edges of change.
But the objective isn't another interview about someone's success story.
It's to find the thing underneath it.
What is really happening? What are we not seeing? What matters most now? And what should we be paying attention to next?
That's Priority Intelligence.",Captivate,en,https://artwork.captivate.fm/76441437-b703-4765-a9fd-63c504e1050d/Priority-Intelligence-Podcast-Cover.jpg,2026-10-05 14:51:19,8060094,confirmed,https://priority-intelligence-podcast.captivate.fm,1791211879,c6ae523cb41a80b5bae918068ec079e1,,4,0,INDIVIDUAL
Magic Wand Original,Magic Wand Original,https://www.spreaker.com/show/7437406/episodes/feed,"<a href=""https://magicwandoriginal.co.uk/"" target=""_blank"" rel=""noreferrer noopener""><b>Magic Wand Original</b></a> is a trusted UK destination for genuine, high-quality wand massagers and accessories. Our collection includes the iconic Magic Wand Original, rechargeable and compact wand options, along with compatible attachments and accessories. We focus on authentic products, reliable quality, powerful performance, and a comfortable customer experience. Explore the Magic Wand range and find the option that best suits your personal preferences and needs.<br />",Spreaker,en,https://d3wo5wojvuv7l.cloudfront.net/t_rss_itunes_square_1400/images.spreaker.com/original/8164508d24e7c096409e1d2cc0e5f875.jpg,2026-10-05 14:51:18,8060093,confirmed,https://www.spreaker.com/podcast/magic-wand-original--7437406,1791211878,589a0ee6b437051d46659963654fc906,,4,0,CORPORATE
Styled By Standards,Ross Potter,https://feed.podbean.com/styledbystandards/feed.xml,"<p class=""isSelectedEnd""><span>Styled By Standards is for people who know they're capable of more.</span></p>
<p class=""isSelectedEnd""><span>Hosted by transformation coach and behavioural change specialist Ross Potter, this podcast explores the psychology behind confidence, self-respect, identity, and the standards that quietly shape the lives we live. </span><span>Drawing on over 15 years in the coaching seat, more than 350 client transformations, a background in policing, personal battles with depression, and the ongoing journey of becoming a stepdad, Ross shares honest conversations, real stories, and practical insights into what it actually takes to change.</span></p>
<p class=""isSelectedEnd""><span>This isn't a fitness podcast. </span><span>It's a podcast about human behaviour.</span></p>
<p class=""isSelectedEnd""><span>Why confidence disappears, why standards collapse under pressure, and how to rebuild trust in yourself when you've drifted away from the person you know you're capable of becoming.</span></p>
<p><span>Grab a coffee. Bring an open mind. Welcome to Styled By Standards.</span></p>",Podbean,en,https://pbcdn1.podbean.com/imglogo/image-logo/22396641/Built_For_Balance_Title8guut.jpg,2026-10-05 14:49:55,8060091,confirmed,https://styledbystandards.podbean.com,1791211795,f9309d625affb6b3a90bd91adb1a4612,1896873638.0,2,0,INDIVIDUAL
Much Ado About History,KGS History Society,https://anchor.fm/s/1180d555c/podcast/rss,"What’s past is prologue — but who said the story was over?
From the rise and fall of empires to the scandals, secrets, and stories that shaped our world, Much Ado About History brings the past back into the present. Join the KGS History Society as we question the chronicles, challenge the conventional, and uncover the extraordinary in the seemingly ordinary. Through lively debates, fascinating interviews, and a healthy dose of historical gossip, we prove that history is anything but ancient news.
After all, there's much ado about history.",Anchor,en-gb,https://d3t3ozftmdmh3i.cloudfront.net/staging/podcast_uploaded_nologo/46884943/46884943-1791013885478-edd160fbffea3.jpg,2026-10-05 14:44:13,8060085,confirmed,https://podcasters.spotify.com/pod/show/mo8429,1791211453,426134023f1f7b21815b4c956dc189b2,6818746114.0,2,0,CORPORATE
The SHaRp Focus Podcast,Maxanne Selck,https://feeds.transistor.fm/the-sharp-focus-podcast,"The SHaRp Focus Podcast explores the state of primary care in North Yorkshire and across England. In this podcast, we discuss the benefits, challenges, and opportunities in delivering primary health care as well as the patient experiences in accessing care. 

The SHaRp Focus Podcast is produced by the South Hambleton and Ryedale Primary Care Network.",Transistor,en,https://img.transistorcdn.com/eZlkqhMgP6jK9T8vPVhY3LSVVO0axKBscZ6hUfI9WcY/rs:fill:0:0:1/w:1400/h:1400/q:60/mb:500000/aHR0cHM6Ly9pbWct/dXBsb2FkLXByb2R1/Y3Rpb24udHJhbnNp/c3Rvci5mbS9iMTBi/MWJhNTllNjczNzZi/ODk4ZjdkOTIxOTkz/ZGE0NS5wbmc.jpg,2026-10-05 14:35:55,8060078,confirmed,,1791210955,307a3b4d739a2da19b3433d0e9c1d7d8,6819310265.0,4,0,INDIVIDUAL
Breakdowns & Blockbusters,Breakdowns & Blockbusters,https://feeds.megaphone.fm/LGGIG3849694731,"<p>Breaking down unmade films, behind-the-scenes stories, and how Hollywood really works. Jake digs into the box office bombs, lost projects, fan theories and bizarre decisions behind the movies we love.</p>",Megaphone,en,"https://megaphone.imgix.net/podcasts/54b9d5a4-be7a-11f1-921f-3ba664412175/image/098710062fe18a6025fdd05983d3ba08.jpg?ixlib=rails-4.3.1&max-w=3000&max-h=3000&fit=crop&auto=format,compress",2026-10-05 14:35:53,8060077,confirmed,https://digitalfoxtalent.com/brands/creators/breakdowns-and-blockbusters,1791210953,1c65f06931b407a994ae71fd3200dd9e,6818593895.0,2,0,CORPORATE
Wrong Dudes With A Mic,"Mohammed,Mussa,Nvamadi",https://rss.buzzsprout.com/2655313.rss,"Wrong Dudes With a Mic is a podcast hosted by three young men figuring out their 20s through honest, funny, and sometimes uncomfortable conversations about life. We talk relationships, family, culture, faith, ambition, music, and personal experiences. We also bring on guests with different stories and perspectives. It’s like sitting with your friends real conversations, jokes, debates, and unexpected deep moments. No topic is off limits.",Buzzsprout,en,https://storage.buzzsprout.com/bnqwone46duk3a8gtakiozp9fqkh?.jpg,2026-10-05 14:35:26,8060076,confirmed,https://podcasters.spotify.com/pod/show/wrong-dudes-with-a-mic5,1791210926,b0ccedbf0bf682eb6fa1a228706989b7,,4,0,CORPORATE
The Stained Beauty Empire Show,Stained Beauty Empire LLC,https://rss.buzzsprout.com/2020801.rss,The Stained Beauty Empire Show is a podcast used to encourage other beauty professionals and to enlighten others about the beauty industry.,Buzzsprout,en-us,https://storage.buzzsprout.com/dpmxd9z7yqs7bpha9oimuqz6yfty?.jpg,2026-10-05 14:32:44,8060074,confirmed,http://www.stainedbeautyempire.com,1791210764,2bec07ae0dfbe31904574bf7eb5d7e7b,,4,0,CORPORATE
Ali Siddiq Comedy,Ali Siddiq,https://feeds.megaphone.fm/ali-siddiq-comedy,"<p>Vulture calls Ali Siddiq “stand-up comedy’s most prolific storyteller,” and audiences know him as one of the best to ever do it. From Houston, Texas, Ali developed his signature storytelling voice during incarceration, where stories were survival and community. Today he’s one of the most watched and viral comedians in the world.<br>Ali is the first comedian to release a four-part stand-up series — THE DOMINO EFFECT 1–4 — with 50M+ views, ranking him among YouTube’s top comedians. His breakout THE DOMINO EFFECT (18M+ views) and sequels LOSS, FIRST DAY OF SCHOOL, and PINS and NEEDLES continue his run as the internet’s most powerful storyteller.<br>In 2025 he added MY TWO SONS (10M+) and RUGGED (6M+).  Fans also love his viral classic “Mexicans Got On Boots” (20M+ views) and It’s Bigger Than These Bars (4M+,) cementing his legendary status.<br>Ali has appeared on The Joe Rogan Experience, Club Shay Shay, 85 South, The Breakfast Club, Kill Tony, VladTV, Your Mom’s House, Good Morning America.<br><br>Links:<br>Website: <a href=""https://www.alisiddiq.com/"">https://www.alisiddiq.com/</a><br>Instagram: <a href=""https://www.instagram.com/alisiddiq/?hl=en"">https://www.instagram.com/alisiddiq/?hl=en</a><br>Facebook: <a href=""https://facebook.com/ali.siddiq.92"">https://facebook.com/ali.siddiq.92</a><br>TikTok: <a href=""https://www.tiktok.com/@thealisiddiq"">https://www.tiktok.com/@thealisiddiq</a><br>Twitter: <a href=""https://twitter.com/ali_speaks"">https://twitter.com/ali_speaks</a></p>",Megaphone,en,"https://megaphone.imgix.net/podcasts/6c91b2c8-bf10-11f1-aff9-c37fb88506ac/image/23af0704145ceac2f116d30495ddd9f3.jpg?ixlib=rails-4.3.1&max-w=3000&max-h=3000&fit=crop&auto=format,compress",2026-10-05 14:32:25,8060073,confirmed,https://www.youtube.com/@alisiddiqcomedy,1791210745,ed2e6d0c50175762dfc17694f11b0602,6818884368.0,2,0,INDIVIDUAL
Hot and Chatty,Darcey Azor,https://anchor.fm/s/1180f1568/podcast/rss,"Welcome to Hot and Chatty, the podcast that feels like a soulful chat with your closest friend, where we chat about everything serious, unserious, and everything in between.
We’ll talk about everything from friendship, career, and dating to manifestation, self love, confidence, and the ups and downs of adulthood.
Think of this as your little corner of the internet where you have someone to chat and figure it all out with.
My hope is that by the end of every episode, you’ll leave feeling uplifted, empowered, motivated, and most importantly heard and understood.",Anchor,en-us,https://d3t3ozftmdmh3i.cloudfront.net/staging/podcast_uploaded_nologo/46886090/46886090-1791032972949-a68c88ff0259.jpg,2026-10-05 14:29:17,8060071,confirmed,https://podcasters.spotify.com/pod/show/darcelineazor,1791210557,2627287b66bf8261f32bbed8dd1dc076,6818913604.0,2,0,INDIVIDUAL
Brickonomics: The Business of Building,Nick Scroggs,https://anchor.fm/s/10e671a10/podcast/rss,"Brickonomics is a podcast about the business behind the craft of building. Hosted by design-build construction company owner Nick Scroggs, the show explores the business systems that help builders create profitable, resilient companies. Brickonomics focuses on business systems like marketing, sales, admin & finance, human resources, and operations, and is designed for small to mid-sized builders who want to grow sustainable businesses and lead teams with clarity, stability, and long-term purpose.",Anchor,en,https://d3t3ozftmdmh3i.cloudfront.net/staging/podcast_uploaded_nologo/45266052/45266052-1780447041082-d6cde91edadcf.jpg,2026-10-05 14:25:38,8060069,confirmed,https://podcasters.spotify.com/pod/show/nick-scroggs,1791210338,a8125889d08fa455d946a8cd8b8a9686,1896773434.0,2,0,INDIVIDUAL
Restored Leader,Darren Ho,https://feeds.transistor.fm/restored-leader,"Most leaders work hard on what they do. Fewer stop to ask who they're becoming while they do it.

The Restored Leader Podcast helps entrepreneurs and executives redeem the character of their leadership so they can become more authentic, confident, and joyful in every role they play.

Hosted by leadership coach Darren Ho, founder of The Restored Leader, each episode is an honest conversation, not a lecture. Darren coaches in real time through the questions leaders carry at Work, at Home, and in Community. What's it like being me right now? What kind of leader do I want to become? What can't I compromise? How do I actually rest?

You'll hear real stories, practices from The Restored Leader's coaching process, and one small next step you can take on your own after every episode.

If you're winning at work but quietly wondering about the leader you're becoming, pull up a chair.

Learn more at therestoredleader.com.",Transistor,en,https://img.transistorcdn.com/AJnncktfxWc_NmjfKmtsDzssR_ro_YfjDPPJprbXSsY/rs:fill:0:0:1/w:1400/h:1400/q:60/mb:500000/aHR0cHM6Ly9pbWct/dXBsb2FkLXByb2R1/Y3Rpb24udHJhbnNp/c3Rvci5mbS9kYWNj/M2MxOWU4NWJlZjZj/Y2UxYTljZDhjY2I4/MDc0YS5wbmc.jpg,2026-10-05 14:24:44,8060068,confirmed,https://restoredleader.com,1791210284,b40d9a84de448c16d8761ff2e538b2dc,,4,0,INDIVIDUAL
The Feedback Loop,David Houston,https://feed.podbean.com/thefeedbackloop/feed.xml,"<p>Conversations about music, culture, and events in Austin, TX and beyond.</p>",Podbean,en,https://pbcdn1.podbean.com/imglogo/image-logo/22579063/TFL-4.jpg,2026-10-05 14:23:45,8060064,confirmed,https://thefeedbackloop.podbean.com,1791210225,21840b4e94b264c0e12ec05a049312e9,6818945308.0,2,0,INDIVIDUAL
The Bathroom Breakdown,bellafeher,https://anchor.fm/s/113e36a5c/podcast/rss,"The Bathroom breakdown dives into the spiritual, satirical, & sometimes shitty human experience.....one bathroom at a time
Created by the dynamic, electric, & always comical Bella Feher, The Bathroom Breakdown is a space where the ""duel identity"" feels heard. Those who feel soulful & systematic, Creative & Calculated, Free-spirited & Functional, Self-aware & Surrendered
Bridging together a wide range of topics , from philosophy & ego death, music & media, detachment theory, disability, sobriety, third spaces, intimacy, loss, addiction, the absurd, profound, and everything in between.RSSVERIFY",Anchor,en,https://d3t3ozftmdmh3i.cloudfront.net/staging/podcast_uploaded_nologo/46186383/46186383-1787174331634-69151b1732e9d.jpg,2026-10-05 14:20:06,8060063,confirmed,https://podcasters.spotify.com/pod/show/bellafeher3,1791210006,9ccfd47f0162721346dad18d3b908b1c,6809955141.0,2,0,INDIVIDUAL
The Planning Room with Southby & Co,Southby & Co Financial Planning,https://feeds.transistor.fm/the-planning-room-with-southby-co,"Conversations about life, money and what comes next, with Southby & Co Financial Planning.

Hosted by Chris Dawes, The Planning Room brings you the team behind Southby & Co, the specialists they work alongside, real client stories, and the charities and community organisations they support across Swindon and Wiltshire.

Clear answers, no jargon, and a bit more fun than you might expect from a financial planning channel.

https://www.southbyfp.co.uk
southbyfp@sjpp.co.uk
01793 953800

Southby & Co Financial Planning Ltd is an Appointed Representative of and represents only St. James's Place Wealth Management Plc (which is authorised and regulated by the Financial Conduct Authority) for the purpose of advising solely on the Group's wealth management products and services, more details of which are set out on the Group's website at www.sjp.co.uk/products.",Transistor,en,https://img.transistorcdn.com/5wLbdXxEVrizvOEAMglM3SxFRXyqk67vNzTz6-p6N3w/rs:fill:0:0:1/w:1400/h:1400/q:60/mb:500000/aHR0cHM6Ly9pbWct/dXBsb2FkLXByb2R1/Y3Rpb24udHJhbnNp/c3Rvci5mbS8zMTRj/Y2M3NGM2Y2QyYzYz/ZjA2NzkxMDJlYzRm/MGExYi5wbmc.jpg,2026-10-05 14:17:45,8060062,confirmed,https://www.southbyfp.co.uk,1791209865,8548e9063fd4aa61fbc9571b7ac767e2,,0,0,CORPORATE
Curious Minds,Curious Minds,https://www.spreaker.com/show/7437310/episodes/feed,"<b>Curious Minds</b> podcast er jonno ekta high-converting, SEO-optimized ebong engaging short description:<b>Feed your curiosity with Curious Minds — the ultimate podcast for lifelong learners, big thinkers, and inquisitive minds! 🧠✨</b>Ever wondered how the world really works? Join us on a fascinating journey through science, history, human psychology, career growth, and life’s biggest unanswered questions. We break down complex ideas into bite-sized, easy-to-understand episodes designed to expand your knowledge in just a few minutes a day.<b>What you'll discover in every episode:</b><br /><ul><li>💡 <b>Bite-Sized Knowledge:</b> Quick insights on science, technology, and human nature.</li><li>🚀 <b>Self-Improvement & Mindset:</b> Practical ideas to think smarter and grow daily.</li><li>🔍 <b>Unsolved Questions:</b> Deep dives into fascinating facts and world mysteries.</li></ul><b>Ready to unlock your brain's potential? Hit FOLLOW or SUBSCRIBE now and start learning today!</b>",Spreaker,en,https://d3wo5wojvuv7l.cloudfront.net/t_rss_itunes_square_1400/images.spreaker.com/original/949553da5da3b7af2a1ea0f5749af41f.jpg,2026-10-05 14:16:13,8060054,confirmed,https://www.spreaker.com/podcast/curious-minds--7437310,1791209773,1905f8e890113075879fa5ffc9e52393,,4,0,INDIVIDUAL
Words in Edgewise Podcast,Robert Cox,https://rss.buzzsprout.com/2655510.rss,"<p>Words in Edgewise is a podcast featuring commentary, analysis and conversations about politics, media, government and the issues behind the headlines, hosted by journalist and publisher Robert Cox.</p>",Buzzsprout,en-us,https://storage.buzzsprout.com/mjzck3w3czpvneo8fb803xj505fl?.jpg,2026-10-05 14:14:04,8060053,confirmed,https://www.robertcox.ie/podcast/,1791209644,9cb4a03e6d714cb8e29db1ed8938638b,,4,0,INDIVIDUAL
Gazelle Risk Solutions Podcast,GazelleRiskSolutions,https://feeds.transistor.fm/gazelle-risk-solutions-podcast,"We are a young business, but have a proven track record for delivering insurance programmes, tailored solutions, and customer-focused service.<br /><br />No two businesses are the same, and neither are their insurance needs. Gazelle Risk Solutions takes pride in offering bespoke insurance and risk management solutions. Our team works closely with you to understand your specific requirements and tailors coverage that aligns with your business objectives.<br /><br />We go beyond conventional methods to bring you innovative insurance products. Leveraging unique distribution channels, Gazelle ensures that you have access to cutting-edge solutions designed to meet the evolving needs of our clients’ sectors.",Transistor,en,https://img.transistorcdn.com/ZiVEtU-61NaZDa3nmQu_ibUk1NjDnGMo3MESQRc74so/rs:fill:0:0:1/w:1400/h:1400/q:60/mb:500000/aHR0cHM6Ly9pbWct/dXBsb2FkLXByb2R1/Y3Rpb24udHJhbnNp/c3Rvci5mbS84OWFj/NTA1MDkzOTJmNWY5/YzViMDAzZDY3ZTkx/ZjNiNS5wbmc.jpg,2026-10-05 14:11:44,8060046,confirmed,https://gazellerisksolutions.podbean.com,1791209504,ab7c6a9d596405129f05a414ba397586,1800826683.0,4,0,INDIVIDUAL
Sulle orme del puma,Chora Media - Federica Vinai,https://feeds.megaphone.fm/BCS2622335011,"<p>Sulle montagne dell’Alta Verapaz, in Guatemala, le donne Maya Poq’omchi’ stanno costruendo il proprio futuro partendo da ciò che hanno ereditato dal passato. Dopo il trauma del conflitto armato interno, il caffè è diventato uno strumento di autonomia, ma anche il punto di incontro tra memoria, cosmovisione e nuove generazioni. Seguendo le loro storie, “Sulle orme del puma” racconta una comunità che prova a trasformarsi senza perdere il legame con la terra, la cultura e la propria identità.</p>
<p><br></p>
<p><br></p>
<p><em>Sulle orme del puma</em> è un podcast di Chora Media in collaborazione con Fondazione Lavazza</p>
<p>Scritto e raccontato da Federica Vinai.</p>
<p>La cura editoriale è di Francesca Abruzzese e Graziano Nani.</p>
<p>Il Sound Design è a cura di Daniele Marinello</p>
<p>Il progetto grafico è di Carolina Marino.</p>
<p>La project manager è Marco Paltrinieri.</p>
<p>La producer è Martina Conte.</p>
<p>Il coordinamento della post produzione è di Matteo Scelsa.</p>
<p>Il fonico di studio è Christian Galdini.</p>
<p>La fonica di presa diretta è Francesca Abruzzese.</p>
<p>Le musiche sono su licenza Machiavelli Music E/O Universal Music Publishing Ricordi srl.</p>
<p><br></p>",Megaphone,en,"https://megaphone.imgix.net/podcasts/d2824990-be42-11f1-8e4a-bffb827985ef/image/064407dc366ae44ab08ed22aef7b686b.png?ixlib=rails-4.3.1&max-w=3000&max-h=3000&fit=crop&auto=format,compress",2026-10-05 14:08:23,8060036,confirmed,,1791209303,2b5356bc5fd836f6c2da7aaaed325510,6818476044.0,2,0,CORPORATE
The EFWU Podcast,EFWU,https://feeds.transistor.fm/the-efwu-podcast,"EFWU are an independent UK based workers union, working to change employer attitudes and support ALL workers equally. The best way to ensure your employment rights is to join EFWU and get your colleagues to join with you, growing our collective voice.",Transistor,en,https://img.transistorcdn.com/gj8L-SN8F-yK3tJPUBw_VmZTNyJV658Qlu30_Q1hUy4/rs:fill:0:0:1/w:1400/h:1400/q:60/mb:500000/aHR0cHM6Ly9pbWct/dXBsb2FkLXByb2R1/Y3Rpb24udHJhbnNp/c3Rvci5mbS83NmNl/OGM1ZjVhN2Q4OGE0/OWNiMWM2MDU2MmJi/NDM1ZC5qcGc.jpg,2026-10-05 14:07:57,8060035,confirmed,https://efwu.podbean.com,1791209277,75d337093f4ffd0bbdb6e28c08fe1718,,4,0,CORPORATE
Who Really Got the Life Sentence?,Carl Halford (CHKZ),https://anchor.fm/s/1180fd1b0/podcast/rss,"Who Really Got the Life Sentence? explores how ordinary people make extraordinary judgements about guilt, innocence and one another. Through psychology, evidence, human behaviour and real-world cases, Carl Halford examines what happens when suspicion becomes certainty — and asks how much of what we think we know is actually supported by evidence. This isn't about telling you whom to believe. It's about learning how to think before deciding. What did we actually observe? What have we assumed? What evidence would change our minds? And the most uncomfortable question of all: what if we're wrong?",Anchor,en-gb,https://d3t3ozftmdmh3i.cloudfront.net/staging/podcast_uploaded_nologo/46886572/46886572-1791038488179-19a06041cc45.jpg,2026-10-05 14:06:10,8060034,confirmed,https://podcasters.spotify.com/pod/show/carl-halford-chkz6,1791209170,db0ec734625dcd176fac7f84ce0d6fba,6818921237.0,2,0,INDIVIDUAL
Phase by Phase: The Educator exchange,nhlanhlaT,https://anchor.fm/s/116284850/podcast/rss,"collaborative education podcast connecting voices across early childhood development, foundation, intermediate, and senior phases",Anchor,en,https://d3t3ozftmdmh3i.cloudfront.net/staging/podcast_uploaded_nologo/46567060/46567060-1786977340946-d355866e71b6b.jpg,2026-10-05 14:05:00,8060032,confirmed,https://podcasters.spotify.com/pod/show/nhlanhlat,1791209100,8ce96739d6b22638f6b212da5dc5f87a,6802707977.0,2,0,INDIVIDUAL
League On Wheels,leagueonwheels,https://feeds.transistor.fm/league-on-wheels,"<p>League On Wheels is the podcast that takes you deep into the hard-hitting world of wheelchair rugby league. Hosts Andy Walker and Tom Oates are joined by players, coaches and experts discussing current and career stories from the most exciting sport on the planet.</p>
<p>Recorded at and supported by Yorkshire Podcast Studios - <a href=""https://www.yorkshirepodcaststudios.com/"" target=""_blank"" rel=""noreferrer noopener"">YorkshirePodcastStudios.com</a></p>
<p>Follow on -- <a href=""https://www.instagram.com/league.on.wheels?igsh=MWV5ZGs2YmYyNmhqcQ=="" target=""_blank"" rel=""noreferrer noopener"">Instagram</a>-- <a href=""https://x.com/LeagueOnWheels?t=gAnnJrc0IWI11VVZyGGWtw&s=09"" target=""_blank"" rel=""noreferrer noopener"">Twitter / X</a> -- <a href=""http://www.facebook.com/share/16unx9LPyT"" target=""_blank"" rel=""noreferrer noopener"">Facebook</a></p>",Transistor,en,https://img.transistorcdn.com/wVTiAENPz8S4RT8RHoHUzrfB0v6N2FJaHYxyOZF__0A/rs:fill:0:0:1/w:1400/h:1400/q:60/mb:500000/aHR0cHM6Ly9pbWct/dXBsb2FkLXByb2R1/Y3Rpb24udHJhbnNp/c3Rvci5mbS83OWUx/YjU3YTkwZjFjYzgw/YTMyODNmYzEwYTE4/MjVmYi5wbmc.jpg,2026-10-05 14:04:10,8060031,confirmed,https://leagueonwheels.podbean.com,1791209050,3bb56810304a75b421421ac9382d5838,1818820409.0,4,0,INDIVIDUAL
BE. Hopeful. Loved. Encouraged.,Zeus and Capt. Charlotte Ebio,https://anchor.fm/s/11806ac48/podcast/rss,"A boy in a dirty diaper. A house that sold in four hours. A jar of sugar a mother cannot forget. BE. is the field diary of Amazing Grace Maritime Missions, a medical and discipleship work along the Sea of Cortez. Capt. Charlotte Ebio tells the stories behind the ship, the clinics, and the children, and what it actually costs to keep showing up. New episodes every other Thursday. Join the Wave at AGMaritimeMissions.org/wave",Anchor,en,https://d3t3ozftmdmh3i.cloudfront.net/staging/podcast_uploaded_nologo/46880578/46880578-1790955819469-73a11067ebfcc.jpg,2026-10-05 13:50:27,8060013,confirmed,https://podcasters.spotify.com/pod/show/charlotte433,1791208227,754468db210dbd7fc052a4dcfdfd1908,6818635422.0,2,0,CORPORATE
Lendoris Plays On,Lendoris,https://anchor.fm/s/117e4c4fc/podcast/rss,"Video game news and opinion from a millennial dad who never stopped playing. Every episode is about 20 minutes: the week's biggest stories, my take on them, and a look back at the games that shaped us. If you grew up on Halo, GoldenEye, Ocarina of Time, Pokémon, and Diablo II, and still love this hobby, this one's for you. Play on",Anchor,en,https://d3t3ozftmdmh3i.cloudfront.net/staging/podcast_uploaded_nologo/46858359/46858359-1790692956183-4c72b72854b6d.jpg,2026-10-05 13:46:56,8060009,confirmed,https://podcasters.spotify.com/pod/show/lendoris9,1791208016,031ae1e2a5b4eb2db8c5d6af0b0a383e,6818308196.0,2,0,INDIVIDUAL
Experts in a Dying Field,Patrick Iber,https://feeds.libsyn.com/631728/rss,"A podcast in which two critics (Lili Loofbourow & Aaron Bady) and a historian (Patrick Iber) discuss culture, popular and otherwise, in an attempt to make sense of the world.",Libsyn,en,https://static.libsyn.com/p/assets/4/6/3/d/463d4be133026dfde5bbc093207a2619/Experts_in_a_Dying_Field_logo-20261004-amihfjgz6v.png,2026-10-05 13:46:12,8060008,confirmed,https://sites.libsyn.com/631728,1791207972,5177a88cb9b251ba3688b768e2630c07,6819022818.0,2,0,INDIVIDUAL
Learning to Fly...Together,Rob and Tina,https://rss.libsyn.com/shows/26654/destinations/46312.xml,"Come on into the hangar, make yourself comfortable and follow the saga as totally opposite types of personalities teach each other to fly.   He is the flight instructor and an airline captain for a major airline.   She is the anxious but eager student pilot who has a few things to teach him about getting a clue.   Both have been married to each other for 23 years and are still learning to live together, love together, grow together and raise their four kids together.    So come on in pull up a chair, get your favorite beverage and let us educate one another.  Oh, we have a bird problem here in the hangar so watch your head.  They sometimes crap on the airplane and our lifes, but you just wipe it off, move on and be sure to laugh about it.",Libsyn,en,https://static.libsyn.com/p/assets/8/d/9/4/8d949dbf264e9e0f40be95ea3302a6a1/ltft-cover.jpg,2026-10-05 13:37:37,8060001,confirmed,http://learningtoflytogether.com,1791207457,62c875623a81508a7bc165083472153b,220474713.0,2,0,CORPORATE
Build For Impact,Ryan Ruff,https://feeds.captivate.fm/build-for-impact/,"Build For Impact, hosted by MedTech executive and startup advisor Chris Danek, takes you behind the scenes of building successful medical technology companies. Through candid conversations with founders, investors, and industry leaders, the show explores the strategies, challenges, and decisions that turn breakthrough ideas into sustainable, scalable businesses that create lasting impact.",Captivate,en,https://artwork.captivate.fm/58b9e79e-fb63-43ae-ae46-05a97dc7c2bd/DESIGN-2-2-1080x1080-1.png,2026-10-05 13:32:39,8059997,confirmed,https://build-for-impact.captivate.fm,1791207159,d9ac56ddacfd6ecd003c1baa469f0c29,,0,0,INDIVIDUAL
It'll Be Reyt,Peter Bryant,https://feeds.acast.com/public/shows/6ac3a4facf16445f8b598ceb,"A man from Yorkshire opines, rants, and grumbles, but is fundamentally optimistic.<hr><p style='color:grey; font-size:0.75em;'> Hosted on Acast. See <a style='color:grey;' target='_blank' rel='noopener noreferrer' href='https://acast.com/privacy'>acast.com/privacy</a> for more information.</p>",Acast,en,https://assets.pippa.io/users/6ac3a1b352a5384444d0ab9b/pre-show-covers/1791206642076-592b70b5-12d6-4ea3-99da-52d5bbd4173d.jpeg,2026-10-05 13:30:01,8059993,confirmed,https://feeds.acast.com/public/shows/bereyt,1791207001,52300473237987123f4731016fe0e1af,,0,0,INDIVIDUAL
Hope for Tonight,Melanie Conway,https://anchor.fm/s/117e16f78/podcast/rss,"Hope for Tonight is a place for real stories of God showing up in the hard places - when the days feel long, the news feels heavy, and sleep will not come. Here, we share reminders of HIS faithfulness and hope for the person who needs it most tonight.",Anchor,en,https://d3t3ozftmdmh3i.cloudfront.net/staging/podcast_uploaded_nologo/46856174/46856174-1790705284002-4d178ac96cc24.jpg,2026-10-05 13:21:44,8059978,confirmed,https://podcasters.spotify.com/pod/show/melanie-conway,1791206504,7a45c5a7431742ba3a1ac727160ed767,6818058048.0,2,0,INDIVIDUAL
Hope Sermons Podcast | Dr. Mike Ladra,Dr. Mike Ladra,https://feed.podbean.com/hopesermons/feed.xml,Hope Sermons Podcast | Dr. Mike Ladra,Podbean,en-us,https://pbcdn1.podbean.com/imglogo/image-logo/22680237/podcastlogo.png,2026-10-05 13:19:20,8059973,confirmed,https://hopesermons.org,1791206360,92166a7661867fb0f844f1a603fea6d1,6819043679.0,2,0,INDIVIDUAL
Fifion After Dark,Phil & Claire,https://rss.libsyn.com/shows/594415/destinations/5166690.xml,"Welcome to Fifion After Dark — the cheeky, playful, and classy podcast that dives into the world of pleasure, confidence, and discovery. From toys and trends to real talk about relationships and self-love, we're here to keep it bold, fun, and unapologetically sexy. Whether you're curious, adventurous, or already a connoisseur, you'll find laughs, tips, and stories to spark your imagination.
✨ Brought to you by https://fifion.com/
, your destination for adult lifestyle essentials.",Libsyn,en-us,https://static.libsyn.com/p/assets/0/e/8/b/0e8b88e983e6aabdd959afa2a1bf1c87/44361702-1756996354863-20176fbfb01b5.jpg,2026-10-05 13:13:21,8059969,confirmed,https://fifion.com/,1791206001,0adf400fbd2cc39feda1952354651636,1843435854.0,2,0,CORPORATE
Compile LA Podcast,Compile LA team,https://www.spreaker.com/show/7425890/episodes/feed,"Compile LA is a podcast about the founders, engineers, and companies making hardware and software in Los Angeles.  Host Darren Alfonso breaks down the products, ideas, and stories shaping LA tech. <br /><br />Episodes include deeper looks at one company or topic, along with reactions to the Los Angeles tech stories worth paying attention to.",Spreaker,en,https://d3wo5wojvuv7l.cloudfront.net/t_rss_itunes_square_1400/images.spreaker.com/original/9819160bf401b46d91285efe29c34225.jpg,2026-10-05 13:11:05,8059967,confirmed,http://compile.la,1791205865,b452bfbdc3afbabd51b292db077bb141,,4,0,CORPORATE
Higher Calling,Erica Engberson,https://anchor.fm/s/117f713b4/podcast/rss,"You were created for more.
Higher Calling is a Christian podcast for those who are ready to go deeper with God, discover who they are in Christ, and boldly walk in the purpose He has placed on their lives.
The goal is to walk out this life with the fruit a Christian ought to have. When we face challenges we don’t succumb-we dominate, when the world is dark we won’t grow dimmer but brighter and when others go low - we go higher. Through teaching and honest conversations we’ll discover togther how to come up in our thinking and believing so we can lay hold of all Jesus has laid hold of for us.",Anchor,en,https://d3t3ozftmdmh3i.cloudfront.net/staging/podcast_uploaded_nologo/46870357/46870357-1790828749659-0d0144c4dc5ff.jpg,2026-10-05 13:10:19,8059964,confirmed,https://podcasters.spotify.com/pod/show/erica-engberson7,1791205819,d4ace149c3c5c7e13a4a0a69fa45be3a,6818742576.0,2,0,INDIVIDUAL
Jim Gaffigan Comedy,jimgaffigan,https://feeds.megaphone.fm/jim-gaffigan-comedy,"<p>Jim Gaffigan is a stand-up comedian and actor who has built a career on finding the absurd in the ordinary. His comedy covers parenting disasters, food obsessions, the pointlessness of gyms, and why being an adult feels like a prank someone is playing on you. With five kids and a touring schedule that never stops, he turns exhaustion into an art form. Each episode is a piece of his stand-up, pulled from specials and live performances that have made him one of the most successful clean comedians working today. Follow the show and leave a five-star rating if it makes you laugh.<br><br>Links:<br>jimgaffigan.com: <a href=""http://www.jimgaffigan.com"">http://www.jimgaffigan.com</a><br>Fathertime Bourbon: <a href=""https://fathertime-bourbon.com/"">https://fathertime-bourbon.com/</a><br>Jim Gaffigan on Instagram: <a href=""https://www.instagram.com/jimgaffigan/"">https://www.instagram.com/jimgaffigan/</a><br>Jim Gaffigan Facebook: <a href=""https://www.facebook.com/jimgaffigan"">https://www.facebook.com/jimgaffigan</a><br>Twitter: <a href=""https://twitter.com/#!/jimgaffigan"">https://twitter.com/#!/jimgaffigan</a><br>Tiktok: <a href=""https://www.tiktok.com/@jimgaffigan?lang=en"">https://www.tiktok.com/@jimgaffigan?lang=en</a><br>IMDB: <a href=""https://www.imdb.com/name/nm0300712/"">https://www.imdb.com/name/nm0300712/</a><br>Get Merch at my Amazon Store!: <a href=""https://www.amazon.com/stores/page/945B14D7-1085-4623-BA09-DF7455B224F6"">https://www.amazon.com/stores/page/945B14D7-1085-4623-BA09-DF7455B224F6</a></p>",Megaphone,en,"https://megaphone.imgix.net/podcasts/30cf9f66-be48-11f1-9712-5b2d1c1275df/image/4e41489bd91bc04737cb78cb33442995.jpg?ixlib=rails-4.3.1&max-w=3000&max-h=3000&fit=crop&auto=format,compress",2026-10-05 13:10:18,8059963,confirmed,https://www.youtube.com/@jimgaffigan,1791205818,c1d2402a425d433e19a1a09c5924a772,6818716710.0,2,0,INDIVIDUAL
WLC Podcast Lab,Jerralyn,https://rss.buzzsprout.com/2654948.rss,<p>Podcasts by students for students in the Advanced Media Practice course at Wisconsin Lutheran College. </p>,Buzzsprout,en-us,https://storage.buzzsprout.com/9bs4k037sff9indlce357mthbx4f?.jpg,2026-10-05 13:09:33,8059962,confirmed,,1791205773,1d7d4de6d23659e056fc088a3afae3b5,,4,0,INDIVIDUAL
Candidate Spotlight,United America Network,https://feeds.captivate.fm/candidate-spotlight/,"UAN’s Candidate Spotlight series gives voters a quick look at some of the candidates seeking public office—their stories, priorities, experience, and vision for our communities.",Captivate,en,https://artwork.captivate.fm/d7118d6d-f0b5-4f82-8942-5d68bbc7463a/SquareLogo.png,2026-10-05 13:01:50,8059951,confirmed,https://candidate-spotlight.captivate.fm,1791205310,2f45d3ea2b0000845a9b6b6a718ccd0b,,4,0,CORPORATE
Let The Kids Play,Rick Hart and Dr. Sam Maniar,https://rss.libsyn.com/shows/519323/destinations/4457813.xml,"Are you a parent navigating through the world of children's sports? Welcome to ""Let the Kids Play"": Sports Parenting From the Child's Perspective.  I am Rick Hart, the founder, and CEO of Jump Start Sports, and I am Sam Maniar, a nationally renowned sports psychologist. In this podcast, we discuss topics facing parents today regarding their children's participation in youth sports. Each week, we will have a guest who adds pertinent expertise, and a child panelist to give their fresh take! Among others, topics will include overspecialization in sports today, sports burnout among adolescents, and positive coaching/positive parenting. The purpose of the show is to get parents to stop and think about what they really want their children to get out of their participation in sports, and to consider the results of their actions and interactions with their children before, during, and after their participation. We are changing the perspective so children benefit as much as they can, and they need your help. Follow us now on Apple Podcasts, Spotify, or wherever you find your shows.",Libsyn,en,https://static.libsyn.com/p/assets/5/7/c/e/57ce19afacc3b707e5bbc093207a2619/Let_the_Kids_Play__copy_2.jpg,2026-10-05 12:57:21,8059948,confirmed,https://sites.libsyn.com/519323,1791205041,60e4541e191b35121310b66119b0acae,1737074077.0,2,0,CORPORATE
DIASPORA TALES,Behnaz Aram,https://feeds.acast.com/public/shows/6a9a86da60b4c969b3630cfd,"Diaspora Tales invite guests with diasporic backgrounds from different parts of the world. Our guests are all active in art and culture and work in areas such as film, acting, music, design, crafts and writing. The starting point of each conversation is the craft: how the guests' diasporic experiences have shaped their artistry, their aesthetic choices and their way of working in the world.<hr><p style='color:grey; font-size:0.75em;'> Hosted on Acast. See <a style='color:grey;' target='_blank' rel='noopener noreferrer' href='https://acast.com/privacy'>acast.com/privacy</a> for more information.</p>",Acast,en,https://assets.pippa.io/shows/cover/1788511490617-a6e4a12f-e666-4808-957c-e060d3037f0b.jpeg,2026-10-05 12:57:15,8059947,confirmed,https://feeds.acast.com/public/shows/diaspora-tales,1791205035,0081b41484ff0aace8b7a987d280c7c5,6808567332.0,2,0,INDIVIDUAL
"Colucci, Colucci & Marcus, P.C. Podcast","Colucci, Colucci & Marcus, P.C.",https://feeds.transistor.fm/colucci-colucci-marcus-p-c-podcast,"<p>Colucci, Colucci & Marcus, P.C.<br />424 Adams St #101, Milton, MA 02186<br />(617) 698-6000</p>",Transistor,en,https://img.transistorcdn.com/xShxfr5pdu0ps7aGPKMFp6DLz9f7GIrrCk7cpQUmlJk/rs:fill:0:0:1/w:1400/h:1400/q:60/mb:500000/aHR0cHM6Ly9pbWct/dXBsb2FkLXByb2R1/Y3Rpb24udHJhbnNp/c3Rvci5mbS9iNDg4/YjVmMzE1NTdmMDFh/YTNhNjliMmMwYTA2/MDk4Ni5wbmc.jpg,2026-10-05 12:56:49,8059946,confirmed,https://coluccicolucciandmarcuspc.podbean.com,1791205009,2bf86cee125af962b05210ea0e678346,,4,0,CORPORATE
Watts On Your Mind,Watts On Your Mind,https://anchor.fm/s/117d702b8/podcast/rss,"Watts On Your Mind is a podcast recorded on the bike. Each episode is hosted live from the saddle during an indoor ride on Zwift or Rouvy, from easy recovery spins to all-out races. We talk training, racing and fitting sport into a busy life, and how exercise can help your mental health as much as your fitness. Guests include athletes, coaches and everyday riders, runners and triathletes sharing what keeps them moving. Whether you're a seasoned racer or just getting started, clip in and ride along. Watch live on YouTube and listen back here every week.",Anchor,en,https://d3t3ozftmdmh3i.cloudfront.net/staging/podcast_uploaded_nologo/46849342/46849342-1790586416992-eff89163981a6.jpg,2026-10-05 12:52:28,8059943,confirmed,https://podcasters.spotify.com/pod/show/watts-on-your-mind2,1791204748,c8007dcd27e65d7241ee4cf2ac188955,6818423104.0,2,0,INDIVIDUAL
The Advisor Architect,John Bowen,https://feeds.captivate.fm/the-advisor-architect/,What comes after success? Three books. Twelve conversations. One question for advisors serving successful people — and building what comes next.,Captivate,en,https://artwork.captivate.fm/5fc932cc-d009-41b9-bfcf-b915dbababdd/7d717eff-4667-4d26-8a62-f437d9e9b0bf.jpg,2026-10-05 12:52:04,8059942,confirmed,https://advisorarchitectseries.com/,1791204724,64f1ffb9788228cc66d568342c74f973,,4,0,INDIVIDUAL
Two Old Guys Talking Business,Tim Stokes & Eugene Zanozin,https://anchor.fm/s/118028ba4/podcast/rss,"We share what works and what doesn’t in business with you so you don’t have to learn the hard way, based on 100+ years of combined experience.
You'll learn what the essential skills of business are to grow your business profitably, build a great team and prepare your business for management, so that working becomes optional.
You'll learn strategies and integrated solutions for business owners with 3+ employees and 3 years in business, who have recognised how tough it is to grow a business profitably, and still have a life - without thinking about your business at night and on weekends.",Anchor,en-au,https://d3t3ozftmdmh3i.cloudfront.net/staging/podcast_uploaded_nologo/46877873/46877873-1790918401132-4034487a6c8be.jpg,2026-10-05 12:45:46,8059933,confirmed,https://www.profittrans4mations.com.au/,1791204346,eb7287f7c6bf4c19ad23a4f438bfd571,6818780518.0,2,0,CORPORATE
Sacred Self-Care,Rashika Roberts,https://feed.podbean.com/sacredselfcarewithrashikaroberts/feed.xml,"<p>Welcome to <em>Sacred Self-Care for Mind, Body & Energy</em>, a daily Reiki and meditation podcast created to nourish your whole being. Hosted by Rashika Roberts, this sacred space is designed to help you slow down, tune in, and reconnect with your inner peace.</p>
<p>Through gentle guided meditations and Reiki-infused energy healing, each episode supports you in releasing stress, clearing energetic blocks, and restoring harmony within. Whether you’re seeking clarity, grounding, emotional healing, or simply a moment to breathe, this podcast meets you where you are.</p>
<p>This is your daily reminder that self-care is not a luxury—it’s a sacred practice.</p>",Podbean,en,https://pbcdn1.podbean.com/imglogo/image-logo/22284362/pd_image_vyck99.png,2026-10-05 12:45:21,8059932,confirmed,https://sacredselfcarewithrashikaroberts.podbean.com,1791204321,c72d98de66a166325d10b1a8d6b3cba1,1895578261.0,2,0,INDIVIDUAL
Aloha Plumbing and Heating & Air,Aloha Plumbing and Heating & A,https://www.spreaker.com/show/7437141/episodes/feed,"<a href=""https://aloha-plumbinghvac.com/"" target=""_blank"" rel=""noreferrer noopener""><b>Aloha Plumbing and Heating & Air</b></a> provides trusted plumbing, heating, and cooling services in Redlands and across the Inland Empire. From leaking pipes and clogged drains to furnace repairs and AC installations, our experienced team delivers dependable solutions. With upfront pricing, fast response times, honest service, and quality workmanship, we focus on doing the job right the first time for homes and businesses.",Spreaker,en,https://d3wo5wojvuv7l.cloudfront.net/t_rss_itunes_square_1400/images.spreaker.com/original/57d4a5badaeaafb8fe20326b09d79594.jpg,2026-10-05 12:42:52,8059930,confirmed,https://www.spreaker.com/podcast/aloha-plumbing-and-heating-air--7437141,1791204172,6a4a6b03a353a17cca4939ee6ec37707,,4,0,CORPORATE
Tale and Tell,Bishop Bernard Marroko,https://anchor.fm/s/118087f78/podcast/rss,In Search of the Gihon River,Anchor,en,https://d3t3ozftmdmh3i.cloudfront.net/staging/podcast_uploaded_nologo/46881774/46881774-1791007829526-5a372efc57c3c.jpg,2026-10-05 12:40:28,8059928,confirmed,https://podcasters.spotify.com/pod/show/bishop-bernard-marroko,1791204028,ddc0ebfb257948207114eda0eef8020f,6818742353.0,2,0,INDIVIDUAL
The Lord Is My Light,Lifeway Christian Resources,https://rss.buzzsprout.com/2648791.rss,<p>A Liturgy for Daily Prayer</p>,Buzzsprout,en,https://storage.buzzsprout.com/xhg6r6mrreifp2zu9bfi654vgx0e?.jpg,2026-10-05 12:35:50,8059922,confirmed,https://www.buzzsprout.com/2648791,1791203750,6ed21ccc3c983d8a364ac82f30e7d5fd,6819274475.0,0,0,INDIVIDUAL
Indie Film Weekly,"Circus Road Films, Just Curious Media",https://rss.buzzsprout.com/2655730.rss,"<p>A show dedicated to indie film lovers seeking the latest movies in independent cinema.<br><br></p><p>Host: Glen Reynolds, veteran film producer & sales agent.</p><p><br>Co-Host: Jason Connell, award-winning documentary producer turned popular podcaster.<br><br></p><p><br>Jason joins Glen for conversational episodes that delve deeper into the filmmaking process through the series Behind The Film and Emerging Filmmakers.</p>",Buzzsprout,en-us,https://storage.buzzsprout.com/6qh6d7407g8jm9eagdb05ape3ie2?.jpg,2026-10-05 12:33:39,8059919,confirmed,https://CircusRoadFilms.com,1791203619,7043270c4e7e8a26ea3388e1e1d31a37,,4,0,CORPORATE
The Capitall Consortium,The Capitall Consoritium,https://feed.podbean.com/hellorvn/feed.xml,"Investing in African and Caribbean innovations for power, wealth and influence across agriculture, tech, education and healthcare.",Podbean,en,https://pbcdn1.podbean.com/imglogo/image-logo/22674510/Copy_of_TCC_Logo68p2b.png,2026-10-05 12:29:09,8059913,confirmed,https://hellorvn.podbean.com,1791203349,bc2a5f7bb2394039544b23058aa6c799,6818286584.0,2,0,CORPORATE
Tahar Unfiltered,Tahar Ali,https://rss.buzzsprout.com/2616978.rss,"<p>Straight talk for small business owners who are tired of being sold to.</p><p>I'm Tahar Ali. I've been in business for 35 years, and today I build AI tools that help small businesses scale. In that time I've paid agencies that blamed the one they replaced, and I've walked away from partners who never owned a mistake. Most of what I know, I paid to learn.</p><p>Each week I take one thing that quietly drains a small business and say plainly what I would do about it. Every story in the show is one I lived. Nothing made up, nothing borrowed.</p><p>Every small business deserves to do well. Yours included.</p><p>Written by Tahar Ali. Voiced with AI.</p>",Buzzsprout,en-gb,https://storage.buzzsprout.com/hz8sy95oru0ol9zkheg5zejn0p7v?.jpg,2026-10-05 12:25:52,8059911,confirmed,https://taharali.com,1791203152,713025883dc8f996d7a48cf32d9307a3,,4,0,INDIVIDUAL
Tech Pulse,Sandique Bartley,https://anchor.fm/s/11800d87c/podcast/rss,"Your daily tech briefing in plain English. Hosts Alex and Jordan break down the biggest stories in AI, cybersecurity, gadgets, and the future of technology — no hype, just what matters. New episode every morning.""",Anchor,en-us,https://d3t3ozftmdmh3i.cloudfront.net/staging/podcast_uploaded_nologo/46876759/46876759-1790902695566-e99d261d9d3dd.jpg,2026-10-05 12:12:02,8059890,confirmed,https://podcasters.spotify.com/pod/show/sandique-bartley6,1791202322,1cc9d8fe5d30f924d5f50d16bee189d0,6818603199.0,2,0,CORPORATE
The M Spot Podcast,The M Spot,https://anchor.fm/s/117c8aec0/podcast/rss,"Ahoy hoy! I’m Missy, and this is The M Spot Podcast—where my personal journey meets self-love, motivation, and a little pop culture commentary.
Join me for honest conversations about finding your voice, starting before you feel ready, and following through on the promises you make to yourself. Expect personal stories, lessons I’m still learning, and a few laughs—because growth doesn’t mean you can’t have opinions about what everybody’s doing.
Come get comfortable. We’re figuring life out together, and there’s a spot for you here.",Anchor,en,https://d3t3ozftmdmh3i.cloudfront.net/staging/podcast_uploaded_nologo/46839952/46839952-1790467354425-b68785e829973.jpg,2026-10-05 12:11:37,8059889,confirmed,https://podcasters.spotify.com/pod/show/the-m-spot3,1791202297,9592cdabf74cfa9a13f5d3ae2ce826d3,6818344251.0,2,0,CORPORATE
UMQADI PODCAST,Seemza,https://rss.buzzsprout.com/2653574.rss,<p>Ungayincishi Indlebe Yakho </p><p>Ukudla Kwayo.</p><p>Lalela I-Podcast Yomhlaba.</p>,Buzzsprout,en-us,https://storage.buzzsprout.com/sa00gasb369pi3tpikg3oq3u4pzj?.jpg,2026-10-05 12:11:12,8059887,confirmed,,1791202272,fcdca52f7a46def3a04d9550f2fe64dd,,4,0,INDIVIDUAL
Race Ya Podcast,Raceyaya,https://www.omnycontent.com/d/playlist/d78b8638-2127-4603-a5c1-b4cf00a8e156/2e3c4fda-774d-4ceb-bd30-b4d4002e3298/1f37f487-5db5-4ab4-a27f-b4d4002e329f/podcast.rss,"Race Ya Podcast is your weekly dose of sports stories. Listen and let our hosts and guest athletes help you find that athlete in you. 
Perfect for those anyone eager to learn about the sports, those who are just starting in their athletic journey, weekend warriors, the enthusiasts and experienced, and even for elite and professional athletes. This podcast combines interviews with athletes on their success and failures, professional advice from experts, together with the latest news, trends and gear that will help you in your athletic journey wherever you are at. 
Take us to your journey and be race fit – in sports and in life.
 Hosted on Acast. See acast.com/privacy for more information.",Megaphone,en,https://www.omnycontent.com/d/playlist/d78b8638-2127-4603-a5c1-b4cf00a8e156/2e3c4fda-774d-4ceb-bd30-b4d4002e3298/1f37f487-5db5-4ab4-a27f-b4d4002e329f/image.jpg?t=1790650095&size=Large,2026-10-05 12:07:04,8059883,confirmed,https://shows.acast.com/race-ya-podcast,1791202024,f0df1b8f9a75d8b7b105f03a5a2bbebd,1617941640.0,2,0,INDIVIDUAL
Blissful Romance,Podfic Radio,https://anchor.fm/s/1119d8afc/podcast/rss,"Multi-fandom, rare pair, steamy and dreamy crossover fanfiction to fall asleep to. Mixed by Blissfullywistful, voiced with Eleven Reader.",Anchor,en,https://d3t3ozftmdmh3i.cloudfront.net/staging/podcast_uploaded_nologo/45805047/45805047-1789909181164-0f4e21569ef64.jpg,2026-10-05 12:03:00,8059878,confirmed,https://podcasters.spotify.com/pod/show/bearbie8,1791201780,e7242b835b6c4e8a6a28be2bda7f0117,6809274642.0,2,0,CORPORATE
CE Podcasts for Physical Therapists - Journal Club,Elite Learning,https://rss.buzzsprout.com/2650827.rss,"<p>The <b>Journal Club</b> is a professionally curated continuing education podcast series created by <b>Elite Learning</b> and included with the <b>PT Premium CE Membership</b>.</p><p>Designed for busy physical therapists who want to stay current with the latest evidence, this monthly podcast delivers expert reviews of recent research directly to your headphones. On the first Monday of every month, a new 50-minute episode explores highly relevant clinical topics, helping you stay informed without spending hours reading and analyzing research studies on your own.</p><p>Each episode reviews two to four peer-reviewed journal articles and centers around a focused clinical question. Our expert hosts break down the evidence, discuss its clinical relevance, and translate key findings into practical strategies you can apply immediately in practice.</p><p>Whether you're commuting, exercising, or taking a lunch break, Journal Club makes it easier to stay current with emerging evidence while earning continuing education credit.</p><p><br></p><p><b>Want CE credit?</b><br> Access the full accredited Journal Club podcast through Elite Learning. Journal Club is included with the <b>PT Premium CE Membership</b>, or individual episodes may be available for purchase through Elite Learning.</p><p><br></p><p>Earn CE credit and access the full Journal Club library: https://www.elitelearning.com/pt-ce-podcasts/</p>",Buzzsprout,en-us,https://storage.buzzsprout.com/6qqmxj5qk3yws1tm64a2enf65a1k?.jpg,2026-10-05 11:58:21,8059875,confirmed,https://www.elitelearning.com/pt-ce-podcasts/,1791201501,7f950a4543c26ba0bb18384e7be3b722,,4,0,CORPORATE
OUT IN THE OPEN,BART AND JODY,https://anchor.fm/s/118130664/podcast/rss,"Welcome to Out in the Open-where faith meets real life, and nothing has to stay hidden. We're Bart and Jody, a husband and wife who have walked through addiction, brokenness, ministry, recovery, and everything in between. We don't have all the answers, but we know what God can do when we stop hiding and start getting honest. Here, we'll have the conversations people are often afraid to have-about addiction and recovery, marriage, faith, church, family, failure, healing, and what it really looks like to follow Jesus through the messy parts of life. 
NO PRETENDING, NO PERFECTION, JUST HONESTY",Anchor,en-us,https://d3t3ozftmdmh3i.cloudfront.net/staging/podcast_uploaded_nologo/46888673/46888673-1791063847929-48e058af3f117.jpg,2026-10-05 11:47:04,8059867,confirmed,https://podcasters.spotify.com/pod/show/jody2,1791200824,662e66189c5984da83a2e4c54c450a70,6818906447.0,2,0,CORPORATE
Sandman Science,Sandman Science,https://feeds.transistor.fm/sandman-science,"Sandman Science is a place to fall asleep to the wonders of the universe.

Every episode is a slow, gentle journey: a descent into the deep ocean, a drift through the solar system, a quiet walk through the natural world, narrated in a calm, unhurried voice over soft original music. No loud intros, no jarring cuts, no sudden sounds. Just long, wandering stories about real science, told slowly enough to let you drift off.

Put it on, close your eyes, and let your mind wander out into the dark and quiet.
Music and scripts are original to Sandman Science. Narration is an AI voice.",Transistor,en,https://img.transistorcdn.com/6RkST-gi5xISJQJs85kRtKvSQ_VcMeVHqE7sLsuqPzs/rs:fill:0:0:1/w:1400/h:1400/q:60/mb:500000/aHR0cHM6Ly9pbWct/dXBsb2FkLXByb2R1/Y3Rpb24udHJhbnNp/c3Rvci5mbS8xNGNh/ZTU5NGVjZjE5MDhm/ZDE1NjgwYTcyM2Jj/NjE5Yy5qcGVn.jpg,2026-10-05 11:46:55,8059866,confirmed,https://www.youtube.com/@sandmanscience,1791200815,484268fe8a7369460ac4a18254a1be08,,4,0,CORPORATE
I have words…,Bunie Arah,https://anchor.fm/s/511b228/podcast/rss,Because Bunie likes to talk. And has a lot of opinions. And will share them. Because she can. Find yapper certificate below.,Anchor,en,https://d3t3ozftmdmh3i.cloudfront.net/staging/podcast_uploaded_nologo/750458/750458-1740334067378-f06cc611494d3.jpg,2026-10-05 11:45:56,8059864,confirmed,https://podcasters.spotify.com/pod/show/bunie-arah,1791200756,f457b8b7b82fc28f2ab74f8aa77c24cd,1798171040.0,2,0,INDIVIDUAL
Let’s Talk About It.,James McGarva Cummings,https://anchor.fm/s/10df80558/podcast/rss,"Let's Talk About It and I mean all of it, things like life, friendships, relationships, family, food, books, government and more. Lets have a sit down and chat about things we all think, feel, and experience. Let's talk about it is aimed to help us all just have a little bit brighter of a day, week, month, and hopefully life. 
 Hosted by James McGarva-Cummings",Anchor,en-us,https://d3t3ozftmdmh3i.cloudfront.net/staging/podcast_uploaded_nologo/45193254/45193254-1791150805210-68fe29fd3700c.jpg,2026-10-05 11:45:16,8059862,confirmed,https://podcasters.spotify.com/pod/show/letstalkaboutitjames,1791200716,d08819566135e7d927cd6e6213b557c8,6818874011.0,2,0,INDIVIDUAL
The Grace Acres Podcast,Pastor Roland Roberts,https://anchor.fm/s/11804cb6c/podcast/rss,"Living the word, Reaching the world.",Anchor,en-us,https://d3t3ozftmdmh3i.cloudfront.net/staging/podcast_uploaded_nologo/46879347/46879347-1790942193315-5ccd815730a7f.jpg,2026-10-05 11:30:52,8059854,confirmed,https://podcasters.spotify.com/pod/show/5ifth-revelation0,1791199852,d3970765aac59472e7a7cc4b6d5be8fb,6818585229.0,2,0,CORPORATE
The Mostly Occasionally Show - Highlights,Brandon Wenerd,https://feeds.megaphone.fm/JXL4772772757,"<p>The Mostly Occasionally Show is a wacky, whimsical wander through the mind of Brandon Wenerd—writer, culture guy, and longtime publisher at BroBible. It’s a music-meets-Internet-meets-life podcast built on interesting conversations with interesting people. Sometimes deep. Sometimes dumb. Always mostly occasional.Learn more here: https://www.brandonwenerd.com/the-mostly-occasionally-show-podcast/E-mail me: brandon@brobible.com</p>",Megaphone,en,"https://megaphone.imgix.net/podcasts/d66a63d0-b857-11f1-97fd-9fb122c23719/image/d00ea8e00668696c3402151511b67177.png?ixlib=rails-4.3.1&max-w=3000&max-h=3000&fit=crop&auto=format,compress",2026-10-05 11:20:50,8059846,confirmed,,1791199250,02c339b35f760f0e9950859d618f5ed5,6817013121.0,2,0,CORPORATE
Fantasy Pod,Noah Kindt,https://anchor.fm/s/1180be690/podcast/rss,A pod for the boys about our fantasy hockey league.,Anchor,en-us,https://d3t3ozftmdmh3i.cloudfront.net/staging/podcast_uploaded_nologo/46884004/46884004-1790996513932-59e6ec5209e4a.jpg,2026-10-05 11:20:39,8059845,confirmed,https://podcasters.spotify.com/pod/show/tokonokowa9,1791199239,664eca10114d880331e9b13c01c77ae8,6818893355.0,2,0,INDIVIDUAL
(Long Voice) (1-50) Stress & Pain Relief,Jason Newland,https://www.spreaker.com/show/7317154/episodes/feed,(Long Voice) (1-50) Stress & Pain Relief,Spreaker,en,https://d3wo5wojvuv7l.cloudfront.net/t_rss_itunes_square_1400/images.spreaker.com/original/2eacf4457aaa9db6e2bcc63374d50f7b.jpg,2026-10-05 11:13:29,8059839,confirmed,https://www.spreaker.com/podcast/long-voice-1-50-stress-pain-relief--7317154,1791198809,7d5d324f55f7f7e66b62390b610d2dfa,,4,0,CORPORATE
After the Appointment | Podcast,Chelsea Holley,https://rss.buzzsprout.com/2626286.rss,"<p>After the Appointment is a podcast inspired by the conversations that happen behind the salon chair. Through stories, interviews, and honest discussions, we explore the experiences that connect us - beauty, business, relationships, family, growth, and everything in between.</p>",Buzzsprout,en-us,https://storage.buzzsprout.com/khc83tmaptbyejw1n9r2gob9e208?.jpg,2026-10-05 11:01:22,8059835,confirmed,https://aftertheappointmentpodcast.buzzsprout.com,1791198082,3efae3dbe1082bcc04658000bc2c15d4,,0,0,INDIVIDUAL
Kerry Mann: Carnivore Saves Lives,kerry,https://anchor.fm/s/11811eacc/podcast/rss,"Kerry Mann Jr of Healing Humanity talks with people who got their health back by eating meat. Real stories, real doctors, and what actually happened. New episodes from the HomeSteadHow interviews. How to Watch the film Healing Humanity? Go to https://healinghumanity.movie/watch",Anchor,en,https://d3t3ozftmdmh3i.cloudfront.net/staging/podcast_uploaded_nologo/46887947/46887947-1791054759667-8c032def323d4.jpg,2026-10-05 11:00:16,8059834,confirmed,https://podcasters.spotify.com/pod/show/kerry45,1791198016,955673b9ff2f610bed0ec716e8e63f42,6818860098.0,2,0,INDIVIDUAL
Podcast KTS Đới Doanh cùng Vua Tủ Nhựa,KTS Đới Doanh,https://feeds.redcircle.com/a0fee357-9d00-4047-be02-bc0924295e32,"***********************************************************************************************
KIẾN TRÚC SƯ ĐỚI DOANH – TỪ NIỀM ĐAM MÊ BẢN VẼ ĐẾN HÀNH TRÌNH ĐỊNH HÌNH THƯƠNG HIỆU VUA TỦ NHỰA
***********************************************************************************************
Trong bức tranh nội thất kiến trúc hiện đại, sự chuyển dịch từ các vật liệu truyền thống sang vật liệu cao cấp, thân thiện với môi trường và bền bỉ theo thời gian đang trở thành xu hướng tất yếu. Đứng sau thành công và sự bứt phá của thương hiệu *Vua Tủ Nhựa* – đơn vị tiên phong trong giải pháp nội thất nhựa cao cấp tại Hà Nội – chính là *Kiến trúc sư (KTS) Đới Doanh*.
Với góc nhìn chuyên môn sâu sắc, nền tảng đào tạo bài bản cùng tâm huyết bền bỉ suốt 8 năm qua, KTS Đới Doanh không chỉ mang đến những sản phẩm nội thất tinh tế mà còn kiến tạo nên những không gian sống tiện nghi, ấm cúng và tràn đầy cảm hứng cho hàng ngàn gia đình Việt.
-----------------------------------------
1. Hành Trình Đào Tạo Và Dấu Ấn Quê Hương
-----------------------------------------
Nền Tảng Đào Tạo Kiến Trúc
--------------------------
KTS Đới Doanh tốt nghiệp chuyên ngành Kiến trúc tại *Đại học Mở Hà Nội* – một trong những môi trường đào tạo uy tín hàng đầu về mỹ thuật ứng dụng và kiến trúc tại Việt Nam.
Khoảng thời gian trên ghế nhà trường không chỉ trang bị cho anh tư duy hình khối, khả năng phối màu và kỹ thuật dựng không gian chuẩn xác, mà còn nuôi dưỡng trong anh một tư duy thiết kế lấy con người làm trung tâm. Mọi bản vẽ, từng đường nét cắt gọt đều phải phục vụ tốt nhất cho sinh hoạt hàng ngày của gia chủ.
Cội Nguồn Tạo Nên Sự Bền Bỉ
---------------------------
Sinh ra và lớn lên tại *xã Nghĩa Thịnh, huyện Nghĩa Hưng, tỉnh Nam Định* (sau đợt sáp nhập hành chính từ ngày 1/7/2025, địa danh chuyển thành *xã Đồng Thịnh, tỉnh Ninh Bình* ), KTS Đới Doanh mang trọn nét chất phác, kiên trì và chu đáo của người con vùng đất đồng bằng Bắc Bộ.
Chính tình yêu thương gia đình và sự trân trọng giá trị tổ ấm quê hương đã trở thành ngọn lửa thôi thúc anh không ngừng tìm kiếm giải pháp cải thiện chất lượng sống cho mỗi căn nhà Việt. Anh tin rằng: “Một ngôi nhà đẹp trước hết phải là một nơi an toàn, gọn gàng và mang lại sự bình yên cho tất cả các thành viên.”
------------------------------------------------------
2. 8 Năm Dấn Thân Vào Lĩnh Vực Nội Thất Nhựa Vượt Trội
------------------------------------------------------
Trước bối cảnh khí hậu nhiệt đới gió mùa tại Việt Nam – nơi độ ẩm cao, tình trạng mối mọt, ẩm mốc và cong vênh ở đồ gỗ công nghiệp diễn ra phổ biến – KTS Đới Doanh đã sớm nhận ra tiềm năng to lớn của *vật liệu nhựa nội thất cao cấp* (Zukoplast, Chin Huei, Vincoplast...).
Tính đến nay, anh đã có *8 năm kinh nghiệm thực chiến* trong ngành nội thất nhựa. Suốt gần một thập kỷ nghiên cứu và thi công trực tiếp:
* Anh liên tục thử nghiệm các dòng tấm nhựa thế hệ mới có độ nén cao, khả năng chịu lực vượt trội, chống nước tuyệt đối và chống cháy lan hiệu quả.
* Anh tối ưu hóa quy trình sản xuất, ứng dụng công nghệ cắt mộng, nẹp viền tự động giúp bề mặt nội thất nhựa đạt độ hoàn thiện sắc nét, sang trọng không thua kém các chất liệu cao cấp khác.
* Anh kiến tạo nên hàng trăm công trình thực tế, từ căn hộ chung cư hiện đại, nhà phố đến các văn phòng làm việc gọn gàng.
------------------------------------------------------------
3. CEO Vua Tủ Nhựa – Đưa Giải Pháp Nội Thất Xanh Đến Mọi Nhà
------------------------------------------------------------
Trở thành *CEO kiêm Giám đốc Kỹ thuật của Vua Tủ Nhựa* , KTS Đới Doanh định hướng doanh nghiệp trở thành địa chỉ tin cậy hàng đầu cho khách hàng tìm kiếm giải pháp nội thất nhựa vừa túi tiền, bền đẹp và an toàn sức khỏe.
Trụ sở chính và xưởng sản xuất của Vua Tủ Nhựa tọa lạc tại:👉 *Địa chỉ:* Ngõ 73 Định Công Hạ, phường Định Công, quận Hoàng Mai, Hà Nội.
Dưới sự dẫn dắt của KTS Đới Doanh, Vua Tủ Nhựa không ngừng mở rộng danh mục sản phẩm nhằm đáp ứng trọn vẹn nhu cầu thiết lập không gian sống toàn diện cho gia đình:
* *Tủ Nhựa Quần Áo* ( https://vuatunhua.vn/tu-nhua-quan-ao/ )
* *:* Thiết kế đa dạng từ tủ cánh lùa, tủ âm tường đến tủ kho kịch trần, tối ưu diện tích lưu trữ và chống mốc hỏng quần áo.
* *Tủ Bếp Nhựa* ( https://vuatunhua.vn/tu-bep-nhua/ )
* *:* Giải pháp hoàn hảo cho căn bếp chống nước 100%, dễ lau chùi dầu mỡ, chuẩn tam giác hoạt động bếp hiện đại.
* *Tủ Giày Nhựa* ( https://vuatunhua.vn/tu-giay-nhua )
* *:* Thiết kế thông minh, tích hợp ghế ngồi thay giày, khe thoáng khí khử mùi hiệu quả.
* *Giường Ngủ Nhựa* ( https://vuatunhua.vn/giuong-ngu-nhua/ )
* *:* Kết cấu khung chịu lực chắc chắn, không cọt kẹt, màu sắc trang nhã cho phòng ngủ êm ái.
* *Bàn Trang Điểm Nhựa* ( https://vuatunhua.vn/ban-trang-diem-nhua/ )
* *:* Kiểu dáng tinh tế, tích hợp gương đèn LED và các ngăn kéo chia đồ trang điểm tiện lợi.
* *Bàn Học Nhựa Trẻ Em* ( https://vuatunhua.vn/ban-hoc-nhua-tre-em/ )
* *:* Thiết kế chuẩn nhân trắc học chống gù chống cận, chất liệu nhựa nguyên sinh an toàn tuyệt đối cho bé.
* *Kệ Để Đồ Bằng Nhựa* ( https://vuatunhua.vn/ke-de-do-bang-nhua/ )
* *:* Kệ trang trí, kệ tivi, kệ trang sách đa năng giúp không gian ngăn nắp và hiện đại.
* *Cầu Thang Nhựa Giả Gỗ* ( https://vuatunhua.vn/cau-thang-nhua-gia-go/ )
* *:* Tấm ốp cầu thang chống trơn trượt, chịu lực tốt, mang lại vẻ đẹp ấm cúng, sang trọng cho ngôi nhà.
------------------------------------------------------------
4. Triết Lý Thiết Kế & Kiến Tạo Không Gian Của KTS Đới Doanh
------------------------------------------------------------
Sự khác biệt trong các công trình do KTS Đới Doanh tư vấn và thực hiện nằm ở triết lý kiến trúc mang tính ứng dụng cao:
*1. ""Kiến trúc vị nhân sinh – Tối ưu từ nhu cầu thực tế""* ""Kiến trúc không phải là việc đặt những hình khối hoành tráng vào không gian, mà là tạo ra trật tự thoải mái nhất cho sinh hoạt hằng ngày. Một chiếc tủ bếp hay tủ quần áo tốt phải giúp người dùng tiết kiệm thời gian tìm kiếm và thao tác mỗi sáng.""
*2. ""Vật liệu thông minh định hình tương lai""* ""Lựa chọn nội thất nhựa cao cấp không chỉ là bài toán kinh tế chống ẩm mốc hay mối mọt, mà còn là hành vi tiêu dùng xanh – giảm thiểu khai thác gỗ tự nhiên, hướng tới không gian sống bền vững và Net Zero.""
*3. ""Sự hoàn hảo nằm ở chi tiết nhỏ nhất""* ""Từ viền nẹp, bản lề chần giảm chấn, ray trượt đến khoảng chia ngăn kéo... từng chi tiết dù nhỏ nhất cũng quyết định độ bền 15-20 năm của một sản phẩm.""
-------------------------------------------
5. Kết Nối Cùng KTS Đới Doanh & Vua Tủ Nhựa
-------------------------------------------
Nếu bạn đang tìm kiếm giải pháp thiết kế, thi công nội thất nhựa chuyên nghiệp, tối ưu chi phí và đảm bảo tính thẩm mỹ cao cho ngôi nhà của mình, hãy liên hệ trực tiếp với KTS Đới Doanh và đội ngũ Vua Tủ Nhựa:
* 🏠 *Trụ sở / Showroom:* Ngõ 73 Định Công Hạ, P. Định Công, Q. Hoàng Mai, Hà Nội
* 📞 *Hotline / Zalo tư vấn:* *0981 056 779*
* 🌐 *Website chính thức:*
* vuatunhua.vn ( https://vuatunhua.vn/ )
* 📍 *Chỉ đường Google Maps:* [suspicious link removed]
* 👤 *Facebook cá nhân KTS Đới Doanh:*
* Facebook KTS Đới Doanh ( https://www.facebook.com/doidoanh.kts/ )
Hãy để KTS Đới Doanh đồng hành cùng bạn biến những ý tưởng trên bản vẽ thành một không gian sống hiện đại, bền đẹp và tràn ngập niềm vui!
‍
( https://webflow.com/?utm_campaign=brandjs )",Spotify for Podcasters,en-US,https://media.redcircle.com/images/2026/10/3/15/2dd0568f-437a-40ab-835e-94a031a3ba76_kts___i_doanh.jpg,2026-10-05 10:59:20,8059832,confirmed,https://redcircle.com/shows/podcast-kts-i-doanh-cung-vua-t-nha,1791197960,07b9c5f79e8114e42b1bd586893bb6bb,,4,0,INDIVIDUAL
OSI Talks,Objective Standard Institute,https://feeds.libsyn.com/631363/rss,Lectures from the Objective Standard Institute on ideas for living and flourishing.,Libsyn,en,https://static.libsyn.com/p/assets/8/7/8/7/8787fdb34a7ed9fde5bbc093207a2619/spotifymark-20260929-wdylxb04p7.png,2026-10-05 10:58:31,8059830,confirmed,https://sites.libsyn.com/631363,1791197911,ff8adc40400a075395514a45681ec809,6817256936.0,2,0,CORPORATE
SOLILOQUIZING,Venerated Media,https://anchor.fm/s/117ddc3a0/podcast/rss,"Curating political events and happenings from the past and present into insightful conversations and relevant topics that help you understand how they shape and affect our world today. 
If you love to learn, read and re-read political stories and history books, this is the one for you.",Anchor,en-us,https://d3t3ozftmdmh3i.cloudfront.net/staging/podcast_uploaded_nologo/46853768/46853768-1790631170960-5120cf5c6f066.jpg,2026-10-05 10:53:59,8059828,confirmed,https://podcasters.spotify.com/pod/show/soliloquizingpodcast,1791197639,c9f2028f450d19fda5d7513834685cab,6818550031.0,2,0,CORPORATE
Sweet. Same.,Chuck Bass,https://anchor.fm/s/116ba086c/podcast/rss,"Andrew Cooper and Chuck Bass talk football, fatherhood, and what it's like being mid 30s in America",Anchor,en,https://d3t3ozftmdmh3i.cloudfront.net/staging/podcast_uploaded_nologo/46662579/46662579-1789221857829-69de936dcc062.jpg,2026-10-05 10:51:18,8059825,confirmed,https://podcasters.spotify.com/pod/show/chuck-bass2,1791197478,55b288541bd4964a3000682813521a26,6807467093.0,2,0,INDIVIDUAL
Topics on Digital Education,EDUNEXT-Next Education Italia,https://www.spreaker.com/show/7436583/episodes/feed,"In each episode of the podcast, a research topic chosen from the scientific literature will be presented.",Spreaker,en,https://d3wo5wojvuv7l.cloudfront.net/t_rss_itunes_square_1400/images.spreaker.com/original/7170b1dc1790f0959142a9e3b8bac8fe.jpg,2026-10-05 10:50:11,8059823,confirmed,https://www.spreaker.com/podcast/topics-on-digital-education--7436583,1791197411,0279b8f74fe31f7b3354ef0c15f4ff45,,4,0,CORPORATE
The Carolinas Stoic,pbg1897acq6bd,https://feed.podbean.com/pbg1897acq6bd/feed.xml,"<p>Southern, cultural preservation, political movement</p>",Podbean,en,https://pbcdn1.podbean.com/img/podbean-logo/podbean_82.jpg,2026-10-05 10:37:41,8059815,confirmed,https://pbg1897acq6bd.podbean.com,1791196661,a8905b826544769e8d9696c6110a8a7c,6819028378.0,2,0,INDIVIDUAL
The People You Go With,Nikki and Liz,https://anchor.fm/s/116296bb8/podcast/rss,"Travel is about more than where you go—it’s about the people you go with. Join us as we share our adventures, mishaps, favorite destinations, travel tips, and the stories that happen along the way. We’ll talk about the good, the bad, and the unforgettable parts of traveling together.",Anchor,en,https://d3t3ozftmdmh3i.cloudfront.net/staging/podcast_uploaded_nologo/46567806/46567806-1786984903931-fc250d493f495.jpg,2026-10-05 10:34:45,8059812,confirmed,https://podcasters.spotify.com/pod/show/metzger,1791196485,3259954459b4d119d58b35c0111f9c2e,6818350148.0,2,0,CORPORATE
Designed Different,Patrick and Gabrielle: Question the Default. Build on Purpose.,https://anchor.fm/s/117dc4d04/podcast/rss,"Two Washington natives, Patrick and Gabrielle, raising a family, questioning the culture, and building a life on purpose in Texas.
From marriage, faith, food, health, homeschooling, and business to the journey that brought them to Texas, every conversation is part of one larger story: two people choosing the harder, more intentional path instead of simply settling for the easy default.",Anchor,en,https://d3t3ozftmdmh3i.cloudfront.net/staging/podcast_uploaded_nologo/46852809/46852809-1790622027306-9f877730fa0e7.jpg,2026-10-05 10:32:47,8059810,confirmed,https://podcasters.spotify.com/pod/show/designed-different4,1791196367,22c2c83ca87dfe470f73659e3a70029f,6817197692.0,2,0,CORPORATE
Behind the Stand,"Ethan Custard, Jacob Kremer, & Julius Sarkozy",https://anchor.fm/s/117f6ec40/podcast/rss,"""Behind the Stand"" aims to highlight faculty, staff, students, and artists throughout the Moravian University community. Our goal is to promote upcoming concerts and events, detail the current happenings around the Music Department, and share the incredible stories our guests have to share.",Anchor,en,https://d3t3ozftmdmh3i.cloudfront.net/staging/podcast_uploaded_nologo/46870256/46870256-1790826925829-ef2e6bde24f59.jpg,2026-10-05 10:31:46,8059809,confirmed,https://podcasters.spotify.com/pod/show/julius48,1791196306,cf2934a0ee96a93dc53f85e4effd0d7b,6818014557.0,2,0,CORPORATE
THE PRAYER ROOM with Capt. Rajesh Daniel,Capt. Rajesh Daniel,https://anchor.fm/s/116b07be4/podcast/rss,"Welcome to THE PRAYER ROOM with Capt. Rajesh Daniel—a place to pray, believe, and stand on the promises of God. Each episode brings powerful, Scripture-based prayers for healing, deliverance, protection, family, breakthrough, restoration, peace, spiritual strength, and more. Wherever you are and whatever you are facing, join in prayer and turn your heart toward Jesus Christ. Come expecting. Come believing. Come ready to pray.",Anchor,en,https://d3t3ozftmdmh3i.cloudfront.net/staging/podcast_uploaded_nologo/46656321/46656321-1788193068874-16f9ffee559a3.jpg,2026-10-05 10:29:25,8059805,confirmed,https://podcasters.spotify.com/pod/show/rajesh-daniel13,1791196165,d38d42d656c649e44b51814d614f4490,6807819896.0,2,0,INDIVIDUAL
The 7 Percent,Sullivan & Stanley,https://rss.buzzsprout.com/2653963.rss,"<p><b>93% of transformation programmes fail to deliver their full value. This is a show built entirely around the 7% who get it right.<br></b><br></p><p><b>The 7 Percent is a new podcast from Sullivan & Stanley, hosted by Group CEO Andy Haley, exploring what separates the organisations that deliver lasting transformation value from the vast majority that don't.</b></p><p><br></p><p><b>The premise is grounded in Sullivan & Stanley's own Intelligent Enterprise research: senior leaders are more confident than ever in their strategy, technology budgets have never been bigger, and yet value continues to leak out of transformation programmes at an alarming rate. The average organisation loses 27% of the value it originally committed to deliver: money, time and momentum that never makes it to the outcomes it was meant to fund.</b></p><p><br></p><p><b>Each episode cuts past the spin to talk honestly about what's working and what isn't. No platform to sell, no polished case study. Just an honest look at the reality of delivering transformation at scale.</b></p>",Buzzsprout,en-gb,https://storage.buzzsprout.com/5o2o50mtj29el2avh1mttptpjtmc?.jpg,2026-10-05 10:18:19,8059801,confirmed,https://www.buzzsprout.com/2653963,1791195499,6b9b04277a4ad8b74dba903c685b9ff5,,4,0,CORPORATE
Reading 1 John,Peter Englert,https://feeds.transistor.fm/reading-1-john,"Dr. Ron Hall, professor and pastor, and Peter Englert, pastor, help you delve into 1 John. Understand the context and background while applying this practical book of the Bible to your life.",Transistor,en,https://img.transistorcdn.com/L-SjOd8sY4B9lZTbjEYgqBH9EsDF3uaaHFZMaKbGRgI/rs:fill:0:0:1/w:1400/h:1400/q:60/mb:500000/aHR0cHM6Ly9pbWct/dXBsb2FkLXByb2R1/Y3Rpb24udHJhbnNp/c3Rvci5mbS82ZDJh/MjcyMjhhZGE3ODlk/Zjk2YjY2MjljODRh/YjBiYi5wbmc.jpg,2026-10-05 10:12:32,8059800,confirmed,,1791195152,de1c26b56e8f4a0a9f90a3a0e7b75c95,6819226408.0,4,0,INDIVIDUAL
The Final Take Podcast,The Final Take Podcast,https://anchor.fm/s/9feae828/podcast/rss,"The Final Take Podcast is the Official podcast for the Final Take Cinema Channel which you can find on YouTube! I have a different guest every week, and we try our best to discuss the films we love and what we've been watching",Anchor,en-us,https://d3t3ozftmdmh3i.cloudfront.net/production/podcast_uploaded/26729722/26729722-1655405583275-860c0466d4c45.jpg,2026-10-05 10:11:30,8059798,confirmed,https://podcasters.spotify.com/pod/show/martin-alejandro-padilla,1791195090,f1fd1da81684a8b81f11e3f4991dfb29,1630217325.0,2,0,CORPORATE
Dolphin vs shark,Queen,https://www.spreaker.com/show/7436382/episodes/feed,"Dolphins vs Sharks: Who Really Rules the Ocean?<br />Dolphins and sharks are two of the most fascinating and powerful creatures in the ocean, but their abilities are very different. In this episode, we explore what happens when these marine predators cross paths.<br />We’ll compare their intelligence, speed, hunting strategies, strength, senses, and social behavior. Are dolphins really capable of defeating sharks? Do sharks actually fear dolphins? And what makes each animal such a successful survivor in the ocean?<br />Join us as we dive beneath the surface and uncover the truth behind one of the ocean’s most fascinating rivalries: Dolphins vs Sharks.<br />",Spreaker,en,https://d3wo5wojvuv7l.cloudfront.net/images.spreaker.com/nuvolari-assets/black_square_mic.jpg,2026-10-05 10:11:04,8059797,confirmed,https://www.spreaker.com/podcast/dolphin-vs-shark--7436382,1791195064,cfe97e74310d5a3b0878d191c61e2966,,4,0,INDIVIDUAL
The Nail Tech Podiatrist,Michele MCGOWAN,https://feeds.captivate.fm/the-nail-tech-podiatrist/,Trying to build a bridge to meaningful collaboration between Nail Techs and Podiatrists,Captivate,en,https://artwork.captivate.fm/a6a8d649-1654-4009-ab3f-6f12872ea2f9/Nail-Tech-Podiatrist-Apple-Podcasts-1400x1400.jpg,2026-10-05 10:08:32,8059794,confirmed,https://the-nail-tech-podiatrist.captivate.fm,1791194912,38d532d63244d7e3cc0fec863ad22267,,4,0,INDIVIDUAL
The Foundations of Chassidus with Rav Shlomo Katz,Rav Shlomo Katz,https://feeds.transistor.fm/the-foundations-of-chassidus-with-rav-shlomo-katz,"A new learning series with Rav Shlomo Katz on the sefer יין ישן by Rav Nissan.

Rav Shlomo returns to the inner foundations of Jewish life through a sefer that brings the world of Chassidus into clear, living language.

These shiurim are about the basics in the deepest sense: Emunah, closeness to Hashem, the Jewish soul, and the foundations that help a person live with more depth, simplicity, and truth.",Transistor,en,https://img.transistorcdn.com/kQCS-1NIFe-rCkdNbcnXfT504Pad-1ALZ58cpQe5WV4/rs:fill:0:0:1/w:1400/h:1400/q:60/mb:500000/aHR0cHM6Ly9pbWct/dXBsb2FkLXByb2R1/Y3Rpb24udHJhbnNp/c3Rvci5mbS8yZmU1/NTZlZTA3NjRhMTVl/MzI1N2Y1ZWU3ZDY5/NDdhOC5wbmc.jpg,2026-10-05 10:07:56,8059793,confirmed,,1791194876,b4ed897ca32ba880f4afb64fe9d981d1,,0,0,INDIVIDUAL
The Digital Shepherd,6:14 Ministries,https://rss.buzzsprout.com/2652626.rss,"<p>The Digital Shepherd is a podcast from 6:14 Ministries designed to help small and midsize churches communicate with greater clarity, creativity, and confidence.</p><p><br></p><p>Hosted by Josh Givens and graphic designer Jon Carlson, each episode brings practical, approachable conversations about graphic design, Canva, social media, church branding, websites, photography, presentation slides, AI, digital ministry, and the ever-changing world of church communications.</p><p><br></p><p>This show is especially for the pastor who wears six different hats, the church secretary who somehow became the social media manager, and the volunteer who was handed Canva and told, “Can you make something for Sunday?”</p><p><br></p><p>You don’t need a communications degree, a large staff, or a megachurch budget to communicate well. You just need a few good principles, the right tools, and the confidence to take the next step.</p><p><br></p><p>At The Digital Shepherd, we believe design isn’t just decoration, it’s communication. Clarity is an act of service. And faithful ministry deserves faithful communication.</p><p><br></p><p>Each episode combines practical training, real-world church application, a biblical perspective on communication and stewardship, and simple action steps you can put to work right away.</p><p><br></p><p>Because you don’t have to become a professional designer overnight. You just need to make the next thing better than the last one.</p><p><br></p><p>The Digital Shepherd is a podcast from 6:14 Ministries.</p>",Buzzsprout,en-us,https://storage.buzzsprout.com/xljeu3fcay744z0cx4z57m7kddix?.jpg,2026-10-05 10:05:36,8059791,confirmed,https://thedigitalshepherd.buzzsprout.com,1791194736,aabf5e0843b65341fc0b3080d35141dc,,4,0,CORPORATE
Truth in Motion with Dr. Jocelyn,Dr. Jocelyn Michel D.Ac-CHM,https://rss.buzzsprout.com/2652237.rss,"<p>Truth in Motion exists to help people like you reveal what's been hidden, revive true life, and restore the original design. The truth in healing — for the whole person. Dr. Jocelyn Michel, Doctor of Acupuncture and insight coach, explores what actually makes us well: body, soul and spirit. Not fragments, not symptom-chasing — the whole person, in motion. A fellow traveler — with tools, a map, and a sense of direction — still learning and growing right alongside you.  Learn more at www.healingpathacupuncture.info. Dr. Jocelyn Michel is a licensed acupuncturist in the state of Wisconsin. This podcast is for educational and informational purposes only and is not medical advice.  It does not create a patient-practitioner relationship. Please consult a qualified healthcare provider for your individual needs. </p>",Buzzsprout,en-us,https://storage.buzzsprout.com/apgf776nm2q99bya4kxwqt0wqvvy?.jpg,2026-10-05 10:05:36,8059790,confirmed,https://truthinmotionwithdrjocelyn.buzzsprout.com,1791194736,68cd24e031dd1734b63607333ca989f2,,4,0,INDIVIDUAL
Hold the Pattern,Hold the Pattern,https://anchor.fm/s/117fe8914/podcast/rss,"A New Podcast. Each week, Dr. Jack Graham and Jeremiah Johnston, PhD, sit down with an engaging guest to talk through the ideas, questions, and cultural moments shaping faith today — grounded, thoughtful, and unafraid of hard questions.",Anchor,en,https://d3t3ozftmdmh3i.cloudfront.net/staging/podcast_uploaded_nologo/46875245/46875245-1790884829381-562b5f95921d5.jpg,2026-10-05 10:01:46,8059788,confirmed,https://podcasters.spotify.com/pod/show/hold-the-pattern4,1791194506,cf56f2791d1c9edffa442b371c029378,6789604075.0,2,0,INDIVIDUAL
Courtroom Chronicles,Naveen Koti,https://anchor.fm/s/1180f6a90/podcast/rss,"Courtroom Chronicles brings true Indian legal battles to life through story, evidence, strategy, and the art of advocacy.
From criminal trials and constitutional battles to corporate disputes, arbitration, technology, intellectual property, and negotiations, each episode follows the people, evidence, decisions, courtroom strategies, and turning points behind real cases.
You don't need to be a lawyer to follow the story. The law is explained naturally as the case unfolds.
CASE → CHOICE → EVIDENCE → TWIST → VERDICT → LESSON
Listen to the case. Question the evidence. Understand the strategy.",Anchor,en,https://d3t3ozftmdmh3i.cloudfront.net/staging/podcast_uploaded_nologo/46886308/46886308-1791035394274-c5a2d0f8eb482.jpg,2026-10-05 10:00:38,8059786,confirmed,https://podcasters.spotify.com/pod/show/naveen-koti5,1791194438,ce73b4374f01378819fb94882bbd83f9,6818802315.0,2,0,INDIVIDUAL
The AHA Moment,AHA Rising,https://anchor.fm/s/118196284/podcast/rss,"Speech, OT, PT & myofunctional therapy — for parents",Anchor,en,https://d3t3ozftmdmh3i.cloudfront.net/staging/podcast_uploaded_nologo/46892841/46892841-1791127784198-0a25b880b2f85.jpg,2026-10-05 09:58:15,8059782,confirmed,https://podcasters.spotify.com/pod/show/the-aha-moment9,1791194295,004987a972c1594105f5333b0b734512,6819040864.0,2,0,INDIVIDUAL
VIRALL's HOUSE,VIRALL,https://rss.buzzsprout.com/2655702.rss,"<p>A Nigerian DJ based in Moscow, telling his story through Music.</p>",Buzzsprout,en-us,https://storage.buzzsprout.com/fjbv2gm05ivoc93h79wsn0f2d636?.jpg,2026-10-05 09:56:04,8059780,confirmed,,1791194164,9ddf7233ae15562064884ba135264258,,0,0,INDIVIDUAL
The Learning Advantage Show,Louise Santos,https://feed.podbean.com/romzanali7808/feed.xml,"<p>The Learning Advantage Show is a podcast about learning, education, personal development, career growth, and practical skills. Discover useful ideas, expert insights, smart strategies, and real-world lessons to improve your knowledge and build confidence. Each episode explores ways to learn effectively, develop valuable skills, achieve personal and professional growth, and create new opportunities in life and work. Tune in and turn learning into your advantage.</p>",Podbean,en,https://pbcdn1.podbean.com/imglogo/image-logo/22665555/Untitled_design63mn1.jpg,2026-10-05 09:51:04,8059776,confirmed,https://romzanali7808.podbean.com,1791193864,d891fa93f32466f1d900de5cd31f7d02,6818784890.0,2,0,INDIVIDUAL
Digital Nomad Family Podcast,Marissa Dingler,https://rss.libsyn.com/shows/414650/destinations/3440822.xml,"My name is Marissa and I am the Digital Nomad Family Podcast host.
We are a family of 6 that decided to become digital nomads. I created this podcast to share our family travel stories, nomad lifestyle advice, and practical tips for other families who want to live an independent life while traveling the world.",Libsyn,en-us,https://static.libsyn.com/p/assets/a/4/4/f/a44f0466a0b9e04b5f2e77a3093c12a1/Untitled_design2.jpg,2026-10-05 09:36:06,8059764,confirmed,https://familyofdashes.com/,1791192966,3f6de3dbafd56906844a999468ec7be8,1625022527.0,2,0,INDIVIDUAL
Accredited,Tom Haskell,https://feeds.captivate.fm/accredited/,"Accreditation is the currency of healthcare. It stands for trust and accountability. But with bullying, discrimination, and harassment so widespread, and with known adverse consequences for staff wellbeing and patient safety – what is truly being accredited?
Tom Haskell speaks with people inside and outside healthcare about how systems shape workplace culture, and what healthcare can learn from other industries to build safer, more respectful workplaces.",Captivate,en,https://artwork.captivate.fm/616dc358-1999-46e5-b810-7d421dfab0c3/Accredited-cover-3000.jpg,2026-10-05 09:35:38,8059763,confirmed,https://accredited.captivate.fm,1791192938,9235b63f10e6636949c239e07551fcbd,,4,0,INDIVIDUAL
A Place to Belong: Life at an International School Told Through the Eyes of It's Students,Ebba Landemalm-Buchanan and Estrid Bjarby,https://rss.buzzsprout.com/2653983.rss,"<p>This podcast is hosted by two international students, Estrid Bjarby and Ebba Landemalm-Buchanan. They created this podcast to showcase what they've learned through the International Baccalaureate Curriculum at Mälardalen International School Västerås with the intention to share their personal experiences with other students and parents who might be considering international schools. </p>",Buzzsprout,en-us,https://storage.buzzsprout.com/heglketiup256b353z5z31wbdddu?.jpg,2026-10-05 09:18:57,8059756,confirmed,,1791191937,a0d5e95fb2522376b97d97aad72c08bf,,0,0,CORPORATE
המספרים מאחורי הכסף עם אביתר פינטו,"אביתר פינטו – מנכ""ל החממה ליועץ",https://feeds.transistor.fm/43f957aa-d496-42a0-a2d3-b9264a0dde1b,"""המספרים מאחורי הכסף"" הוא הפודקאסט שמכניס אתכם אל מאחורי הקלעים של עולם המשכנתאות, הבנקאות, המימון והנדל""ן בישראל.

אביתר פינטו, מנכ""ל החממה ליועץ ומנהל קהילה של אלפי יועצי משכנתאות, מארח בכל פרק בכירים מהמערכת הבנקאית, מנהלים מגופי המימון ואנשי מקצוע מובילים לשיחות פתוחות על הכסף שמניע את השוק.

נדבר על משכנתאות, אשראי ומימון, ריביות, נדל""ן, עסקים, יזמות והמגמות שמשפיעות על הכיס של כולנו – וננסה להבין לא רק את המספרים, אלא בעיקר מה עומד מאחוריהם.",Transistor,en,https://img.transistorcdn.com/mYTshTERlVf64b-73B4tSqDdbv8hscZWAss7SuQj-PU/rs:fill:0:0:1/w:1400/h:1400/q:60/mb:500000/aHR0cHM6Ly9pbWct/dXBsb2FkLXByb2R1/Y3Rpb24udHJhbnNp/c3Rvci5mbS9kMWUw/NGNhMmNlMWIzYzEx/ZWRiMWM1MzhjODA2/NjJmYy5wbmc.jpg,2026-10-05 09:04:35,8059750,confirmed,,1791191075,6e13e1ea33c1d3724d3c6082bccd25a3,,4,0,INDIVIDUAL
Harvard Innovation Labs: Startups & Entrepreneurship,Harvard Innovation Labs,https://feeds.megaphone.fm/harvard-innovation-labs-startups-entrepreneurship,"<p>We're an ecosystem that supports Harvard students and select alumni in their quest to explore the world of game-changing innovation and entrepreneurship. Since our founding in 2011, we’ve helped 5,000+ founders from all 13 Harvard schools create global, lasting change.<br><br>Links:<br>Website: <a href=""https://innovationlabs.harvard.edu/"">https://innovationlabs.harvard.edu/</a><br>Instagram: <a href=""https://instagram.com/harvardinnovationlabs"">https://instagram.com/harvardinnovationlabs</a><br>LinkedIn: <a href=""https://www.linkedin.com/school/harvard-innovation-labs/"">https://www.linkedin.com/school/harvard-innovation-labs/</a><br>Twitter: <a href=""https://twitter.com/innovationlab"">https://twitter.com/innovationlab</a><br>Facebook: <a href=""http://facebook.com/harvardinnovationlab"">http://facebook.com/harvardinnovationlab</a></p>",Megaphone,en,"https://megaphone.imgix.net/podcasts/70ef45ea-bc47-11f1-9b3c-afbcf8efd9ee/image/77c21e77f175b657ca2f922b9e168cc6.jpg?ixlib=rails-4.3.1&max-w=3000&max-h=3000&fit=crop&auto=format,compress",2026-10-05 08:54:54,8059745,confirmed,https://www.youtube.com/@Harvardilab,1791190494,fc49421f55d56413bbea88a06ff7d8bf,6818345532.0,2,0,CORPORATE
"Code, Cells and the Golden State",Metric Bio,https://rss.buzzsprout.com/2458785.rss,"This is Code, Cells and the Golden State, a brand new podcast from Nick Mahoney focussing on innovation in California within Digital Health, Biotech and MedTech.
Each episode will feature a prominent leader in the space, discussing ground-breaking innovations and some of the most cutting-edge solutions currently coming out of the Golden State.",Buzzsprout,en,https://artwork.captivate.fm/554447b3-8f3f-40dd-a142-61bd7e7f1cd3/hmfesslivi6j1enfol3ax4jwgvej.jpg,2026-10-05 08:51:31,8059741,confirmed,https://code-cells-and-the.captivate.fm,1791190291,a5818179096f31a10149bd3540fd0362,,4,0,INDIVIDUAL
"ONE on ONE, a Realty ONE Group Podcast",Realty ONE Group,https://rss.buzzsprout.com/1997329.rss,"<p>A casual conversation about the real estate industry, market trends, education, and the Realty ONE Group brand. Featuring some exciting guests, this is ONE podcast you won't want to miss!</p>",Buzzsprout,en,https://hosting-media.riverside.com/media/imports/podcasts/a12e14bf-f247-462c-b264-d77f2bfa47c4/u98p3ge03kbxmaygc09wuy8yx2cg.jpg,2026-10-05 08:51:06,8059740,confirmed,https://www.realtyonegroup.com/,1791190266,675b4ff2d74f21b65a124b2649dc57b4,,4,0,CORPORATE
The Courageous Journey,Paula Walters,https://feeds.libsyn.com/626495/rss,"Welcome to The Courageous Journey with Paula Walters.I'm a speaker, consultant, paramedic, and trauma-informed educator passionate about helping people understand how trauma impacts the brain, nervous system, and body—and why that understanding changes everything.After surviving childhood abuse, domestic violence, a near-fatal strangulation, and traumatic brain injury, I spent years searching for answers. It wasn't until I began asking, ""What happened to me?"" instead of ""What's wrong with me?"" that my healing truly began.Each week, we'll explore the science of trauma, brain health, nervous system regulation, healing, and resilience through honest conversations, practical education, and real-life experiences.Whether you're a survivor searching for answers, a healthcare professional, first responder, advocate, educator, caregiver, or simply someone wanting to better understand trauma, this podcast will challenge your perspective, expand your understanding, and remind you that healing is possible.Together, we'll bridge neuroscience, lived experience, and hope—because when we understand trauma, we understand people.Brain-Aware. Trauma-Informed. Survivor-Centered.Disclaimer:The information shared on this podcast is for educational and informational purposes only and should not be considered medical, mental health, or legal advice.While I draw from my professional experience as a paramedic and my personal journey through trauma and recovery, this podcast does not replace care from qualified healthcare or mental health professionals.Every healing journey is unique. Please consult an appropriate licensed professional regarding your individual health, medical, or mental health needs.",Libsyn,en-us,https://static.libsyn.com/p/assets/8/0/8/9/80895c88807ecf0a16c3140a3186d450/3xfaumdgrs8rsqzwhacyijxd4xok.jpg,2026-10-05 08:49:59,8059739,confirmed,https://thecourageoussurvivor.com/,1791190199,c7f541fddbcd789a033df18b0352d3ee,1874643071.0,4,0,INDIVIDUAL
Talking of Elephants - Some conversations change everything,Elephants in Rooms - Trudie and Martin,https://rss.buzzsprout.com/2405573.rss,"Some conversations change everything.
Talking of Elephants, from Trudie and Martin at Elephants in Rooms, explores grief, loss, neurodivergence and the things we don’t talk about nearly enough.
Previously Grief in the Room, our podcast archive remains available here. Find new videos and writing on YouTube and Substack under Talking of Elephants.
elephantsinrooms.co.uk
talkingofelephants.substack.com",Buzzsprout,en,https://d3t3ozftmdmh3i.cloudfront.net/staging/podcast_uploaded_nologo/46871723/46871723-1790934730174-3e38c8260810f.jpg,2026-10-05 08:49:57,8059738,confirmed,http://Griefintheroom.co.uk,1791190197,8bf5e1fb1d0b199194e2b21ae6d5306a,,4,0,CORPORATE
The Love Letters of My Chapbook,Rem Jaen Dadivas Krafft,https://anchor.fm/s/117f81778/podcast/rss,"The Love Letters of My Chapbook is a poetic chapbook by Rem Jaen D. Krafft's personal experience and creative expression. It incorporates themes of longing, devotion, bittersweetness, and transition from high school life to collegiate ambition. Through poetry, it blends quiet vulnerability with landscape imagery and metaphorical symbols that resemble hardship, incorporating themes of limerence and social struggle.",Anchor,en,https://d3t3ozftmdmh3i.cloudfront.net/staging/podcast_uploaded_nologo/46871022/46871022-1790839443943-769294b6e684d.jpg,2026-10-05 08:46:43,8059736,confirmed,https://podcasters.spotify.com/pod/show/lovelettersofmychapbook,1791190003,b5166a395a13b7880c8d49bcde3e3627,6818836291.0,2,0,INDIVIDUAL
Health & Beauty,healthandbeautybyfarshahoque,https://feed.podbean.com/healthandbeautybyfarshahoque/feed.xml,"<p><span>Welcome to our Health & Beauty podcast, where we discuss health, wellness, beauty, self-care, and healthy living. Join us for helpful information, practical tips, and inspiring conversations designed to support a healthier and more confident lifestyle.</span></p>",Podbean,en,https://pbcdn1.podbean.com/imglogo/image-logo/22663873/Adobe_Express_-_file_1_9c695.png,2026-10-05 08:43:36,8059735,confirmed,https://healthandbeautybyfarshahoque.podbean.com,1791189816,71b5be83c62891f7eab0c848e34a04ac,6818274487.0,2,0,CORPORATE
Як купувати прикраси та натуральні камені онлайн? Огляд FromStones 💎✨,Марта Петрушенко,https://feeds.redcircle.com/788ec033-e8b2-4c15-814a-d345320affe7,"Як відрізнити натуральний мінерал від підробки та знайти свій ідеальний талісман без зайвого клопоту? У цьому короткому випуску подкасту «Шопінг в один клік» ми розберемо роботу популярного українського інтернет-магазину *FromStones*.
Ви дізнаєтеся, як влаштований сайт fromstones, як користуватися його розумними фільтрами та замовляти авторську біжутерію всього за кілька хвилин.
*У цьому випуску:*
🌟 *Зручний інтерфейс:* чому каталог сайту зрозумілий кожному.
🔮 *Секрети підбору:* як знайти мінерали за знаком зодіаку, властивостями, чакрами чи стихіями.
📸 *Чесні покупки:* чому реальні фото товарів та детальні описи гарантують якість.
📦 *Сервіс та доставка:* умови замовлення, надійне пакування крихких виробів та швидка відправка по Україні (Нова Пошта, Укрпошта).
Слухайте підкаст, обирайте прикраси для душі, стилю чи на подарунок і діліться своїм досвідом у коментарях!
🔗 *Корисні посилання:*
Офіційний сайт магазину: fromstones.com ( https://fromstones.com/ )
🔔 Підписуйтесь на наш подкаст, щоб не пропустити нові огляди крутих онлайн-сервісів!",Spotify for Podcasters,en-US,https://media.redcircle.com/images/2026/10/5/8/4781eca2-9fcd-4ea7-af62-b3a51cdd5b94_1111.jpg,2026-10-05 08:41:35,8059726,confirmed,https://redcircle.com/shows/fromstones,1791189695,2730caa933b70a5c3a5ba26baa7b1db1,,4,0,INDIVIDUAL
The way Forward,Martin,https://www.spreaker.com/show/7436216/episodes/feed,"Welcome to the only way forward, am Johnson markison and am here to inspire you to pursuing your dreams and living your best life in life and overcoming challenges of life ",Spreaker,en,https://d3wo5wojvuv7l.cloudfront.net/images.spreaker.com/nuvolari-assets/green_square_mic.jpg,2026-10-05 08:39:25,8059724,confirmed,https://www.spreaker.com/podcast/the-way-forward--7436216,1791189565,8bed310e9809dccf809d8e115715f150,,4,0,INDIVIDUAL
התפקחות אישית עם בר אלון,Bar Alon,https://feed.podbean.com/HitpakhutEishit/feed.xml,"<p><strong>ברוכים הבאים למרחב שבו אנחנו לוקחים את המשברים של החיים והופכים אותם למגבר.</strong></p>
<p>הפודקאסט הזה נולד בדיוק בשביל הרגעים שבהם המסכות יורדות והאשליות מתנפצות. זה המקום שבו אנחנו לא בורחים מהקושי או מהאתגרים אלא לומדים להסתכל להם בעיניים לפרק אותם ולהשתמש בהם כמנוף לצמיחה חסרת תקדים</p>
<p>כאן אנחנו מדברים על החיים עצמם בלי קלישאות ובלי תירוצים כדי לבנות מציאות חזקה ומדויקת יותר.</p>
<p>בכל פרק נקלף יחד את רעשי הרקע שמפריעים לנו להתקדם. נדבר פתוח על ההתמודדות עם הפחדים ונלמד איך לתרגם את העבודה הפנימית שלנו לפעולות פרקטיות בשטח לעשייה החלטית ולניהול נכון של עצמנו. כל זה כדי לקחת את המקומות שפעם תקעו אותנו ולהפוך אותם לדלק של ההתקדמות שלנו.</p>
<p>אם אתם מוכנים להפסיק להתפשר ורוצים לצמוח בזכות המשברים ולא למרות קיומם אתם בדיוק במקום הנכון.</p>
<p>אני מזמין אתכם להצטרף אליי למסע של התפקחות ולגלות איך כל התרסקות יכולה להפוך למקפצה.</p>
<p>האזינו עכשיו ובואו נתחיל.</p>",Podbean,en,https://pbcdn1.podbean.com/imglogo/image-logo/22150698/a5re3.jpg,2026-10-05 08:31:25,8059718,confirmed,https://HitpakhutEishit.podbean.com,1791189085,eadb813e0c7a2ec303110810e413c915,6787754417.0,2,0,INDIVIDUAL
Laugh Break USA,Hélio Caetano,https://www.spreaker.com/show/7436150/episodes/feed,"Welcome to Laugh Break USA, the podcast where everyday life turns into comedy! 😂 From dating disasters and crazy work stories to friendships, family drama, social media, and the funniest moments of everyday life, we bring you relatable stories and nonstop laughs.<br /><br /> 🎙️ Funny stories. Real situations. Good vibes. Laugh Break USA — Your daily dose of laughs!",Spreaker,en,https://d3wo5wojvuv7l.cloudfront.net/t_rss_itunes_square_1400/images.spreaker.com/original/e40775c86c3d2fb9acab4478c86fa549.jpg,2026-10-05 08:24:41,8059715,confirmed,https://www.spreaker.com/podcast/laugh-break-usa--7436150,1791188681,c392953e39cdde2fc30c13ea1fcfeb02,,4,0,INDIVIDUAL
Helping Men Thrive,theLifeGuardsShow.com,https://rss.libsyn.com/shows/447300/destinations/3749418.xml,"Have you made mistakes in life?
So have we!  We're Ryan and Jason.  We help men be better husbands and fathers. Thanks for checking us out!   We're just 2 regular guys.  We've made mistakes.  We've learned from them.  We know others who have made mistakes.  We learn from them too.  Come learn with us about marriage, business, relationships & more...
https://wwwwehelpmen.com
Follow us https://www.facebook.com/thelifeguard...
Produced by Cerci Creative
Sponsored by: 
Hort Mentor https://www.hortmentor.com 
Fiction for Boys: Riders of the Lost Reptiles - https://reptileriders.com
Hey Dads! https://www.heydads.ca
#business #career #family #dad #mom #marriage #wife #husband #spouse #parents #kids #relationships  #sales #career #fail #stressrelief",Libsyn,en-us,https://static.libsyn.com/p/assets/c/b/c/d/cbcd2a539277357888c4a68c3ddbc4f2/podcast_cover.jpg,2026-10-05 08:12:39,8059710,confirmed,https://sites.libsyn.com/447300,1791187959,d7e850d25dd3b9cd2a3ce535e050bbcb,1659524679.0,2,0,INDIVIDUAL
The WTM Conversations,WTM Media,https://rss.buzzsprout.com/2655685.rss,"The WTM Conversations explores the people, ideas and systems shaping our world—and what they mean for the future we are creating together.
Hosted by Kelly Dowd, MBA, MA, Editor-in-Chief of WTM Media, each long-form conversation moves beyond headlines and soundbites to examine leadership, culture, technology, design, business, geopolitics, science, sustainability, identity and human potential.
Through conversations with thinkers, builders, leaders, artists and innovators, we ask a deceptively simple question: Why do these things matter?
Ideas. Leadership. Perspectives that last.
A WTM Media original.",Buzzsprout,en-us,https://storage.buzzsprout.com/f5whad3oj9qpdvgzk59vcali4for?.jpg,2026-10-05 08:09:49,8059707,confirmed,https://podcasters.spotify.com/pod/show/thewtmconversations,1791187789,9bf2d5a8e8a47ef878057b6df04bc8f2,,4,0,CORPORATE
Godfrey Ilonzo,Godfrey Ilonzo,https://www.spreaker.com/show/7435985/episodes/feed,"<b>Godfrey Ilonzo’s professional background began with training as a medical doctor, while his current interests have expanded into finance, stock market activity, and real estate investing. He continues to pursue medical education, reflecting a commitment to remaining knowledgeable even as his professional focus develops in new directions.</b>",Spreaker,en,https://d3wo5wojvuv7l.cloudfront.net/t_rss_itunes_square_1400/images.spreaker.com/original/c1fb667ab40b58ffe00007c117bd65f2.jpg,2026-10-05 07:41:47,8059689,confirmed,https://www.spreaker.com/podcast/godfrey-ilonzo--7435985,1791186107,5d63b2a6dd8880c06ea8346630ace667,,4,0,INDIVIDUAL
The Overview,The Overview,https://feeds.acast.com/public/shows/6ac34f0f5558f9dbe252dd30,<strong>The Overview</strong> breaks down the most important topics in a simple way. We summarize the key points and take a critical look at what really matters.<hr><p style='color:grey; font-size:0.75em;'> Hosted on Acast. See <a style='color:grey;' target='_blank' rel='noopener noreferrer' href='https://acast.com/privacy'>acast.com/privacy</a> for more information.</p>,Acast,en,https://assets.pippa.io/users/69830a471fbf2cf837e9188e/pre-show-covers/1791184513121-539c5d9d-e0b2-41f8-8ae0-e5e2fd8bae59.jpeg,2026-10-05 07:40:16,8059688,confirmed,https://feeds.acast.com/public/shows/the-overview,1791186016,22d21c76e06e7822808f5f8b469f32d8,,0,0,CORPORATE
The Calm and The Chaos,Amanda Campbell,https://anchor.fm/s/e8f43074/podcast/rss,"Welcome to The Calm & The Chaos Podcast—where real life, behavior, and education collide.
Hosted by educator and behavior specialist Amanda Rebecca, this podcast is a safe and honest space for parents, teachers, behavior analysts, and anyone supporting children with unique needs.
Powered by Oasis Learning, our mission is simple:
👉 To change the narrative for children with unique needs and the people who support them.
If you’re looking for support, understanding, and real strategies you can actually use—this is your space.
Take a breath.
You’re not alone.",Anchor,en-us,https://d3t3ozftmdmh3i.cloudfront.net/staging/podcast_uploaded_nologo/38983173/38983173-1775272543618-ba01c5d539c41.jpg,2026-10-05 07:36:20,8059686,confirmed,https://podcasters.spotify.com/pod/show/amanda-campbell6,1791185780,8b1d5633377df0609501037726144420,1896202627.0,2,0,CORPORATE
Dead Frequency Midnight,Shadow Night,https://rss.buzzsprout.com/2655680.rss," Dead Frequnecy Midnight is your late-night escape into terrifying tales that feel so real... they’ll haunt your dreams.From true crime-inspired fiction to supernatural chills, each episode is designed to make you look over your shoulder.🎧 New episodes Weekly 2-3 times uplaods, Available on Spotify, Apple Podcasts, and everywhere you listen.Follow now... before it's too late.RSSVERIFY",Buzzsprout,en,https://storage.buzzsprout.com/3dtx5ycr8sii36tzlod7zluhitmc?.jpg,2026-10-05 07:31:33,8059679,confirmed,https://www.spreaker.com/podcast/night-time-horror-stories--6689525,1791185493,ecf92817efcdd07923e6447a29ec26e5,,4,0,INDIVIDUAL
Accelerating Innovation In Secure Environments,Exponential-e,https://anchor.fm/s/114e7deec/podcast/rss,"Accelerating Innovation In Secure Environments explores how defence, government, and critical industries can embrace emerging technologies, rethink traditional approaches, and accelerate innovation in high-risk environments. Featuring expert insights on AI, digital transformation, procurement, and modern warfare, the series examines how organisations can adapt faster and deliver mission-critical outcomes.",Anchor,en,https://d3t3ozftmdmh3i.cloudfront.net/staging/podcast_uploaded_nologo/46357075/46357075-1784028364650-1a7215c6399a6.jpg,2026-10-05 07:31:22,8059678,confirmed,https://podcasters.spotify.com/pod/show/exponential-e2,1791185482,013839e09b4e6fa5fe295172053490b1,6802708640.0,2,0,INDIVIDUAL
Wild Us,Wild Us,https://www.spreaker.com/show/7435887/episodes/feed,"Welcome to Wild Us! This channel brings you authentic footage and images of wild animals in their natural habitats. We capture their true behaviors – how they hunt, survive, raise their young, and adapt to the environment. All videos are based on real-life nature footage, with no staging, helping you discover the fascinating world of wildlife. We also share simple, accessible scientific facts to raise awareness about protecting wild animals and their ecosystems. Wild Us aims to give you the most genuine and close-up look at wild animals, while inspiring a deeper love for nature and the environment. Subscribe now and join us in exploring the untouched beauty of our planet!",Spreaker,en,https://d3wo5wojvuv7l.cloudfront.net/t_rss_itunes_square_1400/images.spreaker.com/original/e3c5c8895ed92a1ee7378118bba040d8.jpg,2026-10-05 07:30:12,8059676,confirmed,https://www.spreaker.com/podcast/wild-us--7435887,1791185412,937712603d702a796dd4f5cd6f1fc1e4,,4,0,INDIVIDUAL
Cigar Sports Talk,The Good Five Cent Cigar,https://anchor.fm/s/10a31c8b4/podcast/rss,"Cigar Sports Talk has arrived, bringing the biggest sports stories around campus together in the first official sports podcast under The Good Five Cent Cigar. Join Sports Editor Charlie Adams and Sports Staff Reporter Abby LePage each week with the latest news.",Anchor,en,https://d3t3ozftmdmh3i.cloudfront.net/staging/podcast_uploaded_nologo/44560021/44560021-1789063167272-15926beae999d.jpg,2026-10-05 07:29:55,8059674,confirmed,http://rhodycigar.com,1791185395,aef2fd385bdd17e5289281004569b780,6810793662.0,2,0,CORPORATE
Voices of Conservation,Kaua'i Forest Bird Recovery Project and Story For All,https://anchor.fm/s/117ffecf0/podcast/rss,"Voices of Conservation is an oral history and interview series preserving the stories, knowledge, and experiences of people who have dedicated their lives to Kauaʻi’s native species, forests, and communities.
Through conversations with kūpuna and longtime researchers, conservation practitioners, cultural practitioners, artists, and community members, the series explores how Kauaʻi’s environment has changed over time, what has been lost, what we have learned, and what gives us hope for the future.
The voices of longtime conservationists provide a remarkable firsthand record of Kauaʻi’s changi",Anchor,en,https://d3t3ozftmdmh3i.cloudfront.net/staging/podcast_uploaded_nologo/46876156/46876156-1790894942641-ebebdb1a6068a.jpg,2026-10-05 07:27:36,8059672,confirmed,https://podcasters.spotify.com/pod/show/julia-diegmann9,1791185256,ca261ece53979f3dcf21ce2f82f55c8b,6818348432.0,2,0,CORPORATE
Soul Files - Investigating The End,Soul Files,https://anchor.fm/s/116ea9810/podcast/rss,"Soul Files explores the leading edge of the end - what science is discovering about death, consciousness and the mystery of what happens when we die. From near-death experiences and deathbed visions to the dying brain, grief, memory and the nature of the self, each episode investigates the evidence behind humanity’s biggest unanswered question.",Anchor,en,https://d3t3ozftmdmh3i.cloudfront.net/staging/podcast_uploaded_nologo/46694404/46694404-1788652639585-806d4b5f3b06d.jpg,2026-10-05 07:25:31,8059670,confirmed,https://soulfilestv.com,1791185131,71749d226044bf88f290cb551df0064e,6817349907.0,2,0,INDIVIDUAL
RAMmageddon – DigitalWasteland,Jens Klasen,https://anchor.fm/s/1180341ac/podcast/rss,"Jens Klasen on the upheaval in enterprise IT. Memory is scarce, servers keep getting pricier, and hypervisor, Kubernetes and cloud decisions are all up for grabs. Season one, ""Rewind"", starts with Jens's latest briefing and travels back to RAMmageddon Part 1. Hosted by Matilda. Voices are AI-generated: Jens's voice is a clone of his own, the ideas and analysis are his. Jens works at Everpure (Portworx); any connection to his employer is disclosed. Original briefings at klasen.ai.",Anchor,en,https://d3t3ozftmdmh3i.cloudfront.net/staging/podcast_uploaded_nologo/46878339/46878339-1790932740978-fab5908ffe34c.jpg,2026-10-05 07:20:02,8059664,confirmed,https://podcasters.spotify.com/pod/show/jens-klasen,1791184802,43afc5364f892d111c779c96275a9ea0,6818447410.0,2,0,INDIVIDUAL
Algorithm Hitz,Justin James,https://anchor.fm/s/1180b6030/podcast/rss,"Algorithm Hitz is a surreal comedy and music series featuring fictional bands, original songs, spoof adverts and the decidedly unreliable K69 News.
Created by Australian composer and musician Justin James, each episode combines musical storytelling, absurd humour and satire in a world of eccentric characters and questionable headlines. The bands may be fictional, but the original music is real.
Part of the Ordinary Human Musician creative universe. Follow the show to catch new episodes.",Anchor,en-au,https://d3t3ozftmdmh3i.cloudfront.net/staging/podcast_uploaded_nologo/46883660/46883660-1790991590958-4a48679897b85.jpg,2026-10-05 07:16:20,8059659,confirmed,https://www.ordinaryhumanmusician.com/algorithm-hitz,1791184580,dfa3beeed913bcf91a536a54eac84222,6818754727.0,2,0,INDIVIDUAL
Disruptive Behaviour,Disruptive Behaviour,https://anchor.fm/s/118021e44/podcast/rss,"Two industry operators, plenty of opinions, questionable decisions and a few stories that probably should have stayed off the record.
No scripts. No experts. No corporate jargon. Just disruptive behaviour.
Hosted by Julien Moussi & Cory Slater.",Anchor,en,https://d3t3ozftmdmh3i.cloudfront.net/staging/podcast_uploaded_nologo/46877593/46877593-1790920172255-bd22f57bb6886.jpg,2026-10-05 07:13:47,8059657,confirmed,https://podcasters.spotify.com/pod/show/disruptive-behaviour7,1791184427,370f879a65c76c481d0de3e403fcc8d7,6818437310.0,2,0,INDIVIDUAL
"Win the Morning, Win the Day.",Hall's Taekwondo,https://rss.buzzsprout.com/1418935.rss,"Hey team, start your day off with mindset principles for maximum success. ""Win the morning, win the day!"" ",Buzzsprout,en-au,https://storage.buzzsprout.com/t3gzenu1kgt9017oasit326n5i41?.jpg,2026-10-05 06:51:08,8059648,confirmed,http://hallstaekwondo.com.au,1791183068,f99b662f7cf9fc8bfccc687e949f4299,,4,0,INDIVIDUAL
F.A.C.T. Ministries Podcast,Edward Robinson,https://feeds.libsyn.com/631593/rss,"The F.A.C.T. Ministries Podcast, hosted by Dr. Edward G. Robinson, offers biblical teaching, thoughtful reflection, and practical encouragement for navigating faith, family, relationships, and everyday life. Each episode explores the truth of Scripture with the goal of helping listeners deepen their relationship with God, strengthen their faith, find hope in difficult seasons, and live out Christ-centered principles with greater purpose and confidence. Whether you are seeking spiritual growth, biblical perspective, or encouragement for life's challenges, F.A.C.T. Ministries invites you to become more deeply anchored in God's Word.",Libsyn,en,https://static.libsyn.com/p/assets/b/4/7/e/b47e391b4331910e88c4a68c3ddbc4f2/Faith_and_Navigation_Podcast_Cover2.png,2026-10-05 06:38:55,8059641,confirmed,https://sites.libsyn.com/631593,1791182335,d31e07f2fbc8456472fbd57ddebc4d99,6818016748.0,2,0,INDIVIDUAL
Emotional Support,The Open Door Collective,https://anchor.fm/s/10d841b20/podcast/rss,"In this podcast, we discuss different emotions, mental health topics, and just vibes through the lens of our experiences as therapists, and our personal coping tools, like movies, music, art, books, and basically anything else we can think of.",Anchor,en,https://d3t3ozftmdmh3i.cloudfront.net/staging/podcast_uploaded_nologo/45117288/45117288-1790908464115-1e9efd35cb70a.jpg,2026-10-05 06:35:21,8059636,confirmed,https://podcasters.spotify.com/pod/show/earnest-therapy9,1791182121,d483331049c7a1213482ea2644608aa4,6818583998.0,2,0,CORPORATE
Slate Your Name,The Arrowheart Talent Agency,https://anchor.fm/s/117fb2bc0/podcast/rss,"Slate Your Name is a podcast about the people behind the work.
Actors, directors, casting professionals, writers, producers, filmmakers and voices from across the entertainment industry sit down for conversations that go beyond credits, résumés and red carpets.
We talk about where they came from, the risks they took, the lessons they learned and what life inside the industry actually looks like when the cameras stop rolling.
Because behind every name on a call sheet, credit sequence or casting breakdown is a person with a story.
Slate your name. Then tell us yours.",Anchor,en,https://d3t3ozftmdmh3i.cloudfront.net/staging/podcast_uploaded_nologo/46873040/548e0279a2ed2e20.jpg,2026-10-05 06:34:22,8059635,confirmed,https://podcasters.spotify.com/pod/show/slateyourname6,1791182062,fcb14d708ebc9bfd9f91a75f39e0ebcd,6816128234.0,2,0,CORPORATE
Sister Sessions,Real Food Sisters,https://anchor.fm/s/1178834e4/podcast/rss,"Welcome to Sister Sessions, where we discuss all things health, food & wellness. We are Phoebe & Andie also known as the Real Food Sisters! This podcast is all about spreading awareness, educating and learning about the power of holistic health and real food.",Anchor,en-au,https://d3t3ozftmdmh3i.cloudfront.net/staging/podcast_uploaded_nologo/46797697/46797697-1790566370701-ee47ffe01de95.jpg,2026-10-05 06:30:54,8059624,confirmed,https://podcasters.spotify.com/pod/show/real-food-sisters,1791181854,8412339db166528851377a169b6ff187,,0,0,INDIVIDUAL
Plating Profit,Steven Bonin,https://anchor.fm/s/11333ef50/podcast/rss,"Plating Profit is for independent restaurant, café and food business owners who are busy every night and still not sure where the money went. Every two weeks, chef-turned-bookkeeper Steven Bonin (30+ years in kitchens, founder of Chef+) takes one real kitchen problem to the books: pricing, food and labour costs, cash flow, and building offers worth paying for. Plain talk, real numbers, no jargon. Find your number with the free Cash Flow Cure Diagnosis: app.thechefplus.com/diagnosis",Anchor,en,https://d3t3ozftmdmh3i.cloudfront.net/staging/podcast_uploaded_nologo/46071380/46071380-1790440336339-217234fe5c569.jpg,2026-10-05 06:29:57,8059622,confirmed,https://podcasters.spotify.com/pod/show/platingprofit,1791181797,766612e5c34bd268397e02f63c26e5d5,6816462257.0,2,0,INDIVIDUAL
Where's The Joy In That?,Rend Collective,https://rss.libsyn.com/shows/443628/destinations/3713229.xml,"This is a relentlessly positive podcast about finding the joy in life - especially in the places we least expect it! Join Chris and Gareth from Rend Collective each week as they discuss life, faith, mental health, relationships, work, and everything in between - all with a view to answer one question: namely, ""where's the joy in that?""",Libsyn,en,https://static.libsyn.com/p/assets/9/8/1/1/9811abe1e3d3ed0316c3140a3186d450/wtjit_logo2.jpg,2026-10-05 06:08:04,8059608,confirmed,https://rendcollective.com,1791180484,3831b839aaf8c083efd0c1861c17dded,1572518314.0,2,0,CORPORATE
Ai World,AI World Podcast. com,https://rss.libsyn.com/shows/534612/destinations/4599797.xml,"Welcome to the AI World Fund: Where Innovation Meets Investment
As we prepare for the launch of our AI World Lounge podcast and the upcoming live conferences, we are excited to have you on board. Your expertise and dedication are pivotal to our mission of advancing artificial intelligence in an innovative and ethically sound manner. Your contributions in research, development, and application are integral to achieving this vision.
Thank you for being a part of this exciting journey.",Libsyn,en,https://static.libsyn.com/p/assets/6/9/0/c/690cf0ec2e75573916c3140a3186d450/af4a39e0-f248-4ce5-b81a-a130f15bdea1_1_3_1.jpeg,2026-10-05 06:06:24,8059605,confirmed,https://aiworldjournal.com/,1791180384,71147cc4eb70d72711c894d4518ec1eb,1753142083.0,2,0,INDIVIDUAL
How to PROTECT your PEACE,Brittney,https://anchor.fm/s/117a5f740/podcast/rss,"How to protect your peace, raise your standards, and stay positive when life feels heavy, people feel negative, and you don’t feel like your best self.",Anchor,en-us,https://d3t3ozftmdmh3i.cloudfront.net/staging/podcast_uploaded_nologo/46817200/46817200-1790197454157-ecd84a885537.jpg,2026-10-05 06:04:51,8059604,confirmed,https://podcasters.spotify.com/pod/show/brittney19,1791180291,a03c80aa1f0ea1c2afcbe962b984a221,6816513703.0,2,0,INDIVIDUAL
Croí na Connacht,Global Gainline,https://feeds.megaphone.fm/COMG5171821138,"<p>A Connacht fans podcast, run by Connacht fans who discuss rugby - played by Connacht - pretty simple stuff.</p>",Megaphone,en,"https://megaphone.imgix.net/podcasts/edef4b72-8f4b-11f1-abe6-c34cfb0e5863/image/a98bd6056d781e208b7de0d6e199e086.png?ixlib=rails-4.3.1&max-w=3000&max-h=3000&fit=crop&auto=format,compress",2026-10-05 06:01:11,8059602,confirmed,,1791180071,cf83fbbdcfa57d2dfc9f39b19e41040e,6799759511.0,2,0,INDIVIDUAL
Library of the Untold,Joey Phipps,https://anchor.fm/s/11805a6f4/podcast/rss,"Exploring the Great Mysteries of Science and Self:
-Esoteric Documentaries; showing a ton of pictures and diagrams. 
-Occult Philosophy; comparing Mythology to Modern. 
-Arguably, the show is also funny.",Anchor,en-us,https://d3t3ozftmdmh3i.cloudfront.net/staging/podcast_uploaded_nologo/46879909/46879909-1790952553662-264e6e390d938.jpg,2026-10-05 05:59:26,8059600,confirmed,https://podcasters.spotify.com/pod/show/library-of-the-untold9,1791179966,e230d41712d7d16f68f38afdb2082848,6818574385.0,2,0,INDIVIDUAL
FatJoe,FatJoe Team,https://feeds.redcircle.com/1a90271e-42b9-4637-bced-3bb612934c15,"The FatJoe Team on productized link building for agencies — blogger outreach done at scale, what editorial placements actually look like, and how resellers deliver links without the overhead. FatJoe",Spotify for Podcasters,en,https://media.redcircle.com/images/2026/10/5/6/83a0bfdf-3219-4425-9a8e-aacb688da154_artwork-fatjoe.jpg,2026-10-05 05:57:36,8059597,confirmed,https://redcircle.com/shows/fatjoewho,1791179856,96a638ea302df5e8e27722b0953b7395,,4,0,CORPORATE
Military Money,National Service Financial,https://anchor.fm/s/11303b218/podcast/rss,"Military Money is the go-to podcast for ADF members, veterans, and military families ready to take control of their financial future. Hosted by the team at National Service Financial, we cut through the noise on DVA entitlements, SRDP, PI elections, CSC super, and everything in between. Whether you're mid-service or preparing to transition, we give you the clarity, confidence, and roadmap to make the most of your military career financially. You only retire once. Make it count.",Anchor,en-au,https://d3t3ozftmdmh3i.cloudfront.net/staging/podcast_uploaded_nologo/46039766/46039766-1783309821846-e0e600f039414.jpg,2026-10-05 05:55:16,8059590,confirmed,https://podcasters.spotify.com/pod/show/stephen-owen,1791179716,5839032db58989886a58ecd35c35b795,6800519366.0,2,0,CORPORATE
State of the Internet,Chelsea Riffe and Xanthe Appleyard,https://rss.buzzsprout.com/2647742.rss,"<p>The internet is chaos — we'll help you make sense of it from our corner of it all. Each month, Chelsea Riffe, Cultural Philosopher and Podcast Host, and Xanthe Appleyard, Social Media Strategist and Content Creator, sit down to discuss everything through the lens of online leadership, digital behavior, and modern philosophy. </p><p><br></p><p>You’ll leave with clear takeaways to move forward with, as well as a deeper understanding of how these topics are already impacting the conversations you’re leading, online and off. </p>",Buzzsprout,en-us,https://storage.buzzsprout.com/0owu0s8o4junvc55l77z4maia5uz?.jpg,2026-10-05 05:45:18,8059583,confirmed,,1791179118,50662d7e688ab4cca88f78ec741a4e5b,,0,0,CORPORATE
Depression-Free After 40,Dr. Ardeshir Mehran,https://rss.buzzsprout.com/2655561.rss,"<p><b>Depression-Free After 40</b></p><p><br></p><p><b>The Opposite of Depression is Not Happiness. It’s Fulfillment.</b></p><p><br></p><p>You did everything right. You built the career, raised the family, earned the title. </p><p>Then, somewhere after 40, the color drained out. </p><p>You're tired in a way sleep doesn't fix. You may feel like sleepwalking through life.</p><p><br></p><p>On paper, you're successful, yet you feel strangely empty.</p><p><br></p><p>Most people call that depression. My decades-long research has shown it’s something else: an unfulfilled life, the feeling of being unfinished. </p><p><br></p><p>Research on the ""happiness curve"" shows that life satisfaction tends to hit its lowest point in our 40s and early 50s, often right when we've ""made it."" But why?</p><p><br></p><p>That timing is no accident. It's when needs we have postponed for decades finally demand to be heard.</p><p><br></p><p>Depression Free After 40 is the podcast for professionals, parents, and those in midlife and beyond who are ready to stop just managing symptoms and start living fully.</p><p><br></p><p><b>Every episode brings you:</b></p><p><br></p><p><b>The reasons. </b></p><p>Why feeling unfinished spikes after 40, why success so often hides it, and why the usual fixes (work harder, push through, take the pill and carry on) rarely get to the root.</p><p><b> </b></p><p><b>The Bill of Emotional Rights. </b></p><p>Dr. Mehran's liberating framework of seven universal human needs we are wired to fulfill from birth. When these needs go unmet, we achieve loudly and ache privately. Depression deepens in such an environment. When we claim them, life opens up again.</p><p><b> </b></p><p><b>The stories. </b></p><p>Candid conversations with guests who have walked this path: leaders, physicians, artists, and everyday people who went from empty to fully alive, and share exactly how.</p><p><br></p><p><b>Your host. </b></p><p>Dr. Ardeshir Mehran is a Columbia University-trained psychologist with more than 30 years of clinical work and a former leader who went through his own depression at the peak of his career. His work is a personal story of setbacks and revival. </p><p><br></p><p>Dr. Mehran is the author of the bestselling book, ”You Are Not Depressed. You Are Un-Finished.”</p><p><br></p><p>Each episode brings Dr. Mehran’s signature warmth, clinical depth, fascinating discussions, and zero-nonsense directness to the questions that actually matter: </p><p><br></p><p>Why do so many people suffer in silence, especially after 40? </p><p>What do depression and anxiety know that you don’t? </p><p>How do you go from managing symptoms to building a life that makes you feel fully alive?</p><p><br></p><p>This isn't a podcast about coping. It's about finishing what your life started, and learning to live, love, and lead better in the second half.</p><p><br></p><p>Dr. Mehran Studio: <a href=""https://www.youtube.com/redirect?event=video_description&redir_token=QUM4Zm9rUUJIZkFQYy1FX2VGX09MdndBM2hTTnxBR3JiS2FsTE5leUxRUm1GcUFCT2lDMmJYSFpaTkI4X0g3SkF3UmIzVXUwQ3poMnBqTkpocDVEUjZ3NjJKNTZhRFdsQTBSNVkzaEJveWtEVmJRdU52Sl9Za25TY00xSlJqRXVT&q=https%3A%2F%2Fardeshirmehran.com%2F&v=dDo0sHSMBE4"">https://ardeshirmehran.com/</a></p><p>LinkedIn: <a href=""https://www.linkedin.com/in/dr-ardeshir-mehran-a3457/"">https://www.linkedin.com/in/dr-ardeshir-mehran-a3457/</a></p><p>Blogs: <a href=""https://www.youtube.com/redirect?event=video_description&redir_token=QUM4Zm9rU1BRZENEUk51LWgwYTR6NXhvbFZ4WnxBR3JiS2FtVDcyUDhPN2FZNG50WG1iR3BPM25YYmV2bC1lVmxxVVVXUE90dTJvYXNPUzIzTVZSZU84a3pnOXBsYzJubGFsUVkyVmJodFFGeFptTmFzU3hObUlERWpUWTJuUldW&q=https%3A%2F%2Fardeshirmehran.com%2Fblog&v=dDo0sHSMBE4"">https://ardeshirmehran.com/blog</a></p><p>YouTube: <a href=""https://www.youtube.com/@ArdeshirMehranPhD"">https://www.youtube.com/@ArdeshirMehranPhD</a></p>",Buzzsprout,en-us,https://storage.buzzsprout.com/elhydahcqmdggexmhso7buapmcy6?.jpg,2026-10-05 05:36:20,8059575,confirmed,https://www.buzzsprout.com/2655561,1791178580,1e324df87864902745ad34ca60b3346b,,0,0,INDIVIDUAL
Blogmewhat,Erik Ravaglia,https://feed.podbean.com/blogmewhat/feed.xml,What?! is a show about everything I like and I feel to share with the community.,Podbean,en,https://pbcdn1.podbean.com/imglogo/image-logo/109155/logo.jpg,2026-10-05 05:24:52,8059571,confirmed,https://blogmewhat.podbean.com,1791177892,51147428cbfe06c9c3778bb144b1e3ed,300299986.0,2,0,INDIVIDUAL
Positive ADHD,Deirdre Coyne,https://rss.buzzsprout.com/2655367.rss,"<p><b>Confident ADHD</b></p><p>Adult ADHD isn’t just about attention. It can affect how you think, feel, plan, prioritise, manage emotions and get things done — even when you know exactly what you <em>should</em> be doing.</p><p>I’m Deirdre Coyne, an accredited CBT therapist and coach specialising in adult ADHD. In these short, practical episodes, I make sense of the ADHD brain and share evidence-based ideas from CBT, psychology and neuroscience that you can actually use in everyday life.</p><p>No judgement. No quick fixes. No pretending you just need to try harder.</p><p>Instead, we’ll look at why you get stuck, what’s happening underneath the behaviour, and the small changes that can help you move forward with more confidence and less self-criticism.</p><p>Whether you’ve recently discovered you have ADHD, have suspected it for years, or simply want to understand yourself better, you’re in the right place.</p><p><b>Real ADHD. Real life. Practical psychology.</b></p>",Buzzsprout,en,https://storage.buzzsprout.com/dea650611lr0ustfe2kdoedxi51q?.jpg,2026-10-05 05:22:37,8059569,confirmed,,1791177757,37346e8a96750634a240bf864153f0eb,,0,0,INDIVIDUAL
AI NEXT MOVE,AI NEXT MOVE,https://www.spreaker.com/show/7435523/episodes/feed,"What should you actually do with AI?<br />Welcome to AI Next Move—the podcast that turns artificial intelligence into practical steps for your work, business, and next big idea.<br />Explore useful tools, smarter workflows, AI agents, and app-building techniques through clear explanations and real-world examples. Discover what works, where the limitations are, and what you can try yourself.<br />For entrepreneurs, creators, developers, and curious professionals across Africa and beyond.<br />Learn AI. Build your advantage. Make your next move.<br />",Spreaker,en,https://d3wo5wojvuv7l.cloudfront.net/t_rss_itunes_square_1400/images.spreaker.com/original/4b39f345b09ddee2cf974f64aa4a967c.jpg,2026-10-05 05:22:10,8059568,confirmed,https://www.spreaker.com/podcast/ai-next-move--7435523,1791177730,ee5c3daa67e0a10263670c73950d6fd1,,4,0,INDIVIDUAL
The Catalyst Chiropractic Podcast,Tara Mueller,https://anchor.fm/s/11518abe4/podcast/rss,"Hosted by Dr. Tara Mueller, chiropractor and owner of The Catalyst Spine Co. This podcast is where we explore chiropractic, the nervous system, and the body's incredible ability to adapt and heal. Through real patient stories, office experiences, FAQs, and honest conversations, you'll gain a new perspective on health and learn why there's so much more to chiropractic than back and neck pain.",Anchor,en,https://d3t3ozftmdmh3i.cloudfront.net/staging/podcast_uploaded_nologo/46389057/46389057-1784484088625-f8eb936b840c6.jpg,2026-10-05 05:16:05,8059567,confirmed,https://podcasters.spotify.com/pod/show/tara-mueller0,1791177365,77abe561fd8864a2227a64edf362db03,6814854969.0,2,0,INDIVIDUAL
National Weather Service INLAND PALM BEACH COUNTY FORECAST - by WARN,Weather Alert Radio Network,https://www.omnycontent.com/d/playlist/8fc2c4ad-bb66-4b15-bc51-a97800079141/3976e4a4-9a4e-4d04-a588-b45b00c5d665/405a5b9b-e323-496e-870b-b45b01056a31/podcast.rss,"National Weather Service Forecast for Inland Palm Beach County and South East Lake Okeechobee
FLZ067
.https://forecast.weather.gov/MapClick.php?zoneid=FLZ067",Megaphone,en-US,https://www.omnycontent.com/d/playlist/8fc2c4ad-bb66-4b15-bc51-a97800079141/3976e4a4-9a4e-4d04-a588-b45b00c5d665/405a5b9b-e323-496e-870b-b45b01056a31/image.jpg?t=1780242787&size=Large,2026-10-05 05:07:45,8059562,confirmed,https://www.weatheralertradionetwork.org/,1791176865,3655e29036a058b3dd970f1e94d903b3,1896854708.0,2,0,CORPORATE
Soft Chaos,Soft Chaos Editorial & Podcast Platform,https://anchor.fm/s/1161cfdb0/podcast/rss,"Life’s chaotic. Apparently we’re the adults now. We laughed. The group chat needed experts.
Soft Chaos is Cece and Mfundo figuring out adulthood in real time, because apparently nobody was going to send the manual. Work, money, relationships, family, identity and all the other tabs currently open in our brains. Expect honest conversations, questionable life admin, real stories and people who actually know things. We don’t have all the answers. We just finally started asking better questions.",Anchor,en-gb,https://d3t3ozftmdmh3i.cloudfront.net/staging/podcast_uploaded_nologo/46559660/46559660-1786873661635-238c6ab1abf4d.jpg,2026-10-05 05:03:47,8059559,confirmed,https://podcasters.spotify.com/pod/show/softchaos-za,1791176627,bd3c74030e19054b173eee86eb54bae0,6818512790.0,2,0,CORPORATE
KO’s Delivery Confession Sessions,KO’s Throwed Dome Issues,https://www.spreaker.com/show/7408760/episodes/feed,"In this episode, we’re keeping it real, keeping it funny, and definitely keeping it THROWED! 😂<br /><br /> We’re talking, laughing, having a few “oopsie, poopsie” blonde moments, and going down some unexpected rabbit holes along the way. Because around here, no question is too weird, too random, or too out there to investigate!<br /><br /> Got a question you want us to answer? Heard a fact you want us to check? Or maybe there’s something you’ve always wondered about but never thought to ask? Drop it in the comments and let us know what YOU want us to dig into next.<br /><br /> From your Throwed Dome to mine—we’ll shake some stuff up, find some answers, and have a damn good time doing it. 🤣<br /><br /> So grab your snacks, bring your curiosity, and come get throwed with us!<br /><br /> KO’s Throwed Dome Issues — because sometimes you gotta talk it out, laugh it out, and figure that shit out. 🎙️🤘<br /><br /> In this episode, we’re keeping it real, keeping it funny, and definitely keeping it THROWED! 😂<br /><br /> We’re talking, laughing, having a few “oopsie, poopsie” blonde moments, and going down some unexpected rabbit holes along the way. Because around here, no question is too weird, too random, or too out there to investigate!<br /><br /> Got a question you want us to answer? Heard a fact you want us to check? Or maybe there’s something you’ve always wondered about but never thought to ask? Drop it in the comments and let us know what YOU want us to dig into next.<br /><br /> From your Throwed Dome to mine—we’ll shake some stuff up, find some answers, and have a damn good time doing it. 🤣<br /><br /> So grab your snacks, bring your curiosity, and come get throwed with us!<br /><br /> KO’s Throwed Dome Issues — because sometimes you gotta talk it out, laugh it out, and figure that shit out. 🎙️🤘<br /><br /> Cover art photo provided by Miguel Luis on Unsplash: <a href=""https://unsplash.com/"" target=""_blank"" rel=""noreferrer noopener"">https://unsplash.com/</a>@m_az?utm_source=spreaker&utm_medium=referral",Spreaker,en,https://d3wo5wojvuv7l.cloudfront.net/t_rss_itunes_square_1400/images.spreaker.com/original/75b2b330f074d0f9a52baac6e8c9be7e.jpg,2026-10-05 04:55:46,8059554,confirmed,https://www.spreaker.com/podcast/ko-s-delivery-confession-sessions--7408760,1791176146,f6cdf059d1505d9a7227fe36fae68727,,4,0,INDIVIDUAL
The Table Persona,The Table,https://feeds.megaphone.fm/MNTHA9311339201,"<p>Sai quante volte ho iniziato questo podcast?</p>
<p><br></p>
<p>Una in macchina.</p>
<p><br></p>
<p>Una facendo la spesa.</p>
<p><br></p>
<p>Una davanti allo specchio.</p>
<p><br></p>
<p>E lì ho capito che non stavo collezionando idee.</p>
<p><br></p>
<p>Stavo collezionando pezzi di vita.</p>
<p><br></p>
<p>Io sono Arianna e questo è The Table Persona.</p>
<p><br></p>
<p>Ogni lunedì e venerdì, alle 7 del mattino, su tutte le piattaforme di ascolto.</p>
<p><br></p>
<p>Perché, alla fine, i pezzi di vita non vanno messi in ordine.</p>
<p><br></p>
<p>Vanno messi sul tavolo.</p>
<p><br></p>
<p>Ed è da qui che possiamo iniziare.</p>
<p><br></p>
<p>Prendi posto</p>",Megaphone,en,"https://megaphone.imgix.net/podcasts/b1a3a77e-bb3a-11f1-a64d-2ba73e6841fc/image/5f6b3e9d8d59be6fde523bfcd2b9801a.png?ixlib=rails-4.3.1&max-w=3000&max-h=3000&fit=crop&auto=format,compress",2026-10-05 04:50:13,8059552,confirmed,,1791175813,34c863bb886b91928e9edfd76e9a3c80,6818514137.0,2,0,CORPORATE
Gringa in Mexico,Courtney Trevino,https://feed.podbean.com/pyn7dzvb7b/feed.xml,"What does it really take to build a life—and earn a living—in Mexico? Gringa in Mexico explores the practical, financial, cultural, and deeply personal realities of moving to Mexico. Host Courtney Trevino shares candid conversations with immigrants, entrepreneurs, remote workers, retirees, and others who have created lives here. From residency, housing, healthcare, and cultural adjustment to business ownership, employment, and making money across borders, this show goes beyond the vacation version of Mexico to explore what living in Mexico actually looks like.",Podbean,en,https://pbcdn1.podbean.com/imglogo/image-logo/22626278/GIM_Logo_1400x1400.jpg,2026-10-05 04:28:38,8059539,confirmed,https://pyn7dzvb7b.podbean.com,1791174518,df4a9fa127de1c92bcb785d5b01c855a,6814556000.0,2,0,INDIVIDUAL
Searchlight New Mexico with Ed Williams,Searchlight New Mexico,https://www.omnycontent.com/d/playlist/5950c7ff-1e26-4325-ba52-b03e013584ea/6f0ed6b8-c9e1-4d2f-bab5-b4d50149ddbe/70631d2f-5229-47ab-b655-b4d50149e21f/podcast.rss,"Searchlight New Mexico with Ed Williams is a monthly podcast that takes a deep look at critical issues impacting New Mexicans. 
Visit searchlightnm.org to read our latest investigative and public service journalism reporting.",Megaphone,en-US,https://www.omnycontent.com/d/programs/5950c7ff-1e26-4325-ba52-b03e013584ea/6f0ed6b8-c9e1-4d2f-bab5-b4d50149ddbe/image.jpg?t=1790798465&size=Large,2026-10-05 04:28:38,8059538,confirmed,https://searchlightnm.org/,1791174518,fa0f1c23d330bf0f07fa81a8ddfd871e,6818247325.0,2,0,INDIVIDUAL
My Brain-Dump,Daughter Graham Gilbert,https://anchor.fm/s/11614e0bc/podcast/rss,"""Everything on my mind, one episode at a time.”
My Brain-Dump is a space where I talk about life as it really is — the good, the bad, the funny, the confusing and everything in between. From personal experiences and relationships to work, growth, everyday struggles, random thoughts and life lessons, nothing is really off the table.
No perfect script. No pretending to have all the answers. Just honest conversations, personal stories and whatever happens to be on my mind.",Anchor,en,https://d3t3ozftmdmh3i.cloudfront.net/staging/podcast_uploaded_nologo/46554343/46554343-1786806470101-15d6642eb13b4.jpg,2026-10-05 04:21:33,8059534,confirmed,https://podcasters.spotify.com/pod/show/graham-daughter,1791174093,4a2a19106aea50ba70198066a06694b0,6804422057.0,2,0,INDIVIDUAL
Understanding the Nursing Game,Barry C.,https://rss.buzzsprout.com/2655664.rss,"This podcast is a raw, rugged, and authentic view into nursing. We dive into topics to educate individuals about the many different avenues within nursing. Also, we interview nurses that work in various roles that most people wouldn’t think nurses would work in. ",Buzzsprout,en,https://storage.buzzsprout.com/9ww4591zpvocbbdcbzupssqjilfa?.jpg,2026-10-05 04:11:16,8059527,confirmed,https://podcasters.spotify.com/pod/show/barry-coleman2,1791173476,86af25ffcb1d59309dd16cd0b0e8496f,,4,0,INDIVIDUAL
Operation K.E.Y.S.,John & Charlene Donelson,https://www.spreaker.com/show/6251447/episodes/feed,"Welcome to Operation Keys, the podcast dedicated to empowering youth and young adults with essential financial literacy and entrepreneurship skills. Each episode, we dive into practical strategies to help you build wealth, start your own ventures, and secure a brighter financial future. Get ready to unlock your potential.<br /><br />The mission of Operation K.E.Y.S. is to train community youth and young adults in the fields of Financial Literacy, Entrepreneurship, Personal Development, Leadership, and Philanthropy.<br /><br />Operation K.E.Y.S. believes that every young person should have the opportunity to learn about finance, business, biblical principles, and leadership through fun, practical, hands-on, real-world experiences.<br /><br />Money has a mission. Let's prepare the next generation properly.<br /><br />https://operationkeys.blogspot.com/ <br /><br />Become a supporter of this podcast: <a href=""https://www.spreaker.com/podcast/operation-k-e-y-s--6251447/support?utm_source=rss&utm_medium=rss&utm_campaign=rss"">https://www.spreaker.com/podcast/operation-k-e-y-s--6251447/support</a>.",Spreaker,en,https://d3wo5wojvuv7l.cloudfront.net/t_rss_itunes_square_1400/images.spreaker.com/original/23c1fc284356d51f972b8bd3b12d5898.jpg,2026-10-05 04:10:56,8059526,confirmed,https://operationkeys.blogspot.com/,1791173456,b4b92d439e0cb8a772bf561a77d05fec,,4,0,CORPORATE
The Reel Rejects,Reel Rejects,https://feeds.megaphone.fm/LGGIG5352677954,"Greg Alba and the Reel Rejects crew watch movies and shows together, sharing their honest reactions, reviews and commentary. Full-length reactions, new every week.",Megaphone,en,"https://megaphone.imgix.net/podcasts/7fd4cb48-bc6a-11f1-82ba-fb9c5f3f9c7a/image/9f8c01d16fd006c507513614de831f64.jpg?ixlib=rails-4.3.1&max-w=3000&max-h=3000&fit=crop&auto=format,compress",2026-10-05 03:59:43,8059524,confirmed,https://digitalfoxtalent.com/brands/creators/reel-rejects,1791172783,481294168c35a7eac6bd82bc7779d5b0,6818872235.0,2,0,INDIVIDUAL
Health or Consequences,CommonWealth Beacon,https://anchor.fm/s/114242b50/podcast/rss,"An insightful exploration of the most important issues in Massachusetts public health and health care policy, featuring in-depth conversations with leading experts, policymakers, and practitioners. Hosted by John McDonough of the Harvard T.H. Chan School of Public Health and Paul Hattis of the Lown Institute. Produced by CommonWealth Beacon.",Anchor,en-us,https://d3t3ozftmdmh3i.cloudfront.net/staging/podcast_uploaded_nologo/46228820/46228820-1790996928677-f85919526805b.jpg,2026-10-05 03:58:13,8059523,confirmed,https://commonwealthbeacon.org/healthorconsequences,1791172693,020a7dbdcbb1267d5cda2a6e60cae9e8,6818916003.0,2,0,INDIVIDUAL
Mario and Son Retro Store,Mario,https://rss.buzzsprout.com/2655277.rss,<p>Mario and Son Retro Store is your one stop shop for all your old school games and accessories. We will soon also host video game tournaments once a month. </p>,Buzzsprout,en-us,https://storage.buzzsprout.com/l225velpgd3sn2hleh1bm3lyfxn2?.jpg,2026-10-05 03:53:17,8059521,confirmed,https://chavezmarioraul3.wixsite.com/my-site-1,1791172397,f0d38a7f34eeca8630558662aba789ea,,4,0,INDIVIDUAL
Everything's Funny With Helen Keaney,"Helen Keaney, Jeremy Boguslaw",https://feeds.transistor.fm/everythings-funny-with-helen-keaney,"Everything’s Funny with Helen Keaney is a comedy podcast about the people, stories and experiences behind the laughs.

After more than 30 years in stand-up comedy, and twelve years as a host on HSN, Helen Keaney sits down with fellow comedians, performers and people throughout the comedy industry for funny, candid conversations about life onstage and behind the scenes.

From breaking into stand-up to navigating show business, this podcast is for anyone who's ever wondered, ""What would a life of stand up comedy be like?""  Helen uses her 30 years of experience to share tips she's learned, and talks with people she admires not just for what they’ve accomplished, but for who they are along the way.

Part comedy podcast, part inside look at the entertainment industry and part conversation between friends, Everything’s Funny With Helen Keaney celebrates the craft of comedy, the people who make it happen and the idea that, eventually, just about everything can be funny.",Transistor,en,https://img.transistorcdn.com/18Bj0D6WMarwdZyX9TmnIt8EVWcEec1-ZWQDxUbNhQA/rs:fill:0:0:1/w:1400/h:1400/q:60/mb:500000/aHR0cHM6Ly9pbWct/dXBsb2FkLXByb2R1/Y3Rpb24udHJhbnNp/c3Rvci5mbS9mZjY0/MTMzZjNjYmM0OTBi/Y2Y1YzkwZjdkNzEy/OGJjNS5qcGc.jpg,2026-10-05 03:48:42,8059518,confirmed,,1791172122,5d12e61269b1773d2a68d0fc5fe0aae4,,4,0,INDIVIDUAL
The Unseen With Adrianne,Adrianne Moore,https://www.spreaker.com/show/7435264/episodes/feed,True Crime • Dark Web • Conspiracy<br />Listen to the podcast on Spotify<br />New episodes weekly! 🎙️,Spreaker,en,https://d3wo5wojvuv7l.cloudfront.net/t_rss_itunes_square_1400/images.spreaker.com/original/53a2b326a90559c344d2542ac3593d05.jpg,2026-10-05 03:40:03,8059513,confirmed,https://www.spreaker.com/podcast/the-unseen-with-adrianne--7435264,1791171603,822daf4eca5473464320ee68c8d8c40b,,4,0,INDIVIDUAL
In Death Series,40K AUDIOBOOK,https://www.spreaker.com/show/7435262/episodes/feed,In Death Series,Spreaker,en,https://d3wo5wojvuv7l.cloudfront.net/t_rss_itunes_square_1400/images.spreaker.com/original/97f1742de8cf07cd39fb53352383ed02.jpg,2026-10-05 03:33:45,8059508,confirmed,https://www.spreaker.com/podcast/in-death-series--7435262,1791171225,4cdea1117ecdeaefafb2a32943cd0c9c,6819135145.0,4,0,INDIVIDUAL
Papa Meat,Papa Meat,https://www.spreaker.com/show/7435194/episodes/feed,"Welcome to Papa Meat, a channel dedicated to creepy stories, disturbing mysteries, bizarre internet content, and the strange side of human nature. Explore unsettling videos, dark humor, bizarre discoveries, and stories that will make you question everything.From chilling encounters and terrifying experiences to weird online content and unexpected twists, Papa Meat brings you entertainment that is strange, shocking, and unforgettable.If you enjoy creepy content, dark comedy, internet mysteries, and stories that get under your skin, you've come to the right place.Subscribe to Papa Meat and dive into the weird, wild, and terrifying side of the internet!",Spreaker,en,https://d3wo5wojvuv7l.cloudfront.net/t_rss_itunes_square_1400/images.spreaker.com/original/9c9aea21677b1fc90727661f3cbafaf1.jpg,2026-10-05 03:14:58,8059491,confirmed,https://www.spreaker.com/podcast/papa-meat--7435194,1791170098,bbffc423178dafe34f9d8d9c756bae32,,4,0,INDIVIDUAL
Arvin Ash,Arvin Ash,https://feeds.megaphone.fm/arvin-ash,"<p>Complex Questions - Explained Simply, in about 15 minutes.  I like to ask and answer BIG questions. We use animations, live videos, simple analogies and narration to explain complex subjects in science, technology, consciousness, and other weighty matters.  If you want to understand the true nature of reality, or just have your mind blown once in a while - check us out.<br><br>Links:<br>Become a Patron: <a href=""https://www.patreon.com/arvinash"">https://www.patreon.com/arvinash</a><br>Arvin's Website: <a href=""http://arvinash.com"">http://arvinash.com</a><br>Follow Arvin on Twitter: <a href=""https://twitter.com/arvin_ash"">https://twitter.com/arvin_ash</a><br>Like Arvin on Facebook: <a href=""https://www.facebook.com/arvinash/"">https://www.facebook.com/arvinash/</a><br>Arvin's TikTok: <a href=""https://www.tiktok.com/@realarvinash"">https://www.tiktok.com/@realarvinash</a><br>Instagram: <a href=""https://www.instagram.com/arvinashofficial"">https://www.instagram.com/arvinashofficial</a><br>BlueSky: <a href=""https://bsky.app/profile/arvinash.bsky.social"">https://bsky.app/profile/arvinash.bsky.social</a></p>",Megaphone,en,"https://megaphone.imgix.net/podcasts/653455f8-ba74-11f1-a75e-ebd90c4e0c7e/image/e8dac66fe9f97ac8b710161ce03c8e09.jpg?ixlib=rails-4.3.1&max-w=3000&max-h=3000&fit=crop&auto=format,compress",2026-10-05 03:10:45,8059481,confirmed,,1791169845,9e98af2db0da686f6171e6b516e7b1be,6816953468.0,2,0,INDIVIDUAL
A Cut Above with BillyDoe Meats,billy doe,https://rss.buzzsprout.com/2655654.rss,"<p>Welcome to the BillyDoe Meats Podcast, where we talk about great meat, good food, and knowing where your meals come from. Join our family as we share stories from nearly 30 years in the meat business, explain halal practices, explore different cuts, and offer practical cooking tips for beef, lamb, goat, and chicken.</p><p>From the farm to your dinner table, we’re here to answer your questions and help you make the most of every meal. Learn more at billydoemeats.com.</p>",Buzzsprout,en-us,https://storage.buzzsprout.com/fpawyl6fe9rkpqry58e84eg33kjk?.jpg,2026-10-05 03:06:11,8059479,confirmed,,1791169571,a87f748825bb665942ea549b627d264f,6819132512.0,0,0,INDIVIDUAL
Daniel's Insight Den,Daniel Williams,https://anchor.fm/s/1151bf484/podcast/rss,"Welcome to Daniel's Insight Den, a conversation-driven podcast where no topic is off-limits if there's wisdom to be found in it. Host Daniel Williams sits down with a diverse range of guests and experts to unpack ideas and share hard-won knowledge, wisdom, and perspective — all in the spirit of learning something worth carrying with you. Come for the stories, leave with a little more clarity and direction.",Anchor,en,https://d3t3ozftmdmh3i.cloudfront.net/staging/podcast_uploaded_nologo/46391209/46391209-1784728251225-a89292cce22.jpg,2026-10-05 02:59:04,8059473,confirmed,https://podcasters.spotify.com/pod/show/daniel-williams0,1791169144,b4b506f8949ec5b28b5e5e0f496aa321,6806792277.0,2,0,INDIVIDUAL
The Nathan Bridger Podcast,Nathan Bridger,https://anchor.fm/s/117cac6b0/podcast/rss,"Chiropractic is a good job trapped inside a bad model.
Dr Nathan Bridger has built and run practices across three continents and several Australian states, and coached over 100 chiropractors since 2013. He has been where you are and come out the other side.
Each episode takes one part of the job nobody teaches and goes all the way through it. The new patient, first call to report of findings. Care plans. What your numbers mean. What an associate costs. What it takes to open your own.
For chiropractors who want to do it their own way, final year to owner.
thelaunchmentoring.com/podcast",Anchor,en-au,https://d3t3ozftmdmh3i.cloudfront.net/staging/podcast_uploaded_nologo/46841324/46841324-1790491132230-a85d6a1e3d0fa.jpg,2026-10-05 02:58:12,8059470,confirmed,https://podcasters.spotify.com/pod/show/nathan-bridger,1791169092,758b87d7bb6b49efb90a58b88f2bf401,6816823393.0,2,0,INDIVIDUAL
Lyssy Noel,Lyssy Noel,https://www.spreaker.com/show/7435161/episodes/feed,"My Name is Lyssy & on this channel I post all sorts of fun videos! Such as Ghost hunting, Scary stories, reaction videos & so much more! I hope you guys will join our family and our journey! -Lyssy Noel",Spreaker,en,https://d3wo5wojvuv7l.cloudfront.net/t_rss_itunes_square_1400/images.spreaker.com/original/e2f208ed5789dfa0c3f72054ae343a50.jpg,2026-10-05 02:56:00,8059467,confirmed,https://www.spreaker.com/podcast/lyssy-noel--7435161,1791168960,66f8f5297904d60aa74112a2ff464e3c,,4,0,INDIVIDUAL
Sleep Talk with Maya,Relaxing with T,https://anchor.fm/s/11807a8a0/podcast/rss,"Sleep Talk with Maya — from Relaxing with T. Short, science-backed episodes about sleep: why it matters, how it works, and how to get more of it. Hosted by Maya.
This podcast is for informational purposes only and is not medical advice. If you have a sleep disorder or health concern, talk to your doctor.",Anchor,en,https://d3t3ozftmdmh3i.cloudfront.net/staging/podcast_uploaded_nologo/46881224/46881224-1790961910279-453bfdfe28dd7.jpg,2026-10-05 02:54:43,8059465,confirmed,https://podcasters.spotify.com/pod/show/relaxing-with-t1,1791168883,4a00f25216dc81b5baccae39e8449299,6818589427.0,2,0,CORPORATE
Pain Alchemy,Beth Lee,https://anchor.fm/s/102c6b24c/podcast/rss,"Welcome to Pain Alchemy.
After years of living with Stage 4 endometriosis and chronic pelvic pain, I became fascinated by the intersection of science, healing, and the stories we tell ourselves about our bodies.
Here you'll find evidence-based conversations on endometriosis, pelvic pain, hormones, the nervous system, and women's health, woven together with lived experience, reflection, and a healthy dose of curiosity.
New episodes fortnightly.",Anchor,en,https://d3t3ozftmdmh3i.cloudfront.net/staging/podcast_uploaded_nologo/43315435/43315435-1742699876628-dcd43c88a9d84.jpg,2026-10-05 02:43:05,8059450,confirmed,https://bethleenaturopath.com/,1791168185,c979c4b7a497866e79ca172133062f37,1805400876.0,2,0,INDIVIDUAL
Health Club Podcast,Mehrnoosh,https://rss.buzzsprout.com/2655648.rss,"<blockquote><em>Health Club is a supportive community created for young adults to invest in their long-term physical, mental, and social well-being through personalized fitness, proper nourishment, and holistic lifestyle habits.</em></blockquote><p><br></p>",Buzzsprout,en-us,https://storage.buzzsprout.com/4by5dkydi4t1hknfhbrq0ql02lqm?.jpg,2026-10-05 02:42:15,8059449,confirmed,https://mehrsahs3199288.wixsite.com/wellness,1791168135,b37dff5420e13d477dbe0a81c668d9fe,,4,0,INDIVIDUAL
BorderlinerNotes: Real Therapy Sessions,BorderlinerNotes,https://feeds.megaphone.fm/borderlinernotes-real-therapy-sessions,"<p>Welcome to BorderlinerNotes, a mental health channel focused - at present - mainly on personality disorders like Borderline Personality Disorder (BPD) and Narcissistic Personality Disorder (NPD).<br><br>The channel started as a way to make use of extra interview footage from the documentary film we made named BORDERLINE (more info / watch it at mndflds.com/borderlinethefilm). It has grown into a continued effort to offer information that might help people get a proper diagnosis and good treatment, as well as a place where clinicians and those working in the mental health field can learn to be better treaters. The goal is to democratize access to quality information, create positive change in the mental health field, and to do it artfully and with feeling. <br><br>BorderlinerNotes started as extra footage from the documentary BORDERLINE and became a rare resource in mental health education. The channel films real therapy sessions and consults between licensed clinicians and people diagnosed with Borderline Personality Disorder and Narcissistic Personality Disorder, then releases debriefs with both therapist and client. Clinicians include DBT specialists and experts in personality disorder treatment. The goal is to give people seeking help a look at what good treatment actually looks like, and to give therapists a model for better care. Follow the show and leave a five-star rating if you find it useful.<br><br>Links:<br>MNDFLDS Video Shop: <a href=""https://shop.mndflds.com/products"">https://shop.mndflds.com/products</a><br>BorderlinerNotes Info: <a href=""https://www.mndflds.com/borderlinernotes"">https://www.mndflds.com/borderlinernotes</a><br>BORDERLINE the Film: <a href=""https://www.mndflds.com/borderlinethefilm"">https://www.mndflds.com/borderlinethefilm</a><br>TikTok: <a href=""https://www.tiktok.com/@borderlinernotes"">https://www.tiktok.com/@borderlinernotes</a><br>Instagram: <a href=""https://www.instagram.com/borderlinernotes/"">https://www.instagram.com/borderlinernotes/</a><br>Linktree: <a href=""https://linktr.ee/borderlinernotes"">https://linktr.ee/borderlinernotes</a><br>Resources: <a href=""https://gundersonpdi.mclean.harvard.edu/psychoeducational-resources/"">https://gundersonpdi.mclean.harvard.edu/psychoeducational-resources/</a></p>",Megaphone,en,"https://megaphone.imgix.net/podcasts/9633ce98-be27-11f1-ab82-3f98666b1933/image/176278fdf9a1e9c530602e7af7169a51.jpg?ixlib=rails-4.3.1&max-w=3000&max-h=3000&fit=crop&auto=format,compress",2026-10-05 02:41:28,8059447,confirmed,https://www.youtube.com/@borderlinernotes,1791168088,5053c50e4704f8535590fd46de34eb38,6818716500.0,2,0,INDIVIDUAL
