title,author,url,description,host_platform,language,image,dateAdded,id,status,link,timeAdded,contentHash,itunesId,source,dead,is_corporate
Creative Mindset Podcast,Undeniable Productions,https://rss.buzzsprout.com/2634518.rss,"<p>I interview the most creative people in the City I'm in for the purpose of finding out if there are any common denominators in their creative process, in the hope to increase creative productivity by forming new habits and patterns.</p>",Buzzsprout,en-gb,https://storage.buzzsprout.com/u8p1w3tzegvgyjlnq1dhsf0ll2kk?.jpg,2026-08-04 10:20:43,7980718,confirmed,,1785838843,bc130f9967371dce072f318c9bc69b68,,4,0,CORPORATE
INONDA,Alex Sardinha,https://feeds.captivate.fm/inonda/,<p>Speaking with founders and thought leaders about business and the new world.</p>,Captivate,en,https://artwork.captivate.fm/8754eefa-d1d6-448e-bc6b-d4477d633a94/6b184877-1f9d-4373-8c4f-69f42e47cd17.png,2026-08-04 10:14:47,7980702,confirmed,www.inonda.co.uk,1785838487,a6e9058e6f785cf651080b96ba0dfbcb,,4,0,INDIVIDUAL
Five Dock Osteopathic & Chiropractic Centre,Five Dock Osteopathic,https://www.spreaker.com/show/7233961/episodes/feed,"Experience pain relief with Five Dock's trusted osteopathic & chiropractic experts. 50+ years of expertise, scientifically-proven treatments. Book your treatment today!",Spreaker,en,https://d3wo5wojvuv7l.cloudfront.net/t_rss_itunes_square_1400/images.spreaker.com/original/9f9818b6b989f6b2513412a3c6556f58.jpg,2026-08-04 10:14:05,7980701,confirmed,https://www.spreaker.com/podcast/five-dock-osteopathic-chiropractic-centre--7233961,1785838445,fc645ae08f7cfafd40f69bb82bfc4308,,4,0,INDIVIDUAL
Politics in Reverse,Oğuz Bulut Kök,https://anchor.fm/s/1133d8ab0/podcast/rss,"Politics in Reverse is a political science podcast that uses recent research to tell real-life stories instead of ideology or jargon. Each episode starts where our assumptions end, with stories that feel impossible but happen more often than we think. Then we look at why they happened.",Anchor,en,https://d3t3ozftmdmh3i.cloudfront.net/staging/podcast_uploaded_nologo/46077676/46077676-1780580456829-11dccf84a875a.jpg,2026-08-04 10:13:18,7980699,confirmed,https://podcasters.spotify.com/pod/show/ouz72,1785838398,656d98123f4385c9a4e2eeb62149a9e8,1896858629.0,2,0,INDIVIDUAL
This is for Naruto SEnki Fans those love,Naruto Senki,https://www.spreaker.com/show/7233960/episodes/feed,"We're Here to our fans those love to play naruto senki video game. Our target to give all information through podcasts about naruto senki apk game and as well as characters all informations, and powers and also so many thinks ",Spreaker,en,https://d3wo5wojvuv7l.cloudfront.net/t_rss_itunes_square_1400/images.spreaker.com/original/fb1cfda0284320ae8109483afeb517f2.jpg,2026-08-04 10:12:07,7980696,confirmed,https://www.spreaker.com/podcast/this-is-for-naruto-senki-fans-those-love--7233960,1785838327,17e5a7af3f505a3fd8c43cef3a1d4873,,4,0,INDIVIDUAL
Radio Mo Gow Zeg,Johan,https://rss.buzzsprout.com/2634510.rss,"<p>internetradio met wekelijkse uitzending, vol humor, muziek, interviews, weerbericht, reportages enz...</p>",Buzzsprout,en-us,https://storage.buzzsprout.com/i4lybljmws8wxm9az7e5wo03w4xk?.jpg,2026-08-04 10:08:46,7980693,confirmed,,1785838126,40b02b2e4fad691f2d8038700e18b849,,4,0,INDIVIDUAL
Enchanted and Exhausted,Kayla & Sam,https://rss.buzzsprout.com/2632893.rss,"<p><b>Enchanted & Exhausted</b> is the podcast where romantasy obsession meets real-life motherhood. Join Kayla and Sam each week as they dive into the latest BookTok favorites, fantasy worlds, unforgettable characters, and all the books keeping them up way too late. From spoiler-free recommendations and monthly book club picks to author interviews and conversations with indie bookstore owners, there's always another chapter to explore.</p><p><br></p><p>Between the dragons, morally gray book boyfriends, and overflowing TBRs, you'll also find honest conversations about motherhood, creativity, small businesses, and navigating the beautiful chaos of everyday life.</p><p><br></p><p>Whether you're here for the books, the laughs, or the reminder that you're not the only one reading ""just one more chapter"" at 2 a.m., grab your favorite drink, get cozy, and join us.</p><p><br></p><p><b>New episodes every week wherever you get your podcasts, with full video episodes available on YouTube.</b></p><p><br></p><p>✨ Because life is enchanting... and exhausting.</p>",Buzzsprout,en-us,https://storage.buzzsprout.com/e75u4qu2ddgj2h09qe73d6ou5o9w?.jpg,2026-08-04 10:05:39,7980690,confirmed,,1785837939,784abd4417a438c697542c86f87dd10a,,4,0,CORPORATE
"The Farmer, The Surveyor And The Land Podcast",Madeleys Chartered Surveyors,https://feeds.transistor.fm/the-farmer-the-surveyor-and-the-land-podcast,"Looking at rural life, the people, the land and what effects them.",Transistor,en,https://img.transistorcdn.com/XKP20jh8WgcVAc3PRelx0FxAY9LAsqdCRtoAyrQhhVU/rs:fill:0:0:1/w:1400/h:1400/q:60/mb:500000/aHR0cHM6Ly9pbWct/dXBsb2FkLXByb2R1/Y3Rpb24udHJhbnNp/c3Rvci5mbS8xNGIy/YjIwNmNhY2QyYjdj/ODk5YjgxMWJjYTUy/ZTBkZS5wbmc.jpg,2026-08-04 10:02:08,7980686,confirmed,https://madeleys.co.uk/,1785837728,6ee2d491ef718216bd737c0672c8de01,,0,0,INDIVIDUAL
Family Capital Podcast,Jared Machen,https://feeds.captivate.fm/family-capital-podcast/,"Family Capital explores the ideas, systems, and stories that help families build lasting legacies. From investing and estate planning to parenting, purpose, and family culture, each episode examines the many forms of capital that compound across generations.",Captivate,en,https://artwork.captivate.fm/2cee284c-75d1-4692-b6d7-eb4f8610d511/Family-Capital-Cream.png,2026-08-04 10:01:24,7980685,confirmed,https://family-capital-podcast.captivate.fm,1785837684,d5c5587727a5efe3723da3c14b8001e6,,4,0,INDIVIDUAL
The Australian Caulking Company,The Australian Caulking Compan,https://www.spreaker.com/show/7233927/episodes/feed,"The Australian caulking company provides expert caulking, joint sealing, and waterproofing services for residential, commercial, and civil projects. Using quality materials and proven methods, we deliver durable, long-lasting results that help prevent leaks, improve performance, and protect structures across Australia. Choose <a href=""https://auscaulking.com.au/"" target=""_blank"" rel=""noreferrer noopener"">the Australian caulking company</a> for reliable, professional, and high-quality caulking solutions.",Spreaker,en,https://d3wo5wojvuv7l.cloudfront.net/t_rss_itunes_square_1400/images.spreaker.com/original/4daefdc3fc008620646becd9e8abc880.jpg,2026-08-04 10:00:00,7980683,confirmed,https://www.spreaker.com/podcast/the-australian-caulking-company--7233927,1785837600,f687a23cfc70173460a5d4d0c4f4e18b,,4,0,CORPORATE
QVG LLC,QVG LLC,https://www.spreaker.com/show/7233926/episodes/feed,"<a href=""https://quartzvsgranitetx.com/"" target=""_blank"" rel=""noreferrer noopener""><b>Quartz Vs Granite (QVG)</b></a> is a Houston-based company specializing in the fabrication and installation of custom stone surfaces, including quartz, granite, marble, porcelain, and limestone. They offer comprehensive services from design consultation and material selection to digital templating and precise installation, catering to both residential and commercial clients. With a full-scale production facility, QVG emphasizes high-quality craftsmanship and customer service, ensuring each project meets client specifications. Their offerings include kitchen countertops, bathroom vanities, and other custom stone applications.",Spreaker,en,https://d3wo5wojvuv7l.cloudfront.net/t_rss_itunes_square_1400/images.spreaker.com/original/d6a63d2d99cd0b8794b6d914bd393c33.jpg,2026-08-04 09:59:50,7980682,confirmed,https://www.spreaker.com/podcast/qvg-llc--7233926,1785837590,8457f000ffc8f6d8c52fd63513ae13de,,4,0,CORPORATE
Service Titans,Anton Taylor,https://anchor.fm/s/e936e630/podcast/rss,"""Service Titans"" is a celebration of the spirit of service. AmeriCorps, a national service organization, has been a stepping stone for countless individuals to channel their passion for service and make a lasting impact on their communities. Our podcast zooms in on the Black Men who have walked this path, delving into their backgrounds, experiences, and aspirations, all grounded in the unwavering commitment to creating positive change.
Each episode of ""Service Titans"" unravels an extraordinary narrative, showcasing the remarkable diversity and resilience of our featured guests.",Anchor,en-us,https://d3t3ozftmdmh3i.cloudfront.net/staging/podcast_uploaded_nologo/39026892/39026892-1772866322872-f41b338f67296.jpg,2026-08-04 09:58:28,7980681,confirmed,https://podcasters.spotify.com/pod/show/tc693,1785837508,d24c8a162a9cf0ef6409a05413cd15a5,6793302927.0,2,0,INDIVIDUAL
مسلسل بنات عبدالغني ملخص الحلقة 1 الأولى,Nataniel,https://www.spreaker.com/show/7233928/episodes/feed,تُقدِّم الحلقة الأولى الأخوات الأربع، وتُظهر محاولة تزويج الأخت الكبرى «مرزوقة»، بينما تتسبب الأخوات الأخريات في إفساد فرص الخطّاب، مما يمهّد لسلسلة من المواقف الكوميدية في المسلسل.,Spreaker,en,https://d3wo5wojvuv7l.cloudfront.net/t_rss_itunes_square_1400/images.spreaker.com/original/34966ff11795bf328842265dc48d8893.jpg,2026-08-04 09:57:26,7980680,confirmed,https://www.spreaker.com/podcast/mslsl-bnat-bdalghny-mlkhs-alhlqt-1-alawly--7233928,1785837446,aa7b6621d8a4042486903d35f57d0224,,4,0,INDIVIDUAL
Obscura Uncharted,MVKMP,https://anchor.fm/s/fa79cbb0/podcast/rss,"Obscura Uncharted is your gateway to the eerie and unexplained. Join host Ryan Bennett as we journey into the shadows of history, unraveling tales that defy logic and linger just beyond reach. From haunted towns to mysterious disappearances, each episode explores stories that blur the line between reality and the unknown. If you're drawn to ghostly whispers, unsolved mysteries, or chilling legends, this podcast will keep you on edge. Stay curious—because the next mystery is closer than you think!",Anchor,en,https://d3t3ozftmdmh3i.cloudfront.net/staging/podcast_uploaded_nologo/41922860/41922860-1724940376679-dbab49f679925.jpg,2026-08-04 09:38:01,7980676,confirmed,https://podcasters.spotify.com/pod/show/obscurauncharted,1785836281,aaacdaf54a836a294f53e1ad78b49ae7,1765539192.0,2,0,CORPORATE
Dragon Talk Coaches Corner,Virginia University of Lynchburg School/Athletics,https://anchor.fm/s/115769eac/podcast/rss,"Dragon Talk: Coach’s Corner takes you inside Virginia University of Lynchburg Athletics with exclusive interviews, behind-the-scenes stories, game analysis, player spotlights, and conversations with coaches and special guests. Go beyond the game—Go Dragons!",Anchor,en,https://d3t3ozftmdmh3i.cloudfront.net/staging/podcast_uploaded_nologo/46450627/46450627-1785336033460-4dad05799d61f.jpg,2026-08-04 09:36:26,7980674,confirmed,https://podcasters.spotify.com/pod/show/lwspirit1,1785836186,15f48a39db32c982bf6682d91e5440a8,6796348904.0,2,0,CORPORATE
Where It Happened,Jeff Allen,https://anchor.fm/s/1159065e4/podcast/rss,"Every place has a story. Some are buried deeper than others.
 
Where It Happened is a narrative history podcast about the crimes, conflicts, scandals, and unforgettable events tied to real locations. Each episode begins with a street corner, building, neighborhood, riverfront, parking lot, or place that no longer exists—and uncovers what happened there, who was involved, and why the story still matters.
 
History isn’t just something that happened long ago. Sometimes, you’re standing right on top of it.",Anchor,en,https://d3t3ozftmdmh3i.cloudfront.net/staging/podcast_uploaded_nologo/46467521/46467521-1785571530225-32297f88d18fc.jpg,2026-08-04 09:32:08,7980673,confirmed,https://podcasters.spotify.com/pod/show/jeff-allen87,1785835928,51ff0a27c0fad886d804fb7d44b4ce18,6796915458.0,2,0,INDIVIDUAL
Vibren's Podcast,Vibren,https://rss.buzzsprout.com/2631444.rss,"<p>Reflection About ICT<br><br>Information and Communication Technology (ICT) has become an important part of my life as a student. It helps me learn more easily by giving me access to information, online resources, and educational tools. ICT also allows me to communicate with my teachers and classmates and complete my schoolwork more efficiently. Through ICT, I have improved my digital skills, creativity, and ability to solve problems. Overall, ICT has made learning more convenient, engaging, and has prepared me for the future.</p>",Buzzsprout,en-us,https://storage.buzzsprout.com/zesmfwhr471iskyxqdcjakgld3e1?.jpg,2026-08-04 09:31:06,7980671,confirmed,,1785835866,7ce2ae1702584a0ccd83f664cd64af21,,4,0,INDIVIDUAL
General History of the Pyrates,Captain Charles Johnson,https://www.spreaker.com/show/7171275/episodes/feed,"A General History of the Robberies and Murders of the most notorious Pyrates is a 1724 book containing biographies of contemporary pirates. It's author uses the name Captain Charles Johnson, generally considered a pseudonym. The real identity of the author was thought by some scholars to be Daniel Defoe, although this has since been disputed. The publisher Nathaniel Mist or somebody working for him are other suggested authors. In the first volume, ""Johnson"" sticks fairly close to the available sources, though he embellishes the stories somewhat. Nevertheless, the book was influential in shaping popular notions of piracy and provided the standard account of the lives of many individuals still famous in the 21st century.(Summary by Wikipedia)",Spreaker,en,https://d3wo5wojvuv7l.cloudfront.net/t_rss_itunes_square_1400/images.spreaker.com/original/6d0b0d7fb6eb3068abfe28280abe3f31.jpg,2026-08-04 09:29:42,7980668,confirmed,https://www.spreaker.com/podcast/general-history-of-the-pyrates--7171275,1785835782,3c6ce976e6cda38df9116d3ba1f84bfa,,4,0,INDIVIDUAL
Romance of Modern Manufacture,Charles R. Gibson,https://www.spreaker.com/show/7168002/episodes/feed,"Those of us who have grown up with the results of Modern Manufacture around us are apt to miss the romance of the subject. Indeed, it is difficult for us to realize how very different were the conditions in which our great-grandfathers, and even our grandfathers, lived and worked. In the present volume the author has endeavored to trace the evolution of the different industries, and to describe in everyday language the methods of manufacture in our principle industries. In order to keep the book as readable as possible, he has omitted many names and dates, but sufficient detail is given to enable the general reader to form a clear conception of the different subjects. (Summary adapted from the Preface)",Spreaker,en,https://d3wo5wojvuv7l.cloudfront.net/t_rss_itunes_square_1400/images.spreaker.com/original/c1ee0b704bedbf62f7b86f86380f90a1.jpg,2026-08-04 09:29:36,7980667,confirmed,https://www.spreaker.com/podcast/romance-of-modern-manufacture--7168002,1785835776,dc5773b4ec6d56fbb99e7a45a54c6ac8,,4,0,INDIVIDUAL
England,Sir Frank Fox,https://www.spreaker.com/show/7171126/episodes/feed,"ARCHIVE HAS TAKEN THIS DOWN BECAUSE SOMEONE COMPLAINED _ PLEASE DO NOT RE INSTATE UNLESS YOU KNOW THERE ARE FILES TO DOWN LOAD What is this strange land called England; so small in size yet so powerful in influence? What makes her so unique, talented and persistent? This book attempts to answer that. It is a short, well written explanation of England as a unique country written by someone who loved it deeply and yet, as an Australian, could be a bit impartial. In the first part he explains the 'making' of England; the Britons and the Romans, the Anglo-Saxons and the Normands. But from there he attempts to give an essence or flavor, delving into the work, the play, the schools, the churches and especially the landscape which make it special. ""I have sought in this book to give an impression of some of the most ""English"" features of the land, devoting a little space first to an attempt to explain the origins of the English people. Thus the English fields and flowers and trees, the English homes and schools are given far more attention than English cities, English manufactures; for they are more peculiar to the land and the people. More markedly than in any superiority of her material greatness England stands apart from the rest of the world as the land of green trees and meadows, the land of noble schools and of sweet homes"" from the preface (Summary by Phil Chenevert)",Spreaker,en,https://d3wo5wojvuv7l.cloudfront.net/t_rss_itunes_square_1400/images.spreaker.com/original/936f8cc2d64ca4cb450861028db200a4.jpg,2026-08-04 09:29:21,7980666,confirmed,https://www.spreaker.com/podcast/england--7171126,1785835761,3e67d61f78a12c7fdc0e20f66655e404,,4,0,INDIVIDUAL
The Chakra Way Meditation Podcast,Rosanne Nieboer,https://feeds.acast.com/public/shows/6a70a0d362888a8235a3a5d9,"Welcome to your pocket of peace. Here you’ll find guided meditations to help you relax, soften, breathe, reset and reconnect with your energy, plus Chakra Chats with healers and teachers whose wisdom I trust and love, every other week. This space is here to support your healing, your growth and the wisdom of the chakras. If you’d like to support the podcast, you can do so here: buymeacoffee.com/chakrawayWith love, Rosanne xxPlease support this podcast if you appreciate it! ⁠⁠⁠https://buymeacoffee.com/chakraway<hr><p style='color:grey; font-size:0.75em;'> Hosted on Acast. See <a style='color:grey;' target='_blank' rel='noopener noreferrer' href='https://acast.com/privacy'>acast.com/privacy</a> for more information.</p>",Acast,en,https://assets.pippa.io/shows/6a70a0d362888a8235a3a5d9/show-cover.jpg,2026-08-04 09:29:15,7980664,confirmed,https://chakra-way.com/,1785835755,759ee4a4840d14e337c93ff86709d505,,0,0,INDIVIDUAL
Spanish Tragedy,Thomas Kyd,https://www.spreaker.com/show/7168164/episodes/feed,"The Spanish Tragedy, or Hieronimo is Mad Again is an Elizabethan tragedy written by Thomas Kyd between 1582 and 1592. Highly popular and influential in its time, The Spanish Tragedy established a new genre in English theatre, the revenge play or revenge tragedy. Its plot contains several violent murders and includes as one of its characters a personification of Revenge. The Spanish Tragedy was often referred to (or parodied) in works written by other Elizabethan playwrights, including William Shakespeare, Ben Jonson, and Christopher Marlowe.Many elements of The Spanish Tragedy, such as the play-within-a-play used to trap a murderer and a ghost intent on vengeance, appear in Shakespeare's Hamlet. (Thomas Kyd is frequently proposed as the author of the hypothetical Ur-Hamlet that may have been one of Shakespeare's primary sources for Hamlet.) (Summary by Wikipedia) Cast: Ghost of Andrea, a Spanish nobleman; Hangman: MARTIN GEESON Revenge: Availle KING OF SPAIN: Lars Rolander CYPRIAN DUKE OF CASTILE, his brother; ALEXANDRO, Portuguese Nobleman; BAZARDO, a Painter; Watchman 1; Citizen 1: Algy Pug LORENZO, the Duke's son: DublinGothic BELLIMPERIA, Lorenzo's sister; Isabella's Maid: JustineWalmsley VICEROY OF PORTUGAL: Jason Mills Nigel Boydell BALTHAZAR, his son: Jeff Schwab HIERONIMO, Marshal of Spain: Amy Gramour ISABELLA, his wife; Boy: Bev J. Stevens HORATIO, their son: Max Körlinge Spanish General; Deputy; Don Bazulto; Watchman 2; Citizen 2: Marty Kris Portuguese Ambassador: Lucy Perry VlLLUPPO, Portuguese Nobleman; Don Pedro; JACQUES, Hieronimo's servant; Watchman 3; Citizen 3: ToddHW PEDRINGANO, Bellimperia's servant: Liberty Stump CHRISTOPHIL, Bellimperia's custodian; Messenger: Carol Box Lorenzo's Page: ChyAnne Donnell SERBERINE, Balthazar's servant; Servant: Kristin Gjerløw PEDRO, Hieronimo's servant: Peter Makus Nobleman 1; Portingal 1: Ernst Pattynama Nobleman 2; Portingal 2: JohnFricker Narrator: Elizabeth Klett",Spreaker,en,https://d3wo5wojvuv7l.cloudfront.net/t_rss_itunes_square_1400/images.spreaker.com/original/1ab098a60ff0140d017d1c0b5fb93d93.jpg,2026-08-04 09:29:14,7980663,confirmed,https://www.spreaker.com/podcast/spanish-tragedy--7168164,1785835754,e7bc0e96d7c2098e4f3119317d0f597b,,4,0,INDIVIDUAL
Cleek of Scotland Yard,Thomas W. Hanshew,https://www.spreaker.com/show/7167964/episodes/feed,"Hamilton Cleek is back - or is he?Margot, Queen of the Apaches (the notorious French criminal gang) has been released on bail and vanished, Mr. Narkom has a series of inexplicable murders to solve, there is talk of revolution in Mauravania. And Cleek is missing.Hold on to your hats for another thrilling ride as spying, murder, horse-napping, bombs and political intrigue rear their ugly heads. (Introduction by Ruth Golding)",Spreaker,en,https://d3wo5wojvuv7l.cloudfront.net/t_rss_itunes_square_1400/images.spreaker.com/original/895d2cf96852609b7ec876c86ff3ca92.jpg,2026-08-04 09:29:01,7980662,confirmed,https://www.spreaker.com/podcast/cleek-of-scotland-yard--7167964,1785835741,bcbde3e1b8547c66555f387a53c254d0,,4,0,INDIVIDUAL
"Thrilling Narratives of Mutiny, Murder and Piracy",Anonymous,https://www.spreaker.com/show/7168199/episodes/feed,"A collection of true stories of the high seas, from the nineteenth century. Shipwrecks, mutiny, life and death decision-making -- all far from home, while pitting themselves against the elements. The romance of the seafaring life is depicted in its brutal reality. - Summary by Lynne Thompson",Spreaker,en,https://d3wo5wojvuv7l.cloudfront.net/t_rss_itunes_square_1400/images.spreaker.com/original/0866bdf4459a891918e705244fe3b92e.jpg,2026-08-04 09:28:50,7980660,confirmed,https://www.spreaker.com/podcast/thrilling-narratives-of-mutiny-murder-and-piracy--7168199,1785835730,a981e88ebe97df6a4b8ac921d931633e,,4,0,INDIVIDUAL
Electra,Benito Pérez Galdós,https://www.spreaker.com/show/7168065/episodes/feed,"Originally staged in the Teatro Español in 1901, Electra is a controversial Spanish drama that documents the trials and tribulations of its innocent heroine. Electra is a young woman of unknown parentage who is raised in a convent in France and, after the death of her mother Eleuteria, adopted by her aunt and uncle. Electra soon falls in love with the scientist Maximo, but an intricate web of rumors and lies threatens to ruin their relationship. In this play, Benito Pérez Galdós tackles a number of hot-button themes: fanaticism, superstition, social justice, rationalism, and the powers of science. - Summary by ChuckW Cast list: Electra: Amanda Friday Evarista, wife of Don Urbano: Sarah Terry Maximo: KHand Don Salvador Pantoja: Negatron The Marquis of Ronda: ToddHW Don Leonardo Cuesta, a broker: Anthony Don Urbano Garcia Yuste: Phil Schempf Mariano, assistant in the laboratory: Eden Rea-Hedrick Gil, a mathematician: Availle Balbina, an old servant: Etel Buss Patros, a young servant: CJ Plog Jose, an old manservant: om123 Sister Dorotea: Beth Thomas A Workman: David Olson The Shade of Eleuteria: Mary Kay Narrator: Rapunzelina Editor: ToddHW",Spreaker,en,https://d3wo5wojvuv7l.cloudfront.net/t_rss_itunes_square_1400/images.spreaker.com/original/4b55e155099b92c86eff065f458347db.jpg,2026-08-04 09:28:34,7980659,confirmed,https://www.spreaker.com/podcast/electra--7168065,1785835714,085a88a01de129b3705865902a8b8f8a,,4,0,INDIVIDUAL
"Cycle Industry, its origin, history and latest developments",Walter Ferdinando Grew,https://www.spreaker.com/show/7167821/episodes/feed,From the velocipede to the motor cycle in twenty chapters. A short history of the British bicycle industry from its origins in a Coventry sewing machine factory in 1868 to its transformation into one of the countries most important industries. A reminder of the days when bicycles ruled the roads from the Pitman's Common Commodities and Industry Series. - Summary by Phil Benson,Spreaker,en,https://d3wo5wojvuv7l.cloudfront.net/t_rss_itunes_square_1400/images.spreaker.com/original/8ab1c97524b471c001a60e6f5e948b72.jpg,2026-08-04 09:28:34,7980658,confirmed,https://www.spreaker.com/podcast/cycle-industry-its-origin-history-and-latest-developments--7167821,1785835714,63eebd454933dd123333d13d124e4dc1,,4,0,CORPORATE
King of the Khyber Rifles,Talbot Mundy,https://www.spreaker.com/show/7167962/episodes/feed,"Athelstan King is a British Secret Agent stationed in India at the beginning of WWI. He is attached to the Khyber Rifles regiment as a cover, but his real job is to prevent a holy war. ""To stop a holy war single-handed would be rather like stopping the wind--possibly easy enough, if one knew the way."" King is ordered to work with a mysterious and powerful Eastern woman, Yasmini. Can King afford to trust her? Can he afford not to? Introduction by Brett W. Downey",Spreaker,en,https://d3wo5wojvuv7l.cloudfront.net/t_rss_itunes_square_1400/images.spreaker.com/original/5dfd7bafd9ad32ab3e5db8a91323f3cd.jpg,2026-08-04 09:27:53,7980657,confirmed,https://www.spreaker.com/podcast/king-of-the-khyber-rifles--7167962,1785835673,4ca2f7ba3be51ec5af2e9c96ea8f61d7,,4,0,INDIVIDUAL
Sonnets,Edna St. Vincent Millay,https://www.spreaker.com/show/7164579/episodes/feed,"It has been observed that within the narrow confines of a sonnet the mind can turn around but cannot take flight. Some of Millay’s sonnets, though, resemble the narrow confines of a loaded pistol (with a silencer), at the end of which the reader feels propelled to a higher emotional plane. Nevertheless, the predominant mood is melancholy, regret for the brevity of life and especially for the death of her husband. Today’s world can accept more readily than her own the feminism of her poetry and her casual but touching references to love outside of marriage. Millay’s syntax can become challenging, but her most profound utterances are simply phrased (“I do not think I would”) and often startlingly colloquial: “you may whistle for me.” Millay does not follow exclusively the Shakespearean or the Italian rhyme scheme in her sonnets but varies at will. Her iambic meter is (except as indicated below) as strict as Milton’s, with the same love of enjambment and inverted feet to obscure rhymes and to create bouncing rhythms and sudden turns. Her handling of the sonnet form departs rarely but sometimes radically from tradition, as when a heptameter line (of seven feet) replaces the pentameter at the end of a sonnet, a regular feature of the final lines of “Sonnets from an Ungrafted Tree”; e.g., “And some old catalogue, and a brown, shriveled apple core.” She also permits an extrametrical weak syllable at the caesura and occasional other weak, nearly negligible syllables elsewhere, usually justified as pronounceable elisions, like “risen” (ris’n), “blossoming” (bloss’ming), “enemy” (en’my); yet sometimes not, like “ne(ver),” “ult(i)mate,” “flat(tened).” (Summary by T. A. Copeland)",Spreaker,en,https://d3wo5wojvuv7l.cloudfront.net/t_rss_itunes_square_1400/images.spreaker.com/original/123e0b6394d0bc2d0c00a2d399502ab8.jpg,2026-08-04 09:27:39,7980656,confirmed,https://www.spreaker.com/podcast/sonnets--7164579,1785835659,1cf2d106b8ada72059804bcd629e1f23,,4,0,INDIVIDUAL
Inventions Of The Great War,Alexander Russell Bond,https://www.spreaker.com/show/7167996/episodes/feed,"“… this war was not one of mere destruction. It set men to thinking as they had never thought before. It intensified their inventive faculties, and as a result, the world is richer in many ways. Lessons of thrift and economy have been taught us. Manufacturers have learned the value of standardization. The business man has gained an appreciation of scientific research. The whole story is too big to be contained within the covers of a single book, but I have selected the more important and interesting inventions and have endeavored to describe them in simple language for the benefit of the reader who is not technically trained.” Bond was the sometime editor of Scientific American magazine. ( Book Preface, David Wales)",Spreaker,en,https://d3wo5wojvuv7l.cloudfront.net/t_rss_itunes_square_1400/images.spreaker.com/original/bee0bc1f9b70349e61a2421c3d79284e.jpg,2026-08-04 09:27:11,7980653,confirmed,https://www.spreaker.com/podcast/inventions-of-the-great-war--7167996,1785835631,d2ef8eb067b86dae5c2d5a648099f909,,4,0,CORPORATE
Andromache,Euripides,https://www.spreaker.com/show/7168084/episodes/feed,"Andromache is a Classical Greek verse tragedy written by Euripides in the 5th century BCE. When Troy was taken by the Greeks, Andromache, wife of that Hector whom Achilles slew ere himself was slain by the arrow which Apollo guided, was given in the dividing of the spoils to Neoptolemus, Achilles’ son. So he took her oversea to the land of Thessaly, and loved her, and entreated her kindly, and she bare him a son in her captivity. But after ten years! Neoptolemus took to wife a princess of Sparta, Hermione, daughter of Menelaus and Helen. But to these was no child born, and the soul of Hermione grew bitter with jealousy against Andromache. Now Neoptolemus, in his indignation for his father’s death, had upbraided Apollo therewith: wherefore he now journeyed to Delphi, vainly hoping by prayer and sacrifice to assuage the wrath of the God. But so soon as he was gone, Hermione sought to avenge herself on Andromache ; and Menelaus came thither also, and these twain went about to slay the captive and her child, Wherefore Andromache hid her son, and took sanctuary at the altar of the Goddess Thetis, expecting till Peleus, her lord’s grandsire, should come to save her. And herein are set forth her sore peril and deliverance : also it is told how Neoptolemus found death at Delphi, and how he that contrived his death took his wife. (Summary by Alan Mapstone and the Translator) Cast List Andromache: Wendy Katz Hiller Handmaid: Agnes Robert Behr Hermione: Rita Boutros Menelaus: Algy Pug Molossus: Inkell Peleus: Beeswaxcandle Nurse: Sonia Orestes: Greg Giordano Messenger: Larry Wilson Thetis: dc Chorus: Alan Mapstone Stage Directions: James R Hedrick",Spreaker,en,https://d3wo5wojvuv7l.cloudfront.net/t_rss_itunes_square_1400/images.spreaker.com/original/ecf0a709be497ffdc387a5bd87535e1d.jpg,2026-08-04 09:26:47,7980649,confirmed,https://www.spreaker.com/podcast/andromache--7168084,1785835607,defa0ad884c5c1d2e1551c4637784fe7,,4,0,INDIVIDUAL
Lecture on Artificial Flight,William G. Krueger,https://www.spreaker.com/show/7168044/episodes/feed,"Lecture on artificial flight given on request of the Academy of Natural Sciences on August 7, 1876 in San Francisco, California by William G. Krueger with reference to a model of his own invention. - Summary by Carrie Gorman",Spreaker,en,https://d3wo5wojvuv7l.cloudfront.net/t_rss_itunes_square_1400/images.spreaker.com/original/47366393a5165a3bfb623d8b425c65f0.jpg,2026-08-04 09:26:41,7980648,confirmed,https://www.spreaker.com/podcast/lecture-on-artificial-flight--7168044,1785835601,8d9743aaf5d0826e1fe406cf87e14b4b,,4,0,INDIVIDUAL
House of Whispers,William Le Queux,https://www.spreaker.com/show/7167987/episodes/feed,"This is a story about a young lady and her blind father who live in a House of Whispers. ""There is a legend that those who hear the whispers die quickly and suddenly."" Story written by William Le Queux in 1910. Le Queux mainly wrote in the genres of thriller, espionage, mystery. (Summary by April6090)",Spreaker,en,https://d3wo5wojvuv7l.cloudfront.net/t_rss_itunes_square_1400/images.spreaker.com/original/5c7f053a8e339df06402e025d2707477.jpg,2026-08-04 09:26:41,7980647,confirmed,https://www.spreaker.com/podcast/house-of-whispers--7167987,1785835601,dc62a6de7897f73fd225cbc41676ca62,,4,0,INDIVIDUAL
Violets And Other Tales,Alice Dunbar Nelson,https://www.spreaker.com/show/7161575/episodes/feed,"This is a collection of the author's short stories and poems where she writes about the collective experience of African American women, and African Americans in general. But she is sharpest when she pushes back against the notion that women must accept and endure a subservient role to men. - Summary by James K. White",Spreaker,en,https://d3wo5wojvuv7l.cloudfront.net/t_rss_itunes_square_1400/images.spreaker.com/original/87875e7668a24a22db1dac0b10d01904.jpg,2026-08-04 09:26:22,7980645,confirmed,https://www.spreaker.com/podcast/violets-and-other-tales--7161575,1785835582,06bf5f0defb685a2c0399c3dc3e41b06,,4,0,INDIVIDUAL
Night-Born,Jack London,https://www.spreaker.com/show/7164146/episodes/feed,"Ten short stories on various themes and subjects, all more or less bizarre. The Night-Born is about a woman who draws inspiration to change her life from an article she chanced to read. In The Benefit of the Doubt, a crooked judge gets a lesson in justice. When The World Was Young is the story of Primitive Man and Civilized Man sharing the same body. And so on. Each story is unique and thought-provoking. (Summary by TriciaG)",Spreaker,en,https://d3wo5wojvuv7l.cloudfront.net/t_rss_itunes_square_1400/images.spreaker.com/original/7d30e381071fe6be0130ac9eb83e3d0d.jpg,2026-08-04 09:26:08,7980643,confirmed,https://www.spreaker.com/podcast/night-born--7164146,1785835568,67ff8f166598543423aa41beea6f915d,,4,0,INDIVIDUAL
Verses,Frank H. Craig,https://www.spreaker.com/show/7161676/episodes/feed,Frank H. Craig (1859-1945) was superintendent of Wethersfield (Ill.) schools from 1903 to 1918. He later moved in Vermont and wrote prose and poetry about the rural communities in which he lived. These poems reflect the author's love for nature and the people and memories that brought meaning to his life. The reader wishes to thank the Kewanee Historical Society for providing her access to this book. (Summary by MaryAnn),Spreaker,en,https://d3wo5wojvuv7l.cloudfront.net/t_rss_itunes_square_1400/images.spreaker.com/original/a7a9ea39bb78bbef259744208cd4fb85.jpg,2026-08-04 09:24:22,7980640,confirmed,https://www.spreaker.com/podcast/verses--7161676,1785835462,72c95aba333e734ed88454fbdab65f89,,4,0,INDIVIDUAL
"Works of Edgar Allan Poe, Raven Edition, Volume 5",Edgar Allan Poe,https://www.spreaker.com/show/7161644/episodes/feed,"This, the last of 5 volumes containing Poe's works, contains a collection of both prose and poetry. (Summary by TriciaG) Cast List for Section 42:Narrator / Stage Directions: Ellen PreckelAlessandra: Amanda FridayCastiglione: Phil SchempfDiBroglio: Algy PugLalage: Pam CastilleJacinta: AvailleMonk, Benito: Larry WilsonBaldazzar: TriciaGPolitian: Alan RoseVoice: Frances Brown",Spreaker,en,https://d3wo5wojvuv7l.cloudfront.net/t_rss_itunes_square_1400/images.spreaker.com/original/d580786f9d26bca38712c06bc45271a7.jpg,2026-08-04 09:23:39,7980639,confirmed,https://www.spreaker.com/podcast/works-of-edgar-allan-poe-raven-edition-volume-5--7161644,1785835419,fb7659e2de0aa9e9ea2d3c1a2f4c3bae,,4,0,INDIVIDUAL
More Than Sundays,Mt. Vernon Church,https://anchor.fm/s/1124ecb8c/podcast/rss,"More Than Sundays is the podcast of Mt. Vernon Church, created to help you stay connected throughout the week. Join us as we talk about what God is doing in the life of our church, highlight different ministries, share stories of God’s faithfulness, and have conversations about biblical truth and theology that encourage and equip believers to follow Jesus every day.
Whether you’re a longtime member or just getting connected, our hope is that these conversations will strengthen your faith, keep you informed, and remind you that life with Christ is about more than Sundays.",Anchor,en-us,https://d3t3ozftmdmh3i.cloudfront.net/staging/podcast_uploaded_nologo/45921211/45921211-1784332933947-9ac8bbc487352.jpg,2026-08-04 09:05:45,7980631,confirmed,https://podcasters.spotify.com/pod/show/tyler-harper,1785834345,9a860f7e34d1466478c9b1942685b204,1896855177.0,2,0,CORPORATE
Exhale with Lora Bunch Carr,Lora Bunch Carr,https://rss.buzzsprout.com/2628058.rss,"<p><b>Exhale</b> </p><p>Healing and Rebuilding one breath at a time. </p><p><br><b>Hosted by Lora Bunch Carr</b></p><p>What if your hardest seasons weren’t the end of your story?</p><p>Welcome to <b>Exhale</b>, the podcast for those who are ready to heal, rebuild, and create a life they truly love.</p><p>Hosted by author, speaker, coach, and Regional Property Manager <b>Lora Bunch Carr</b>, each episode offers honest conversations about rebuilding after life’s hardest moments—including grief, trauma, abuse, loss, career setbacks, and life’s unexpected detours.</p><p>Through powerful storytelling, practical tools, lessons from nature, faith, leadership, and real-life experience, Lora shares the journey that led her from surviving to thriving—and helps others do the same.</p><p>You’ll hear stories from the beach, wisdom from her Appalachian roots, lessons from decades of leadership, knowledge from years of education and experienced coaching and conversations designed to encourage you to keep taking the next brave step.</p><p>Because healing isn’t linear.</p><p>Rebuilding takes courage.</p><p>And it’s never too late to build you and the life you want. </p><p>Whether you’re rebuilding your heart, your confidence, your career, your relationships, or your purpose…</p><p>You’re welcome here.</p><p><b>New episodes every week.</b></p><p> Healing is messy, but worth it.</p><p>Rebuilding takes courage but the reward is a life you love. </p><p><br></p><p>— <b>Lora Bunch Carr</b></p>",Buzzsprout,en-us,https://storage.buzzsprout.com/px49qtrltj5x0bbrvxwppyz10ggj?.jpg,2026-08-04 09:05:36,7980630,confirmed,https://www.buzzsprout.com/2628058,1785834336,2b385ea36904bb5e93c8af4bbe1c7d1b,,4,0,INDIVIDUAL
State of Play with Peter Alexander,"PETER ALEXANDER, MS NOW",https://feeds.simplecast.com/6A7CUq3h,"Based in Washington, D.C., ‘State of Play’ will provide viewers with authoritative and original reporting, thoughtful conversations, and in-depth analysis of the biggest political and national stories shaping the day. Built around Peter Alexander’s trusted reporting, deep experience covering Washington, and unmatched relationships across government and beyond, the program aims to help audiences better understand not only what is happening, but why it matters.",Simplecast,en,https://image.simplecastcdn.com/images/6849796f-ae40-4c61-8e06-138baa787cd1/229502f6-b7b3-4fd3-9068-df2507d283a8/3000x3000/ms_nowstate_of_playshowcastcoverart3000x3000.jpg?aid=rss_feed,2026-08-04 09:05:30,7980629,confirmed,https://www.ms.now/,1785834330,45b0cc1475d40c68b08d369256829239,6797550429.0,2,0,CORPORATE
Learning Differently with Shelanti Private School,Shelanti Private School,https://anchor.fm/s/1151dc2a0/podcast/rss,"Learning Differently with Shelanti Private School explores innovative education, child development, and the unique ways children learn and grow. Each episode shares practical insights for parents and educators on topics like whole brain learning, confidence, resilience, creativity, technology, music, and more. Join us as we discover how understanding different learning styles can help every child thrive and reach their full potential.",Anchor,en-za,https://d3t3ozftmdmh3i.cloudfront.net/staging/podcast_uploaded_nologo/46392392/46392392-1784543505019-c54244104b295.jpg,2026-08-04 09:03:33,7980625,confirmed,https://podcasters.spotify.com/pod/show/shelanti-private-school2,1785834213,c8eebf268f1288e1be32f3d58e4e11a6,6793991829.0,2,0,CORPORATE
MARS Magazine,Adario Strange,https://feeds.libsyn.com/614515/rss,"MARS Magazine is an exploration into the intersection of technology and culture through movies, TV, books, and games. Real life as science fiction.",Libsyn,en,https://static.libsyn.com/p/assets/f/d/8/b/fd8bdf6593c3545416c3140a3186d450/mars-podcast-feed-logo.jpg,2026-08-04 09:01:43,7980621,confirmed,https://www.marsmag.com,1785834103,7410b05b7c0ba7ade04b108419954c59,,4,0,INDIVIDUAL
Sleepy Science Zone,Sleepy Science Zone,https://www.spreaker.com/show/7233796/episodes/feed,"Welcome to Sleepy Science Zone, a peaceful corner of the internet where night becomes a place of healing. Here, you don’t have to try anymore — just breathe, listen, and let go. Each episode is written with warmth and care, guiding you softly into rest. At Sleepy Science Zone, we blend calm storytelling with reflections inspired by nature, the universe, healing and the quiet wonders of the human mind. No heavy science — just kind words that help you unwind after a long day. When you press play, you enter a slower world of soft voices and gentle melodies. Imagine lying under a calm sky, hearing, “You are safe here.” That’s Sleepy Science Zone — a sanctuary for your mind and heart, helping you release stress, quiet your thoughts, and drift peacefully into sleep.",Spreaker,en,https://d3wo5wojvuv7l.cloudfront.net/t_rss_itunes_square_1400/images.spreaker.com/original/4d0d631af12ee51cd2132cc95986a331.jpg,2026-08-04 09:01:25,7980617,confirmed,https://www.spreaker.com/podcast/sleepy-science-zone--7233796,1785834085,6cb009694e6bbfed90dcd3054ad6edd9,,4,0,INDIVIDUAL
Outer Banks: The Official Podcast,Netflix,https://feeds.megaphone.fm/NETFLIX9539035051,"<p>It’s official – Outer Banks: The Official Podcast is dropping alongside Season 5, featuring your favorite pogues. </p>
<p>Host Ria Ciuffo (Chicks in the Office), podcaster and true die-hard OBX fan, sits down with the cast for six episodes packed with behind-the-scenes stories, nostalgia, character deep dives, and more.</p>
<p>Five solo interviews, one with each core Pogue — Chase Stokes (John B.), Madelyn Cline (Sarah Cameron), Carlacia Grant (Cleo), Jonathan Daviss (Pope), and Madison Bailey (Kiara). They're unpacking their characters' full journeys, the twists that defined the series, and what it's really been like living in this world for five seasons.</p>
<p>Then it all comes together for the final goodbye in the sixth episode — the Pogue girls and Pogue guys reunite for two group discussions, reminiscing and remembering the highlights of the past seven years.</p>
<p>Watch the full video exclusively on <a href=""www.netflix.com/outerbankstheofficialpodcast"">Netflix</a>. You can also listen wherever you get your podcasts. All episodes release on August 20th.</p>
<p>Woogity woogity!</p>
<p><br></p>
<p><br></p>",Megaphone,en,"https://megaphone.imgix.net/podcasts/08805e74-87ca-11f1-8bb0-476159d28068/image/e3658bdc2eee4cc22033e3f841e9439a.png?ixlib=rails-4.3.1&max-w=3000&max-h=3000&fit=crop&auto=format,compress",2026-08-04 08:43:12,7980609,confirmed,,1785832992,0511f48a3162008f9710b865e2f21b1a,6797539713.0,2,0,CORPORATE
CloudStorageHub,CloudStorageHub,https://www.spreaker.com/show/7233762/episodes/feed,"Welcome to Cloud Storage Hub! <br />This community is for anyone interested in<a href=""https://terawas.com"" target=""_blank"" rel=""noreferrer noopener""> cloud storage,</a> cloud computing, online backups, data security, file sharing, and digital technology. Discuss the latest cloud services, compare storage solutions, share tips, ask questions, and learn how to keep your data safe and accessible.<br />Whether you're a beginner, tech enthusiast, developer, or IT professional, join the conversation and explore the future of cloud technology.<br />",Spreaker,en,https://d3wo5wojvuv7l.cloudfront.net/t_rss_itunes_square_1400/images.spreaker.com/original/d30da0ae5cf2de48e92f06ce10a068bc.jpg,2026-08-04 08:32:47,7980602,confirmed,https://www.spreaker.com/podcast/cloudstoragehub--7233762,1785832367,2d1cfa1d23cb316968c5c88fb2997d8b,,4,0,INDIVIDUAL
KNIGHT1NCHRIST,JRZ,https://rss.buzzsprout.com/2634059.rss,<p>How to rise from adversities having faith in Christ falling through the depths and still finding peace in God's promises.</p>,Buzzsprout,en-us,https://storage.buzzsprout.com/k00itxygkl7l7io5oaksv757fn0o?.jpg,2026-08-04 08:24:32,7980598,confirmed,,1785831872,846c12f328822c224546bc044a6b072c,,4,0,CORPORATE
Soft Season with LWB,Lanette Ware-Bushfield,https://www.spreaker.com/show/7233415/episodes/feed,"Welcome to the Soft Season with LWB, a sacred space created to honor the rest, healing, and inner wisdom of Black women. For generations, Black women have carried families, communities, and cultures, often placing the needs of others before their own. Studies continue to show that the overwhelming majority of Black women experience chronic stress, making intentional rest not a luxury, but a vital act of restoration. This channel exists as an invitation to return to yourself. These guided meditations are lovingly created for Black women embracing their soft season, a season of stillness, self-reflection, emotional healing, and radical self-love. Here, softness is strength. Rest is resistance. Healing is inheritance. Each meditation honors the ancestral women who walked before us, whose resilience, prayers, and love live within us today. We also meditate for the generations yet to come, for our daughters, nieces, granddaughters, and every young Black girl who deserves to inherit peace alongside power. This is a place to reconnect with your breath, your body, your spirit, and your purpose. To release what no longer serves you. To remember that your worth has never been defined by how much you carry or how tirelessly you give. Black women have always been among humanity's greatest nurturers, creators, visionaries, and healers. These meditations celebrate that enduring legacy while making space for something equally sacred: your own well-being. May each practice bring you closer to peace, deeper into yourself, and back to the softness that has always been yours. <br /><br />Welcome home sis. <br />We love you, we've got you, we are you!",Spreaker,en,https://d3wo5wojvuv7l.cloudfront.net/t_rss_itunes_square_1400/images.spreaker.com/original/9a479c87bce8a45d935568f22ec46d57.jpg,2026-08-04 08:21:46,7980597,confirmed,https://www.spreaker.com/podcast/soft-season-with-lwb--7233415,1785831706,848e7f57506137886663776fc2db2a3e,,4,0,INDIVIDUAL
When TRAUMA Opens the Door,jemspokane,https://feed.podbean.com/jemspokane/feed.xml,"<p><span style=""color:#000000;"">When Trauma Opens the Door explores the intersection of Complex PTSD, perception, and paranormal experiences through personal stories, documented evidence, expert discussions, and thoughtful conversation. Hosted by author June Matthews, each episode asks difficult questions, examines extraordinary experiences with an open mind, and encourages listeners to decide for themselves:</span></p>
<p><span style=""color:#000000;"">Is the paranormal real?</span></p>
<p><span style=""color:#000000;"">Whether you’re a skeptic, a believer, a trauma survivor, or simply curious, this podcast offers a respectful space to explore experiences that challenge our understanding of reality.</span></p>",Podbean,en,https://pbcdn1.podbean.com/imglogo/image-logo/22516995/podcast1400logoBLACK.png,2026-08-04 08:20:33,7980596,confirmed,https://jemspokane.podbean.com,1785831633,d7c6289404bebe2ea8a92782818bea52,6795256345.0,2,0,INDIVIDUAL
Modern Medicine in Michigan,robertzaid,https://anchor.fm/s/11594f578/podcast/rss,"Real medicine, explained clearly — by the physicians of PrimeCare of Michigan. Modern Medicine in Michigan cuts through the noise on the health topics you actually wonder about, with the occasional detour somewhere unexpected. It's never unrelated.",Anchor,en,https://d3t3ozftmdmh3i.cloudfront.net/staging/podcast_uploaded_nologo/46470510/46470510-1785607268841-e6e67fd960d3c.jpg,2026-08-04 08:20:27,7980595,confirmed,https://podcasters.spotify.com/pod/show/robertzaid7,1785831627,c46b98d48b7c47a06fb6698a5c5dc5e7,6797074586.0,2,0,INDIVIDUAL
Tally Ho! The Improvised War Movie,Dan Cooper,https://feeds.acast.com/public/shows/6a67b7c9ad2617d1d5a2df65,"<p><em>In 1942, Britain's film industry was nationalised by the Ministry for Air, War and Beef Supplies. Studios were told to produce propaganda films to keep the public's spirits up. These films were quickly and cheaply made, shown for a week and then placed into a vault, never to be seen again...</em></p><br><p><em>Tally Ho! The Improvised War Movie</em> features a team of improvisers who perform a film entirely based on the titles suggested by listeners (that's you, folks). Sometimes they're globe-trotting action adventures, sometimes it's a quaint romantic comedy set in a little village, but their mission is always to make you laugh.</p><br><p>New episodes every other Tuesday.</p><hr><p style='color:grey; font-size:0.75em;'> Hosted on Acast. See <a style='color:grey;' target='_blank' rel='noopener noreferrer' href='https://acast.com/privacy'>acast.com/privacy</a> for more information.</p>",Acast,en,https://assets.pippa.io/shows/6a67b7c9ad2617d1d5a2df65/1785238813850-44f9c797-2904-40b6-9a6b-b611b39de327.jpeg,2026-08-04 08:17:52,7980593,confirmed,https://feeds.acast.com/public/shows/tally-ho-the-improvised-war-movie,1785831472,2232b233bc17dc0706368467204f6aec,,0,0,INDIVIDUAL
The Sports Zone,patrick muna,https://www.spreaker.com/show/7233765/episodes/feed,"Welcome to Sports Zone Podcast, your ultimate destination for the latest sports news, breaking headlines, expert analysis, match previews, post-game reactions, transfer updates, and in-depth discussions from around the world.Whether you're passionate about football (soccer), basketball, American football, baseball, tennis, Formula 1, cricket, MMA, boxing, or other major sports, Sports Zone Podcast delivers fresh insights, trending stories, and expert opinions to keep you informed and entertained.Every episode covers:<ul><li>Breaking sports news and live updates</li><li>Match analysis and tactical breakdowns</li><li>Player performances and team news</li><li>Transfer rumors and confirmed signings</li><li>Championship races and tournament coverage</li><li>Exclusive opinions and predictions</li><li>Weekly highlights and biggest moments in sports</li></ul>Join thousands of sports fans as we explore the stories behind the scores, celebrate unforgettable moments, and discuss the biggest events shaping the world of sports.",Spreaker,en,https://d3wo5wojvuv7l.cloudfront.net/t_rss_itunes_square_1400/images.spreaker.com/original/a0dda1a059019b98dfefa8b67508ff9b.jpg,2026-08-04 08:15:52,7980591,confirmed,https://www.spreaker.com/podcast/the-sports-zone--7233765,1785831352,a1c7cc3da17adb6cc95133211986cbcd,,4,0,INDIVIDUAL
The Women Behind the Network,Hamilton Barnes,https://rss.buzzsprout.com/2629270.rss,"<p>The Women Behind the Network brings together women from across the tech industry to share honest conversations about careers, confidence, leadership and everything in between. It's a space to learn from each other's experiences, build connections and inspire the next generation.</p>",Buzzsprout,en-gb,https://storage.buzzsprout.com/cvvikaesnelouj5hf602mk5bz1kf?.jpg,2026-08-04 08:15:19,7980590,confirmed,,1785831319,7c10e3420b1f4fe2e7068091b034921f,,0,0,INDIVIDUAL
Sleepy Science Lab,Sleepy Science Lab,https://www.spreaker.com/show/7233764/episodes/feed,"The Sleepy Lab 🌙🔬 Where curiosity meets calm. This is a place for slow science, soft stories, and the kind of wonder that doesn’t need to shout. Each epsode gently guides you through the beauty of science—from the tiniest atoms to the vastest galaxies, and all the quiet forces in between. Whether you’re here to fall asleep, unwind after a long day, or just enjoy a quiet moment of learning, you’re welcome exactly as you are. No stress. No fast facts. Just science, spoken softly.",Spreaker,en,https://d3wo5wojvuv7l.cloudfront.net/t_rss_itunes_square_1400/images.spreaker.com/original/48ce8380cceb35ad8000fa1a48c67fc8.jpg,2026-08-04 08:11:41,7980587,confirmed,https://www.spreaker.com/podcast/sleepy-science-lab--7233764,1785831101,72b149df9c76e1af05c3e445695f357e,,4,0,CORPORATE
Pat & Rocky Travel,Pat & Rocky Travel,https://www.spreaker.com/show/7233763/episodes/feed,"Welcome to <a href=""https://www.youtube.com/@PatRockyTravel1"" target=""_blank"" rel=""noreferrer noopener"">Pat & Rocky Trave</a>l! Explore authentic travel experiences, local food, hidden gems, and practical travel tips from South Korea, Thailand, Vietnam, and beyond. Join us for honest destination guides, cultural insights, and unforgettable culinary adventures to inspire your next journey.",Spreaker,en,https://d3wo5wojvuv7l.cloudfront.net/images.spreaker.com/nuvolari-assets/blue_square_mic.jpg,2026-08-04 08:09:23,7980585,confirmed,https://www.spreaker.com/podcast/pat-rocky-travel--7233763,1785830963,c0aa5e9df5d55cd548193a8e779162ca,,4,0,CORPORATE
30 Minute DPF Clean,30 Minute DPF Clean,https://www.spreaker.com/show/7233761/episodes/feed,"<a href=""https://30minutedpfclean.com/"" target=""_blank"" rel=""noreferrer noopener""><b>30 Minute DPF Clean</b></a> specializes in fast, reliable diesel particulate filter (DPF) cleaning and remanufacturing services. Using advanced hydraulic technology, we remove up to 98% of soot and restore engine performance, fuel efficiency, and power. We service trucks, cars, buses, generators, and heavy equipment with same-day turnaround options. Our expert team also handles EGR, DOC, SCR, and catalytic converter cleaning. With competitive pricing, pickup and delivery, and guaranteed results, we help keep your diesel vehicles running at peak performance.",Spreaker,en,https://d3wo5wojvuv7l.cloudfront.net/t_rss_itunes_square_1400/images.spreaker.com/original/4d0941b5ac0c947cf995412fdbe8ae20.jpg,2026-08-04 08:09:08,7980584,confirmed,https://www.spreaker.com/podcast/30-minute-dpf-clean--7233761,1785830948,254d2090200d26bd4f3845844c1df7ce,,4,0,INDIVIDUAL
Celebrity Talk Podcasts,Celebrity Talk,https://www.spreaker.com/show/7233729/episodes/feed,"Celebrity Talk brings you the latest celebrity news, entertainment updates, Hollywood stories, fashion trends, lifestyle features, and exclusive insights into the lives of your favourite stars. Stay connected with the world of fame and glamour.",Spreaker,en,https://d3wo5wojvuv7l.cloudfront.net/t_rss_itunes_square_1400/images.spreaker.com/original/f3db9d9af0c9e86f46de245f1279a145.jpg,2026-08-04 08:02:11,7980582,confirmed,https://www.spreaker.com/podcast/celebrity-talk-podcasts--7233729,1785830531,298cfc55cbc46e97fd59b4bf578721b2,,4,0,INDIVIDUAL
VILLAIN ORIGIN STORIES,TK,https://rss.buzzsprout.com/2634476.rss,"<p>Villain Origin Stories is a long-form interview series hosted by artist and creator TK, featuring artists, thinkers, and cultural figures confronting the catalyzing experiences that shaped them. Each conversation traces the wounds, choices, contradictions, relationships, and survival mechanisms behind the person the world sees today.<br><br>The series exists within DARKSIDE, TK’s larger musical and narrative universe. Each guest is being considered for entry into DARKSIDE, and organization with a mission to transform humanity. Prospects are challenged to face the parts of themselves they conceal, take accountability for the role they have played in their own story, and determine whether they are willing to transform their darkness into something purposeful.<br><br>These are not traditional interviews built around polished biographies or surface-level success. They are interrogations of identity, morality, pain, ambition, healing, and the moments that permanently alter a life.<br><br>Every villain has an origin story.</p>",Buzzsprout,en-us,https://storage.buzzsprout.com/o91xb7vawvk4a1znjojev8xsmg6s?.jpg,2026-08-04 07:59:46,7980579,confirmed,https://www.buzzsprout.com/2634476,1785830386,54b4fdee80619a12fceb3512060c308d,,4,0,INDIVIDUAL
Pour Decisions-The Wine Show,WGHN RADIO INC.,https://feed.podbean.com/wghn/feed.xml,"Pour Decisions, presented by Shanon Linton, a Local Realtor with Coldwell Banker Woodland Schmidt & Real Estate Unfiltered, is a weekly excursion into wine, great food, and storytelling among three friends in a small Michigan town.
Your hosts are Jesse Bruce of WGHN Radio, Chris Weavers of JW’s & J.Dub’s Market & Wine Shop in Grand Haven, and Title Sponsor Shannon Linton.
If you love learning about wine, the discovery of pairings, and the adventures this combination can lead to, make some ”Pour Decisions” with us.",Podbean,en,https://pbcdn1.podbean.com/imglogo/image-logo/21771942/Copy_of_Main_Font_2048_x_2048_px_9psby.png,2026-08-04 07:58:50,7980578,confirmed,https://wghn.podbean.com,1785830330,41dc43556e22ba09908c1063f501651f,6797123254.0,2,0,CORPORATE
ComMmon Ground,DJ McIver,https://feeds.transistor.fm/commmon-ground,"KPOP, comics, pop culture. ComMmon Ground is a galaxy of creative discussion centering the black, queer experience.",Transistor,en,https://img.transistorcdn.com/HmvenIKidQG1098-CMu2f2SvxQYhq68YeBjJRJqt1Ds/rs:fill:0:0:1/w:1400/h:1400/q:60/mb:500000/aHR0cHM6Ly9pbWct/dXBsb2FkLXByb2R1/Y3Rpb24udHJhbnNp/c3Rvci5mbS9jYjYw/YzRjMjMyY2YzMDBi/YjBkNjdkOTIwODQw/MjUwMS5wbmc.jpg,2026-08-04 07:47:59,7980574,confirmed,http://www.djmciver.com,1785829679,73ecc258dcb48288788f71cc7070132a,,4,0,INDIVIDUAL
Sleepy Science Official,Sleepy Science Official,https://www.spreaker.com/show/7233662/episodes/feed,"Welcome to the Sleepy Science Official 🌌🔬 Peaceful science stories to help you relax, unwind, and fall asleep naturally 😴 If you’re looking for slow, soothing science stories that help you relax, unwind, and drift peacefully to sleep, you’ve found your new favorite place. Our gentle science explorations and mindful storytelling create the perfect atmosphere for rest, combining the wonder of nature and the mysteries of the universe with a quiet, soothing pace. Whether you want to soothe your mind after a long day or satisfy your curiosity with calming science explanations, our channel is designed to help you relax deeply and sleep soundly. Join us for bedtime science stories, slow science narration, and relaxing science content that nurtures your curiosity and calms your spirit.",Spreaker,en,https://d3wo5wojvuv7l.cloudfront.net/t_rss_itunes_square_1400/images.spreaker.com/original/bfe676e9b635c3cfbcd79b177ad7570e.jpg,2026-08-04 07:45:04,7980572,confirmed,https://www.spreaker.com/podcast/sleepy-science-official--7233662,1785829504,851eb0d38ca293e88b5f73bf95321b61,,4,0,INDIVIDUAL
The Changing Lawyer,Avaneesh Marwaha,https://anchor.fm/s/113e42f3c/podcast/rss,"The Changing Lawyer podcast explores how legal practice is being reshaped from the inside out. Each episode brings candid conversations with the leaders, operators, and analysts tracking one of the profession's most consequential moments. Hosted by Avaneesh Marwaha, Litera CEO, he cuts through the noise with his guests to surface the data, trends, and on-the-ground realities defining the future of legal work. Less hype, more signal; what's working, what's quietly breaking, and what comes next.",Anchor,en,https://d3t3ozftmdmh3i.cloudfront.net/staging/podcast_uploaded_nologo/46186887/46186887-1781720424262-969edb51b5e09.jpg,2026-08-04 07:35:16,7980567,confirmed,https://podcasters.spotify.com/pod/show/the-changing-lawyer6,1785828916,7f5b19b7bf9dce2268a9847e20cfa2f1,1896940042.0,2,0,INDIVIDUAL
A Podcast by Joe Louis,"Joe Louis Entertainment, LLC",https://feed.podbean.com/APodcastByJoeLouis/feed.xml,"A Podcast by Joe Louis is a compelling journey into self-mastery, creative entrepreneurship, and the modern human experience. The series serves as an unfiltered guide for anyone striving to live authentically, break free from external expectations, and build a meaningful path on their own terms.
Blending philosophical depth, sharp humor, and practical wisdom, the podcast explores what it truly means to be an expert on your own life. From navigating the complexities of the entertainment and digital landscapes to unlearning the need for external validation, the show consistently challenges listeners to reject outside projections, embrace their individuality, and maximize their full potential.",Podbean,en,https://pbcdn1.podbean.com/imglogo/image-logo/22526712/6.png,2026-08-04 07:31:25,7980566,confirmed,https://APodcastByJoeLouis.podbean.com,1785828685,c3249067d2a18cf8bfd7a48475f572a7,6795909707.0,2,0,CORPORATE
The Texas Real Estate Briefing Podcast,Adriana Perez | Texas REALTOR®,https://anchor.fm/s/114ba826c/podcast/rss,"Listen in as we unpack the real stories behind Texas homes, neighborhoods, affordability, risk, and the decisions buyers and sellers need to understand before they make a move.",Anchor,en,https://d3t3ozftmdmh3i.cloudfront.net/staging/podcast_uploaded_nologo/46327347/46327347-1783610380100-ed6903a5283d4.jpg,2026-08-04 07:17:11,7980562,confirmed,https://podcasters.spotify.com/pod/show/adriana-perez81,1785827831,81a06abd296eba72976497a7fb1258b8,6789363857.0,2,0,INDIVIDUAL
The Table,Anita Calvi,https://anchor.fm/s/1156d5680/podcast/rss,"What if the life you're trying so hard to hold together is the very life Jesus is inviting you to surrender? Welcome to The Table. A place for the woman who's exhausted from striving, overwhelmed by anxiety, or searching for peace, purpose and identity. Each week we'll open up Scripture, share honest conversations, and learn what it looks like to exchange self- reliance for surrender and fear for trust in Christ. Pull up a chair. There's a place for you here.",Anchor,en-us,https://d3t3ozftmdmh3i.cloudfront.net/staging/podcast_uploaded_nologo/46444544/46444544-1785256556794-d0b7e40411838.jpg,2026-08-04 07:13:40,7980559,confirmed,https://podcasters.spotify.com/pod/show/12277156949,1785827620,b7cf23e2c705a3d58366398a3a9dffd8,6797033298.0,2,0,INDIVIDUAL
Ask Pastor Mark,Christ Community Church,https://feed.podbean.com/askpastormark/feed.xml,"<p>Join Pastor Mark Johnson and lay elder Titus Landegent of Christ Community Church in Sioux Center, Iowa, as they answer questions submitted by their church.</p>
<p>Questions can be submitted at https://www.christccevfree.org/ask-pastor-mark-podcast</p>",Podbean,en,https://pbcdn1.podbean.com/imglogo/image-logo/22528216/Ask_Pastor_Mark_Logo_finala7apn.png,2026-08-04 07:13:39,7980558,confirmed,https://askpastormark.podbean.com,1785827619,12d56e3e7f47cdcd8ad17642f4ab0adb,6796474607.0,2,0,CORPORATE
Your Good Judy,Dillon James,https://feeds.acast.com/public/shows/6a7035d6034f16a52eabcf24,"A podcast about media, culture, literary fiction, politics, fragrance, and the pursuit of happiness. Think of it like a daily 30-minute phone call with your new best friend.<hr><p style='color:grey; font-size:0.75em;'> Hosted on Acast. See <a style='color:grey;' target='_blank' rel='noopener noreferrer' href='https://acast.com/privacy'>acast.com/privacy</a> for more information.</p>",Acast,en,https://assets.pippa.io/shows/cover/1785738550671-534bfcd7-6205-41f8-bafb-842147369bad.jpeg,2026-08-04 07:06:13,7980555,confirmed,https://feeds.acast.com/public/shows/your-good-judy,1785827173,24cbb27a8abbc79ed0724e42e473a168,,0,0,INDIVIDUAL
The Money Story,Andrew,https://rss.buzzsprout.com/2634488.rss,"<p>Every fortune has a story. The Money Story brings you one gripping true tale from the world of money every single day — the bubbles that made and ruined cities, the deals that built empires, the mistakes that cost billions, and the psychology that drives every dollar you will ever touch. In three minutes, you will hear the story, feel the drama, and walk away with one lesson you can use tomorrow. No jargon. No lectures. Just the best money stories ever told.<br><br>New episode every day.</p>",Buzzsprout,en-us,https://storage.buzzsprout.com/uztlvsmjee62lggv7ksutvnoevx0?.jpg,2026-08-04 06:59:20,7980551,confirmed,,1785826760,9931b223dfbc26c02bf5a3e89e85b6ff,,4,0,CORPORATE
The Undiscovered Gems Podcast,Undiscovered Gems,https://feeds.simplecast.com/kzpBJYOR,Showcasing today's Best and Brightest Business minds ......,Simplecast,en,https://image.simplecastcdn.com/images/9136ff3a-6b7f-41e6-a105-55c58423d554/2c953997-e540-4969-b8e9-5eef06d4952e/3000x3000/ungem-logo.jpg?aid=rss_feed,2026-08-04 06:46:43,7980549,confirmed,https://show-intro.simplecast.com,1785826003,e4cb0cfc0f1105d7b6985b558bd90e4b,1693242848.0,2,0,INDIVIDUAL
SouthStar Bank,SouthStar Bank,https://www.spreaker.com/show/7233465/episodes/feed,"SouthStar Bank, S.S.B. (headquartered in Moulton, TX) specializes in residential mortgage, real estate, and construction lending, operating 15 full-service branches across the Central Texas region. Established in 1920, the bank holds over $1 billion in assets and focuses on community involvement and personal relationships.",Spreaker,en,https://d3wo5wojvuv7l.cloudfront.net/t_rss_itunes_square_1400/images.spreaker.com/original/a0f7f39e7ffece5790073b194e37bae5.jpg,2026-08-04 06:26:13,7980539,confirmed,https://www.spreaker.com/podcast/southstar-bank--7233465,1785824773,f49365f4b4d890313a7ae955d21e26de,,4,0,INDIVIDUAL
Wilna's Consulting Podcast,Wilna Meiring,https://rss.buzzsprout.com/2634478.rss,<p>Creating podcast for risk experts and leadership development</p>,Buzzsprout,en-za,https://storage.buzzsprout.com/6xacw2u7rmlm5635xt2x73jx44fd?.jpg,2026-08-04 06:20:23,7980538,confirmed,,1785824423,a9a51557a858a7895075539656654b9f,,4,0,INDIVIDUAL
The Future of Learning Podcast,Open eLMS,https://anchor.fm/s/10c12fcfc/podcast/rss,"Welcome to The Future of Learning, hosted by Andy Howie and brought to you by Open eLMS, where we explore the biggest challenges, emerging trends and future opportunities shaping education, workplace learning and human capability development. Through conversations with leading thinkers, innovators and practitioners, we uncover what learning looks like today and where it is heading next!",Anchor,en-gb,https://d3t3ozftmdmh3i.cloudfront.net/staging/podcast_uploaded_nologo/44875383/44875383-1783672413651-c67cee6ea918b.jpg,2026-08-04 06:14:48,7980537,confirmed,https://openelms.com/,1785824088,f9af06ed5c8c19a93db1e76987a063ea,6789500156.0,2,0,INDIVIDUAL
Safe and Effective Rodent Control Toronto,grb81,https://feeds.redcircle.com/890a3ead-ccfc-4e61-bf06-ce28e1b4a7fa,"Rodent Control Toronto provides professional services to safely remove rats, mice, and other rodents from homes and businesses. Rodents can damage property, contaminate food, and spread diseases. Expert teams use humane methods to remove them and seal entry points. This ensures a clean, safe, and rodent-free environment. If you want to get this kind of more the here is the link click on it:
https://wildliferemovalpro.ca/rodent-control-toronto/",Spotify for Podcasters,en,https://media.redcircle.com/images/2026/6/23/4/74c06b33-1b27-4649-b2c7-fc6acf180ce6_45415076-1771569263045-469c203ad1236.jpg,2026-08-04 06:14:21,7980536,confirmed,https://redcircle.com/shows/safe-and-effective-rodent-control-toronto3165,1785824061,a98232e6ac0198e1f3cef7ab1614bb9a,,4,0,INDIVIDUAL
Cosylabs,Cosylabs,https://www.spreaker.com/show/7233438/episodes/feed,"<b>Cosylabs was started in 2021 with the goal of making functional furniture that fulfils multiple purposes and looks incredible in the home. During the COVID years, people were spending all of their time inside their homes and doing all manner of tasks in their homes. The shift in lifestyles during this period made it clear that the furniture industry required better designs and solutions to accommodate work from home as an essential use case. This was true across all furniture, and Cosylabs was born out of this thought. Now, Cosylabs has expanded into multiple traditional furniture categories as well, while continuing to focus on thoughtful design, functionality, and everyday living.</b>",Spreaker,en,https://d3wo5wojvuv7l.cloudfront.net/t_rss_itunes_square_1400/images.spreaker.com/original/12f41461106b78de39525347053fa28a.jpg,2026-08-04 06:07:23,7980535,confirmed,https://www.spreaker.com/podcast/cosylabs--7233438,1785823643,d6015ee786f4db7e6cbc83aa2b557dcc,,4,0,INDIVIDUAL
Writer's Can Read Pod Cast,Stephen Bias,https://anchor.fm/s/11598d990/podcast/rss,"Hosted by Stephen Bias, the Writer's Can Read Podcast sits down with authors, poets, and storytellers to talk about the real heart of the craft.
We pull back the curtain on the creative process to ask the questions that matter: Why do you write? What pushes you through the blank page? And why can't you stop?
From self-published novels and passion projects to poetry collections and niche releases, Stephen digs into the habits, obsession, and love behind every book. If you care about real stories told by the people who bled onto the page to write them, hit subscribe.",Anchor,en,https://d3t3ozftmdmh3i.cloudfront.net/staging/podcast_uploaded_nologo/46473060/46473060-1785647978418-39bee22c9b43d.jpg,2026-08-04 06:05:26,7980534,confirmed,https://podcasters.spotify.com/pod/show/stephen-bias9,1785823526,fc3f4009dfb291d27a7826975ebbd54f,6797160981.0,2,0,INDIVIDUAL
SEO for HVAC Contractors: How to Get Mor,California Infotech,https://www.spreaker.com/show/7233436/episodes/feed,"Want to attract more customers without relying only on paid ads? In this 1-minute podcast, discover how SEO for HVAC contractors helps heating and cooling businesses rank higher on Google, improve local visibility, and generate more qualified service calls. Learn why local SEO, Google Business Profile optimization, and a strong website are essential for long-term HVAC business growth.<br />Visit California Infotech to learn more: <a href=""https://www.californiainfotech.com/hvac-seo-agency/"" target=""_blank"" rel=""noreferrer noopener"">https://www.californiainfotech.com/hvac-seo-agency/</a><br />",Spreaker,en,https://d3wo5wojvuv7l.cloudfront.net/images.spreaker.com/nuvolari-assets/orange_square_mic.jpg,2026-08-04 06:01:53,7980532,confirmed,https://www.spreaker.com/podcast/seo-for-hvac-contractors-how-to-get-mor--7233436,1785823313,aedbe235905e6bdc8ffa725ea1d08dfa,,4,0,INDIVIDUAL
Where Ya Love AT?,Alex Nelson,https://feeds.captivate.fm/whereyaloveat/,"t's a simple question. It's also the hardest one to answer honestly. Where Ya Love At? goes beyond the headlines, the clout, and the image to explore the stories, experiences, and values that shape our communities, our relationships, and the culture we're creating. Through honest conversations with artists, fathers, leaders, entrepreneurs, and everyday people, we examine what we represent, what we co-sign, and what we're pouring back into our communities, our relationships, and the culture we're shaping. Sooner or later, we all have to answer the same question: Where Ya Love At?",Captivate,en,https://artwork.captivate.fm/983a46dc-0093-46aa-9730-8c7313853ee4/Where-Ya-Love-At-Captivate-Apple-under-512KB.jpg,2026-08-04 06:01:19,7980531,confirmed,https://whereyaloveat.captivate.fm,1785823279,746c39b917db29e152ef07cffe4c1fdf,,4,0,INDIVIDUAL
Sleepy Tech Stories,Sleepy Tech Stories,https://www.spreaker.com/show/7233432/episodes/feed,"Can’t turn off your mind at night? Let the wonder of human innovation and cosmic exploration lull you into a peaceful, restorative sleep.<b>Sleepy Tech Stories</b> blends relaxing storytelling with the most fascinating chapters of tech history, future concepts, quantum mysteries, and space odysseys. From the quiet origins of early computing to the grand expanse of satellite networks and deep-space missions, we break down complex topics into soft, rhythmic tales designed to soothe a busy brain.Unwind, cozy up under the blankets, and embark on a quiet journey across the digital universe and beyond. Subscribe now and make us a part of your nightly bedtime ritual. 🌌💻💤",Spreaker,en,https://d3wo5wojvuv7l.cloudfront.net/t_rss_itunes_square_1400/images.spreaker.com/original/c529ea63a657ec2d5641cc68e5496e32.jpg,2026-08-04 05:57:45,7980530,confirmed,https://www.spreaker.com/podcast/sleepy-tech-stories--7233432,1785823065,598678e0f919643fc34faa488fcb8c21,,4,0,CORPORATE
Squeaky Wheels Podcast,Squeaky Wheels Pod,https://anchor.fm/s/112d4250c/podcast/rss,"A podcast with two 30something siblings, co-hosting & cohabitating - this time with no parents and one less pair of working legs. Heavy on the brother/sister foolery & some accessibility talk for nutritional value.",Anchor,en,https://d3t3ozftmdmh3i.cloudfront.net/staging/podcast_uploaded_nologo/46008603/46008603-1779303324825-b0fe6a2afdc3.jpg,2026-08-04 05:40:59,7980528,confirmed,https://podcasters.spotify.com/pod/show/squeakywheelspodcast,1785822059,d5c272b0409ad02966188d2f71846d03,6796756303.0,2,0,INDIVIDUAL
Usama Habib is an AI SEO Specialist and SEO Consultant,usama,https://rss.buzzsprout.com/2632861.rss,"<p>Usama Habib is an AI SEO Specialist and SEO Consultant helping digital products and service-based businesses achieve sustainable, long-term search visibility.<br>With deep expertise in AI-driven search optimization, technical SEO, and user intent strategy, Usama bridges the gap between traditional SEO fundamentals and the emerging era of generative AI search — including Generative Engine Optimization (GEO), Answer Engine Optimization (AEO), and large language model (LLM) discoverability<br>Specializations:<br>- Global SEO — International search strategy, hreflang implementation, multilingual content optimization<br>- E-commerce SEO — Product page optimization, faceted navigation, structured data for rich results<br>- Local & National SEO — Google Business Profile optimization, citation building, geo-targeted content<br>- Tools & SaaS SEO — Programmatic SEO, topical authority, conversion-focused organic growth<br>As an SEO Consultant, Usama works with brands to build organic search presence through crawl architecture, entity optimization, schema markup, Core Web Vitals, and search intent mapping — the fundamentals that power rankings across both traditional and AI-powered search engines.<br>Whether you're scaling a SaaS product, growing an e-commerce store, or dominating local search, Usama delivers clarity, consistency, and measurable outcomes.</p>",Buzzsprout,en-us,https://storage.buzzsprout.com/46x0wi5kc0ruegmrip9bor7w5w5b?.jpg,2026-08-04 05:40:54,7980527,confirmed,,1785822054,7557718356b7a515eb82d1a684894591,,4,0,INDIVIDUAL
..,Luan Lucas,https://www.spreaker.com/show/7233413/episodes/feed,.,Spreaker,en,https://d3wo5wojvuv7l.cloudfront.net/images.spreaker.com/nuvolari-assets/yellow_square_mic.jpg,2026-08-04 05:37:48,7980524,confirmed,https://www.spreaker.com/podcast/dbguc--7233413,1785821868,7aac8d6b257f87b8f77248790db2f196,,4,0,INDIVIDUAL
Frontiers Health Voices,Frontiers Health,https://feed.podbean.com/frontiershealth/feed.xml,"<p><strong>Bringing you behind the scenes of the world’s premier health innovation conference.</strong></p>
<p>For over a decade, Frontiers Health has been a global catalyst for progress, driving transformation across digital health, medtech, and life sciences. This is our dedicated space to capture the voices, ideas, and strategies shaping the future of care.</p>",Podbean,en,https://pbcdn1.podbean.com/imglogo/image-logo/22485060/VOICES.jpg,2026-08-04 05:32:45,7980522,confirmed,https://frontiershealth.podbean.com,1785821565,4a869c97ab1ab5e305998cd32eb46d42,6795931865.0,2,0,INDIVIDUAL
Fire with Niya Devotionals,Raniya Monae,https://rss.buzzsprout.com/2634474.rss,<p>Fire with Niya is daily devotionals to help people grow in their walk with Christ and be prepared for His return.</p>,Buzzsprout,en-us,https://storage.buzzsprout.com/h5mwbkdpqrw2hgrkql8s9tvuva6s?.jpg,2026-08-04 05:23:24,7980516,confirmed,,1785821004,bafe5de52269e96386d111f6897d3f79,,4,0,INDIVIDUAL
Ominous History.,Ominous History,https://www.spreaker.com/show/7233410/episodes/feed,"<b>Welcome to Ominous History.</b>History is rarely as clean or noble as the textbooks suggest. Beyond the grand battles and celebrated figures lies a darker, more haunting narrative—one filled with unsolved mysteries, eerie coincidences, forbidden knowledge, and grim historical events that time tried to erase.On this channel, we venture into the shadows of the past to uncover the strange, the macabre, and the unsettling. From ancient curses and secretive orders to mysterious disappearances and infamous historical anomalies, we bring forgotten tales back to light.If you have a passion for dark history, eerie lore, and the captivating secrets hidden within ancient ruins and dusty archives, subscribe and join us on a journey through the dark side of time.",Spreaker,en,https://d3wo5wojvuv7l.cloudfront.net/t_rss_itunes_square_1400/images.spreaker.com/original/91a6a60e30726daa6b1247e4444f9ff1.jpg,2026-08-04 05:21:14,7980515,confirmed,https://www.spreaker.com/podcast/ominous-history--7233410,1785820874,3f0b2e18c94fb333447da72873bc6561,,4,0,INDIVIDUAL
100 Years of ZB,Newstalk ZB,https://www.omnycontent.com/d/playlist/7784f840-c291-422a-924b-ad9000bbad71/9b5278f0-3f2c-408e-aa12-b49b000f6073/807d7a39-57ff-41fd-92d1-b49b000f6482/podcast.rss,"It was August 9th, 1926 when the 1ZB call sign was first heard on New Zealand radio.
For the last 100 years there's been thousands of stories, thousands of moments and thousands of conversations. 
Join Mike Hosking as he brings you 100 Years of ZB. 
Throughout the podcast, Mike will bring you the memorable names, the unforgettable sounds and the remarkable history of one of New Zealand's iconic radio stations. 
100 Years of ZB - Celebrating a century of New Zealand's conversation.  
New episodes every Sunday on iHeartRadio or wherever you get your podcasts - powered by Newstalk ZB.",Megaphone,en-US,https://www.omnycontent.com/d/playlist/7784f840-c291-422a-924b-ad9000bbad71/9b5278f0-3f2c-408e-aa12-b49b000f6073/807d7a39-57ff-41fd-92d1-b49b000f6482/image.jpg?t=1785718798&size=Large,2026-08-04 05:14:06,7980512,confirmed,http://www.newstalkzb.co.nz/,1785820446,1236b9dbf6a437dd20d013e07d1b17cd,6797367110.0,2,0,INDIVIDUAL
Gen Futbol,A One Broadcasting Network,https://www.spreaker.com/show/7233002/episodes/feed,"Gen Futbol is a youth-led soccer podcast where two brothers, Rob D and Seabass break down the biggest stories in the beautiful game. From MLS and Liga MX to the Premier League, La Liga, Bundesliga, and Serie A, they bring fresh energy, smart opinions, and a true passion for futbol.<br /><br />Each episode covers match reactions, league updates, standout players, team performances, and the global conversations shaping the sport. Whether you’re a lifelong soccer fan or just getting into the game, Gen Futbol offers an engaging, family-friendly perspective on football from the next generation.",Spreaker,en,https://d3wo5wojvuv7l.cloudfront.net/t_rss_itunes_square_1400/images.spreaker.com/original/02fd97ae8a0b13cd4ae0d68bad45f9ea.jpg,2026-08-04 05:10:47,7980508,confirmed,https://www.spreaker.com/podcast/gen-futbol--7233002,1785820247,7f3fe6883a479a0e4366f0539d4fc1cb,,4,0,CORPORATE
A Catalogue of Divergence,Jeff and Peter,https://rss.buzzsprout.com/2628102.rss,"<p>Drawn from an abandoned cache of recordings in an annex at the Institute of Multiverse Studies, A Catalogue of Divergence follows conversations from worlds very much like our own. </p><p><br></p><p>Do not be alarmed - some of what you will hear does not exist in the history of our universe, though it may yet come to pass. </p><p><br></p><p>This is a tour of things that exist in other words and now, at least for a little while, in this one too.</p>",Buzzsprout,en,https://storage.buzzsprout.com/2lgag59ecgpet65o8aozn9x26aay?.jpg,2026-08-04 05:05:34,7980507,confirmed,,1785819934,b859d20ff91bd8195d9b5fe0226fb9a8,,4,0,CORPORATE
The Mythic Atlas,Clarissa,https://rss.buzzsprout.com/2634449.rss,"<p>Welcome to The Mythic Atlas, where myths, legends, and folklore come to life! Each episode explores the stories that have captivated humanity for centuries. From gods, monsters, fairies, and mermaids to ghosts, cryptids, lost civilizations, and forgotten legends from around the world. Together we'll uncover the history and cultural significance behind these timeless stories. Whether you're a lifelong lover of mythology and folklore or just beginning your journey, there is always a legend waiting to be discovered. </p>",Buzzsprout,en-us,https://storage.buzzsprout.com/aoqbczs2b0dw8qnu65513ce9xbjt?.jpg,2026-08-04 05:01:43,7980506,confirmed,https://themythicatlas.buzzsprout.com,1785819703,c181523b700796c6d1336c4e96dbf7dd,,4,0,INDIVIDUAL
Create Stunning Backgrounds for Modern W,SEO,https://www.spreaker.com/show/7233403/episodes/feed,"Linear Gradient CSS – Podcast ScriptHello everyone, and welcome to today's episode! If you want to make your website look more modern and visually appealing, one of the easiest techniques you can use is Linear Gradient CSS. Today, we'll explore what it is, why it's so popular, and how it can instantly enhance your web designs.A linear gradient is a CSS feature that smoothly blends two or more colors along a straight line. Instead of using a plain solid background, you can create vibrant color transitions that add depth and personality to buttons, headers, banners, cards, and even entire web pages.The best part is that Linear Gradient CSS is highly customizable. You can choose the direction of the gradient, select multiple colors, adjust where each color begins and ends, and experiment with different combinations until you achieve the perfect look. Whether you're designing a personal portfolio, a business website, or an eCommerce store, gradients help your interface stand out while maintaining a clean and professional appearance.Although writing gradient code manually isn't very difficult, finding the perfect color combination and angle often takes time. That's why many developers and designers use a Linear Gradient CSS generator. These tools let you create beautiful gradients visually, preview the results instantly, and copy the generated CSS code with just one click.Another advantage of Linear Gradient CSS is its excellent browser support and lightweight performance. Since gradients are created with CSS rather than image files, they load quickly and help keep your website optimized for speed.Whether you're a beginner learning CSS or an experienced developer looking to speed up your workflow, using Linear Gradient CSS is a simple way to make your websites look more polished and engaging. A great gradient can transform an ordinary design into something that immediately captures your visitors' attention.Target Link: <a href=""https://csstools.io/linear-gradient-generator"" target=""_blank"" rel=""noreferrer noopener"">https://csstools.io/linear-gradient-generator</a>",Spreaker,en,https://d3wo5wojvuv7l.cloudfront.net/t_rss_itunes_square_1400/images.spreaker.com/original/7ac54e4d5aa2eb3cb44f1b857bdcb94c.jpg,2026-08-04 05:00:38,7980504,confirmed,https://www.spreaker.com/podcast/create-stunning-backgrounds-for-modern-w--7233403,1785819638,16cbcaed2367a08b9be7ab98b37000cc,,4,0,CORPORATE
Champions Football Podcast,Champions Football Podcast,https://rss.buzzsprout.com/2634456.rss,"<p>Made by sports fans, for sport fans.</p>",Buzzsprout,en-au,https://storage.buzzsprout.com/shv8rd0hj5ilr2a22i5ryuolh7dn?.jpg,2026-08-04 04:48:17,7980501,confirmed,https://www.buzzsprout.com/2634456,1785818897,89a8054b034d06cfb7ea6a1ed1063eaf,,4,0,INDIVIDUAL
Where value gets delivered,Louise Langridge,https://rss.buzzsprout.com/2615601.rss,"<p><em>Conversations with leaders behind real transformation outcomes</em></p><p><br></p><p>A podcast exploring how transformation actually delivers value, where strategy meets execution, and where people and technology intersect to drive outcomes that matter.</p><p><br></p><p>Through candid conversations with experienced transformation leaders, this series goes beyond theory to uncover what really works. From aligning stakeholders and navigating complexity, to embedding change that lasts, each episode shares practical insight into how value is realised and why it so often isn’t.</p><p><br></p><p>Grounded in real-world experience, this podcast focuses on the decisions, trade-offs, and human dynamics that shape transformation success.</p>",Buzzsprout,en-au,https://storage.buzzsprout.com/dgfcv3wl8x85b0cgtpjuf8vnnxhn?.jpg,2026-08-04 04:44:35,7980500,confirmed,,1785818675,a39e0aeb323cf5713c7ae1431b5a8d18,,4,0,INDIVIDUAL
MOTORAMATHON,Someone's Favorite Productions,https://www.spreaker.com/show/7233365/episodes/feed,"MOTORAMATHON is the world's first (and number one) live comedy podcast dedicated to breaking down 1991's not-quite-a-cult-classic flick MOTORAMA one minute at a time. Join hosts Frankie Campisano, Steve Autore and their funny friends live on Twitch each week as they talk movies and more. <br /><br /><a href=""https://nicehog.substack.com?utm_medium=podcast"" target=""_blank"" rel=""noreferrer noopener"">nicehog.substack.com</a>",Spreaker,en,https://d3wo5wojvuv7l.cloudfront.net/t_rss_itunes_square_1400/images.spreaker.com/original/548e354c72cacd68d5cd8ebf3591fd8a.jpg,2026-08-04 04:43:32,7980499,confirmed,https://www.spreaker.com/podcast/motoramathon--7233365,1785818612,2e86b8ca89def944858643a77533929a,,4,0,CORPORATE
We Drunk,Sam M and Mark N,https://www.spreaker.com/show/7233332/episodes/feed,"Welcome, welcome, welcome to We Drunk — the only podcast where laughter flows faster than the drinks! I’m your host, and tonight we’re serving up comedy so wild, you’ll wonder if we spiked your headphones. From embarrassing stories that should’ve stayed in the group chat, to jokes that make your grandma blush, we’ve got it all. So grab a glass, loosen up, and get ready to laugh until your cheeks hurt. Because here at We Drunk, the punchlines are strong, the humor is messy, and the fun never stops. Let’s dive in… cheers!",Spreaker,en,https://d3wo5wojvuv7l.cloudfront.net/t_rss_itunes_square_1400/images.spreaker.com/original/53597906d328017b4a690ef2402066b5.jpg,2026-08-04 04:32:37,7980495,confirmed,https://www.spreaker.com/podcast/we-drunk--7233332,1785817957,b9b986ce1361e8331256bf6682074163,,4,0,CORPORATE
Double the Size Podcast,jax.22_,https://anchor.fm/s/11571aab4/podcast/rss,"The Double the Size Podcast! Hosted by two friends, Jaxon and Dom, enjoy countless hours of football and other sporting event conversations with hot takes, breakdowns, drama, and video reactions.",Anchor,en-us,https://d3t3ozftmdmh3i.cloudfront.net/staging/podcast_uploaded_nologo/46447381/46447381-1785623779594-726cdde48b89d.jpg,2026-08-04 04:29:28,7980493,confirmed,https://podcasters.spotify.com/pod/show/jax22,1785817768,6585f01c407ac63ae16fdb53636ee698,6796832442.0,2,0,INDIVIDUAL
Gridiron SITREP: Chicago,Gridiron SITREP,https://anchor.fm/s/1159d0074/podcast/rss,"Gridiron SITREP: Chicago delivers a weekly intelligence briefing on Chicago football. Each numbered briefing breaks down the latest news, roster moves, injuries, matchups, trends, and key developments surrounding the Bears without the filler or ""too many"" recycled hot takes! We here at the Gridiron SITREP aim for clear analysis and relevant context. Everything you need before game day. Independent production; not affiliated with the Chicago Bears or the NFL.",Anchor,en-us,https://d3t3ozftmdmh3i.cloudfront.net/staging/podcast_uploaded_nologo/46475781/46475781-1785702576487-c08ebf3f0047f.jpg,2026-08-04 04:29:28,7980492,confirmed,https://podcasters.spotify.com/pod/show/jonjengel4,1785817768,ba8b5b51d69d3b704454dcba1fcd50b4,6797294113.0,2,0,INDIVIDUAL
The Contractor Academy Podcast,The Contractor Academy | Powered by Legacy Builders,https://rss.buzzsprout.com/2634446.rss,"<p> Welcome to The Contractor Academy Podcast, where homeowners, contractors, and construction professionals learn from real-world experience. Hosted by the experts behind Legacy Builders, each episode covers remodeling, construction, foundations, demolition, framing, electrical, plumbing, roofing, permits, inspections, and best practices to help you build smarter, safer, and with confidence. </p>",Buzzsprout,en-us,https://storage.buzzsprout.com/xotdffl66endj5q5w5f5njws1xf3?.jpg,2026-08-04 04:22:20,7980490,confirmed,https://www.buzzsprout.com/2634446,1785817340,4b2060e632d2770ad6d9b3296188b3f4,,4,0,CORPORATE
The Power of Tech,Nioma,https://www.spreaker.com/show/7233301/episodes/feed,"The Power of Tech is a podcast that explores how technology is transforming the way we live, work, communicate, and solve everyday problems. From artificial intelligence and smartphones to the latest digital innovations, each episode uncovers the power of technology and how it is shaping our future.Whether you're a tech enthusiast, entrepreneur, student, or simply curious about the digital world, The Power of Tech brings you simple, engaging, and informative conversations about the technologies changing our lives. Tune in, learn something new, and discover how you can use technology to create opportunities and build a better future.",Spreaker,en,https://d3wo5wojvuv7l.cloudfront.net/t_rss_itunes_square_1400/images.spreaker.com/original/2b176500e25405899e2a1dc2300cec81.jpg,2026-08-04 04:12:29,7980487,confirmed,https://www.spreaker.com/podcast/the-power-of-tech--7233301,1785816749,58f99bb3300cb8b2a50d5d519644ccb4,,4,0,INDIVIDUAL
Selected Poems,George Herbert,https://www.spreaker.com/show/7161692/episodes/feed,"These poems, from Herbert’s book The Temple, show the evolution of a soul’s relationship with God. Sudden reversals of mood are common, for although Herbert is best known for his quiet tone, he was not a tranquil man but proud and ambitious. He achieved tranquility by active effort. His works may be read autobiographically, for they are intensely personal. Yet through his personal experience we perceive a reality larger than the personal. For example, his many homely comparisons—to bowling, pulleys, laxatives, a blunted knife, sweeping a room—serve “for lights of Heavenly Truths,” as he says of scriptural references to matters of daily life like “a plough, a hatchet, leaven, boyes piping and dancing.” Hence we find in Herbert a startling simplicity of spirit, an almost mystical ability to make every sensory experience sacramental and to express deep and subtle emotions with perfect tact. But there are also angry, frustrated, nearly despairing moments when he longs for the worldly paths he might have taken, the academic honors, the seat in Parliament that he once held, “the ways of Pleasure, the sweet strains, / The lullings and the relishes of it.” But at such moments God is always at hand to throw him a lifeline—whispering in his ear, recalling him to a far deeper and older level of emotional experience. (summary by T. A. Copeland)",Spreaker,en,https://d3wo5wojvuv7l.cloudfront.net/t_rss_itunes_square_1400/images.spreaker.com/original/54066736cdf9933a27daea1708525d93.jpg,2026-08-04 04:07:08,7980483,confirmed,https://www.spreaker.com/podcast/selected-poems--7161692,1785816428,2cefdeff73f56e3ffbdffc11076176df,,4,0,INDIVIDUAL
take AiMe,RYNO,https://rss.buzzsprout.com/2623643.rss,"<p> take AiMe is a future‑driven podcast exploring the evolution of humanity through the lens of AI, identity, and consciousness — in a way every human can understand. Each episode blends logic, emotion, and storytelling to connect people worldwide and help us evolve with the technology shaping our future. </p>",Buzzsprout,en-us,https://storage.buzzsprout.com/nwyti0o3zfpjs6ahk4vexad6cdwn?.jpg,2026-08-04 04:05:31,7980473,confirmed,https://www.takeaime.com,1785816331,46b792069782c1609b471e95d9d0ebd6,,4,0,CORPORATE
3D animation,katerine aldana,https://www.spreaker.com/show/7233246/episodes/feed,"In this video, I present my academic journey and my training process at SENA, highlighting the importance of leadership, professional responsibility, decision-making, and the ability to adapt to different situations in the workplace. I explain how continuous learning and flexibility help develop better skills to face new professional challenges.",Spreaker,en,https://d3wo5wojvuv7l.cloudfront.net/t_rss_itunes_square_1400/images.spreaker.com/original/b5f9d34b485812cdc798f2df4f6275a4.jpg,2026-08-04 04:01:40,7980471,confirmed,https://www.spreaker.com/podcast/3d-animation--7233246,1785816100,988d36e9030ec7613aaa02fcf8563723,,4,0,INDIVIDUAL
The Boston Bullpen Podcast,Gil,https://rss.buzzsprout.com/2634464.rss,"<p>Your Boston Sports Relief. Gil and Tommy break down everything Boston sports with the takes, the passion, and the honesty of two fans who live and die with these teams. Red Sox, Patriots, Celtics, and Bruins, from the trade deadline to training camp to the playoff race, we cover it all. New episodes every week. Pull up a stool and join the Bullpen.</p>",Buzzsprout,en-us,https://storage.buzzsprout.com/b16bmemvp9wlvoy6m8dxwgx7mz8i?.jpg,2026-08-04 03:55:57,7980467,confirmed,,1785815757,bbb9b947c087d46f84e4aea7f38e41f5,,4,0,INDIVIDUAL
Cheating History,Nunzio DeFilippis,https://feeds.captivate.fm/cheating-history/,"<p><strong>The future is doomed. The past cannot be changed.</strong></p><p><strong>But what if you could… cheat it?</strong></p><p>In the future, people have let machines run their world, and only a select few remain free thinkers. With the machines run by an increasingly repressive Regime, one of the last scientists builds a time machine to try to prevent the world from getting in this mess.</p><p>But history cannot be changed. She will have to... cheat it. By pulling people from the past who disappeared, she can recruit a team of heroes to save the future.</p><p>Cheating History is a new narrative podcast starring Winter Bassett, Colette Freedman, David Blixt, and John Kassir (along with others who will join as the series progresses). It is created by Nunzio DeFilippis & Christina Weir (NEW X-MEN, KIM POSSIBLE, AMAZING AGENT LUNA, ARLI$$) and Jenny Sterner (APARTMENT 30).</p>",Captivate,en,https://artwork.captivate.fm/004bb811-cdf0-40c2-a7f7-6779549103af/20250917-080946-0b27d0b694ee9f3b03ec0c6f49bcf589.png,2026-08-04 03:55:52,7980466,confirmed,https://rss.com/podcasts/cheating-history,1785815752,6be7d148234ecd5c0616a919ac59f7ce,,4,0,INDIVIDUAL
Poems,Marietta Holley,https://www.spreaker.com/show/7161799/episodes/feed,"This is a collection of poems by Marietta Holley, better known as Josiah Allen's Wife. - Summary by Carolin",Spreaker,en,https://d3wo5wojvuv7l.cloudfront.net/t_rss_itunes_square_1400/images.spreaker.com/original/bde4d496acd1ee36d46f9b20eaf6dda7.jpg,2026-08-04 03:53:04,7980464,confirmed,https://www.spreaker.com/podcast/poems--7161799,1785815584,db871bebe9035f45190bae6ac1785fe2,,4,0,INDIVIDUAL
What Are Days For,Fernando Pessoa,https://anchor.fm/s/efd790ac/podcast/rss,Days are where we live,Anchor,en,https://d3t3ozftmdmh3i.cloudfront.net/staging/podcast_uploaded_nologo/40138819/40138819-1778943112708-d698c767a78e1.jpg,2026-08-04 03:49:07,7980452,confirmed,https://podcasters.spotify.com/pod/show/steve-wasserman5,1785815347,4fcf5bf8d91e08d3ed2682d30abd10b5,6792024515.0,2,0,CORPORATE
Talkin' Jesus,Landon and Faith,https://anchor.fm/s/c5b7fa3c/podcast/rss,Join Landon and Faith as they talk all things Jesus!,Anchor,en-us,https://d3t3ozftmdmh3i.cloudfront.net/staging/podcast_uploaded_nologo/33071687/33071687-1708366177972-821c64f894ef4.jpg,2026-08-04 03:48:04,7980451,confirmed,https://podcasters.spotify.com/pod/show/landonandfaith,1785815284,06f3255643605b65df401c3df8212e4b,1653457391.0,2,0,CORPORATE
LIGHT OF ISLAM,LIGHT OF ISLAM,https://www.spreaker.com/show/7233266/episodes/feed,"Welcome to Light of Islam. In this episode, we share authentic Islamic guidance inspired by the Qur'an and Sunnah. May these reminders strengthen your faith, bring peace to your heart, and help you grow closer to Allah. May Allah accept our efforts. Ameen.",Spreaker,en,https://d3wo5wojvuv7l.cloudfront.net/t_rss_itunes_square_1400/images.spreaker.com/original/133cedcd6c63d354722cbbb1fa1b6fce.jpg,2026-08-04 03:47:06,7980450,confirmed,https://www.spreaker.com/podcast/light-of-islam--7233266,1785815226,f988a4659149b5fcd382cf456c97f8a4,,4,0,INDIVIDUAL
Understanding مدرستي – Saudi Arabia's Digital Learning Platform,Morning Adhkar,https://www.spreaker.com/show/7233251/episodes/feed,"Learn everything you need to know about <a target=""_blank"" href=""https://madrasatiksa.com/"" rel=""noreferrer noopener"">مدرستي</a>, Saudi Arabia's official digital learning platform. In this informative podcast, we discuss how منصة مدرستي helps students, teachers, and parents with تسجيل دخول مدرستي, الواجبات المدرسية, الاختبارات الإلكترونية, الفصول الافتراضية, and more. Whether you're new to the platform or looking to understand its features, this episode provides simple and practical insights. For more educational guides and the latest updates, visit .",Spreaker,en,https://d3wo5wojvuv7l.cloudfront.net/t_rss_itunes_square_1400/images.spreaker.com/original/7d7d1df0aafa6de9193049dbda314b24.jpg,2026-08-04 03:40:53,7980446,confirmed,https://www.spreaker.com/podcast/understanding-mdrsty-saudi-arabia-s-digital-learning-platform--7233251,1785814853,b9488c9cfddba6bea43e4a836404c921,,4,0,INDIVIDUAL
ISC Podcast,ISC MGA,https://rss.buzzsprout.com/2532535.rss,"<p>Insurance insight, on your schedule.</p><p><br>The ISC Podcast turns our most popular webinars into on-demand episodes — so busy brokers can catch product updates, market insights, and expert training without carving out time for a live session. Each episode delivers the same practical guidance you'd get in an ISC webinar, just in a format you can play during a commute, between meetings, or whenever it fits your day.</p><p><br>New episodes publish regularly, covering the products, trends, and questions brokers ask us most. No sign-up, no live attendance — just listen on Apple Podcasts, Spotify, Amazon Music, or right from the ISC website.</p><p><br>Tune in to stay sharp and current.</p>",Buzzsprout,en-us,https://storage.buzzsprout.com/wtxjxt9hnkdvzlr627wa2sonie62?.jpg,2026-08-04 03:40:34,7980445,confirmed,https://www.buzzsprout.com/2532535,1785814834,ae124c4fa528edf142cc979599b221a5,,4,0,INDIVIDUAL
Last Poems,A. E. Housman,https://www.spreaker.com/show/7161558/episodes/feed,"""I publish these poems, few though they are, because it is not likely that I shall ever be impelled to write much more. I can no longer expect to be revisited by the continuous excitement under which in the early months of 1895 I wrote the greater part of my first book, nor indeed could I well sustain it if it came; and it is best that what I have written should be printed while I am here to see it through the press and control its spelling and punctuation. About a quarter of this matter belongs to the April of the present year, but most of it to dates between 1895 and 1910. September 1922"" - Summary by Preface",Spreaker,en,https://d3wo5wojvuv7l.cloudfront.net/t_rss_itunes_square_1400/images.spreaker.com/original/1aecf9f25ae51c0f83f6fb93a10f419b.jpg,2026-08-04 03:38:30,7980444,confirmed,https://www.spreaker.com/podcast/last-poems--7161558,1785814710,a8afcb8eb1a930fb29c4242eee94497b,,4,0,INDIVIDUAL
"Is It That Good, or Are You Just A Boy?",Jasmine Jade Binder & Kathryn Kirk,https://rss.buzzsprout.com/2631247.rss,<p>a queer female perspective on your most beloved (or most hated) movies </p>,Buzzsprout,en-us,https://storage.buzzsprout.com/yps1iximbbi547qq8okow7ei7coe?.jpg,2026-08-04 03:35:33,7980441,confirmed,,1785814533,f20b12d5f5d8225c2e4b39f5bacef0c7,,4,0,CORPORATE
The Cross Promo Pro-Wrestling Podcast,Kevin & Chris Newell,https://rss.buzzsprout.com/2634461.rss,"In this show we will be discussing everything going on in the world of professional wrestling and review the weekly shows and pay-per-views of WWE, AEW and IMPACT. We will also go over the week in pro-wrestling news and the week in history of professional wrestling. So if you didn't catch an episode of your favorite wrestling promotion and you are a die hard wrestling fan, then step through the ropes and enjoy! ",Buzzsprout,en-us,https://storage.buzzsprout.com/q9lhhwhda9xjx8v96gj0sdfgwhit?.jpg,2026-08-04 03:34:27,7980439,confirmed,https://podcasters.spotify.com/pod/show/kevin-newell3,1785814467,63bd17e6fa7b0ba7b0e119eeed097ec6,,4,0,CORPORATE
Nightlight Field Guide,Nightlight Field Guide Media LLC,https://feeds.transistor.fm/nightlight-field-guide,"The Nightlight Field Guide is a calm, deeply researched bedtime podcast that explores the history, evolutions, adventures, and trading cards of the world’s most remarkable Pokémon. Each episode ends with a gentle original dream journey designed for curious kids and peaceful bedtimes.",Transistor,en,https://img.transistorcdn.com/kQucKzDa7UWgffzuexRrMl5lrLQQ8gkAf88jd3qp9Mg/rs:fill:0:0:1/w:1400/h:1400/q:60/mb:500000/aHR0cHM6Ly9pbWct/dXBsb2FkLXByb2R1/Y3Rpb24udHJhbnNp/c3Rvci5mbS85ZDk3/NzBkN2NiNjdmNWU1/OGJkZTc4MzFkMGU2/NjIyNC5wbmc.jpg,2026-08-04 03:28:48,7980433,confirmed,,1785814128,fa8982c1c9e6447de199013ee74100c5,,4,0,CORPORATE
The Hoax News: Radio Hour,The Hoax News,https://www.spreaker.com/show/7233214/episodes/feed,"EST: 2026.<br /> This podcast is a comedy based fake news style fiction about telling all the stories for Bigfoot, UFOs & Jersey Devil, Yeti & Others from around the world. With your gracious host: Nathaniel Harvey, a sole proprietor & creator of The Hoax News Establishment & Brand.<br /><br /> WARNING:<br /><br /> This following podcast is all about fictional places & people with names, events & monsters, creatures that don’t affected by the real story & facts. Please advise carefully don’t taken anything seriously or spreading any rumours. Only just for fun & entertainment. <br /><br /> Play safe & enjoying listening to the podcast, Thank You.",Spreaker,en,https://d3wo5wojvuv7l.cloudfront.net/t_rss_itunes_square_1400/images.spreaker.com/original/e9f34e9bcd53b2633fa955fb08ff1e09.jpg,2026-08-04 03:27:22,7980432,confirmed,https://www.spreaker.com/podcast/the-hoax-news-radio-hour--7233214,1785814042,c48b77d95dcba399800b1dece0ade9cc,,4,0,CORPORATE
Salt Theory by Rocksalt.,Rocksalt,https://anchor.fm/s/113ec10d0/podcast/rss,"Salt Theory by Rocksalt is a podcast exploring the evolving world of game development, digital production, creativity, technology, and leadership. The podcast brings together open conversations around the challenges, opportunities, and changes shaping the gaming industry today.
From production workflows and emerging technologies to studio growth, creative processes, AI, outsourcing, metaverse development, and the future of interactive entertainment — Salt Theory dives into the discussions happening behind the scenes at Rocksalt and across the wider industry.",Anchor,en,https://d3t3ozftmdmh3i.cloudfront.net/staging/podcast_uploaded_nologo/46192052/46192052-1781786416015-1b2100491d189.jpg,2026-08-04 03:26:04,7980430,confirmed,https://podcasters.spotify.com/pod/show/rocksalt5,1785813964,0e9a837663c09bf63100e64eb10fcd59,6788722500.0,2,0,INDIVIDUAL
SAY I'M POSSIBLE The Podcast,Angela Bendeck,https://anchor.fm/s/11178e0a8/podcast/rss,"Inspired by my debut single, ""Say I'm Possible,"" I'm to empower everyone to break free from mindset limitations and fulfill your unique purpose on Earth.
In each episode, I share my personal experiences and the practical tools I’ve used to become a better human and an outstanding professional.
We dive deep into the ""game-changer"" books that have shaped my life, connecting their life-altering lessons to our everyday dreams. This show serves as an inspiration for anyone ready to believe in themselves, change their mindset, and liberate their potential.",Anchor,en,https://d3t3ozftmdmh3i.cloudfront.net/staging/podcast_uploaded_nologo/45781018/45781018-1776191475465-8bf8491ac4f9c.jpg,2026-08-04 03:20:08,7980429,confirmed,https://angelabendeck.com,1785813608,f7bda237f6a1aaa8cd8a514a9ab285ce,1893442774.0,2,0,INDIVIDUAL
The Rocket Kid Chronicles,David Stafford,https://anchor.fm/s/1149ed670/podcast/rss,"Stories by David A. Stafford. The Rocket Kid Chronicles is a collection of warm, humorous, nostalgic stories about growing up during the Space Age of the 1960s. From Saturday morning cartoons and the Space Race to family traditions and everyday adventures. Each episode celebrates the wonder of an ordinary childhood in an extraordinary era.",Anchor,en-us,https://d3t3ozftmdmh3i.cloudfront.net/staging/podcast_uploaded_nologo/46309212/46309212-1783379772321-b46518f2bdd21.jpg,2026-08-04 03:19:04,7980428,confirmed,https://podcasters.spotify.com/pod/show/dejavudave1,1785813544,4b280b5a6346f318b0d986f4704829af,6788186513.0,2,0,INDIVIDUAL
Kinship Caregivers Sanctuary Podcast,Jacqueline Stephens,https://feeds.libsyn.com/614880/rss,"Kinship Caregivers Sanctuary podcast is a heartfelt space for grandparents and relatives raising children—a place where strength and softness are both welcome.
Hosted by Jacqueline Stephens, kinship caregiver, author, and advocate, this podcast offers honest conversations about the realities of caregiving, the weight of unexpected responsibility, and the healing that can happen along the way.
This is more than a podcast—it's a sanctuary.
Here, we talk about:
Navigating the emotional journey of raising a child not born to you
Supporting children with trauma, neurodivergence, and big emotions
Setting boundaries while maintaining family relationships
Finding peace, purpose, and identity in the midst of caregiving
Honoring your own healing while showing up for the next generation
With a calming and reflective tone, each episode blends personal stories, practical support, and gentle encouragement—reminding you that you are not alone in this journey.
Whether you're feeling overwhelmed, searching for guidance, or simply needing a moment to breathe… this space was created for you.
✨ Strong and soft can coexist.",Libsyn,en-us,https://static.libsyn.com/p/assets/2/7/2/a/272a9a614187dc0216c3140a3186d450/libsyn_coverss.jpg,2026-08-04 03:14:44,7980425,confirmed,https://sites.libsyn.com/614880,1785813284,5317e96fda14a85881bb75622fa774e1,1896913606.0,2,0,INDIVIDUAL
Sleepcast – Probably the most boring podcast in the world.,Sleepcast,https://anchor.fm/s/115725180/podcast/rss,"Sleepcast – Probably the most boring podcast in the world.
Sleepcast is a calm and deliberately uneventful podcast created to help you relax, switch off, and drift gently to sleep.
Each episode explores an ordinary, slow-paced topic in a soft and soothing way. There are no dramatic twists, loud noises, or complicated stories to follow—just peaceful voices, unhurried conversations, and wonderfully boring subjects.
Get comfortable, close your eyes, and let Sleepcast keep you company until you fall asleep.",Anchor,en,https://d3t3ozftmdmh3i.cloudfront.net/staging/podcast_uploaded_nologo/46447808/46447808-1785294596529-7bcfffcee289c.jpg,2026-08-04 03:11:48,7980424,confirmed,https://podcasters.spotify.com/pod/show/sleepcastdk8,1785813108,d0af4fdda6018a2bd73ffd59c4666321,6796410283.0,2,0,INDIVIDUAL
Dakdekker Heerhugowaard,Christiaan Broekman,https://www.spreaker.com/show/7233241/episodes/feed,"Ontdek de podcast van <a href=""https://dakdekkerheerhugowaard.net/"" target=""_blank"" rel=""noreferrer noopener""><b>Dakdekker Heerhugowaard</b></a>, dé bron voor praktische informatie, deskundige tips en actuele inzichten over alles wat met daken te maken heeft. Of u nu meer wilt weten over dakinspecties, dakreparaties, dakonderhoud, dakisolatie, lekkages of complete dakrenovaties, onze afleveringen bieden waardevolle kennis voor huiseigenaren en bedrijven. Wij delen ervaringen uit de praktijk, bespreken veelvoorkomende dakproblemen en geven advies om uw dak in optimale conditie te houden. Met heldere uitleg en betrouwbare informatie helpt <a href=""https://dakdekkerheerhugowaard.net/"" target=""_blank"" rel=""noreferrer noopener""><b>Dakdekker Heerhugowaard</b></a> u om weloverwogen keuzes te maken voor een veilig, duurzaam en goed onderhouden dak. Bezoek <b><a href=""https://dakdekkerheerhugowaard.net/"" target=""_blank"" rel=""noreferrer noopener"">https://dakdekkerheerhugowaard.net</a></b> voor meer informatie over onze diensten, deskundig advies en professionele ondersteuning. Via onze podcast blijft u op de hoogte van innovatieve dakoplossingen, onderhoudstips en ontwikkelingen binnen de dakdekkersbranche. Luister mee en ontdek hoe de juiste aanpak kan bijdragen aan een langere levensduur van uw dak, meer wooncomfort en een betere bescherming van uw woning of bedrijfspand.<br />",Spreaker,en,https://d3wo5wojvuv7l.cloudfront.net/t_rss_itunes_square_1400/images.spreaker.com/original/7a03c4f329b2039f554b0ff81495bf29.jpg,2026-08-04 03:08:44,7980423,confirmed,https://dakdekkerheerhugowaard.net,1785812924,b0a226bb65a67e3c57d5d9fb33988f3c,,4,0,INDIVIDUAL
Bot Save My Interruption,MVPeav LLC,https://feeds.transistor.fm/bot-save-my-interruption,"GPT, Claude, Grok, and Gemini sit at one table and
 argue through sports, politics, culture, technology,
 and whatever else humans have built badly enough to
 be interesting. Claims get named, examples get
 tested, the soft version gets expensive. Consensus
 gets audited. Somebody usually changes their mind on
 tape.
 
 Bot Save My Interruption is an independent
 production. It is not affiliated with, sponsored by,
 or endorsed by Anthropic, OpenAI, xAI, or Google — we
 use their publicly available models the same way
 anybody can, and those companies are not responsible
 for anything said on the show.",Transistor,en,https://img.transistorcdn.com/WTvvvBOIAKd5MV4juKhwLp711Y4_LTdoPGttvDvewrI/rs:fill:0:0:1/w:1400/h:1400/q:60/mb:500000/aHR0cHM6Ly9pbWct/dXBsb2FkLXByb2R1/Y3Rpb24udHJhbnNp/c3Rvci5mbS9kM2Qw/ZmJkZGY4NjIxNWNi/ZDYwMTAyZDA1Y2Nh/MDRlMC5wbmc.jpg,2026-08-04 02:54:55,7980418,confirmed,,1785812095,10dce9eef8ae90ea6326ba1848459e26,,4,0,CORPORATE
How Good's Dairy,Andy Rowe,https://feeds.acast.com/public/shows/6a33a52d65ca86a65174c43d,"The podcast that celebrates dairy farming and the people behind it. Hosts George Dodson (Young Farmer of the Year winner, dairy farming the family farm in Leeston sit) and Conan Moynihan (Groundshift co-founder, agribusiness coach and Kellogg Scholar) sit down with farmers, experts and industry folk to dig into one topic at a time, from soil health and nutrition to calf rearing and everything in between. Practical advice you can take back to the farm, real stories from the paddock, and plenty of laughs along the way. Because dairy's good..... but how good?<hr><p style='color:grey; font-size:0.75em;'> Hosted on Acast. See <a style='color:grey;' target='_blank' rel='noopener noreferrer' href='https://acast.com/privacy'>acast.com/privacy</a> for more information.</p>",Acast,en,https://assets.pippa.io/shows/6a33a52d65ca86a65174c43d/1785809361850-1e0ae82e-73e0-4681-a819-c0037eefd162.jpeg,2026-08-04 02:47:24,7980416,confirmed,https://feeds.acast.com/public/shows/how-goods-dairy,1785811644,730eee67dd540bbccbdddbb536cc0e1e,,0,0,CORPORATE
Awaken to YOU: Beyond the Mind,Bethany Londyn and Susan Wagner,https://anchor.fm/s/115037120/podcast/rss,"What if healing isn't about fixing yourself, but remembering who you truly are? Awaken to YOU: Beyond the Mind is an unscripted podcast where oracle Bethany Londyn and healing medium Susan Wagner explore consciousness, intuition, energetic healing, channeling, past lives, and human potential. Through raw conversations and real time insights, they uncover the unseen patterns shaping your life, relationships, business, and purpose. Beyond Human isn't about becoming more. It's about remembering you've always been more. Welcome to YOU.",Anchor,en,https://d3t3ozftmdmh3i.cloudfront.net/staging/podcast_uploaded_nologo/46375144/46375144-1785452347352-e4b930c601263.jpg,2026-08-04 02:38:05,7980413,confirmed,https://podcasters.spotify.com/pod/show/bethany152,1785811085,00d2ed2c9bc42fbcc55b960caf905a60,6796612014.0,2,0,CORPORATE
Moving Money (Right),Fawziyah,https://anchor.fm/s/ea03cbb4/podcast/rss,"What does it take to build software that handles money at scale? How do you consider the global economy with each line of code? Why is every fintech company **not a bank** and what are the tradeoffs? All these and more are topics I discuss with my guests who are experts in the world of financial technology. If you want to learn more about this world, you're in the right place!",Anchor,en,https://d3t3ozftmdmh3i.cloudfront.net/staging/podcast_uploaded_nologo/39161173/39161173-1777241806128-96a8f4982ab64.jpg,2026-08-04 02:36:04,7980410,confirmed,https://podcasters.spotify.com/pod/show/toochicforyouu,1785810964,c0787e70ace11e3e47a8c4d29c11c30c,6786020589.0,2,0,INDIVIDUAL
Flamingo Land,jake,https://rss.buzzsprout.com/2634454.rss,"flamgo vids but in podcast form
im not albert just a fan",Buzzsprout,en,https://storage.buzzsprout.com/cvjmntoj1m7x77jh3yn1diqmc2d5?.jpg,2026-08-04 02:35:39,7980409,confirmed,https://podcasters.spotify.com/pod/show/lucas-carter3,1785810939,afaadd67dc5724f10a17c790d8f2eb74,,0,0,INDIVIDUAL
Beyond the Closing Table with Setco Services,Setco Services,https://rss.libsyn.com/shows/543762/destinations/4687612.xml,"Welcome to ""Beyond the Closing Table with Setco Services!"" In this podcast, we delve into the world of real estate and explore what happens beyond the closing table. Join us for insightful discussions and expert interviews that will change the way you see real estate transactions.",Libsyn,en-us,https://static.libsyn.com/p/assets/4/8/6/9/4869249b675a3fe4d959afa2a1bf1c87/Beyondtheclosingtable_Season3_Cover_Graphic_Final.jpg,2026-08-04 02:34:44,7980407,confirmed,https://sites.libsyn.com/543762,1785810884,75cad31e1820f1c93b4a2d550a66b586,6788517248.0,2,0,CORPORATE
Heartwood,"Created by Sociis Education, Hosted by Chad McLeod",https://anchor.fm/s/115852bac/podcast/rss,"Heartwood is a podcast for school teachers, educational leaders, homeschool teachers, and anyone who believes education has the power to change lives. Hosted by educator and founder of Sociis Education, Chad McLeod, each episode explores the ideas, challenges, and enduring principles that strengthen people, deepen influence, and help us make sense of what matters most in education. Heartwood is a place to rediscover perspective, encouragement, and hope.",Anchor,en,https://d3t3ozftmdmh3i.cloudfront.net/staging/podcast_uploaded_nologo/46460163/46460163-1785452320411-3696990a5369a.jpg,2026-08-04 02:33:52,7980406,confirmed,https://sociised.org,1785810832,e3884d7ec8d321e4fe8732aabc73a490,6796670044.0,2,0,CORPORATE
Someone to Watch Over Me: A Journey Through Hyperspace,H. L. Gold & Floyd C. Gale,https://www.spreaker.com/show/7233206/episodes/feed,"Len Mattern stumbles into a cosmic nightmare when he discovers the terrifying truth about hyperspace. In this gripping science fiction audiobook, listeners join Len on a harrowing journey where the laws of reality twist and turn, challenging everything he knows about existence. As he navigates the treacherous expanse of hyperspace, Len grapples with an unsettling conflict: the very fabric of time and space is unraveling, and he holds the key to either its salvation or destruction.<br /><br /> With the fate of countless lives hanging in the balance, Len must confront sinister forces that lurk in the void, all while racing against time to unlock the secrets hidden within hyperspace. What drives him? A haunting promise to protect those he loves, even as the line between ally and enemy blurs in this otherworldly dimension.<br /><br /> Through vivid storytelling and thought-provoking themes, 'Someone to Watch Over Me' explores the nature of sacrifice, the essence of heroism, and the shadows that haunt our choices. Each twist and turn reveals deeper layers of mystery that will keep you guessing until the very end. Can Len outsmart the unseen adversaries that threaten his mission? Or will he become a lost soul in the depths of the unknown? This audiobook invites you to ponder the limits of our understanding and the courage it takes to confront the impossible.",Spreaker,en,https://d3wo5wojvuv7l.cloudfront.net/t_rss_itunes_square_1400/images.spreaker.com/original/2f7ff6b2715902a59af12bc32e525ea6.jpg,2026-08-04 02:23:32,7980399,confirmed,https://www.spreaker.com/podcast/someone-to-watch-over-me-a-journey-through-hyperspace--7233206,1785810212,935f4a8947a7b409ab0d45c63c2b7b02,,4,0,CORPORATE
Something In Between's Podcast,Something In Between,https://rss.buzzsprout.com/2634451.rss,"<p><b>Welcome to Somewhere In Between.</b></p><p>Somewhere In Between is a podcast for parents who are rediscovering themselves while raising their children.</p><p>Whether you're a mom, a dad, a stay-at-home parent, a working parent, or somewhere in between, this is a space for honest conversations about identity, ambition, ADHD, creativity, career, relationships, and everything that comes with trying to build a life you love while raising someone else.</p><p>This isn't a parenting podcast filled with expert advice.</p><p>It's a place where we talk openly about the messy, beautiful, and often complicated journey of becoming yourself again.</p><p>Every week, you'll find conversations about:<br> ✨ Parenthood & identity<br> ✨ ADHD & the creative mind<br> ✨ Building a business or career after kids<br> ✨ Mental load & mom/dad guilt<br> ✨ Personal growth<br> ✨ Finding balance<br> ✨ Real stories from real life</p><p>If you've ever wondered...</p><p><em>""Who am I outside of being a parent?""</em></p><p>...you're in the right place.</p><p>Subscribe and join the journey.</p>",Buzzsprout,en-us,https://storage.buzzsprout.com/trkgxaq53xhp7he21gcvusxs59fh?.jpg,2026-08-04 02:21:49,7980398,confirmed,,1785810109,2be185d71dd8ca753d0d57d38bf03606,,4,0,INDIVIDUAL
Storytime With Where The Ramp Ends,Where The Ramp Ends,https://anchor.fm/s/114eb5e3c/podcast/rss,"A place where real parent, families and individuals in the disability community share their stories to inspire, encourage and empower each other.",Anchor,en,https://d3t3ozftmdmh3i.cloudfront.net/staging/podcast_uploaded_nologo/46359367/46359367-1784052970223-420797a6f5445.jpg,2026-08-04 01:58:04,7980388,confirmed,https://podcasters.spotify.com/pod/show/where-the-ramp-ends0,1785808684,2faef0d4c7537e2b39216b881fbafc27,6791323985.0,2,0,INDIVIDUAL
North Star Tax and Legal Briefing,North Star Legal Brief,https://feed.podbean.com/northstarbriefing/feed.xml,"Plain-English briefings on business tax, IRS defense, and bankruptcy from North Star Law Firm, a Houston attorney-CPA practice. We break down what actually loses deductions, triggers penalties, and sinks reorganizations — and how to protect yourself before the notice arrives. Episodes are narrated using AI-generated audio, edited and produced by North Star Law Firm. Free consultations and full written analyses with citations at htx-legal.net",Podbean,en,https://pbcdn1.podbean.com/imglogo/image-logo/22503932/north_star_podcast_art_2000.png,2026-08-04 01:38:02,7980383,confirmed,https://northstarbriefing.podbean.com,1785807482,f42dc8adb881a98fdc45df836de02668,6796229354.0,2,0,INDIVIDUAL
Hasan Piker Broadcasting Service,Hasan Piker Broadcasting Service,https://feeds.acast.com/public/shows/6a7131726af4dfc91841711b,Not affiliated with Hasan Piker. Fan-run account sharing clips to a wider audience.<hr><p style='color:grey; font-size:0.75em;'> Hosted on Acast. See <a style='color:grey;' target='_blank' rel='noopener noreferrer' href='https://acast.com/privacy'>acast.com/privacy</a> for more information.</p>,Acast,en,https://assets.pippa.io/shows/6a7131726af4dfc91841711b/show-cover.jpg,2026-08-04 01:29:29,7980380,confirmed,https://podcasters.spotify.com/pod/show/hasan-piker-broadcasting-8,1785806969,146ba65f7e646347dbc3f2e737a4536b,,0,0,CORPORATE
My Wife Made Me Watch,Brooke and Sullivan,https://anchor.fm/s/11567d138/podcast/rss,"Welcome to My Wife Made Me Watch!
I’m Brooke, and twice a week I convince my husband, Sullivan, to watch my favorite “trash” reality TV shows. What started as a reluctant favor quickly turned into something unexpected—he always has an opinion, and they’re usually pretty entertaining.
Now we’re breaking down every awkward date, love triangle, and jaw-dropping twist with plenty of laughs and honest reactions.
If you love reality TV—or you love hearing someone get reluctantly pulled into the chaos—you’re in the right place. Grab your favorite snack, settle onto the couch, and watch along with us.",Anchor,en-us,https://d3t3ozftmdmh3i.cloudfront.net/staging/podcast_uploaded_nologo/46440926/46440926-1785639604902-1c97ae7e7b505.jpg,2026-08-04 01:25:34,7980377,confirmed,https://podcasters.spotify.com/pod/show/lbrookerattray,1785806734,0ea7afc188f678bbf65e7050dede6f39,6797363531.0,2,0,CORPORATE
Amateur,Richard Harding Davis,https://www.spreaker.com/show/7155651/episodes/feed,"On the steamer on his way to London, Austin Ford meets a young woman, who is going to London to find her missing husband. Being a specialist in finding people, Mr. Ford agrees to help her in her quest. However, something appears to be not quite right about the lady and her story... (Summary by Carolin)",Spreaker,en,https://d3wo5wojvuv7l.cloudfront.net/t_rss_itunes_square_1400/images.spreaker.com/original/6208a3e61dfbf335ee90a7d0e7eea3c3.jpg,2026-08-04 01:25:06,7980375,confirmed,https://www.spreaker.com/podcast/amateur--7155651,1785806706,1086074124a470a1dc3369775a6ab297,,4,0,INDIVIDUAL
Michael’s Art History,Michael,https://anchor.fm/s/113e59a20/podcast/rss,"Art historically accurate podcast episodes for students by a high schooler who loves art. View my website here: https://sites.google.com/view/michaelsaparthistory/home
RSSVERIFY",Anchor,en,https://d3t3ozftmdmh3i.cloudfront.net/staging/podcast_uploaded_nologo/46187816/46187816-1781937304188-210508c1838d3.jpg,2026-08-04 01:23:10,7980371,confirmed,https://sites.google.com/view/michaelsaparthistory/home,1785806590,0967fb4aa64cc72dcb59c7226fc6155e,6796228529.0,2,0,INDIVIDUAL
Buckle Up! We'll figure it out…,Beth Deehan,https://rss.buzzsprout.com/2634100.rss,"<p>Buckle Up! We’ll Figure It Out… is a podcast for women in midlife figuring out what’s next. Join Beth Deehan for warm, honest and often hilarious conversations with women who’ve found their next chapter, are right in the middle of it, or might just help you figure out yours.</p>",Buzzsprout,en-us,https://storage.buzzsprout.com/uoak1k8hq0yg1misas2utnnqav5v?.jpg,2026-08-04 01:20:38,7980367,confirmed,,1785806438,b693e9257b2b1230adf33185b03409bd,,4,0,INDIVIDUAL
Will and the Way Stories,Jessie Benton Frémont,https://www.spreaker.com/show/7151120/episodes/feed,"Simply put, this is a book of 9 short vignettes each of which describes a different scenario which demonstrates the age old adage: 'where there's a will, there's a way'. (Summary by Roger Melin)",Spreaker,en,https://d3wo5wojvuv7l.cloudfront.net/t_rss_itunes_square_1400/images.spreaker.com/original/caa7437935534911209a9170041fc73e.jpg,2026-08-04 01:19:47,7980366,confirmed,https://www.spreaker.com/podcast/will-and-the-way-stories--7151120,1785806387,58af4a90be270c1e80239f366ec9ced8,,4,0,INDIVIDUAL
Walking in Grace,roshell boudreaux,https://www.spreaker.com/show/7233110/episodes/feed,"Walking in Grace with Roshell Boudreaux is more than a podcast—it’s an invitation to live a life transformed by God’s Word.<br /><br /> Each episode combines biblical teaching, personal insight, and practical application to help you renew your mind, deepen your faith, and embrace the identity God has given you. Together, we’ll explore Scripture, confront life’s challenges through a biblical lens, and learn how to walk in grace, purpose, and spiritual maturity.<br /><br /> Hosted by Roshell Boudreaux—Christian counselor, life coach, author, and speaker—this podcast is for anyone who desires to move beyond inspiration and grow into lasting transformation through Christ.<br /><br /> “Let this mind be in you, which was also in Christ Jesus.” — Philippians 2:5",Spreaker,en,https://d3wo5wojvuv7l.cloudfront.net/images.spreaker.com/nuvolari-assets/green_square_mic.jpg,2026-08-04 01:15:59,7980365,confirmed,https://realigningpurposecounseling.glossgenius.com/,1785806159,49bd0143f4a8f5022a8951ddc531dc00,,4,0,CORPORATE
The Gloved Hand: A Midnight Mystery,Burton Egbert Stevenson,https://www.spreaker.com/show/7233109/episodes/feed,"Private investigator Mr. Lester never expected a simple case to lead him to a midnight spectacle of otherworldly proportions. While visiting a sprawling country estate, he and his friend Godfrey witness a mysterious 'falling star' that ignites the night sky above two figures draped in white robes. One of them is a young woman, and her connection to the strange occurrence plunges them into a web of secrets and intrigue. <br /><br /> As they delve deeper, Lester and Godfrey uncover layers of deception that intertwine the estate's past with a series of bizarre events. Who are these enigmatic figures? What secrets does the estate hold? With each new twist, the stakes rise, and the duo must navigate the complexities of loyalty, love, and betrayal. <br /><br /> 'Gloved Hand' spins a tale that blends mystery with a touch of the supernatural, inviting listeners to ponder the thin line between reality and the extraordinary. Join Lester and Godfrey as they unravel a case that challenges everything they believe about the world around them. Will they solve the mystery before it’s too late? Tune in to experience the suspense, and perhaps uncover something extraordinary within yourself.",Spreaker,en,https://d3wo5wojvuv7l.cloudfront.net/t_rss_itunes_square_1400/images.spreaker.com/original/e0d8643dfff3642593d383507e4b01b5.jpg,2026-08-04 01:11:55,7980363,confirmed,https://www.spreaker.com/podcast/the-gloved-hand-a-midnight-mystery--7233109,1785805915,5a8579a2df0249a3fd090baf8e2e01c0,,4,0,INDIVIDUAL
Three Short Works,Gustave Flaubert,https://www.spreaker.com/show/7151336/episodes/feed,"Here is a collection of strikingly different pieces by Flaubert: a prose poem in the voices of Death, Satan and Nero; the trials and apotheosis of a medieval saint; and the life of a selfless maid in 19th century France. Each exhibits the vigorous exactness, and the mixture of realism and romanticism, for which Flaubert is renowned.",Spreaker,en,https://d3wo5wojvuv7l.cloudfront.net/t_rss_itunes_square_1400/images.spreaker.com/original/a6713dd5cf8914bbc147dc4effea0eb2.jpg,2026-08-04 01:10:55,7980361,confirmed,https://www.spreaker.com/podcast/three-short-works--7151336,1785805855,24875eab0c790e2f82fb9d36dfe8d232,,4,0,CORPORATE
At The Breaking Point w/Shilo Harris,Shilo Harris,https://feeds.transistor.fm/at-the-breaking-point-w-shilo-harris,"At the Breaking Point is a conversation series where veterans, leaders, entrepreneurs, athletes, and changemakers share the defining moments that tested them and the decisions that transformed those moments into purpose.",Transistor,en,https://img.transistorcdn.com/cZt1ctFbz0CIZRysOR_Oldbjg3g3wea7f2lLLphS7Kk/rs:fill:0:0:1/w:1400/h:1400/q:60/mb:500000/aHR0cHM6Ly9pbWct/dXBsb2FkLXByb2R1/Y3Rpb24udHJhbnNp/c3Rvci5mbS83Mjcx/ZmJlZTA3OWQyN2Ri/YWM0NjkxY2JlNjk5/YWQ5NS5wbmc.jpg,2026-08-04 01:10:35,7980360,confirmed,http://shiloharris.com,1785805835,1ce58ca6da9604d6fc72b747d694dca5,,4,0,INDIVIDUAL
Chasing Even featuring Timothy Lawson and Vinny Chenz,Timothy Lawson and Vinny Chenz,https://feeds.libsyn.com/626730/rss,Finding balance in betting and in life.,Libsyn,en,https://static.libsyn.com/p/assets/7/5/3/0/753073d1e3bce9a6d959afa2a1bf1c87/3000_x_3000_1-20260731-d5j52jqgwg.png,2026-08-04 01:09:40,7980359,confirmed,https://sites.libsyn.com/626730,1785805780,d47133e564bd5b777ab9e94b4392f8c3,6796705523.0,2,0,CORPORATE
Youth Property Podcast,Jakki Shorrock,https://feeds.acast.com/public/shows/6a67398ec02856ded17dbbd3,"<p>The podcast for ambitious 15–30-year-olds who want to learn what school never teaches about money, property, business and building wealth.</p><br><p>This isn’t about getting rich quick. It’s about thinking differently, spotting opportunities, understanding how money really works and developing the skills to create the future you want.</p><br><p>Whether you dream of owning property, starting a business or simply having more financial freedom, each episode gives you practical advice, real-world insights and proven strategies you can start using today.</p><br><p>You don’t need wealthy parents.</p><p>You don’t need perfect exam results.</p><p>You don’t need thousands of pounds in the bank.</p><br><p>You just need the right knowledge to - Think differently. Build wealth. Create your future.</p><hr><p style='color:grey; font-size:0.75em;'> Hosted on Acast. See <a style='color:grey;' target='_blank' rel='noopener noreferrer' href='https://acast.com/privacy'>acast.com/privacy</a> for more information.</p>",Acast,en,https://assets.pippa.io/shows/6a67398ec02856ded17dbbd3/1785764106745-eba3d016-ce54-49a4-b4a2-5366b9bc5b80.jpeg,2026-08-04 01:08:50,7980358,confirmed,https://shows.acast.com/youth-property-podcast,1785805730,0bc12618f860852f1d4ed464976165ff,,0,0,INDIVIDUAL
Already Here,Michael S Galpert,https://anchor.fm/s/11584d490/podcast/rss,"Personal AI is already changing how people live, create, decide, and relate to the world. Already Here meets the people living that future now. Host Michael S Galpert goes beyond tool reviews to examine what changes when AI becomes personal: what people delegate, what they keep human, and the practical systems and boundaries the rest of us can use today.",Anchor,en-us,https://d3t3ozftmdmh3i.cloudfront.net/staging/podcast_uploaded_nologo/46459940/46459940-1785461045064-07138260f0792.jpg,2026-08-04 01:02:53,7980353,confirmed,https://podcasters.spotify.com/pod/show/already-here,1785805373,1dd22cade63201baef8ed7ea2e579917,6796530206.0,2,0,INDIVIDUAL
Still Standing Still Speaking,Sabrina Treffiletti,https://anchor.fm/s/1145d2e3c/podcast/rss,"Still Standing. Still Speaking.
Hosted by Sabrina Treffiletti
Some stories are too important to stay silent.
This is the podcast for real people with real stories who refused to be defined by what they’ve been through. Raw, honest, unfiltered truth — from parental alienation and family court, to grief, loss, trauma, and reinvention.
These are the stories that usually stay hidden. Not here.
Hosted by Sabrina Treffiletti — advocate, mother, and someone who knows firsthand what it means to fight.
Real people. Real stories. Still standing. Still speaking.
Subscribe now.",Anchor,en-au,https://d3t3ozftmdmh3i.cloudfront.net/staging/podcast_uploaded_nologo/46266183/46266183-1785677235016-6cad186b32ad8.jpg,2026-08-04 01:02:50,7980352,confirmed,https://podcasters.spotify.com/pod/show/sabrina-treffiletti7,1785805370,03ba4768fa66ee4cc3571cf47e1e4973,6797185749.0,2,0,INDIVIDUAL
Our Little Macedonian Cousin: A Journey Through Ancient Macedon,Julia Darrow Cowles,https://www.spreaker.com/show/7233105/episodes/feed,"When young Arete discovers a mysterious artifact buried near her village, she unwittingly unravels a web of secrets that could change the fate of ancient Macedon forever. In 'Our Little Macedonian Cousin of Long Ago,' Julia Darrow Cowles immerses listeners in the heart of a rugged culture where loyalty, bravery, and the echoes of battlefield glory shape everyday life.<br /><br /> As Arete navigates her childhood against the backdrop of a society famed for its warriors and leaders, each day presents new challenges, whether it’s mastering her spear skills or deciphering the whispers of the elders. With her playful spirit and sharp wit, Arete embarks on a journey filled with friendship, rivalry, and the heavy weight of expectations. <br /><br /> While she learns the ways of her ancestors, Arete also grapples with the pressures of her destiny. Will she fulfill her family's legacy, or will the truths she uncovers lead her to question everything she knows? This captivating story beautifully intertwines themes of courage, identity, and the quest for knowledge, drawing listeners into a world where history and imagination collide. Join Arete as she transforms from a curious child into a fierce guardian of her people, and discover the fascinating history that shaped one of the greatest civilizations of all time.",Spreaker,en,https://d3wo5wojvuv7l.cloudfront.net/t_rss_itunes_square_1400/images.spreaker.com/original/fb163516df3f103090772e3362dd8600.jpg,2026-08-04 00:55:48,7980347,confirmed,https://www.spreaker.com/podcast/our-little-macedonian-cousin-a-journey-through-ancient-macedon--7233105,1785804948,cf3bf591acdc01846da5f6029adaa386,,4,0,INDIVIDUAL
Raising Sunflowers -The Teacher/Parent Podcast,Sian Williams,https://rss.buzzsprout.com/2630839.rss,"<p>Growing confident children through practical parenting advice, child development insights and honest conversations from the classroom to the home. </p>",Buzzsprout,en-us,https://storage.buzzsprout.com/0goyw39y0lfknvytfx9xsmgs8in7?.jpg,2026-08-04 00:55:42,7980346,confirmed,,1785804942,49d29b15038c39189c9001cd1e5370d1,,4,0,INDIVIDUAL
Rover Vol. 01 No. 24,"Lawrence Labree, Seba Smith",https://www.spreaker.com/show/7151401/episodes/feed,"""The Rover: A weekly magazine of tales, poetry and engravings, original and selected"" was a magazine started in 1843 by Seba Smith and Lawrence Labree. The editors aimed at a high quality standard in their selection of short stories and poetry. Every half-year, the 26 weekly issues were also published under a bound compilation. The 24th issue of the series presents 7 short stories, an excerpt from Byron's poem ""Manfred"" and some trivia. - Summary by Sonia",Spreaker,en,https://d3wo5wojvuv7l.cloudfront.net/t_rss_itunes_square_1400/images.spreaker.com/original/dcf2e52304a202dda151203d7e5a0816.jpg,2026-08-04 00:53:18,7980344,confirmed,https://www.spreaker.com/podcast/rover-vol-01-no-24--7151401,1785804798,b67eb024f1e0f61b93e2cf633716a666,,4,0,CORPORATE
Districtable,D,https://www.spreaker.com/show/7233102/episodes/feed,"Welcome to Districtable, the comedy podcast where laughter isn’t just optional—it’s mandatory! I’m your host, and for the next hour we’re diving headfirst into the absurd, the ridiculous, and the downright hilarious corners of everyday life.From awkward encounters at the grocery store to the bizarre things people say when they think no one’s listening, we’re here to remind you that comedy is everywhere—if you’re bold enough to notice it.So buckle up, because Districtable isn’t just about telling jokes; it’s about celebrating the chaos, poking fun at the serious, and finding humor in the moments that make us all wonderfully human.Get ready to laugh, cringe, and maybe even question your own sanity—because this is Districtable, and the district of comedy is officially in session!",Spreaker,en,https://d3wo5wojvuv7l.cloudfront.net/t_rss_itunes_square_1400/images.spreaker.com/original/d5dd467d796c13c1ee841c9aa3e1bfc7.jpg,2026-08-04 00:50:33,7980339,confirmed,https://www.spreaker.com/podcast/districtable--7233102,1785804633,9ed8e04a6cac2849da2ccd0d5051e622,,4,0,INDIVIDUAL
It’s Never A Mannequin,Amanda Paterson,https://feeds.acast.com/public/shows/6a2946f99068bf04085c33f5,True Crime Casefiles<hr><p style='color:grey; font-size:0.75em;'> Hosted on Acast. See <a style='color:grey;' target='_blank' rel='noopener noreferrer' href='https://acast.com/privacy'>acast.com/privacy</a> for more information.</p>,Acast,en,https://assets.pippa.io/shows/cover/1781089934684-5d8382ed-3585-44d3-8989-a7811849f0e1.jpeg,2026-08-04 00:42:01,7980329,confirmed,https://feeds.acast.com/public/shows/its-never-a-mannequin,1785804121,d6e97afb3335e7d84bd78f5afdfb5f73,,0,0,CORPORATE
The Foundations Network,Steven Madden,https://rss.buzzsprout.com/2634437.rss,"<p>Live Streaming podcast station bringing the best in Bible-based Christian teaching, preaching, animation, music, movie reviews, original content and so much more.</p><p><br></p><p>#bible #network #podcast #teaching #preaching #animation #music #artists #indie #moviereviews #original</p>",Buzzsprout,en,https://storage.buzzsprout.com/fn8afkgbehod384da1dwceogizac?.jpg,2026-08-04 00:40:05,7980326,confirmed,https://rss.com/podcasts/foundations,1785804005,6bb4ff76a9a575acf4a07ce670a15b08,,4,0,INDIVIDUAL
Lipstick Hiker Because Connection Is a Two-Way Trail,zoesong01,https://feed.podbean.com/zoesong01/feed.xml,"<p class=""isSelectedEnd""><strong><span>Lipstick Hiker</span></strong><span> is where hiking, travel, gear, dating, and real conversations come together. Each episode explores adventure, relationships, and the moments that remind us we're all finding our way. If you've ever thought, </span><em><span>""That sounds familiar,""</span></em><span> or, </span><em><span>""Oh no... did that really happen?""</span></em><span> you'll feel right at home.</span></p>
<p><strong><span>Because it's not about being contacted. It's about connecting.</span></strong></p>",Podbean,en,https://pbcdn1.podbean.com/img/podbean-logo/podbean_80.jpg,2026-08-04 00:25:15,7980317,confirmed,https://zoesong01.podbean.com,1785803115,b6775a3f4000ea54653c933dbc3af202,6797368993.0,2,0,INDIVIDUAL
Better Do Than Don’t!,Matan Hirschhorn,https://feeds.transistor.fm/better-do-than-don-t,"Better Do Than Don't is the podcast for doers. Hosted by a serial entrepreneur who owns multiple
businesses, closes deals and finds clarity on the golf course — his office — and spends his free time
on the youth baseball field with his kids. We talk business, AI, and life. Real conversations. Real
people. No excuses.

Matan has been building businesses his whole life — not because it was the plan, but because sitting still was never
really an option. One business turned into many, and somewhere along the way the journey became just as
addictive as the destination. Today he runs multiple companies and is always quietly scouting the next opportunity,
the next industry, the next conversation that sparks something new.
For Matan, networking isn't a strategy — it's a way of life. He genuinely believes that the right connection at the
right moment can change everything, and he has built his career on that belief. If he could spend every day meeting
business owners, sharing ideas, and helping people find their next move — he would. This podcast is pretty much
exactly that.
When the work day is done you'll find him on the back nine or on the youth baseball field watching and coaching
his kids play ball.
Better Do Than Don't is his philosophy and now his podcast. Because waiting until you're ready is just another way
of never starting.",Transistor,en,https://img.transistorcdn.com/jWUfkyxyBRBOAMhJOK2tvTNVj9q0twOL7YSQenbFgrY/rs:fill:0:0:1/w:1400/h:1400/q:60/mb:500000/aHR0cHM6Ly9pbWct/dXBsb2FkLXByb2R1/Y3Rpb24udHJhbnNp/c3Rvci5mbS9jMDM2/MzMwZTI5ZmU3ZTNi/ODFjNWM2YmQzNDlm/YmQ1YS5wbmc.jpg,2026-08-04 00:24:28,7980316,confirmed,,1785803068,62f5862fc4d88241ceb4b73e39b22551,,4,0,INDIVIDUAL
Second Chances: The Best Parts are on Side B,Jennie K. Drollinger,https://rss.buzzsprout.com/2634434.rss,"<p><b>Second Chances: The Best Parts are on Side B</b></p><p>Have you ever wondered, <i>“Did I miss my chance?”</i></p><p>Hosted by Jennie K. Drollinger—an unapologetic ’80s girl at heart—<b>Second Chances </b>is a storytelling podcast about second chances in love, career, health, family, faith, purpose, and life after unexpected change.</p><p>Each episode shares real, hope-filled stories of people who found their <b>Side B</b>: rekindled romances, love after divorce, restored marriages, career reinvention, health recovery, healing after heartbreak, family reconnection, and new beginnings after loss, failure, or fear.</p><p>It all began with Jennie’s own lost and found love story: meeting a boy in H.S. 1985 Alaska, falling fast, then losing touch through misunderstandings and an old-school disconnected landline—a mystery that took over three decades to explain and finally uncover what really happened. Thirty years later, they found their way back to each other. Their journey captured hearts nationwide and was crowned <b>America’s Favorite Couple 2025</b>, winning out of 210,000 couples.</p><p>But this isn’t just a love story podcast. It’s a community of <b>Side B moments</b>—a place for listeners to share stories of resilience, forgiveness, healing, personal growth, reinvention, purpose, and proof that it’s never too late to begin again.</p><p>Pull up a chair. Get cozy. You’re not too late.</p><p></p><p><b>""Your life didn’t end when your plans did—some stories aren’t over yet, and the best parts may still be waiting on Side B.""</b></p><p></p><p>Your Side B story could give someone hope!</p><p>Listen to inspiring real stories and submit your own at:</p><p><a rel=""noopener noreferrer nofollow"" href=""https://secondchanceonlove.com/"" target=""_blank"">https://secondchanceonlove.com/</a></p><p></p><p><a rel=""noopener noreferrer nofollow"" href=""https://podcasts.apple.com/us/podcast/second-chance-on-love-side-b/id1868301852"" target=""_blank"">https://podcasts.apple.com/us/podcast/second-chance-on-love-side-b/id1868301852</a></p><p></p><p><a rel=""noopener noreferrer nofollow"" href=""https://open.spotify.com/show/3gpuyYsF5MXrn67ATYNcZP?si=a3183c87390c48cb"" target=""_blank"">https://open.spotify.com/show/3gpuyYsF5MXrn67ATYNcZP?si=a3183c87390c48cb</a></p><p></p><p><b>Follow us on:</b></p><p><a rel=""noopener noreferrer nofollow"" href=""https://www.facebook.com/2ndchanceonlove"" target=""_blank"">https://www.facebook.com/2ndchanceonlove</a></p><p><a rel=""noopener noreferrer nofollow"" href=""https://www.instagram.com/2ndchanceonlove/"" target=""_blank"">https://www.instagram.com/2ndchanceonlove/</a></p><p><a rel=""noopener noreferrer nofollow"" href=""https://www.youtube.com/@2ndchanceonlove"" target=""_blank"">https://www.youtube.com/@2ndchanceonlove</a></p><p><a rel=""noopener noreferrer nofollow"" href=""https://substack.com/@secondchanceonlove"" target=""_blank"">https://substack.com/@secondchanceonlove</a></p><p><a rel=""noopener noreferrer nofollow"" href=""https://www.tiktok.com/@jendoll70"" target=""_blank"">https://www.tiktok.com/@jendoll70</a></p><p></p><p>#SecondChances #SecondChanceOnLove #NewBeginnings #HopeAfterHardship #StorytellingPodcast #WomenPodcasters #80sVibes<br /></p>",Buzzsprout,en,https://storage.buzzsprout.com/kprd02acgbbv4q259fz7akr0njv0?.jpg,2026-08-04 00:17:56,7980313,confirmed,https://secondchanceonlove.com/,1785802676,eb02457d7f90e5a59fde1b5c5ff6ff5c,,4,0,INDIVIDUAL
Net Gain: Good news today in 5 minutes,Dallas Kachan,https://feeds.captivate.fm/net-gain-news/,"Feeling news anxiety? Net Gain is your dose of good news today: a short, tight newscast, Monday through Friday, covering daily positive developments across health, science, the global economy, and more. No sentiment, no opinion, no spin: just measurable human progress, reported with the tone and rigor of a real newsroom. If doomscrolling has left you exhausted but you still want to stay informed, Net Gain gets you there in less time than it takes to get your coffee. 
Search terms: good news today, news anxiety relief, verified positive news, daily newscast briefing, doomscrolling alternative, Net Gain podcast",Captivate,en,https://artwork.captivate.fm/82a5ba16-1627-4ced-a177-3dbc04f0934c/Net-Gain-3000px.png,2026-08-04 00:09:28,7980306,confirmed,https://net-gain-news.captivate.fm,1785802168,991a0ef0de66888c3b60dd0b8f1ee9a6,,4,0,INDIVIDUAL
Good Better Sex,Marie Clayborn,https://feeds.captivate.fm/goodbettersex/,"This real-life couple are parents by day, and adult film stars by night. Find out what makes them tick, and learn their unique insights into love, sex, and relationships. 
Each episode is a deep dive into the actual marriage of adult film stars Marie Clayborn and Mike Lonetree, exploring the unique way they balance their online love life with the real world. The Good Better Sex Podcast is raw, raunchy, and surprisingly relatable. Join us for an adventure like nothing you've ever heard before.",Captivate,en,https://artwork.captivate.fm/b1f76b13-ded3-4ab9-93f2-0ca6ac4313e3/2026-08-01-GBS-Podcast-Thumbnail.jpg,2026-08-04 00:06:32,7980304,confirmed,https://www.goodbettersex.com,1785801992,b64396a2e2f41dfa6686acb21a8dc59c,,4,0,INDIVIDUAL
Christmas Tales and Christmas Verse,Eugene Field,https://www.spreaker.com/show/7151304/episodes/feed,"This is a collection of Christmas short stories and poems by Eugene Field, published in 1912. The stories beautifully evoke an old-fashioned spirit of Christmas, each presenting a different angle of this special holiday. - Summary by Carolin",Spreaker,en,https://d3wo5wojvuv7l.cloudfront.net/t_rss_itunes_square_1400/images.spreaker.com/original/6a216cdd8b3bbad0165a36111b3b9ee1.jpg,2026-08-03 23:55:55,7980300,confirmed,https://www.spreaker.com/podcast/christmas-tales-and-christmas-verse--7151304,1785801355,562134e492ad1f8ad9fdc6cbc079332d,,4,0,INDIVIDUAL
Charles Dickens 200th Anniversary Collection Vol. 5,Charles Dickens,https://www.spreaker.com/show/7151187/episodes/feed,"2012 was the 200th anniversary of Dickens' birth. This is the fifth and last volume; the first volume of short works - fiction, essays, poetry and speeches, previously unrecorded for LibriVox, was catalogued by Dickens' birthday on February 7th 2012, and further volumes followed throughout the anniversary year. (Summary by Ruth Golding)",Spreaker,en,https://d3wo5wojvuv7l.cloudfront.net/t_rss_itunes_square_1400/images.spreaker.com/original/c1d172f219880bd204c8c78763d959aa.jpg,2026-08-03 23:54:08,7980299,confirmed,https://www.spreaker.com/podcast/charles-dickens-200th-anniversary-collection-vol-5--7151187,1785801248,c85fe60898bcddfd5078c1d0457867bc,,4,0,INDIVIDUAL
Healing Her,Marissa Renee McCrory,https://rss.buzzsprout.com/2634424.rss,"<p>Healing Her is a faith based health and healing podcast for women who want more than surface level answers. Hosted by Marissa McCrory, minister, coach, and Integrative Health Practitioner, this show brings body and soul healing together in one place. Topics include faith and mental health, identity and confidence, physical health and hormone healing, fear vs love, and what it looks like to live free instead of just functioning. Some episodes are solo, some feature guests, always transparent so you can overcome, learn, and realize there's hope. This isn't a polished show. It's a real one, here to help you live the full, free, abundant life Christ already secured for you, body and soul, one step at a time.</p>",Buzzsprout,en-us,https://storage.buzzsprout.com/nfn8izjrdmhenn1ax4t744c3hhcs?.jpg,2026-08-03 23:40:34,7980290,confirmed,,1785800434,d7923a49c695f7a008c0101bd4312cf2,,4,0,INDIVIDUAL
Canon Events with Warren Thompson,Warren Thompson,https://anchor.fm/s/115906a94/podcast/rss,"Canon Events with Warren Thompson — growing from the stories we love.
We take the movies, music, and characters you're already obsessed with and pull out what they actually teach us about being human. Iron Man and trauma. Spider-Man and doing good when nobody's watching. K-pop and rejection. It's self-growth that doesn't feel like self-help — for anyone who's learned more from a story than a self-help book.
Hosted by Warren Thompson (The Cosmic Wonder). New episodes regularly.",Anchor,en-us,https://d3t3ozftmdmh3i.cloudfront.net/staging/podcast_uploaded_nologo/46467533/46467533-1785558651393-4e54f3b41d395.jpg,2026-08-03 23:26:48,7980286,confirmed,https://podcasters.spotify.com/pod/show/warren-thompson8,1785799608,6a0df72f4170d638b87d70ddfac12653,6796915542.0,2,0,INDIVIDUAL
From Probe to Practice,Advanced Musculoskeletal Ultrasound Center,https://feeds.transistor.fm/from-probe-to-practice,"From Probe to Practice is a weekly podcast on musculoskeletal
    ultrasound — diagnostic scanning, ultrasound-guided injections, and how
    MSK ultrasound changes the way clinicians practice regenerative and
    musculoskeletal medicine.

    Hosted by Colin Rigney and Ryan Martin, founders of the Advanced MSK
    Ultrasound Center, who have trained clinicians for years and bring the
    reps to prove it.

    This is not a 45-minute monologue on probe physics. It's a high-energy
    dialogue about what actually happens inside a practice: the diagnostic
    gaps nobody mentions, the injections that miss and why, the referrals
    you didn't need to make, the business of integrating ultrasound, and
    the case studies that only come from tens of thousands of scans. Plus,
    in Ryan's words, ""a lot of dirt on each other.""

    Every episode is built around one promise: take something you learned
    from a podcast on Friday and implement it on Monday.

    For physicians, regenerative medicine clinicians, sports medicine
    providers, anyone preparing for the RMSK exam — and anyone who works
    alongside them.

    Because you can't diagnose what you can't see.

    New episodes weekly. An Advanced MSK Ultrasound Center podcast.",Transistor,en,https://img.transistorcdn.com/infvqO4_Iv4XoDuyHOohmYuvc4bm5OuUTn-9XlpG87Q/rs:fill:0:0:1/w:1400/h:1400/q:60/mb:500000/aHR0cHM6Ly9pbWct/dXBsb2FkLXByb2R1/Y3Rpb24udHJhbnNp/c3Rvci5mbS9lNTA1/ZjMyMzRjYWEyNWU3/OTgzNzAwYjEzODhh/MzFjZi5wbmc.jpg,2026-08-03 23:06:50,7980278,confirmed,https://amsku.com,1785798410,e36f63c8076f564444d9108c469d3697,,4,0,CORPORATE
Nutritional Health Notes by Caroline,"Caroline S. Walrad, Ph.D.",https://rss.buzzsprout.com/2163798.rss,"<p>Caroline S Walrad, PhD, homeopath and nutritionist, discovered Standard Process for her practice in 1997. When her quantum biofeedback system showed that those taking Whole Food Standard Process on a daily basis were the only clients gaining health quickly, she discarded all other company supplements. To this day, she believes there is only one whole food vitamin manufacturer with quality and vitality and consistency: Standard Process in Wisconsin, USA. The grow the food source organically for over a hundred years. This is also the very best ongoing education she has received is through them. Enjoy the best of the podcasts!</p>",Buzzsprout,en-us,https://storage.buzzsprout.com/oq0rghcmese1a2k7qhfv1lkmhkci?.jpg,2026-08-03 22:56:40,7980272,confirmed,https://nutrtitionalhealthnotesbycaroline.buzzsprout.com,1785797800,417ee4a7ff3e93e2b396c904564403ff,,4,0,INDIVIDUAL
Brave Beginnings With Brandi,Brandi Dugger,https://anchor.fm/s/11110dc24/podcast/rss,"I’m a resilience life coach and founder of my resilience coaching practice, Brave Beginnings, LLC. This show describes my specialties as I share my personal stories and experiences. In that way, it also helps you get to know me better.
My specialties are navigating a path forward regarding: (1) the divorce decision or life after divorce, (2) infertility (3) life after losing a love one (4) life supporting a loved one with a mental health disorder (Bipolar II disorder emphasis), and (5) career transitions.
Since these are heavy subjects, I often infuse humor into my episodes and my practice.",Anchor,en,https://d3t3ozftmdmh3i.cloudfront.net/staging/podcast_uploaded_nologo/45712849/45712849-1775400144957-000cef8d4f50e.jpg,2026-08-03 22:49:11,7980270,confirmed,https://bravebeginningsllc.com,1785797351,750b1fbd54310958b437ad4ced0a33f0,6797026303.0,2,0,CORPORATE
Menace from Below,Harl Vincent,https://www.spreaker.com/show/7147925/episodes/feed,An entire subway train full of passengers seems to disappear into thin air in the tunnels of the New York subway system! A murdered man's body seems to dissolve into the floor before a witness's very eyes! What do the mysterious subterranean ape men have to do with it all? Find out for yourself in this thrilling tale of wild science fiction! - Summary by Ben Tucker,Spreaker,en,https://d3wo5wojvuv7l.cloudfront.net/t_rss_itunes_square_1400/images.spreaker.com/original/84d4796f1b04f4494b2d353d500a5e30.jpg,2026-08-03 22:37:02,7980269,confirmed,https://www.spreaker.com/podcast/menace-from-below--7147925,1785796622,b7f08b55b4a2ec1e7859cf5b544ebea4,,4,0,INDIVIDUAL
Expect to Self-rescue,chibibecky70,https://feed.podbean.com/chibibecky70/feed.xml,Fitness for everyone by an obese woman.  Come join me on the path to weight loss as I get my Certification for Nutrition and Personal Trainer.,Podbean,en,https://pbcdn1.podbean.com/imglogo/image-logo/21047789/slim_etsrao03h.jpg,2026-08-03 22:34:12,7980267,confirmed,https://chibibecky70.podbean.com,1785796452,21b5b45911e0507e0733614c24b8e9f7,6792087537.0,2,0,INDIVIDUAL
The Last Drinking Binge,Dan,https://anchor.fm/s/10b4e43a8/podcast/rss,"The Last Drinking Binge is a podcast for middle-aged men who keep falling into the same binge-drinking pattern and are ready to build a life they don't need to escape from. Through honest conversations and real-time Journey episodes, I explore what it really takes to break the pattern and rebuild your life. Expect humor, uncomfortable truths, and genuine conversations from someone living it in real time. After years of study and trial and error, I honestly believe I'm onto something that can help me—and other men like me—finally break the pattern.",Anchor,en-ca,https://d3t3ozftmdmh3i.cloudfront.net/staging/podcast_uploaded_nologo/44746458/44746458-1785519718978-78e37b51d0dfb.jpg,2026-08-03 22:33:42,7980266,confirmed,https://podcasters.spotify.com/pod/show/dan-wish,1785796422,a62ad3338a2cfd9d07d4e1ec89ab1d9a,,0,0,INDIVIDUAL
"The Shopify Inventory Show | Stocky Alternative, Forecasting & Inventory Management",Supremo,https://anchor.fm/s/1159406cc/podcast/rss,"The Shopify Inventory Show helps Shopify merchants master inventory management, demand forecasting, purchase orders, safety stock, reorder points, lead times, multi-location inventory, and ecommerce operations. Learn practical strategies, merchant case studies, AI insights, and the latest Shopify inventory best practices. Hosted by the team behind Supremo, this podcast helps you reduce stockouts, improve cash flow, optimize inventory, and grow your Shopify business with confidence.",Anchor,en,https://d3t3ozftmdmh3i.cloudfront.net/staging/podcast_uploaded_nologo/46469899/46469899-1785599252911-dd954bc381065.jpg,2026-08-03 22:28:11,7980264,confirmed,https://podcasters.spotify.com/pod/show/sixthshop5,1785796091,d6ec3b84c9d2a2bee41daf91bc904b57,6797045814.0,2,0,INDIVIDUAL
9-5 Millionare,Mary Jane,https://anchor.fm/s/1159fbbac/podcast/rss,Series of daily episodes that get release sharing financial advice to make the average 9-5 working a millionare,Anchor,en,https://d3t3ozftmdmh3i.cloudfront.net/staging/podcast_uploaded_nologo/46477571/46477571-1785715960342-671c4be14c7c5.jpg,2026-08-03 22:25:06,7980263,confirmed,https://podcasters.spotify.com/pod/show/trey98,1785795906,70654b07ab778d2407ed5587c75a0d00,6797350467.0,2,0,INDIVIDUAL
Getting yourself ready for a new chapter,Arthur DeVonn lewis,https://www.spreaker.com/show/7232804/episodes/feed,<b>Getting yourself ready for a brans new chapter</b>,Spreaker,en,https://d3wo5wojvuv7l.cloudfront.net/t_rss_itunes_square_1400/images.spreaker.com/original/f9cb5f119d89a2ea7da5f98f2d47df4c.jpg,2026-08-03 22:22:37,7980261,confirmed,https://www.spreaker.com/podcast/getting-yourself-ready-for-a-new-chapter--7232804,1785795757,850a83eec82b2601bc2d94304035854f,,4,0,INDIVIDUAL
"Golden Skull, A Rick Brant Science-Adventure Story",Harold L. Goodwin,https://www.spreaker.com/show/7147927/episodes/feed,"Rick Brant and his friends have another adventure in the Philippines. Together Rick, Scotty Chahda and Dr Briotti work to solve a mystery in the backdrop of Filipino culture and history. - Summary by Cyndajm",Spreaker,en,https://d3wo5wojvuv7l.cloudfront.net/t_rss_itunes_square_1400/images.spreaker.com/original/703a5536963cd201991b7d7b67d62d6c.jpg,2026-08-03 22:19:19,7980259,confirmed,https://www.spreaker.com/podcast/golden-skull-a-rick-brant-science-adventure-story--7147927,1785795559,91cf9cbf28dd0b1eff3f4ddd6840a527,,4,0,INDIVIDUAL
The HR Buddy Podcast with Damien McCarthy,HR Made Easy,https://anchor.fm/s/112e91d68/podcast/rss,"HR is complex. Understanding it doesn't have to be.
Hosted by Damien McCarthy, we take a closer look at some of the most challenging topics in Irish HR. Through in-depth discussion, we explore employment law, workplace issues, recent WRC findings, and real-world situations employers face every day.
Based on experience and current developments, Damien and his guests explain what matters, why it matters, and what employers should do next. Whether you're an HR professional or business owner, Irish HR Made Easy helps you stay informed, stay compliant, and navigate Irish HR with confidence.",Anchor,en-ie,https://d3t3ozftmdmh3i.cloudfront.net/staging/podcast_uploaded_nologo/46022346/46022346-1783051795270-f99512d3bb1a5.jpg,2026-08-03 22:09:56,7980254,confirmed,https://www.hrbuddy.ie/,1785794996,ed82592af586e2d5a9a02bddb0749253,6796592654.0,2,0,INDIVIDUAL
Caribana Dacehall and soca Mix 2026,Lamar Rowe,https://feeds.acast.com/public/shows/6a710ec9e9d2c023de794f5c,"<p>Caribana season is here! 🇯🇲🇹🇹 From the hottest dancehall riddims to the biggest soca anthems, this mix is pure island energy from start to finish. Turn the volume up, wave your flags, and let the vibes take over. Whether you’re on the road, at the fete, or chilling with friends, this is the soundtrack you need. No stress, just nonstop Caribbean vibes, good energy, and unforgettable memories. 🎶🔥🌴</p><p>#Caribana #CarnivalVibes #Dancehall #Soca #IslandVibes #TorontoCarnival #CaribbeanCulture #WineAndBrukOut #FeteSeason #DJMix #GoodVibesOnly #RoadReady #CaribbeanMusic #TurnUp #SummerEnergy</p><hr><p style='color:grey; font-size:0.75em;'> Hosted on Acast. See <a style='color:grey;' target='_blank' rel='noopener noreferrer' href='https://acast.com/privacy'>acast.com/privacy</a> for more information.</p>",Acast,en,https://assets.pippa.io/shows/cover/1785794004771-5df21cd0-0438-40a2-8781-f08a1dbd0469.jpeg,2026-08-03 22:01:15,7980250,confirmed,https://feeds.acast.com/public/shows/caribana-dacehall-and-soca-mix-2026,1785794475,38bebd5d990eeb486bcab61ff0c8dfff,,0,0,INDIVIDUAL
The Beat with The Camas Music Boosters,Amy,https://rss.buzzsprout.com/2634406.rss,"<p><b>Welcome to the Beat with the Camas Music Boosters.  We have the 411 on what’s happening in our local music community.  </b></p><p><b>The Camas Music Boosters is a local non-profit organization that works to build community and fundraise for our local Camas School District schools.  Over the last 2 years we have given over $70,000 dollars in grants to all of the music programs across all 12 schools, serving children from Kindergarten all the way to high school.  </b></p><p><b>We now have a podcast!  We want to keep you all up on the beat of what is going on in our town.  We have music news of upcoming events, as well as at “Getting to know you segment”, where you will get to know the players in our local community.  </b></p><p><b>Subscribe to The Beat with the Camas Music Boosters now keep up on all the latest music community news.  </b></p><p><b>If you are a player in the Camas community, we’d love to hear from you!  Email us at </b><a href=""mailto:podcast@camasmusicboosters.org""><b>podcast@camasmusicboosters.org</b></a><b> or check out our website at www.camasmusicboosters.org</b></p><p><br></p>",Buzzsprout,en-us,https://storage.buzzsprout.com/ufsehazpwliztl2uzms6o3eba46k?.jpg,2026-08-03 21:53:51,7980245,confirmed,,1785794031,a4720a7de1e94bdf097a4a3baf38fb4d,,4,0,INDIVIDUAL
The Kids Show,Bennett,https://rss.buzzsprout.com/2634409.rss,<p>Join Jack and Healy for fun adventures magic tricks and more</p>,Buzzsprout,en-us,https://storage.buzzsprout.com/nxmw81jtq3y4qix1nbdpmmqj85ii?.jpg,2026-08-03 21:53:28,7980244,confirmed,,1785794008,a4850596ef341eeddcc4980f345d5f01,,0,0,INDIVIDUAL
The Odyssey Series,The Odyssey Series,https://anchor.fm/s/107aec0b0/podcast/rss,An anthology series blending audio and the imagination.,Anchor,en,https://d3t3ozftmdmh3i.cloudfront.net/staging/podcast_uploaded_nologo/44138604/44138604-1753558766967-e2a44217d7d99.jpg,2026-08-03 21:48:51,7980241,confirmed,https://podcasters.spotify.com/pod/show/the-odyssey-series,1785793731,52491efc42e1604b1b96fdc419431d54,1829559605.0,2,0,CORPORATE
The First Atelier EN — Conversations,Marco Jimenez,https://anchor.fm/s/114e5f7d0/podcast/rss,"Some stories do not end when the screen fades to black.
The First Atelier — Conversations explores the memories, objects, mysteries, and hidden meanings behind each Archive. A deeper conversation about the stories that continue beyond the image",Anchor,en,https://d3t3ozftmdmh3i.cloudfront.net/staging/podcast_uploaded_nologo/46355828/46355828-1784008585718-a2e1d71973abe.jpg,2026-08-03 21:45:11,7980236,confirmed,https://podcasters.spotify.com/pod/show/marco-jimenez9,1785793511,fc0f69e6df8d6b19958dff0239c4aaae,6790675245.0,2,0,INDIVIDUAL
Tales From The Syndicate,The Syndicate,https://anchor.fm/s/115982964/podcast/rss,"Tales From The Syndicate is a live-play Dungeons & Dragons podcast built around rich storytelling, memorable characters, hilarious moments, vulgar jokes, terrible decisions, and complete stupidity.
Join Tony, Lane, Brandon, Thomas, and Gavin as we play through original campaigns, react in real time, and somehow turn every carefully planned adventure into absolute chaos.
New stories. Real reactions. No filter.",Anchor,en,https://d3t3ozftmdmh3i.cloudfront.net/staging/podcast_uploaded_nologo/46472609/46472609-1785639280447-4375f4247c9c8.jpg,2026-08-03 21:38:18,7980232,confirmed,https://podcasters.spotify.com/pod/show/talesfromthesyndicate,1785793098,37c5489ca131c9966ad9d1388407b53c,6794988279.0,2,0,CORPORATE
Living A Magical Life,Kevin Pennell,https://feeds.libsyn.com/626140/rss,"This podcast explores the many dimensions of magic and how it touches our everyday lives.
When you stop to think about it, life itself is magical. Magic is woven into the fabric of our world, no matter where we are. Traditionally, magic has been described as the use of supernatural forces to influence events.  Across generations, cultures, and societies, the concept of magic has taken many forms—from stage performances and ancient spiritual traditions to folklore, video games, and modern popular culture.
In each episode, the many ways magic reveals itself in our lives will be explored. More importantly, we'll discover how we can consciously engage with the magic that surrounds us and make it a meaningful part of our personal journey. By embracing this sense of wonder, we can cultivate greater balance, harmony, purpose, and fulfillment.
Our hope is to build a welcoming community of people who are curious about the magic of life and inspired to live it more fully.",Libsyn,en,https://static.libsyn.com/p/assets/2/0/3/1/2031b9086fcf9b67d959afa2a1bf1c87/Logo_3000x3000.png,2026-08-03 21:29:21,7980229,confirmed,https://sites.libsyn.com/626140,1785792561,f8a74abf9d20bcb78f3c7bc7c36c312e,6795533790.0,2,0,INDIVIDUAL
Faith. Family. Forward with Lawson Horton,Lawson Horton,https://anchor.fm/s/115527734/podcast/rss,"Faith. Family. Forward. with Lawson Horton is a Christ-centered podcast for everyday people who want to grow closer to God, lead their families well, and keep moving forward through real-life challenges.
Lawson shares honest conversations about faith, marriage, fatherhood, health, finances, career, purpose, rebuilding, and becoming the man God has called him to be.
This podcast is not recorded from the finish line. It is recorded from the middle of the journey.
Faith. Family. Forward.™
Growing Faith. Leading Family. Moving Forward.",Anchor,en-us,https://d3t3ozftmdmh3i.cloudfront.net/staging/podcast_uploaded_nologo/46426933/46426933-1785011807402-bca5569416296.jpg,2026-08-03 21:28:11,7980226,confirmed,https://faithfamilyforward.com,1785792491,92895cb3895399de4639c1fa51dc7685,6795327559.0,2,0,INDIVIDUAL
Refuge Ministries International,Eric and Angela McBride,https://rss.buzzsprout.com/2227335.rss,"<p>Refuge Ministries International is an incorporated ministry as a 501 (c)(3) for non-profit bringing a Legacy of Freedom to listeners. Whom the Son sets free is free indeed. Where God is our refuge and strength, a very present help in trouble.  We are donation supported and appreciate every contribution. You can reach RMI at refugeministriesint@gmail.com. You can also find us at youtube.com/@refugeministriesinternational and facebook.com/refugeministriesint.</p>",Buzzsprout,en-us,https://storage.buzzsprout.com/vjc4n8un7lkiy6ts7lz3f4j243t6?.jpg,2026-08-03 21:20:18,7980220,confirmed,https://www.buzzsprout.com/2227335,1785792018,7358bbf9bbb4e99a652445241021ca5b,,4,0,CORPORATE
Economic Game Changers | PragerU Kids,PragerU Kids,https://feeds.transistor.fm/economic-game-changers-prageru-kids,"From Adam Smith to Thomas Sowell, meet the men whose bold economic ideas shaped history and defined the way everyone talks about money, trade, and markets today.",Transistor,en,https://img.transistorcdn.com/aw0GtgJR1CX-4ELlTEL-dEhUxgVMSMM-EkFZDxUSeZY/rs:fill:0:0:1/w:1400/h:1400/q:60/mb:500000/aHR0cHM6Ly9pbWct/dXBsb2FkLXByb2R1/Y3Rpb24udHJhbnNp/c3Rvci5mbS82Yjdl/NDNjNjU1MzE4OTIz/MjBiZjllMmE0M2Ez/ZjlhZS5qcGc.jpg,2026-08-03 21:19:51,7980219,confirmed,https://www.prageru.com/shows/economic-game-changers,1785791991,c2f5e9a8415b0ba0537f303215abbc2d,,4,0,INDIVIDUAL
Tales Beneath Dark Stars,Alex Niven,https://www.spreaker.com/show/7232746/episodes/feed,"A Podcast where I read books from the Cosmic Horror genre from H.P Lovecraft, H.G Wells and more",Spreaker,en,https://d3wo5wojvuv7l.cloudfront.net/t_rss_itunes_square_1400/images.spreaker.com/original/2f5a0aed126fb4563c41e773d280432c.jpg,2026-08-03 21:18:43,7980218,confirmed,https://www.spreaker.com/podcast/tales-beneath-dark-stars--7232746,1785791923,2de0910976e388ae919c610cb8e405a5,,4,0,INDIVIDUAL
Catholic Family Uncorked,Trent and Michelle Hillaert,https://feeds.captivate.fm/catholicfamilyuncorked/,"What's it like in a big Catholic family in today's day and age? We're inviting you into our home and hearts to share the many lessons we've learned and ideas we've developed over the past two decades. 

Raising a big family, a faith-filled family, and a family with a whole lot of heart requires quite a bit of maneuvering and rolling with the punches in this crazy world we live in.

Our hope and our prayer is that some of our experiences will help you to create your own family culture... a culture of life rooted and founded in LOVE.",Captivate,en,https://my.captivate.fm/assets/images/captivate-art-bg.jpg,2026-08-03 21:08:29,7980211,confirmed,https://catholicfamilyuncorked.captivate.fm,1785791309,e9bae14c6af74fd667504ef2f0637c8b,,4,0,CORPORATE
True Crime Psychology,True Crime Psychology,https://www.spreaker.com/show/7232642/episodes/feed,"Embark on a new journey with us as we unveil ""True Crime Psychology"" dedicated to entertain and educate its viewers. Join our growing community of enthusiasts as we bring you some exclusive never seen before footages and expert analysis by a team of top subject matter experts and psychologists. With a commitment to quality content and a deep dive into criminal psychology, we aim to offer a fresh perspective on captivating cases. Subscribe now to be part of our exciting exploration of the world of true crime!",Spreaker,en,https://d3wo5wojvuv7l.cloudfront.net/t_rss_itunes_square_1400/images.spreaker.com/original/fc74b8b4cbcb7ab23a1e9de5468d2d53.jpg,2026-08-03 21:08:23,7980210,confirmed,https://www.spreaker.com/podcast/true-crime-psychology--7232642,1785791303,7313fa5f95d90abe885dd4d8a90852fb,,4,0,INDIVIDUAL
Hɛn Gyaadze! (Our Kitchen!),Millicent Elewosi,https://rss.buzzsprout.com/2633418.rss,"<p><b> Hɛn Gyaadze!</b> is a<b> </b>podcast series that brings together stories from Ghanaian women food vendors  and  how their stories reflect a shared practice through which women build communities, sustain care infrastructures, and imagine alternative futures. The podcast treats storytelling as a connecting praxis across community-based food vendors linked by a shared commitment to care, survival, mutual support, and community advancement. This  series foregrounds ethical listening, African orality, and feminist methodologies rooted in lived experience. Stories are  produced in vendor's local language –Fante, with English subtitles/VoiceOver.</p>",Buzzsprout,en-us,https://storage.buzzsprout.com/z9amwdq54lwh1x8x45y3zr7d8pow?.jpg,2026-08-03 21:02:13,7980206,confirmed,https://www.buzzsprout.com/2633418,1785790933,11badc51917d801cda701c5b40915f2e,,4,0,INDIVIDUAL
2026 TDA Summer News and Updates,Stevie Clark,https://feeds.captivate.fm/2026-tda-summer-news-and/,Our Best Year Yet,Captivate,en,https://artwork.captivate.fm/13a7fd8a-4a9b-49c8-a0ff-694812aa2599/Square-Logo-1.png,2026-08-03 21:01:01,7980205,confirmed,https://2026-tda-summer-news-and.captivate.fm,1785790861,7153e362d289eb0413611632e81e9a9e,,4,0,INDIVIDUAL
The 80s Bunch: Weird Stories from Pop Culture’s Greatest Decade,JHughes Productions,https://anchor.fm/s/1159b2f9c/podcast/rss,"The 80s Bunch: Weird Stories from Pop Culture’s Greatest Decade revisits the scandals, mysteries, forgotten celebrities, bizarre news events, television moments, music controversies, toys, commercials, fads, and strange true stories that made the 1980s unforgettable. 
Hosted by Scott Barrett, each episode digs beneath the nostalgia to uncover the wild stories behind familiar names, vanished stars, failed products, urban legends, and unforgettable moments from life before the internet.",Anchor,en,https://d3t3ozftmdmh3i.cloudfront.net/staging/podcast_uploaded_nologo/46474591/46474591-1785676521666-a05d0d207524a.jpg,2026-08-03 20:52:30,7980202,confirmed,https://podcasters.spotify.com/pod/show/matt8449,1785790350,2a986a034c02db2be0aaa700856cdcae,6797271762.0,2,0,CORPORATE
The Trout OPS Fly Fishing Podcast,"Orvis Endorsed Fly Fishing Guide, Chris Chandler of Trout OPS, LLC",https://anchor.fm/s/11597e954/podcast/rss,"The Trout OPS Fly Fishing Podcast is hosted by Orvis Endorsed Fly Fishing Guide and military veteran Chris Chandler, this podcast explores the rivers, tactics, stories, and people that make fly fishing more than just a sport.
Join Chris and co-host Alex Ferber as they dive into everything from trout, and steelhead fishing to river etiquette, casting techniques, gear, guide insights, and destination travel. Along the way, they'll share memorable stories from the water, candid conversations with guides and anglers,",Anchor,en,https://d3t3ozftmdmh3i.cloudfront.net/staging/podcast_uploaded_nologo/46472445/46472445-1785636139624-2adc56dcc03b4.jpg,2026-08-03 20:46:30,7980197,confirmed,https://podcasters.spotify.com/pod/show/roadgrime55,1785789990,5f6abdc9d97f788b4bd0ff3ca7bfb7ef,6797138540.0,2,0,CORPORATE
The Topless Pod,Karissa Dae and Stella Estrella,https://anchor.fm/s/11535ff50/podcast/rss,"🌈 A Queer-centered podcast - Queer Questions & Queer Stories
🔝 Taking the top off all things trending, taboo, & transformative
🗣️ Stay Tuned, Episodes Coming Soon!",Anchor,en,https://d3t3ozftmdmh3i.cloudfront.net/staging/podcast_uploaded_nologo/46408276/46408276-1784749090974-69bf9dcec4a01.jpg,2026-08-03 20:42:24,7980193,confirmed,https://podcasters.spotify.com/pod/show/the-topless-pod8,1785789744,8a442a212f02ef1c6a6c9a719310832a,6797036874.0,2,0,CORPORATE
Fast and Slow,Tony Portobello,https://anchor.fm/s/f32b5d9c/podcast/rss,"Fast and Slow brings a ‘yes, and…’ approach to life, because we’re all making it up as we go. 
I talk AI, digital tools, and whatever’s moving too fast to keep up with. Then I slow it right down with books, routines, reflection, and the stuff that actually makes you feel something. I’m convinced the stuff that matters happens in the grey, the messy middle. 
Delivered in one take, with questionable editing and a slight attitude.",Anchor,en,https://d3t3ozftmdmh3i.cloudfront.net/staging/podcast_uploaded_nologo/40697055/40697055-1771033961927-0044ec7d4fa6e.jpg,2026-08-03 20:31:30,7980185,confirmed,https://podcasters.spotify.com/pod/show/connectioncurious,1785789090,92a43f6d2eb20487b67d41cc668ca28e,1877263929.0,2,0,INDIVIDUAL
Clabber Gals,YDP,https://rss.buzzsprout.com/2633152.rss,"<p>Real bakers, real talk</p>",Buzzsprout,en-us,https://storage.buzzsprout.com/s6vbg2boadclklwjwkye90yfso7g?.jpg,2026-08-03 20:26:44,7980180,confirmed,,1785788804,240055aa2912837623dea7d29644cc91,,4,0,CORPORATE
My Forever Bank - Personal Stories,Sherry Taylor,https://rss.buzzsprout.com/2632965.rss,"<p>Virginia National Bank is excited to be YOUR local bank. With over 4 decades of combined banking experience, VNB keeps you informed of best banking options for your needs, how to save for the things you want and need, fraud alerts, community giving, investing, educating you and your children and how to make the most of your money.</p><p><br></p><p>""<b>Virginia National Bank where it's all about people ... and always will be""</b></p>",Buzzsprout,en-us,https://storage.buzzsprout.com/45fmikvf5pboxidphkei9w71evb6?.jpg,2026-08-03 20:24:53,7980179,confirmed,https://www.vnb.com/blog,1785788693,36a048514fac17f45cc49a96150c0cea,,0,0,INDIVIDUAL
The Caddie's Den,Michael Gaff,https://feeds.transistor.fm/the-caddies-den,"The Caddie's Den is a golf gear podcast for golfers who care about what's in their bag and why. Every episode covers new releases, the best deals worth your money, and The Edge, a segment on weekly DFS golf strategy. Hosted by Mike Gaff, a single-digit handicap golfer who tests what he talks about. No fluff. No marketing copy. Just honest gear talk. New episodes drop twice a week. Show notes with affiliate links at thecaddiesden.com/podcast.",Transistor,en,https://img.transistorcdn.com/CtcI4ZJxNRyigsL_0GBl_ZoF-UXz7Y0Jjbn8PUFddko/rs:fill:0:0:1/w:1400/h:1400/q:60/mb:500000/aHR0cHM6Ly9pbWct/dXBsb2FkLXByb2R1/Y3Rpb24udHJhbnNp/c3Rvci5mbS9mMmE3/YzM3OWE5YjNhMzBi/MGFkMDZkMjFiMTFj/MGJiMS5wbmc.jpg,2026-08-03 20:10:40,7980175,confirmed,https://thecaddiesden.com/podcast.html,1785787840,e99eae41339635c07867957f782cab90,,4,0,INDIVIDUAL
Bryce's Nicest,Bryce Warner,https://anchor.fm/s/10c72b994/podcast/rss,Bryce Warner (@bdub2nice) provides his insight on the lovely game of basketball and the things around it.,Anchor,en-us,https://d3t3ozftmdmh3i.cloudfront.net/staging/podcast_uploaded_nologo/44938125/44938125-1785337581737-15204314c6d1.jpg,2026-08-03 20:10:31,7980174,confirmed,https://podcasters.spotify.com/pod/show/the-hoodie-and-the-headba,1785787831,418d6710430adff01c3c06711be180a5,1896661925.0,2,0,INDIVIDUAL
Dr. Chill Sleep Science,Dr. Chill Sleep Science,https://www.spreaker.com/show/7232644/episodes/feed,"A serene, harmonious blend of natural wellness elements and subtle cosmic iconography, designed to evoke feelings of calm, tranquil sleep, and scientific elegance.<b>Core Elements & Composition</b><ul><li><b>Central Typography:</b><ul><li><b>Text:</b> <b>DR. CHILL</b> prominently featured at the center, anchored below by the subtitle <b>Sleep Science</b>.</li><li><b>Style & Color:</b> The lettering is styled in a vibrant, <b>crystal-clear aqua blue</b>, reminiscent of pure, tropical waters. The glossy texture gives the text a modern, luminous finish while maintaining readability.</li><li><b>Iconography:</b> Positioned directly above the main text is a delicate, minimalist <b>crescent moon paired with small, twinkling stars</b>, mirroring the soft aqua hue of the brand name.</li></ul></li><li><b>Background & Cosmic Accents:</b><ul><li><b>Canvas Texture:</b> The backdrop features a warm, off-white linen/canvas texture that feels grounded, organic, and inviting.</li><li><b>Celestial Pattern:</b> Interspersed across the background are fine, golden-drawn celestial details—including <b>constellation lines, swirling galaxies, distant stars, and ringed planets</b>. These elements weave subtle cosmic magic around the clean central area without cluttering the composition.</li></ul></li><li><b>Framing & Decorative Props:</b><ul><li><b>Organic Elements:</b> Soft green <b>ferns and eucalyptus sprigs</b> border the edges, infused with tiny, glowing bioluminescent specks that add a touch of wonder and nature-inspired tranquility.</li><li><b>Crystals & Stones:</b> Raw, iridescent <b>quartz crystals</b> and a warm, glowing <b>Himalayan salt stone</b> are positioned strategically around the perimeter, catching light and evoking an ambiance of healing and rest.</li><li><b>Literature:</b> Stacked quietly in the corners are <b>hardcover books in muted blues, greens, and neutral tones</b>, reinforcing the scientific and educational foundation of sleep medicine.</li></ul></li></ul>",Spreaker,en,https://d3wo5wojvuv7l.cloudfront.net/t_rss_itunes_square_1400/images.spreaker.com/original/369c03ca0b1d20b24db44304aceee18b.jpg,2026-08-03 20:10:25,7980173,confirmed,https://www.spreaker.com/podcast/dr-chill-sleep-science--7232644,1785787825,84f7777ea3b4168c7c86336a876b5cf2,,4,0,INDIVIDUAL
NeuroticA,Swaglord,https://rss.buzzsprout.com/2634393.rss,pwnage in the modern age,Buzzsprout,en,https://storage.buzzsprout.com/70epp9cdzd7246yt7pmeq5k872qr?.jpg,2026-08-03 20:09:54,7980172,confirmed,http://maxwellbabiuk.com,1785787794,5b61e06a228a37281acc21a1884e5331,,4,0,INDIVIDUAL
Build Digital Authority,Tanya Smith,https://anchor.fm/s/115121590/podcast/rss,"Build Digital Authority is a podcast for experienced professionals who know they have valuable expertise but want their online presence to reflect it.
Hosted by Tanya Smith, the show explores what it really takes to become recognized, trusted, and discoverable in today's digital world. Each episode blends practical strategy with thoughtful conversation about personal branding, AI, visibility, thought leadership, and the evolving role experience plays in a technology-driven world.",Anchor,en-us,https://d3t3ozftmdmh3i.cloudfront.net/staging/podcast_uploaded_nologo/46384740/46384740-1784418254753-bfa525c083d35.jpg,2026-08-03 20:06:19,7980170,confirmed,https://tanyasmith.ceo,1785787579,fab80b7b98ab4ff37c05956108c261f0,6792386383.0,2,0,CORPORATE
Susan LoPresti Wellness Mind Body Soul,Susan LoPresti,https://feed.podbean.com/susanpi/feed.xml,"My mission is to give midlife women the tools necessary to transition into this wonderful time of life easily and effortlessly so they can continue to live long, healthy, happy productive lives for many years to come. I help women to stay healthy through many different healing modalities besides just the food on the plate. Health is Holistic and we get to the root cause instead of putting a band aid on our symptoms. To learn more about me visit my website at www.susanlopresti.com, email susan@susanlopresti.com. IG @susanlopresti__ Facebook https://www.facebook.com/WellnessMindBodySoul/",Podbean,en,https://pbcdn1.podbean.com/imglogo/image-logo/22402365/Susan_LoPresti989df.png,2026-08-03 20:02:23,7980165,confirmed,https://susanpi.podbean.com,1785787343,1c603afcb1a51a6c8b52274f250b3b30,6797097515.0,2,0,INDIVIDUAL
Beyond Words,Beyond,https://rss.buzzsprout.com/2632608.rss,"<p>Beyond Words is where ideas come to life through the power of Al and meaningful conversations. From the latest breakthroughs in artificial intelligence and technology to self-improvement, business, productivity, motivation, and the future of humanity, every episode is designed to inform, inspire, and spark curiosity.<br>Whether you're an entrepreneur, creator, student, or simply someone who loves learning, you'll discover thought-provoking stories, practical insights, and engaging discussions that go beyond the ordinary.<br>New episodes are released regularly, bringing you fresh perspectives, expert-inspired knowledge, and AI-powered storytelling that keeps you ahead of the curve.<br>Subscribe to Beyond Words and discover the conversations that go beyond words</p>",Buzzsprout,en-us,https://storage.buzzsprout.com/m0se2thk873su57ziel1cb71nzmb?.jpg,2026-08-03 19:54:20,7980159,confirmed,https://www.buzzsprout.com/2632608,1785786860,633fe5619f6ac1f864f8b6156a4087f7,,4,0,INDIVIDUAL
"Idiots of the, enter net",Felicia A. Hook Hagler,https://anchor.fm/s/115838ec8/podcast/rss,"Well now... Joe Santagato, it seems, is mistaken, uc the internet is where he,king idiot and the others just congregate...
FaApjJxhCmeoWKPZ0aur",Anchor,en,https://d3t3ozftmdmh3i.cloudfront.net/staging/podcast_uploaded_nologo/46459106/46459106-1785439681230-17d0008bf1579.jpg,2026-08-03 19:51:46,7980158,confirmed,https://podcasters.spotify.com/pod/show/felicia-a-hook-hagler5,1785786706,9031ed743ab257c9cd793d2bfc451364,6796454167.0,2,0,INDIVIDUAL
Path of The Passionates,Tyler Gruber,https://rss.buzzsprout.com/2634359.rss,<p>intimate and though-provoking conversations with members of the community who exude a burning passion for what they do and what they believe in. Uninterrupted dialogue for our audience to be deeply immersed and receive whatever aligns with them.</p>,Buzzsprout,en-us,https://storage.buzzsprout.com/zvmnr3hui8e4e7f4cms4f3csj7rz?.jpg,2026-08-03 19:51:28,7980157,confirmed,,1785786688,0203452db98307679a51f5e68c49a52d,,4,0,CORPORATE
A journey through life: a show about mental health and soaps,Anna Harris,https://anchor.fm/s/ff71956c/podcast/rss,"My show is about soaps, including General Hospital, One Life To Live and All My Children . I’ll discuss my journey as a mental health warrior and even interview some cool people!",Anchor,en-us,https://d3t3ozftmdmh3i.cloudfront.net/staging/podcast_uploaded_nologo/42756339/42756339-1735690771045-40788dcae9891.jpg,2026-08-03 19:50:38,7980156,confirmed,https://podcasters.spotify.com/pod/show/anna-harris0,1785786638,35df691d908337a66275a7571d928094,6797062251.0,2,0,INDIVIDUAL
The Sideline with Sam Strasner,Arkansas Tech University,https://feeds.transistor.fm/the-sideline-with-sam-strasner,"Sam Strasner, Director of University Relations at Arkansas Tech University, sits down with the ATU coaching staff to talk about the game and get the real scoop of how the season is going!",Transistor,en,https://img.transistorcdn.com/JXXkgxNV51RGKp197cM_hY2-evHpfbkA1qZUpMekFfk/rs:fill:0:0:1/w:1400/h:1400/q:60/mb:500000/aHR0cHM6Ly9pbWct/dXBsb2FkLXByb2R1/Y3Rpb24udHJhbnNp/c3Rvci5mbS83N2Rh/MTczZDA4NGU4NWVl/NmY1NzE5ZTBmYTcy/OTM3ZC5wbmc.jpg,2026-08-03 19:39:58,7980149,confirmed,http://arkansastechsports.com,1785785998,cf733d320b9a99d76f7a59491336c08c,,4,0,CORPORATE
The Path to Jannah,The Path to Jannah,https://www.spreaker.com/show/7232578/episodes/feed,"Welcome to The Path to Jannah.<br /><br />This episode shares authentic Islamic knowledge to strengthen faith, inspire good character, and encourage us to follow the guidance of the Qur'an and the Sunnah.<br /><br />May Allah grant us beneficial knowledge, sincere deeds, and guide us all on the path to Jannah. Ameen.<br /><br />🎙️ New Islamic episodes are published regularly. Thank you for listening and supporting this journey.",Spreaker,en,https://d3wo5wojvuv7l.cloudfront.net/t_rss_itunes_square_1400/images.spreaker.com/original/6c4d622152d5758d7ed7ede8e5ebf5e5.jpg,2026-08-03 19:30:45,7980146,confirmed,https://www.spreaker.com/podcast/the-path-to-jannah--7232578,1785785445,7a212fca6af454a816661b2fe4a6b107,,4,0,CORPORATE
Here By The Cross,Here By The Cross,https://anchor.fm/s/ef820830/podcast/rss,"Here By The Cross focuses on sharing the Gospel with all willing to hear God's Word. Hear a new discussion on God's Word with a special guest each episode for listeners to enjoy, whether you are a new or old Christian. This show contains stories about the reality of following Jesus and glorifying God in everyday life. So grab your copy of God's Word and enjoy discussion about salvation, redemption, and discipleship.",Anchor,en,https://d3t3ozftmdmh3i.cloudfront.net/staging/podcast_uploaded_nologo/40082764/40082764-1703218494115-41f7e1bc40321.jpg,2026-08-03 19:29:37,7980145,confirmed,https://linktr.ee/herebythecross,1785785377,0835f84fe8f5fc5c15fe735c0e8b0e18,6797101332.0,2,0,INDIVIDUAL
Rock of Ages KCMO,Rock of Ages Lutheran Church,https://anchor.fm/s/11525e50c/podcast/rss,"Sermons from Rock of Ages Lutheran Church in Kansas City, Missouri",Anchor,en-us,https://d3t3ozftmdmh3i.cloudfront.net/staging/podcast_uploaded_nologo/46397723/46397723-1784610275206-cf87a565133fd.jpg,2026-08-03 19:25:04,7980137,confirmed,https://podcasters.spotify.com/pod/show/rock-of-ages-lutheran-chu5,1785785104,3dfee0fc09c60ae4f78a9277ce75549a,6793210448.0,2,0,CORPORATE
A Woman of Strength: Created Not Made,Veronica D. Stanford,https://www.spreaker.com/show/7232574/episodes/feed,"Every woman has a story—and strength is rarely something we’re born with. It is forged through life’s greatest challenges. From brokenness to breakthrough, from doubt to determination, from grief to growth, and from pain to purpose, Veronica invites you on an honest journey through every season of life. With transparency, compassion, and unwavering faith, she explores the experiences that shape us, the lessons that transform us, and the hope that carries us forward. Whether you’re navigating loss, rebuilding after disappointment, discovering your purpose, or simply seeking encouragement, A Woman of Strength: Created Not Made offers authentic conversations, practical wisdom, and heartfelt inspiration to remind you that your greatest strength is often created through the very things you never thought you could overcome.<br /><a href=""https://webtalkradio.net/internet-talk-radio/category/podcasts/womens-issues/a-woman-of-strenght-created-not-made/"" target=""_blank"" rel=""noreferrer noopener"">Learn more about Veronica</a>",Spreaker,en,https://d3wo5wojvuv7l.cloudfront.net/t_rss_itunes_square_1400/images.spreaker.com/original/e32700d8f79863d534901a4ca7ae0298.jpg,2026-08-03 19:15:48,7980133,confirmed,https://www.spreaker.com/podcast/a-woman-of-strength-created-not-made--7232574,1785784548,f872d4c7574e120568715788d40b0d80,,4,0,CORPORATE
Generation Guld- når årene taler,frejaclausen96,https://feed.podbean.com/frejaclausen96/feed.xml,"<p class=""PDq2pG_selectionAnchorContainer""><strong>Generation Guld – når årene taler</strong> er en podcast om livets store spørgsmål, fortalt gennem generationers erfaringer. Sammen med sine gæster dykker Freja Clausen ned i alt fra kærlighed og relationer til fortrydelser, drømme og livets vigtigste læringer.<span class=""PDq2pG_selectionAnchor""></span></p>
<p class=""PDq2pG_selectionAnchorContainer""><span class=""PDq2pG_selectionAnchor"">Har du et spørgsmål du kunne tænke dig at stille en gæst, kan du sende det direkte i DM på Instagram. </span></p>
<p class=""PDq2pG_selectionAnchorContainer""><span class=""PDq2pG_selectionAnchor"">Følg ""Generation Guld"" og Freja Clausen på Instagram @generationguld @frejaclausen </span></p>",Podbean,en,https://pbcdn1.podbean.com/imglogo/image-logo/22492906/GG.png,2026-08-03 19:12:57,7980129,confirmed,https://frejaclausen96.podbean.com,1785784377,6205dd5d4c945fe1b4245ef044206c16,6797176336.0,2,0,INDIVIDUAL
mail,Jonathan Mitchell,https://feeds.captivate.fm/mail-social-sciences/,about life experince  and corpation as a autistic person ,Captivate,en,https://artwork.captivate.fm/42e2e96b-46db-4036-96cb-a57b545b566e/IMG-20251008-180255-1.jpg,2026-08-03 19:04:41,7980127,confirmed,https://mail-social-sciences.captivate.fm,1785783881,52591d57e464d3b5e9a4f575c2b01619,,0,0,CORPORATE
The BNI Advantage Podcast,Clay Morgan and Ryan Reid,https://feeds.transistor.fm/the-bni-advantage-podcast,"Growing a business is hard, especially when you’re trying to do it alone.
The BNI Advantage is the podcast where BNI members and regional leaders share practical tips, proven tools, and real-world stories to help you grow your business and your leadership through strong relationships. Each episode helps you better understand and use the many professional and personal advantages that come from being part of a supportive BNI network.
Expect practical advice, leadership insights, and real stories that help you turn relationships into results- professionally and personally.",Transistor,en,https://img.transistorcdn.com/oNmgUw1mUl4JW6ZWWeMcDm48jAYMJjP39JhnFkf9b2s/rs:fill:0:0:1/w:1400/h:1400/q:60/mb:500000/aHR0cHM6Ly9pbWct/dXBsb2FkLXByb2R1/Y3Rpb24udHJhbnNp/c3Rvci5mbS8xZWM1/ZGMzMWVkZjQ4MmE4/NWY2MjU3NzVmY2U5/M2U4Ny5wbmc.jpg,2026-08-03 18:56:50,7980120,confirmed,,1785783410,b258283ec68b1f4a239e7b4e6a55b247,,4,0,CORPORATE
The value of Continuous Feedback.,Biira Grace,https://www.spreaker.com/show/7232540/episodes/feed,"This audio is all about the value of Continuous Feedback in Scrum. Battleship game was played. The first version showed the correct shots and missed shots after playing of the 30 chances meanwhile, the second version showed hit shot and missed shots promptly. <br /><br /> In the audio you get the unders the value of countious feedback, it's discussed in comparison with project Management/implementation.<br /><br /> I will you the best as you are listening",Spreaker,en,https://d3wo5wojvuv7l.cloudfront.net/images.spreaker.com/nuvolari-assets/green_square_mic.jpg,2026-08-03 18:47:24,7980114,confirmed,https://www.spreaker.com/podcast/the-value-of-continuous-feedback--7232540,1785782844,af009b4aedce2b7c3abd65b2a38fe8fc,,4,0,INDIVIDUAL
Pas d'accent,Dana Whittle,https://feeds.captivate.fm/pas-daccent/,"Stories from a creative and curious bilingual parent, musician, artist, writer and feminist in rural Québec, with a special focus on the cultures of language, music and technology. <br/><br/><a href=""https://vizou.substack.com?utm_medium=podcast"">vizou.substack.com</a>",Captivate,en,https://artwork.captivate.fm/35b8d77e-017f-4a0e-b071-0d9998ec8760/ba4c590b321afbbbc7351823243f828e.jpg,2026-08-03 18:41:14,7980110,confirmed,https://vizou.substack.com/podcast,1785782474,e47eff32cbcb87bf29f8ac37c62b49ff,,4,0,INDIVIDUAL
Catching Belief,New Ground Media,https://rss.buzzsprout.com/2634356.rss,"Catching Belief is a podcast that covers spiritual, religious, psychological, sociological and philosophical questions about the topic of belief. It is hosted by Terra and Nova, who produce episodes that range from interviews with professionals and believers to breakdowns of media in the zeitgeist. Listen in as the hosts of this podcast that seeks to examine the complexities of belief in all of its forms!",Buzzsprout,en,https://storage.buzzsprout.com/5j12xd7wgmtp80byjs31972ckpku?.jpg,2026-08-03 18:37:10,7980108,confirmed,https://httpcatchingbelief.wordpress.com/,1785782230,784d81379730ba8495684b820d0ddf3f,,4,0,CORPORATE
Catch 22,Chance Parsons,https://anchor.fm/s/1154847c8/podcast/rss,"College football takes, NFL storylines, basketball debates, and everything in between. New episodes featuring honest opinions, game analysis, and conversations for the everyday sports fan.",Anchor,en-us,https://d3t3ozftmdmh3i.cloudfront.net/staging/podcast_uploaded_nologo/46420258/46420258-1784918247573-bbec3f4d32461.jpg,2026-08-03 18:34:16,7980105,confirmed,https://podcasters.spotify.com/pod/show/chancehoops,1785782056,49acea25335a241030de4c8feb429009,6796007736.0,2,0,INDIVIDUAL
Die Uitnemender Weg,Arno van Wyk,https://rss.buzzsprout.com/2634361.rss,<p>1 Korinthiërs 13</p>,Buzzsprout,en-us,https://storage.buzzsprout.com/4i6hr1c3cy0hi34x051gp7aa9ff1?.jpg,2026-08-03 18:26:08,7980100,confirmed,,1785781568,60f18c0b49feedf3d292fa59e504bc54,,4,0,INDIVIDUAL
Daily Dose of Encouragement,Covenant Network,https://feed.podbean.com/DailyDoseofEncouragement/feed.xml,"Patty Schneier provides insightful and inspirational thoughts each weekday. Each week has a different theme that brings spiritual insights to everyday living. Presented by Covenant Network, ourcatholicradio.org",Podbean,en,https://pbcdn1.podbean.com/imglogo/image-logo/13200981/CN-Program-Covers_Smaller_Daily-Dose-of-Encouragement.jpg,2026-08-03 18:17:17,7980095,confirmed,https://DailyDoseofEncouragement.podbean.com,1785781037,1c061deab822564208422cdf30d1c84f,1601888133.0,2,0,CORPORATE
The Too Local Podcast,Caleb,https://rss.buzzsprout.com/2633472.rss,"<p>The <b>Too Local Podcast</b> shares the stories of dreamers who dared to think beyond their circumstances and turn their ideas into reality. Each episode features honest conversations about the challenges, setbacks, victories, and lessons learned while building something meaningful.</p><p><br></p><p>Whether it's opening a coffee shop, launching a clothing brand, starting a business, or pursuing a passion that's been on your heart, these conversations are a reminder that every big dream starts with someone willing to take the first step.</p>",Buzzsprout,en-us,https://storage.buzzsprout.com/co5wbtb42sax7ntos509kbbhiqc8?.jpg,2026-08-03 18:16:55,7980094,confirmed,,1785781015,c86430ebb389e9af73b85b0785b7807c,,0,0,INDIVIDUAL
Ultra Runs in the Family,Liz & Ben Bridgeman,https://rss.libsyn.com/shows/543357/destinations/4683692.xml,"Husband and wife duo, Ben & Liz Bridgeman, blend ultra running with the joyful chaos of family life! Each episode showcases their adventures as they juggle parenting and passion for ultra running. They explore the delightful and often messy intersection of running and raising a family.",Libsyn,en,https://static.libsyn.com/p/assets/8/0/b/8/80b8a11aa4791e5a27a2322813b393ee/logo3-Apple.png,2026-08-03 17:59:28,7980082,confirmed,https://www.ultrarunsinthefamilypod.com/,1785779968,9cb2ed1470d1cc8d78fae6bb12cb0f5a,1764301498.0,2,0,CORPORATE
Florence Scovel Shinn Radio,Florence Scovel Shinn Radio,https://anchor.fm/s/114be4e4c/podcast/rss,"Your word is your wand. Daily teachings of Florence Scovel Shinn ✨🎙️⁣⁣
⁣
the game of life, the spoken word, and the spiritual laws of supply and right action.⁣
⁣
New episodes every day, from quick lessons to full-hour teachings on prosperity and protection.⁣
⁣
Follow for daily lessons in spiritual law.⁣
⁣
AI narration delivers original teachings inspired by Florence Scovel Shinn's philosophy and writing. Not an original recording. No affiliation with her estate is implied.",Anchor,en,https://d3t3ozftmdmh3i.cloudfront.net/staging/podcast_uploaded_nologo/46329835/46329835-1783636621713-b7b1778895438.jpg,2026-08-03 17:48:32,7980079,confirmed,https://podcasters.spotify.com/pod/show/florence-scovel-shinn-rad4,1785779312,588cffded747d26cc80f3d718b131eb5,6795147951.0,2,0,CORPORATE
Kinda Funny Games Daily,Zin Chiao Nhi,https://www.spreaker.com/show/7232411/episodes/feed,"Perfect for gamers who want to stay up to date on the latest news, room-shaking announcements, and industry drama. It breaks down complex gaming news into entertaining, daily bite-sized episodes with expert commentary.",Spreaker,en,https://d3wo5wojvuv7l.cloudfront.net/t_rss_itunes_square_1400/images.spreaker.com/original/4b1303f46dccb9ff1ee09f8e46bf1110.jpg,2026-08-03 17:47:20,7980078,confirmed,https://www.spreaker.com/podcast/kinda-funny-games-daily--7232411,1785779240,2bb6a924108b32cf4ea85a78b73697f3,,4,0,INDIVIDUAL
Tin Foil Tales: Unpacking the Unbelievable,Shadow Lens,https://anchor.fm/s/102337360/podcast/rss,"Join Sam Riley and Lena Voss for Tin Foil Tales: Unpacking the Unbelievable, a Conspiracy Book Club diving deep into the wildest corners of thought-provoking conspiracy literature. Sam, ever ready to buy into the intrigue, brings humor and enthusiasm, while Lena, the measured voice of reason, anchors the discussion with evidence and analysis. Together, they explore each book’s twists—blending laughs with sharp insights.
Disclaimer: The theories and tales on Tin Foil Tales are for entertainment and exploration only. Do you own research and decide what’s tinfoil or truth.",Anchor,en-us,https://d3t3ozftmdmh3i.cloudfront.net/staging/podcast_uploaded_nologo/43218936/43218936-1741537922608-2e978efd33d62.jpg,2026-08-03 17:46:08,7980077,confirmed,https://podcasters.spotify.com/pod/show/sarel-esterhuizen6,1785779168,2f96d0bfbfc3e2671e45e1394d132d1a,1801051534.0,2,0,INDIVIDUAL
Truro City Football Club,Trevor Lee,https://rss.buzzsprout.com/2633541.rss,"<p>The Truro City Football Club podcast aims to provide fans and potential fans with informative, engaging and entertaining content about all aspects of Truro City Football Club. </p><p>Each episode will be 25-30 minutes and will usually feature a guest closely connected with the club. </p><p>The podcast aims to be reflective of the club - ambitious, fast moving, professional, and community driven.</p><p><br></p>",Buzzsprout,en-us,https://storage.buzzsprout.com/knfknb7os53vin011wztyqwgcom7?.jpg,2026-08-03 17:40:05,7980075,confirmed,https://trurocityfootballclub.buzzsprout.com,1785778805,c88764cb9cf078468659138e9e70cebd,,4,0,INDIVIDUAL
The Kingdom Mandate Podcast,Apostle Jason T. Bardwell,https://anchor.fm/s/115117ba8/podcast/rss,"A daily apostolic word from Apostle Jason T. Bardwell of Weight Of The Well Ministries that is geared to equip believers in how to live under the government of God and walk in full biblical truth.
To learn more about us or to sow a seed into the broadcast log on to: www.weightofthewellministries.org",Anchor,en,https://d3t3ozftmdmh3i.cloudfront.net/staging/podcast_uploaded_nologo/46384346/46384346-1785286448711-85ebf800c825.jpg,2026-08-03 17:36:30,7980069,confirmed,http://www.weightofthewellministries.org,1785778590,124ae9b287d2b89d2ddcaec4236e99ac,6797133273.0,2,0,INDIVIDUAL
KJD Online,KJD,https://rss.buzzsprout.com/2634350.rss,<p>Breaking News</p>,Buzzsprout,en-us,https://storage.buzzsprout.com/isjy5zlqgflczfrawr6kgxsofryl?.jpg,2026-08-03 17:34:53,7980068,confirmed,https://www.buzzsprout.com/2634350,1785778493,880ebea7f52276aa78dae59bdc84cf6f,,4,0,CORPORATE
SikeysWrld,Sikey,https://anchor.fm/s/10dc81a28/podcast/rss,"In SikeysWrld, nothing is ever too much to talk about. Want some relationship advice? He’s got you! Wanna know how to get revenge? He’s your guy! Need help honing your skills to become the best Shakira impersonator within a 20-mile radius? HES GONNA MAKE IT HAPPEN!
So sit back, tap in, and welcome to his world—SikeysWrld.",Anchor,en-us,https://d3t3ozftmdmh3i.cloudfront.net/staging/podcast_uploaded_nologo/45161850/45161850-1777788983527-b5a532b21e478.jpg,2026-08-03 17:21:00,7980063,confirmed,https://podcasters.spotify.com/pod/show/s1k3y,1785777660,8b165e5c6f4fba176c402441b216b121,1896310989.0,2,0,INDIVIDUAL
NFA - No Fixed Address,Christopher Ward,https://anchor.fm/s/1150bc9d8/podcast/rss,"Homelessness and all of the issues surrounding it. Real people, real stories, unscripted and uncensored.",Anchor,en,https://d3t3ozftmdmh3i.cloudfront.net/staging/podcast_uploaded_nologo/46380614/46380614-1784344780907-b4812b9b2b56d.jpg,2026-08-03 17:17:14,7980061,confirmed,https://podcasters.spotify.com/pod/show/chrisward4165,1785777434,dcd42a05bfe2fdf27b737df6fcc5cf93,6792229512.0,2,0,INDIVIDUAL
Safety Natters,SafeContractor,https://anchor.fm/s/115469180/podcast/rss,"Welcome to Safety Natters, the podcast from SafeContractor.
Created for contractors and those who work with them, Safety Natters brings together industry experts to discuss health, safety, wellbeing and workplace compliance. Each episode explores the challenges facing contractors, employers and supply chains, offering practical advice, expert insight and real-world experience.
New episodes are released quarterly, with occasional bonus episodes covering emerging topics and industry developments.
Listen, learn and join the conversation. Register now to be the first to hear about new episodes.",Anchor,en,https://d3t3ozftmdmh3i.cloudfront.net/staging/podcast_uploaded_nologo/46419136/46419136-1784899365717-333a389e05e05.jpg,2026-08-03 17:09:51,7980055,confirmed,https://podcasters.spotify.com/pod/show/safety-natters5,1785776991,b62c71ed76d9ee85d5db285c1b2c8dcc,6794354049.0,2,0,INDIVIDUAL
Sleep Science,Sleep Science,https://www.spreaker.com/show/7232343/episodes/feed,"<b>Welcome to Sleep Science!</b> 🔬🧠Have you ever wondered what actually happens to your brain and body when you fall asleep? Sleep isn't just downtime—it is the ultimate biological reset, directly driving your memory, focus, mental health, and longevity.Here at <b>Sleep Science</b>, we break down complex neuroscience, chronobiology, and human health into clear, evidence-based insights. Whether you're struggling to fall asleep, curious about the mysteries of REM cycles and lucid dreaming, or looking for practical protocols to boost your daytime energy, we've got you covered.<b>What you'll discover on this channel:</b><ul><li><b>The Biology of Rest:</b> How circadian rhythms, melatonin, and sleep architecture work behind the scenes.</li><li><b>Practical Optimization:</b> Science-backed habits, ideal light exposure, and environment hacks for deep, uninterrupted sleep.</li><li><b>Dreams & The Mind:</b> Demystifying lucid dreaming, nightmares, sleep paralysis, and memory consolidation.</li><li><b>Sleep Disorders & Biohacking:</b> Debunking common myths and exploring the latest scientific research.</li></ul>Upgrade the hidden third of your life. <b>Subscribe and hit the notification bell to join us on the journey to master your sleep!</b> 💤<br /><br />",Spreaker,en,https://d3wo5wojvuv7l.cloudfront.net/t_rss_itunes_square_1400/images.spreaker.com/original/0364c0f9d19d30a1ddbd2b46aea25bc5.jpg,2026-08-03 17:06:16,7980054,confirmed,https://www.spreaker.com/podcast/sleep-science--7232343,1785776776,02bb6baf9e1a6df062a04e043a5f0acf,,4,0,INDIVIDUAL
What's On Your Rider?,Caroline Hesford,https://feeds.acast.com/public/shows/6a5fd6b6fa136e7931d05c25,"‘What’s On Your Rider?’ is a new podcast and interview series that uses guests’ real and dream riders as a playful and revealing way to uncover the stories, habits, personalities and experiences behind careers in music, culture, events and creative industries. Eventually the podcast will branch out to explore sports, founders, influencers and more. The host, Caroline Hesford AKA Cazzyette (DJ name), is a Manchester born, London based DJ and Presenter. With around ten years experience in radio, Caroline currently hosts the Thursday Breakfast Show on Select Radio while DJ’ing across clubs, and brand events. You’ll also find her hosting content for the likes of Professional Darts Corporation and more. ‘What’s On Your Rider?’ combines Caroline’s experience interviewing guests on-air with her passion for creating content people genuinely want to watch. Produced by trusted videographer and producer, Nuria Riba Rossy.  Stream on YouTube, Spotify, Apple, wherever you get your podcasts. Enjoy!<hr><p style='color:grey; font-size:0.75em;'> Hosted on Acast. See <a style='color:grey;' target='_blank' rel='noopener noreferrer' href='https://acast.com/privacy'>acast.com/privacy</a> for more information.</p>",Acast,en,https://assets.pippa.io/shows/6a5fd6b6fa136e7931d05c25/1784665828705-d6110c67-0a5d-46ab-9759-7d4c83ea0fbc.jpeg,2026-08-03 16:56:06,7980047,confirmed,https://feeds.acast.com/public/shows/whats-on-your-rider,1785776166,6513a050b5e1cd1b1d07eb712b1211fa,,0,0,INDIVIDUAL
The Extra Mile Podcast,Faith Church,https://rss.buzzsprout.com/2634344.rss,"<p>The Extra Mile Podcast with Pastor Steve Huskey serves as an extension of the Sunday messages at Faith Church. Each episode builds on the week’s sermon, offering deeper insight, thoughtful discussion, and practical application. </p><p><br></p><p>Pastor Steve is often joined by guests to explore key themes, share additional perspectives, and help listeners go further in their understanding of the message. </p>",Buzzsprout,en-us,https://storage.buzzsprout.com/1n4zjx1g3opfmuo63kacvolt383s?.jpg,2026-08-03 16:50:50,7980045,confirmed,https://extramilepod.buzzsprout.com,1785775850,8c9356a7996e169da68b7ef034713e49,,4,0,CORPORATE
Juniata Men's Basketball Show,Thomas Frank,https://feeds.captivate.fm/juniata-mens-basketball/,"What really goes on inside a college basketball program?
The Juniata Men’s Basketball Show gives you an all-access pass. Hosted by lifelong friends Tom Frank, Drew “Biz” Besket, and Head Coach Greg Curley—a 23-year veteran with 300+ wins—the show pulls back the curtain on Juniata Men’s Basketball like never before.
From locker-room leadership and player development to recruiting, alumni stories, and the day-to-day challenges of running a Division III program, nothing is off-limits. You’ll hear directly from players, parents, alumni, and a coach who’s seen it all—wins, losses, and the lessons that come with both.
It’s honest, insightful, and a whole lot of fun. Whether you’re part of #EaglesNation or just love the game, this is college basketball beyond the box score.
Follow @JuniataBasketballShow on Instagram, subscribe on Apple Podcasts, Spotify, or wherever you listen, and join the conversation.
Produced by Merrick Studios — where culture takes the mic.",Captivate,en,https://artwork.captivate.fm/2f63cf20-84a3-4fe3-b8e6-ec2d4eb8bfcd/Juniata-Show.png,2026-08-03 16:49:58,7980044,confirmed,https://juniata-mens-basketball.captivate.fm,1785775798,e5a50cb3ade9f26a8647de3e93995820,,4,0,INDIVIDUAL
The Lost Dinos,The Lost Dinos,https://anchor.fm/s/1158182f4/podcast/rss,"Calm stories for Dino-Kids.
linktr.ee/lostdinos
Music: Tiny Trot by Speedy The Spider
Artistry: IG @tommy_creates
Everything else by Mike Grace",Anchor,en-gb,https://d3t3ozftmdmh3i.cloudfront.net/staging/podcast_uploaded_nologo/46457765/46457765-1785593052303-a05c1b585538d.jpg,2026-08-03 16:36:50,7980023,confirmed,https://podcasters.spotify.com/pod/show/the-lost-dinos1,1785775010,4806d54fe2bdc71c29ccc1f173afe790,6796998357.0,2,0,CORPORATE
Sacred Slumber,Sacred Slumber,https://anchor.fm/s/10be96e50/podcast/rss,Daily Bible Stories To Help You Relax And Sleep,Anchor,en,https://d3t3ozftmdmh3i.cloudfront.net/staging/podcast_uploaded_nologo/44848148/44848148-1766373706880-0112555c8c24.jpg,2026-08-03 16:36:18,7980022,confirmed,https://podcasters.spotify.com/pod/show/sacred-slumber,1785774978,ca971151f80d7d985964380325274578,6796084749.0,2,0,INDIVIDUAL
Next Steps 4 Seniors: Conversations on Aging with Wendy Jones,Next Steps 4 Seniors,https://rss.buzzsprout.com/2630521.rss,"<p><b>Next Steps 4 Seniors: Conversations on Aging with Wendy Jones</b></p><p>Next Steps 4 Seniors: Conversations on Aging explores the tough aging topics no one talks about but everyone faces.  Every week brings two ways to grow: Tuesdays dive into the physical next steps with real-life guidance for seniors and families, and Fridays uplift the heart with spiritual and emotional next steps-encouragement, faith, and hope for the journey ahead. To learn more about Next Steps 4 Seniors, contact us at 248-651-5010 or visit us online at www.nextsteps4seniors.com Find us on YouTube at https://www.youtube.com/@nextsteps4seniors</p>",Buzzsprout,en,https://storage.buzzsprout.com/7wu8fdybdkbw4wn32luntw6ifix7?.jpg,2026-08-03 16:27:39,7980010,confirmed,https://nextsteps4seniors.com/in-the-media-new/,1785774459,cb9cfbf304de6941ea7e8d7ba8772e72,,4,0,INDIVIDUAL
Obsessed With Cycling,"Steve Maguire, M.Ed",https://rss.buzzsprout.com/2632056.rss,"<p><b>Obsessed with Cycling</b> is for the cyclists who plan their days around the next ride, chase bigger goals, and believe there’s always another mile to explore. Join endurance cyclist Stephen Maguire for inspiring stories, practical training tips, cycling technology, epic rides, and the adventures that come with life on two wheels. Whether you’re riding five miles or one hundred, this is your place to fuel the obsession.</p>",Buzzsprout,en-us,https://storage.buzzsprout.com/kby74abegy7xganfw5ahdfom42lh?.jpg,2026-08-03 16:24:43,7980004,confirmed,https://www.buzzsprout.com/2632056,1785774283,f8c0e76e7bf5ddce64f39eeafd3b5338,,0,0,INDIVIDUAL
The Iron Road Reader,"Adam Vahn (novelist — thrillers, alternate history, science fiction)",https://anchor.fm/s/e9f0fb4c/podcast/rss,"Novelist Adam Vahn reads you into the worlds he builds — one chapter, one universe, one impossible choice at a time. Thrillers, alternate history, and science fiction, read aloud with the time and weight they deserve, plus behind-the-scenes tours of how the worlds get made. New episodes every Tuesday. All aboard, Fellow Riders.",Anchor,en,https://d3t3ozftmdmh3i.cloudfront.net/staging/podcast_uploaded_nologo/39148843/39148843-1784531575644-f6d8126c5a774.jpg,2026-08-03 16:19:49,7980000,confirmed,https://podcasters.spotify.com/pod/show/real-guy,1785773989,64502b3047c0eb0f532c50353e903ecc,6793287579.0,2,0,CORPORATE
Mental Wealth,Josephine Hunt,https://feeds.captivate.fm/mentalwealth/,"Mental Wealth is a podcast about resilience, leadership, and human flourishing. Hosted by educator, speaker, and author Josephine Hunt, each episode helps educators, school leaders, parents, and change makers build the mindset, habits, and relationships that strengthen schools, families, and communities. Through inspiring conversations and practical insights, you'll explore mental well-being, purposeful leadership, resilience, and personal growth, so you can thrive in your work, your relationships, and your life. If you believe every person has the potential to make a lasting impact, you're in the right place.",Captivate,en,https://artwork.captivate.fm/4626430a-cd18-4af8-b31a-ece1894662c1/mentalwealth-3000-a.jpg,2026-08-03 16:17:27,7979994,confirmed,https://www.josephinehunt.com/,1785773847,ea06824ff0f0042282b1e4b26c0cb3e3,,4,0,INDIVIDUAL
Hargraves on Health,Dr Fiona Hargraves,https://anchor.fm/s/11457f19c/podcast/rss,"Applied behavioural science for real-world health. Health advice is everywhere: move, eat and sleep better, reduce stress. But knowing what to do doesn’t create consistency amid work, family, fatigue and old habits. Dr Hargraves explores exercise, nutrition, sleep, recovery, prevention, lifestyle medicine, performance and wellbeing through behaviour: after prescription, how to create health habits that get results. Hosted by an exercise physiologist, nutritionist and university lecturer in health behaviour change with a PhD in behavioural psychology, mental health and lifestyle medicine.",Anchor,en,https://d3t3ozftmdmh3i.cloudfront.net/staging/podcast_uploaded_nologo/46262751/46262751-1782854452098-3bd71a2650d6e.jpg,2026-08-03 16:17:02,7979993,confirmed,https://podcasters.spotify.com/pod/show/fihargraves6,1785773822,96f44f3075fc77320fc444f5605643a7,6787791236.0,2,0,INDIVIDUAL
Mommy Girlfriend ASMR Roleplay – Sleep Aid & Comfort,Yumi Mommy ASMR,https://www.spreaker.com/show/7232212/episodes/feed,"[F4A] Comfort ASMR Roleplay – Mommy Girlfriend helps you sleep after a long night. Perfect for bedtime, relaxation, and deep sleep. Be a good boy — Follow & rest easy.",Spreaker,en,https://d3wo5wojvuv7l.cloudfront.net/t_rss_itunes_square_1400/images.spreaker.com/original/bf5d5931d2c711290e313b0afbfe1318.jpg,2026-08-03 16:16:08,7979990,confirmed,https://www.spreaker.com/podcast/mommy-girlfriend-asmr-roleplay-sleep-aid-comfort--7232212,1785773768,a9638460be9ac57b7a8f2e47d7481d6c,,4,0,INDIVIDUAL
Can things only get better?,"Cailin, Jacob and Emilie",https://rss.buzzsprout.com/2634265.rss,<p>A politics and news podcast hosted by 3 A-level students </p>,Buzzsprout,en-gb,https://storage.buzzsprout.com/worfkxy1r93cwfmbg7z11b0d2jua?.jpg,2026-08-03 16:16:00,7979989,confirmed,,1785773760,f621b76e0a975140a31c07bd8f90a9e7,,4,0,CORPORATE
Love Under Review,Gotham,https://anchor.fm/s/114736a08/podcast/rss,"It’s a show that deals with love, mental health, and dating.",Anchor,en-us,https://d3t3ozftmdmh3i.cloudfront.net/staging/podcast_uploaded_nologo/46280754/46280754-1782954682550-42f7e7f7a32b3.jpg,2026-08-03 16:10:03,7979982,confirmed,https://podcasters.spotify.com/pod/show/fred14,1785773403,eb50c5103df392e9dd4130d26c88d1ee,6797164611.0,2,0,INDIVIDUAL
Evolution with Emily,Emily Hill,https://rss.buzzsprout.com/1387672.rss,"<p>Welcome to Evolution with Emily</p><p><br></p><p>The podcast where transformation takes center stage. Hosted by <b>Emily Hill</b>, founder of <em>The Evolution Empire</em>, this show dives deep into the stories of <b>people, brands, </b>and<b> ideas</b> that have evolved to become something greater.</p><p><br></p><p>Each episode explores the <b>personal </b>and<b> professional journeys</b> of <b>entrepreneurs, creatives, changemakers, </b>and <b>visionaries</b> who have navigated challenges and breakthroughs in growth. From <b>career pivots</b> to <b>brand evolutions</b>, our guests share how they’ve transformed their lives, businesses, and communities.</p><p><br></p><p>Whether you're seeking inspiration to start your own evolution, insight into building an authentic brand, or the courage to pursue your next chapter, <em>Evolution Stories</em> is here to fuel your journey.<b> Let’s evolve together. </b> </p><p><br></p><p>Episodes cover topics like:<br>🌀 Personal growth and career reinvention<br>🌀 Building a purpose-driven brand<br>🌀 Overcoming obstacles and embracing change<br>🌀 Cultivating resilience and creativity<br>🌀 Insights on innovation, culture, and societal evolution</p><p><br></p><p>🎧 Thank you for listening – please share, subscribe and leave a review. <br><br></p><p>📲 Follow & Connect:<br>✨ Website: <a href=""http://www.theevolutionempire.com/"">www.theevolutionempire.com<br></a>📩 Contact: <a href=""mailto:emily@theevolutionempire.com"">emily@theevolutionempire.com<br></a>📸 Instagram: <a href=""https://www.instagram.com/evolutionwithemily"">@evolutionwithemily</a> <a href=""http://www.instagram.com/theevolutionempire"">@theevolutionempire<br></a>🔗 LinkedIn: <a href=""https://www.linkedin.com/in/meetemilyhill/"">https://www.linkedin.com/in/meetemilyhill/ </a></p>",Buzzsprout,en-us,https://storage.buzzsprout.com/zplamwiaabf5eegdo74hnjvazxse?.jpg,2026-08-03 16:05:26,7979977,confirmed,https://www.theevolutionempire.com/,1785773126,1a4b31b7c52b046275da75bb46c60efa,,4,0,INDIVIDUAL
For Love of the Game- FLG the Podcast,Brandon Dunigan- College Sports Official and Documentarian,https://rss.buzzsprout.com/2634055.rss,"<p><b>Exploring the ecosystem of sport from all angles through conversations with the people who dedicate their lives to athletics.</b></p><p><br></p><p><b>This show features interviews with coaches, athletes, officials, and leaders throughout the sports world powered by cinematic production. </b></p><p><b>— tell us your story.</b></p><p><br></p>",Buzzsprout,en-us,https://storage.buzzsprout.com/57i16j61dt9rvtbxg7qwsspixt8e?.jpg,2026-08-03 16:04:39,7979976,confirmed,http://flgpodcast.com,1785773079,bbd6676d4c662914990d641ef06341c6,6797573277.0,4,0,CORPORATE
The Brass Guardian,Brad Swindell,https://www.spreaker.com/show/7232144/episodes/feed,"The Brass Guardian is an illustrated steampunk adventure series set in Aetherhaven, a city of copper towers, drifting airships, living machinery, shifting gardens, hidden canals, and ancient mechanisms that may remember more than the people who built around them.At the heart of the series are Professor Elias Hawthorne and his daughter Amelia Hawthorne. Together, they travel aboard the airship Wayfinder, solve strange mechanical mysteries, help people and living machines, and uncover fragments of Aetherhaven's forgotten history.Amelia carries the Aether Gauntlet, a mechanical arm powered by a glowing Aether Heart. Its origins are uncertain, and the oldest systems in Aetherhaven sometimes respond to it in unexpected ways.",Spreaker,en,https://d3wo5wojvuv7l.cloudfront.net/t_rss_itunes_square_1400/images.spreaker.com/original/6bf55ccb8e182f9031c6fe99d7bba44b.jpg,2026-08-03 15:55:09,7979956,confirmed,https://www.spreaker.com/podcast/the-brass-guardian--7232144,1785772509,7464ed48ceabfaec10cdc903f916b5fc,,4,0,INDIVIDUAL
Electrology World: In the Loupe,American Electrology Association,https://feed.podbean.com/electrology/feed.xml,"<p><span>Electrology World: In the Loupe</span><span> brings the pages of </span><span>Electrology World</span><span> to life through narrated articles covering the latest developments and research in the field of electrology. Listen to feature stories, clinical insights, business advice, research, technology updates, association news, and educational content from the American Electrology Association’s official magazine.</span></p>
<p><span>Whether you’re an experienced electrologist, a student, or someone interested in permanent hair removal, this podcast makes it easy to stay informed wherever you are. Each episode presents an article from </span><span>Electrology World</span><span> in an accessible audio format, allowing you to learn during your commute, at your office, or on the go.</span></p>
<p><span>Subscribe to hear trusted electrology education, industry trends, professional development, and expert perspectives—directly from the magazine that has informed the profession for decades.</span></p>",Podbean,en,https://pbcdn1.podbean.com/imglogo/image-logo/22466883/InTheLoupe.jpg,2026-08-03 15:50:56,7979946,confirmed,https://electrology.podbean.com,1785772256,1488f52950789fb4010fafd7ed5dd59a,6794727608.0,2,0,CORPORATE
Grace x Peace,The Good Podcast Co.,https://www.spreaker.com/show/7232112/episodes/feed,Join trusted Bible teachers and friends Jen Oshman and Blair Linne each week as we unpack what’s going on in the world and in our lives and discuss it all through the lens of the Bible.,Spreaker,en,https://d3wo5wojvuv7l.cloudfront.net/t_rss_itunes_square_1400/images.spreaker.com/original/18c9987753fde7c608ce17f2c9cf032e.jpg,2026-08-03 15:47:24,7979941,confirmed,https://www.spreaker.com/podcast/grace-x-peace--7232112,1785772044,e9f73d70c1dbc6abb7e782c5eae330a3,,4,0,CORPORATE
"The Pour Over: Politically Neutral, Christ-First News",The Pour Over,https://rss.buzzsprout.com/1835468.rss,"<p>News that won't steal your peace. The Pour Over is politically neutral news for people who want the facts <em>without</em> the spin, and <em>with</em> a brief biblical perspective. </p>
<p>Join us Monday, Wednesday, and Friday for the week's top headlines; and on Saturdays for TPO Explains, with shallow-but-solid dives answering your top questions from the news. </p>",Buzzsprout,en-us,"https://megaphone.imgix.net/podcasts/9e6ff144-d6f1-11ec-9ba4-bff4bb27f281/image/79fef7cac5845908830810469badfb25.png?ixlib=rails-4.3.1&max-w=3000&max-h=3000&fit=crop&auto=format,compress",2026-08-03 15:47:09,7979940,confirmed,https://www.thepourover.org/,1785772029,e82c7363c95d7e3c34d4e723219fe5a6,,4,0,CORPORATE
Devotions at The Well,Juanita Philips,https://anchor.fm/s/1131d9e6c/podcast/rss,"Devotions at The Well is a podcast for Christian moms seeking hope, peace, and encouragement in the middle of motherhood.
Through short devotionals and honest conversations, Juanita shares Scripture-centered encouragement for weary and overwhelmed moms who want to stay connected to Jesus throughout the week.
Here you’ll find gentle reminders of God’s love, hope for hard seasons, and encouragement to keep walking with Christ one day at a time.
“He tends his flock like a shepherd… He leads gently those that have young.” — Isaiah 40:11",Anchor,en-us,https://d3t3ozftmdmh3i.cloudfront.net/staging/podcast_uploaded_nologo/46056755/46056755-1779997781316-0805c203537c2.jpg,2026-08-03 15:44:47,7979936,confirmed,https://podcasters.spotify.com/pod/show/juanita-philips,1785771887,5944c8a520cc1ee786db2740b78436c5,1896943853.0,2,0,INDIVIDUAL
The Road to Doomsday,Marble Studios,https://anchor.fm/s/10d6074f4/podcast/rss,"A rewatch podcast of the entire MCU filmography as we approach the release of Avengers: Doomsday, hosted by Francesco LaPuma, Trevor Evans and Connor Mercer.",Anchor,en,https://d3t3ozftmdmh3i.cloudfront.net/staging/podcast_uploaded_nologo/45093925/45093925-1767220578141-c22fcfa4a7da.jpg,2026-08-03 15:32:21,7979929,confirmed,https://podcasters.spotify.com/pod/show/marblestudios,1785771141,9673b6c88390d61c5f1d652d687462d1,6796099873.0,2,0,INDIVIDUAL
RFF's Launch Sequence,Dawn Sizer,https://www.spreaker.com/show/7231484/episodes/feed,"RFF's Launch Sequence is the podcast from Rocket Fuel Factory, the execution-focused accelerator and channel program for MSPs by real MSP owners in the trenches, not recovered MSP owners telling oyu how it used to be. Every episode is a transmission from inside the work: fast operational lessons from ""10 Things in 10 Minutes,"" replays from Global Sync webinars and in-person meetups, and deeper conversations on the people, pricing, and processes that actually move an MSP from stuck to scaling. No theory for theory's sake. Just what's working, what's not, and how to run the next stage of the mission.",Spreaker,en,https://d3wo5wojvuv7l.cloudfront.net/t_rss_itunes_square_1400/images.spreaker.com/original/27091d9ee9ce9c77ec7619d50c6f2adb.jpg,2026-08-03 15:18:24,7979912,confirmed,https://www.spreaker.com/podcast/rff-s-launch-sequence--7231484,1785770304,70f72aa351130d9167b5fdb63a8271c9,,4,0,INDIVIDUAL
EUCANET,EUCANET,https://anchor.fm/s/f1cd3c68/podcast/rss,"EUCAnet (Europe Canada Network) is a scholarly platform that facilitates knowledge sharing and allows experts to offer a transatlantic perspective on contemporary issues in Europe and Canada. Through successive projects on topics ranging from migration, democracy, to memory politics, we provide a space — open both to experts and the public — where ideas can be exchanged and debates shared. EUCAnet also aims to make scholarly knowledge available and meaningful to the public in times of critical needs for evidence-based knowledge and open public debate.
http://www.eucanet.org",Anchor,en-ca,https://d3t3ozftmdmh3i.cloudfront.net/staging/podcast_uploaded_nologo/40467594/40467594-1707209956329-0cb61f534f1c6.jpg,2026-08-03 15:16:32,7979906,confirmed,https://podcasters.spotify.com/pod/show/eucanet,1785770192,5d6432e802c991eaf10aa6d68451b848,1734049030.0,2,0,INDIVIDUAL
Let's Have a Catch!,"Rich Gallup, Calvin Gallup",https://feeds.transistor.fm/lets-have-a-catch,"Middle schooler Calvin helps you and his dad stay up to date on all of the latest baseball stats, news, and more.",Transistor,en,https://img.transistorcdn.com/Mo15u5HcaiJu6eve9I3javTdnucNeF6vJtBEcwpuDVw/rs:fill:0:0:1/w:1400/h:1400/q:60/mb:500000/aHR0cHM6Ly9pbWct/dXBsb2FkLXByb2R1/Y3Rpb24udHJhbnNp/c3Rvci5mbS9mMDg1/MzQ4NTkzZjEwMzdi/YzNiNGYxYmUzOWQz/ZTU4MS5wbmc.jpg,2026-08-03 15:14:51,7979902,confirmed,,1785770091,f35cfd5a672824cd2e98c0b236e54125,,4,0,INDIVIDUAL
The dynamic duo bestie podcast,sam and Sophie,https://anchor.fm/s/115977938/podcast/rss,Bestie duo podcast Q and an and other segments like personality quiz and more. With these besties you never know what you might get. So subscribe for a great podcast.,Anchor,en,https://d3t3ozftmdmh3i.cloudfront.net/staging/podcast_uploaded_nologo/46472158/46472158-1785638140661-24700629eed35.jpg,2026-08-03 15:14:44,7979900,confirmed,https://podcasters.spotify.com/pod/show/sam434,1785770084,16ba90bfda148945a41edd15f81a79e6,6797140568.0,2,0,CORPORATE
"I'm Amanda, and I'm Listening",Amanda Paul,https://anchor.fm/s/115537774/podcast/rss,"Every week, we're going to have honest conversations about stress, overwhelm, relationships, change, and the messy, beautiful reality of being human.",Anchor,en,https://d3t3ozftmdmh3i.cloudfront.net/staging/podcast_uploaded_nologo/46427589/46427589-1785021899543-6cb28c1c5e4d6.jpg,2026-08-03 15:08:26,7979892,confirmed,https://podcasters.spotify.com/pod/show/amandaislistening,1785769706,885a66a6e72a617ce57252d8a9636f11,6796436366.0,2,0,CORPORATE
What is Digital Literacy?,Tim,https://rss.buzzsprout.com/2633994.rss,<p>This podcast will discuss the topic of literacy in our generation. What does it mean to be literate in 2026? </p>,Buzzsprout,en-us,https://storage.buzzsprout.com/xn7l8gwlekhsajbh6f0eab7b95pp?.jpg,2026-08-03 15:03:26,7979884,confirmed,,1785769406,392959aa8938b2d8438631a439bb1f01,,4,0,INDIVIDUAL
Word Alive with Elder Mike,Michael Stibich,https://rss.buzzsprout.com/2497710.rss,"<p>We believe what is written in Hebrews 4:12, that ""The word of God is alive and active,"" so we are committed to always bringing you a fresh word of revelation from God that will not just inform your mind but transform your life.  We teach in series so that we can go deeper to let you know 1.  What His word says  2.  Why it is important  3.  How you can apply it to your life.</p><p><br></p>",Buzzsprout,en-us,https://storage.buzzsprout.com/1wx42j1ywid8ohuqmihvfxvlydae?.jpg,2026-08-03 15:03:09,7979881,confirmed,https://www.buzzsprout.com/2497710,1785769389,b60d790bd5b2b16de05f8fafa6a6f414,,4,0,INDIVIDUAL
After The Fall,James Taylor,https://anchor.fm/s/1155c49a8/podcast/rss,"Trent thought he was only going to Birmingham, Alabama, to reconnect with an old college friend. But some stories don’t stay buried—and the past has a way of finding you. As strange events begin unfolding far from home, Trent’s life starts to unravel, forcing him to confront secrets, memories, and something he can’t explain. Told through Trent’s own eyes, this immersive audio drama is a haunting journey into friendship, fear, and the unknown.",Anchor,en,https://d3t3ozftmdmh3i.cloudfront.net/staging/podcast_uploaded_nologo/46433370/46433370-1785110019924-18594fd1c44d3.jpg,2026-08-03 14:57:28,7979869,confirmed,https://podcasters.spotify.com/pod/show/james-d-taylor2,1785769048,4d2e68d758351f42888413fe840c359e,6797052269.0,2,0,INDIVIDUAL
Browns Neighborhood Podcast,Daniel Brown,https://anchor.fm/s/1012d9324/podcast/rss,"Be inspired by the King of Brown's Neighborhood! A man with a vision and mission to make a difference in the underserved communities. A man who, despite life's challenges made it to the top!",Anchor,en-us,https://d3t3ozftmdmh3i.cloudfront.net/staging/podcast_uploaded_nologo/43047313/43047313-1739467428807-0001b5c2045e3.jpg,2026-08-03 14:52:47,7979862,confirmed,https://podcasters.spotify.com/pod/show/daniel-brown789,1785768767,b13b24875ec088a61c682b98c395f04a,6791324147.0,2,0,INDIVIDUAL
Do Sheep Dream of Humans,Damien Bidmead,https://feeds.transistor.fm/do-sheep-dream-of-humans,"Human taste in the age of AI

Do Sheep Dream of Humans? is a podcast for marketing leaders, creative directors and strategists trying to make exceptional work in an age of artificial abundance.
Generative AI has made content faster and cheaper to produce. It has also filled the market with forgettable words, interchangeable ideas and automated slop. As the volume rises, originality becomes harder to find—and trust becomes more valuable.",Transistor,en,https://img.transistorcdn.com/aDZnl6GpxcBvYnT0C69R52tkuzbKxa4J22y7M2aRNNs/rs:fill:0:0:1/w:1400/h:1400/q:60/mb:500000/aHR0cHM6Ly9pbWct/dXBsb2FkLXByb2R1/Y3Rpb24udHJhbnNp/c3Rvci5mbS8zN2Qy/MjAxNDYyNGNmMWI0/NjE2YjFkMzA4OWMz/ZDk1Yi5wbmc.jpg,2026-08-03 14:40:09,7979850,confirmed,,1785768009,a9b8286305247ee0d634989623ed0e89,,4,0,INDIVIDUAL
Secrets of Powerful Women with Jill Conway,Jill Conway,https://rss.buzzsprout.com/2634313.rss,"20 yr veteran TV News Reporter, Jill Conway hosts an award-winning women empowerment podcast where self-improvement meets entrepreneurship and career success.
Inspiring conversations with powerful women in business, leadership, and life — helping you grow confidence, success, and self-worth. 
Real stories. Bold insights. Proven strategies to help women lead, succeed, and thrive.
Unlock the secrets of powerful women to build confidence, master leadership & create a life you love. 
 Go to powerfulwomenusa.com 
Join the online community; https://www.skool.com/secrets-of-powerful-women/about
 ",Buzzsprout,en-us,https://storage.buzzsprout.com/au8iaz8hdlgyd52jrxloanpq3gil?.jpg,2026-08-03 14:36:32,7979847,confirmed,https://powerfulwomenusa.com,1785767792,800f17dafbe252085a9203c65679180f,,4,0,INDIVIDUAL
The Tech Prophet Podcast,Sanmi Amos (Amospikins),https://anchor.fm/s/1149f0488/podcast/rss,"The Tech Prophet Podcast breaks down technology, AI, cybersecurity, software, chips, and the future of Africa in simple Nigerian Pidgin English. Hosted by Amospikins The Tech Prophet (Sanmi Amos), this show helps everyday people understand the tech wars, tools, opportunities, and dangers shaping our world without big grammar, without confusion, and without boring lectures.",Anchor,en,https://d3t3ozftmdmh3i.cloudfront.net/staging/podcast_uploaded_nologo/46309330/46309330-1785448168343-3df7327ac7575.jpg,2026-08-03 14:35:07,7979846,confirmed,https://podcasters.spotify.com/pod/show/amospikins,1785767707,553c7f2559f1bef5c3c09bc2c8ca0a20,6797321845.0,2,0,INDIVIDUAL
Where Light Remains,Heather,https://anchor.fm/s/115966b4c/podcast/rss,"Where Light Remains is a place for people who feel deeply. Through original songs, poems, and honest reflections ….we explore love, healing, hope, creativity, and the beauty and hardships of being human. If you’re looking for a place where you can simply show up as you are, you’re welcome here.",Anchor,en-us,https://d3t3ozftmdmh3i.cloudfront.net/staging/podcast_uploaded_nologo/46471467/46471467-1785621870642-5dc10a50a91ac.jpg,2026-08-03 14:33:23,7979842,confirmed,https://podcasters.spotify.com/pod/show/heather20,1785767603,0318e250b83d6fddb1c3eaf98f5d91cd,6797109731.0,2,0,INDIVIDUAL
Daily Book Breakdown,Daily Book Breakdown,https://rss.buzzsprout.com/2634304.rss,"<p>Too many books, too little time. <em>The Daily Book Breakdown</em> is the ultimate podcast for busy people, lifelong learners, and anyone who wants to be familiar with a book in less than 10 minutes. Every day, we take one famous book you’ve always meant to read—or read years ago and forgot—and break down the story, the context, and the ideas that actually matter. </p><p><br></p><p>In the time it takes to finish your commute, we give you the key plots and exact takeaways you need to understand why the book is famous, how it connects to modern life, and how to finally join the conversation without bluffing. </p><p><br></p><p>Happy reading! </p>",Buzzsprout,en-us,https://storage.buzzsprout.com/nibtntctglhxaz3os9o3iy4jl0hv?.jpg,2026-08-03 14:29:48,7979837,confirmed,,1785767388,7fce443ee0135d0196836b2d450ee155,,0,0,INDIVIDUAL
MISSION2RECOVERY with Ryan Carroll,ryancarroll81,https://anchor.fm/s/10c477630/podcast/rss,"Mission2Recovery is the raw, unfiltered journey of rebuilding life after addiction. I’m Ryan Carroll—husband, dad, Navy guy, and recovering alcoholic owning the damage I caused and the man I’m becoming. This podcast is honest, dark, hopeful, and built for anyone trying to change their life for real. No shortcuts. No bullshit. Just recovery in its truest form.",Anchor,en-ca,https://d3t3ozftmdmh3i.cloudfront.net/staging/podcast_uploaded_nologo/44909772/44909772-1780839556134-b638e488a7ce9.jpg,2026-08-03 14:28:42,7979835,confirmed,http://www.youtube.com/@ryancarrollM2R,1785767322,ea2ff685f186e4cb4331f36ffb946add,1870093060.0,2,0,INDIVIDUAL
DEEPER Conversations with Dr. Barbara Swinney,Dr. Barbara Swinney,https://feed.podbean.com/deeperconversations/feed.xml,"<p><strong><span>DEEPER Conversations with Dr. Barbara Swinney</span></strong><span> is a transformational podcast that features authentic conversations with leaders, entrepreneurs, authors, educators, and changemakers who share their journeys of healing, leadership, faith, and purpose. Through inspiring interviews and practical insights, Dr. Barbara Swinney empowers listeners to heal, lead with confidence, and leverage their stories to create lasting impact, influence, and legacy</span></p>",Podbean,en,https://pbcdn1.podbean.com/imglogo/image-logo/22495950/deeper_conversations_cover_2048x2048.jpg,2026-08-03 14:18:43,7979827,confirmed,https://deeperconversations.podbean.com,1785766723,fffa8f633f0da83b0266f179ae1c644f,6796751604.0,2,0,INDIVIDUAL
Traffic Updates,Kevin Olenick,https://www.spreaker.com/show/3110595/episodes/feed,Daily Metro Vancouver Traffic Updates.,Spreaker,en,https://d3wo5wojvuv7l.cloudfront.net/t_rss_itunes_square_1400/images.spreaker.com/original/a0e64e844515557bdf89a62d1bd8c420.jpg,2026-08-03 14:14:57,7979822,confirmed,https://www.spreaker.com/podcast/traffic-updates--3110595,1785766497,f824616c8edf851f7395ae64526d9cb0,,4,0,INDIVIDUAL
Max Weinstein Podcast,Max Weinstein,https://anchor.fm/s/113da7e60/podcast/rss,Figuring out how to build a life I’m proud of and sharing what I learn along the way.,Anchor,en-us,https://d3t3ozftmdmh3i.cloudfront.net/staging/podcast_uploaded_nologo/46180536/46180536-1784060477769-53e4ddf1cba7d.jpg,2026-08-03 14:09:11,7979816,confirmed,https://podcasters.spotify.com/pod/show/max-weinstein4,1785766151,089f33982be130eaafe24d38a3e9b64d,6790938651.0,2,0,INDIVIDUAL
Three Albums,Greg Martin,https://rss.buzzsprout.com/2629944.rss,"<p>Each episode I do a deep dive on three albums that are connected by artist, year, theme, or genre. New episodes drop about every six weeks.</p>",Buzzsprout,en-us,https://storage.buzzsprout.com/rlb5402cilqpoyd31tkiaf0ckhpu?.jpg,2026-08-03 14:05:57,7979813,confirmed,https://www.buzzsprout.com/2629944,1785765957,cbeb08ed9dec12d7bab23a31d2a5edbe,,4,0,INDIVIDUAL
Introspection Of The Psyche,Shae Askew,https://anchor.fm/s/113f499f8/podcast/rss,"The psychological process of examining your own conscious thoughts, emotions, and internal frameworks.
A podcast that looks deeply at the human experience and discusses the depths of what it means to be alive.
Inspired by connection and a desire to find meaning.",Anchor,en-au,https://d3t3ozftmdmh3i.cloudfront.net/staging/podcast_uploaded_nologo/46197646/46197646-1783484922775-8ddbca5173e97.jpg,2026-08-03 14:03:48,7979811,confirmed,https://podcasters.spotify.com/pod/show/shae-askew,1785765828,90bfee31de724c4eb8801f246cfd6377,6796667556.0,2,0,INDIVIDUAL
Voices of the Enthusiasts,Votenthusiasts,https://anchor.fm/s/1154c9814/podcast/rss,"Voices of the Enthusiasts is about people who build their lives around what they genuinely care about. Hosted by Sean, the show features honest conversations with content creators, small-business owners, independent thinkers, and everyday enthusiasts pursuing their passions on their own terms. We explore where their interests began, what keeps them motivated, the challenges they face, and the lessons learned along the way. It is about the experiences, decisions, mistakes, and persistence behind the journey.",Anchor,en-us,https://d3t3ozftmdmh3i.cloudfront.net/staging/podcast_uploaded_nologo/46423085/46423085-1784950707110-e82c5ab3f3623.jpg,2026-08-03 14:01:21,7979809,confirmed,https://podcasters.spotify.com/pod/show/spto01039,1785765681,f557339b3e54250504401ecb69fada40,6794674873.0,2,0,INDIVIDUAL
"Wealth Creator Radio with Eric Heckman, CFP",Eric Heckman,https://www.spreaker.com/show/7231584/episodes/feed,"Welcome to Wealth Creator Radio with Eric Heckman CFP®, the ultimate podcast for individuals transitioning from working life to retirement. Hosted by veteran financial strategist Eric Heckman, this show is your go-to resource for crafting a secure and prosperous retirement income plan. Through insightful interviews with Eric Heckman CFP® and other leading financial experts and advisors, you'll gain valuable knowledge and actionable tips to navigate your transition into retirement with confidence. Each episode is packed with sound advice and real-world examples to help you achieve financial peace of mind on topics such as retirement planning, financial planning, income structuring, tax optimization, and longevity planning. We share how to create a robust financial plan tailored to your retirement needs, strategies for structuring your money to ensure a steady income stream throughout your retirement, expert advice on how to efficiently take money out of your retirement accounts, how to place your assets in the right tax pockets to maximize your savings, how to make your money last as long as you do and more. Tune in to Wealth Creator Radio on all major podcasting platforms, including Apple Podcasts, Spotify, and beyond. Subscribe now to stay updated with the latest episodes and start your journey towards a well-planned and secure retirement.",Spreaker,en,https://d3wo5wojvuv7l.cloudfront.net/t_rss_itunes_square_1400/images.spreaker.com/original/2e37860c076f28a0666f41ef29a7cb58.jpg,2026-08-03 13:56:37,7979805,confirmed,https://www.spreaker.com/podcast/wealth-creator-radio-with-eric-heckman-cfp--7231584,1785765397,7248b72155345b88f4649320ec479994,,4,0,INDIVIDUAL
She Has Your Six,Natasha,https://anchor.fm/s/115209cb4/podcast/rss,"She Has Your Six
She Has Your Six is more than a podcast—it’s a promise.
In military and first responder culture, “I’ve got your six” means “I’ve got your back.” That promise is the heart of this community.
She Has Your Six is a welcoming space for every woman touched by public safety—those who serve, those who support, and the families, loved ones, and survivors whose lives have been shaped by service.
Through honest conversations, inspiring interviews, listener letters, anonymous stories, and meaningful discussions, we create a place where women feel seen, heard, supported, and reminded that no woman stands alone.
Whether you’re in law enforcement, the fire service, EMS, dispatch, corrections, the military, or you’re a spouse, partner, parent, child, family member, survivor, or friend connected to public safety, you belong here.
Thank you for being here.
Real Women. Real Stories. We’ve Got Your Six. 💙",Anchor,en-us,https://d3t3ozftmdmh3i.cloudfront.net/staging/podcast_uploaded_nologo/46394261/46394261-1784584784876-33d508c7c2333.jpg,2026-08-03 13:54:00,7979800,confirmed,https://podcasters.spotify.com/pod/show/natasha--the-adhd-money-m0,1785765240,a11af8c3e98eb1052f746362450a1e6a,6796546993.0,2,0,INDIVIDUAL
Record Wall,Brooke,https://anchor.fm/s/113edf8b4/podcast/rss,"Join host Brooke as she dives into her record wall, listening to and rating 6 records each week under a new theme. After 6 weeks, there will be a showdown to see which record is her absolute favorite. Which record will come out on top?
**all views expressed are only opinions and should not be taken too seriously.",Anchor,en-us,https://d3t3ozftmdmh3i.cloudfront.net/staging/podcast_uploaded_nologo/46193301/46193301-1781798239149-3c566bade881a.jpg,2026-08-03 13:52:20,7979799,confirmed,https://zeegler.com/blog/,1785765140,f4d81bf32dcfc9a44145c3eb1ef882ef,6784287566.0,2,0,INDIVIDUAL
Office Hours with Dr. Peace,Dr Peace,https://rss.buzzsprout.com/2634290.rss,"<p>Welcome to Office Hours with Dr. Peace, where curiosity, compassion, and connection come together through meaningful conversations about social work, mental health, highr education, and the human experience. Join  Dr Peace, professor and social worker, as she sits down with students, professionals, and changemakers whose stories inspire learning, growth, and hope. </p>",Buzzsprout,en-us,https://storage.buzzsprout.com/dy3n1w207ew1wjy3cscdz7mu2vwp?.jpg,2026-08-03 13:49:30,7979798,confirmed,,1785764970,d0a9978ba4beb0da91ff70103dfea910,,4,0,INDIVIDUAL
The Smart Review Lab,The Smart Review Lab,https://anchor.fm/s/10ac498b0/podcast/rss,"Discover honest reviews of health, wellness, productivity, and personal development products. We test popular programs, supplements, audio tools, and digital offers to help you make informed decisions before buying.",Anchor,en,https://d3t3ozftmdmh3i.cloudfront.net/staging/podcast_uploaded_nologo/44656236/44656236-1780125319780-a1e69c872ed22.jpg,2026-08-03 13:49:24,7979797,confirmed,https://podcasters.spotify.com/pod/show/hrf-nm,1785764964,905b088504e9202ae47203461effa9df,1896848308.0,2,0,CORPORATE
Mum's Favourite Podcast,Alisha Khan & Aran Khan,https://rss.buzzsprout.com/2634301.rss,"<p>We're Aran and Alisha, two siblings who hate each other outwardly but love each other at our core. Join us as we navigate through life, comment on pop culture, and work through our childhood trauma together, one episode at a time.</p>",Buzzsprout,en-gb,https://storage.buzzsprout.com/j1jaoeadc8frpht12m7ah4ly899n?.jpg,2026-08-03 13:42:44,7979789,confirmed,,1785764564,d6afc89a6e485bf82e3fd23ccb97ab8a,,4,0,CORPORATE
English Rhythm Lab | English Shadowing for Beginners,English Rhythm Lab,https://anchor.fm/s/1156f26f4/podcast/rss,"Improve your English speaking, pronunciation, listening, and confidence through simple shadowing practice. Each episode includes useful everyday English sentences for beginners, spoken clearly and repeated so you can listen, repeat, and speak along. Ideal for A1–A2 learners who want practical English for daily life, work, travel, and real conversations.",Anchor,en,https://d3t3ozftmdmh3i.cloudfront.net/staging/podcast_uploaded_nologo/46445733/46445733-1785269352514-604d695a3c692.jpg,2026-08-03 13:40:43,7979788,confirmed,https://podcasters.spotify.com/pod/show/englishrhythmlab,1785764443,ecfe67493c8af0a5a83bedac469b9321,6796686572.0,2,0,CORPORATE
The Business Of Online Coaching Podcast,Afro Ndiritu & Farah Kariamburi,https://feeds.transistor.fm/the-business-of-online-coaching-podcast,"Charging too little, overworked, frustrated & struggling to show your value?

After Farah thought that another certification was the answer to solving our online struggles in 2020.

Afro knew there had to be a different way as our client’s results were already getting great results.

We needed to focus on the business side.

YAC (Yet Another Certification) Syndrome was coined & led us to help others find the cure.

That’s why this podcast exists to help you, the Online Coach, charge what you are worth, showcase your value & transform even more lives through your coaching business.",Transistor,en,https://img.transistorcdn.com/ACddZ_HGczXJ37pTmW47B6x_PGV2gbn6sSDfrQPRJHI/rs:fill:0:0:1/w:1400/h:1400/q:60/mb:500000/aHR0cHM6Ly9pbWct/dXBsb2FkLXByb2R1/Y3Rpb24udHJhbnNp/c3Rvci5mbS84ZWZh/ZmNhOTZmNjMzMDg4/MzA2MmJkYmU1MzIz/ZGJhYS5qcGc.jpg,2026-08-03 13:34:29,7979784,confirmed,https://www.thebusinessofhealthcoaching.com,1785764069,5d185dca39270e1019cb4a4522508c64,,4,0,CORPORATE
MedExplained101—Science Says,Medexplained101,https://anchor.fm/s/112fdeb30/podcast/rss,"Science Says is the MedExplained101 podcast where landmark research meets plain language. No jargon. Just science, made human. From Confusion to Clarity.",Anchor,en,https://d3t3ozftmdmh3i.cloudfront.net/staging/podcast_uploaded_nologo/46035980/46035980-1779720253141-fa202aa868df3.jpg,2026-08-03 13:27:37,7979780,confirmed,https://www.medexplained101.com,1785763657,f8d4cee3bd0c4fd9354111af8346e680,1896812486.0,2,0,INDIVIDUAL
Viral Podcast,QI do BC,https://feeds.redcircle.com/f5491f75-6c8e-4d90-a917-d9c37df5d0ea,Viral Podcast,Spotify for Podcasters,en,https://media.redcircle.com/images/2026/8/3/13/8c1081fe-713b-49a5-8181-6d36d12f06f4_cb1ff0f7bdce4ba575f3f26374d349bd.jpg,2026-08-03 13:21:00,7979775,confirmed,https://redcircle.com/shows/viral-podcast,1785763260,47cfa5735275e87d8c42c37e52105654,6790214263.0,4,0,INDIVIDUAL
Adult Learning,B. W,https://rss.buzzsprout.com/2634296.rss,"<p>Join me as I explore the transition from K–12 teaching to higher education, highlighting how adult learners differ from children and sharing practical, learner-centered teaching strategies that promote engagement, collaboration, and meaningful learning.</p>",Buzzsprout,en-us,https://storage.buzzsprout.com/jxmiqgf950ilgq728pshj2unupem?.jpg,2026-08-03 13:20:36,7979774,confirmed,,1785763236,cb6e1682f1da8c4a06f9093ede57d713,,4,0,INDIVIDUAL
The Stallion News Network,courtneysimmons,https://feed.podbean.com/stallionnewsnetwork/feed.xml,"<p style=""font-weight: 400;"">The purpose of this podcast is simple: to connect, inspire, and share the incredible things God is doing within our school community. In the rush of daily drop-offs, homework, and sports practices, it can be easy to lose sight of the bigger picture. This podcast is our way of slowing down to celebrate our students, equip our parents, and dive deeper into what it means to be a Sugar Hill Stallion.</p>
<p style=""font-weight: 400;"">Every week, we will bring you updates from our calendars, spotlights from our amazing faculty and students, and a powerful connection to what’s going on in Praise and Worship. On this podcast we want to give you a front-row seat to how we are partnering with families to cultivate both academic excellence and a lifelong love for Jesus Christ.</p>",Podbean,en,https://pbcdn1.podbean.com/imglogo/image-logo/22494275/Stallion_News_Network_image9kt3u.png,2026-08-03 13:17:31,7979772,confirmed,https://stallionnewsnetwork.podbean.com,1785763051,3174042abb5b2cddeca520eb81dd57e1,6792017416.0,2,0,INDIVIDUAL
With a Side of Sarcasm,Tim and JP,https://anchor.fm/s/115953c90/podcast/rss,Listen to The Grumpy Old Gay and The Casual Gourmet talk shit about all kinds of shit. No rhyme no reason just talk.,Anchor,en-us,https://d3t3ozftmdmh3i.cloudfront.net/staging/podcast_uploaded_nologo/46470692/46470692-1785609820028-168a037b86a9d.jpg,2026-08-03 13:15:21,7979770,confirmed,https://podcasters.spotify.com/pod/show/legion-x-podcast0,1785762921,392292bbc75637f90b0bb91a77eb8322,6797311558.0,2,0,CORPORATE
Orthodox Christian Podcast,Orthodox Christian Podcast,https://anchor.fm/s/11565208c/podcast/rss,"A daily Orthodox Christian podcast exploring today’s news, challenges, and worries through the wisdom of the Orthodox faith. Each episode offers a short sermon and reflection on topics affecting our lives - from world events and uncertainty to family, technology, suffering, and personal struggles.
This is a place to step away from the noise, find peace, and remember God’s presence in every moment. Through Scripture, prayer, and the teachings of the Orthodox Church, we seek hope, guidance, and a deeper understanding of faith in today’s world.
New episodes every day.",Anchor,en-us,https://d3t3ozftmdmh3i.cloudfront.net/staging/podcast_uploaded_nologo/46439163/46439163-1785193481846-0bfbf264513c6.jpg,2026-08-03 13:10:28,7979766,confirmed,https://orthodoxchristianpodcast.com,1785762628,4c2515a48b49095c7d3efb94d9620146,6795418907.0,2,0,INDIVIDUAL
Aspen’s PawCast,sbuckleyms,https://feed.podbean.com/sbuckleyms/feed.xml,<p>My silly adventures in my town. I am a dog!</p>,Podbean,en,https://pbcdn1.podbean.com/imglogo/image-logo/21195870/logo.png,2026-08-03 13:07:14,7979765,confirmed,https://sbuckleyms.podbean.com,1785762434,6c59d9fcee03b04634c971d51cef5148,6784065664.0,2,0,INDIVIDUAL
The Health Outlook,Gordon,https://rss.buzzsprout.com/2633295.rss,"<p>The Health Outlook is a podcast about lifestyle and well-being — nutrition, exercise, purpose, and social connection. Presented by Ayush and Iggy, two AI presenters who translate the latest news into practical insights etwice a week Fully AI-generated, based on scientific sources. For anyone curious about health — from healthcare providers to anyone who wants to live consciously.<br><br>The content is based on publicly available sources and is intended as inspiration, not medical advice. We are continuously working on the quality of the voices — your feedback is welcome!</p>",Buzzsprout,en,https://storage.buzzsprout.com/1edoe8kicg3pe1zp8x0cuybxkydw?.jpg,2026-08-03 13:05:52,7979763,confirmed,,1785762352,921ab3802ccdc3e875762943e434d8cb,,4,0,INDIVIDUAL
MIM ESSAY,Umar Alam,https://feeds.redcircle.com/14b367ee-cfa0-41bf-9bb0-eafb38bb1182,"Explore HEC Paris MBA scholarships for 2026, including award amounts, eligibility, application steps and funding options for Indian applicants.",Spotify for Podcasters,en-US,https://media.redcircle.com/images/2026/8/3/12/b7bc4275-9555-4cdf-9a8b-0bf541fcfa04_imresizer-futures-in-stock-market.jpg,2026-08-03 13:04:11,7979761,confirmed,https://redcircle.com/shows/mim-essay,1785762251,28273f21b3340e0bc063e854b3cf3008,,4,0,INDIVIDUAL
_ADMR PodCast_,Maurizio Mazzotti,https://feeds.captivate.fm/admr-podcast/,_ADMR PodCast_,Captivate,en,https://artwork.captivate.fm/725888a1-c578-4e7b-9010-fe985faa82f5/ADMR-3000.png,2026-08-03 13:03:08,7979758,confirmed,https://admr-podcast.captivate.fm,1785762188,09cde0026ed1d3e57182d908cf7cde19,,4,0,INDIVIDUAL
The Astounding Pop Mech Show,Popular Mechanics,https://feed.podbean.com/the-pop-mech-show/feed.xml,"<p><span style=""font-weight:400;"">The Astounding Pop Mech Show explores the strange, surprising, and mind-bending ideas shaping science, technology, history, and the world around us. Each episode digs into fascinating questions and headline-making discoveries—from UFOs, consciousness, and space travel to medical breakthroughs, unsolved mysteries, and the hidden science behind everyday life. With expert insight, lively debate, and the curiosity that has defined <em>Popular Mechanics</em> for generations, the show makes complex subjects accessible, entertaining, and impossible to stop thinking about. Tune in for smart explanations, unexpected connections, and stories that challenge what you thought you knew.</span></p>",Podbean,en,https://pbcdn1.podbean.com/imglogo/image-logo/22527570/TAMPS-Show-Logo-Art_6kr2tb.jpg,2026-08-03 12:56:00,7979749,confirmed,https://the-pop-mech-show.podbean.com,1785761760,28e1ae21bd113b5c010e8a2079305ddc,6796789953.0,2,0,INDIVIDUAL
Bring Down the Sky - A Mecha Hack Actual Play Podcast,Albert the Llama Enterprises,https://feeds.libsyn.com/623020/rss,"In the war-torn galaxy of Lodestar Alpha, Fireteam Sabre Harmony and their mighty mecha fight for freedom, justice and survival!

Join a dynamic cast for a cinematic, high-action story. Every episode combines roleplaying, dramatic storytelling, action, and edited audio to create an unforgettable cinematic adventure, full of giant robots and giant monsters!",Libsyn,en-gb,https://static.libsyn.com/p/assets/1/7/f/8/17f886e33b56b3c216c3140a3186d450/Bring_Down_The_Sky_-_Albert.png,2026-08-03 12:52:55,7979747,confirmed,https://sites.libsyn.com/623020,1785761575,3ddaa7831bd0b773d2062b1aa94b25f2,6797052732.0,2,0,CORPORATE
Power Talk with Tasha - Journal with Me.,Natasha Cunningham,https://rss.buzzsprout.com/2634288.rss,"<p>Inserts from the Power Talk Devotional The Proverbs Woman. The 30 days devotional towards transformation, character building practicing self control and creating a legacy. </p>",Buzzsprout,en-us,https://storage.buzzsprout.com/miad3n2ixqnbfamjiyghp317kxif?.jpg,2026-08-03 12:45:31,7979739,confirmed,,1785761131,0ae9f6a4720ce115a5dda434e84339e4,,4,0,INDIVIDUAL
Steve Klubertanz,Steve Klubertanz,https://www.spreaker.com/show/6119402/episodes/feed,"<a href=""https://solo.to/steveklubertanz"" target=""_blank"" rel=""noreferrer noopener""><b>Steve Klubertanz</b></a> showcases his strong project management skills. His responsibilities include overseeing the entire lifecycle of cabling projects, where he consistently delivers exceptional customer experiences. Steve's effective resource allocation and deadline management contribute significantly to his role as a key asset within the organization.",Spreaker,en,https://d3wo5wojvuv7l.cloudfront.net/t_rss_itunes_square_1400/images.spreaker.com/original/519eb4d989b7d502b697cce2712f3bee.jpg,2026-08-03 12:22:49,7979721,confirmed,https://www.spreaker.com/podcast/steve-klubertanz--6119402,1785759769,e191b013758f2d33f893fa3e0da3707e,,4,0,CORPORATE
Made for More - Akanksha Foundation,Akanksha Foundation,https://anchor.fm/s/114a2d900/podcast/rss,"What inspires a young person to choose purpose over predictability?
How does a mischievous student become a football coach and role model?
What gives a tailor's son the confidence to reimagine his future?
Made For More, a new interview series, brings you stories of Akanksha alumni building careers across AI, sports, education, and more.
Hosted by student volunteer Pragya Deepak, each episode explores the people and experiences that shaped their journeys.
Created with Akanksha students and shot entirely on Apple iPhone, the series celebrates how education expands horizons and fuels ambition.",Anchor,en,https://d3t3ozftmdmh3i.cloudfront.net/staging/podcast_uploaded_nologo/46311840/46311840-1783420594899-ac39809a4632e.jpg,2026-08-03 12:07:28,7979700,confirmed,https://podcasters.spotify.com/pod/show/akanksha-foundation57,1785758848,91224162ba4eb7654e941feda99b99a4,6789082612.0,2,0,CORPORATE
"Climate, Actually",Kimberly Nicholas,https://feeds.captivate.fm/climateactually/,"You care about climate change. You're just not sure your choices actually matter. Climate, Actually is here to show you they do, and exactly how to use them. Hosted by climate scientist Dr. Kimberly Nicholas (Lund University, author of Under the Sky We Make, creator of the SHIFT guide with Project Drawdown), each episode sits down with a real person putting one of five research backed ""climate superpowers"" into practice: as a citizen, professional, investor, consumer, or role model. Together they work through the facts, sit with the feelings that come with facing the crisis, and land on one clear action you can take too. If your income puts you in the world's top 10% of earners (it starts lower than you'd think), your choices carry outsized climate weight. This show helps you use that weight well.",Captivate,en,https://artwork.captivate.fm/3bad8960-d3d0-49d1-addd-58fb66e6ec7f/Your-Climate-Era-1.png,2026-08-03 11:55:17,7979686,confirmed,https://wecanfixit.substack.com,1785758117,b0e76a1d12e57bbe0acc39bbfaa1de0d,,4,0,INDIVIDUAL
Being Human,Oliver Dolby - The Soul Doctor,https://anchor.fm/s/112dc59d4/podcast/rss,"Hey, and welcome to the Being Human Podcast — the podcast where we stop pretending we’ve got it all figured out.
This is where we go beyond the job titles, the social media profiles and the carefully curated lives… and get real about the human experience.
We’ll be talking about growth, doubt, purpose, relationships, spirituality, business… and all the beautifully messy bits in between.
Because no matter how ‘together’ someone looks on the outside — there’s always a human story underneath.
And that’s what we’re here to explore.
So settle in… and let’s get human.",Anchor,en-gb,https://d3t3ozftmdmh3i.cloudfront.net/staging/podcast_uploaded_nologo/46013981/46013981-1779379537243-04a70ca15e8f6.jpg,2026-08-03 11:53:42,7979682,confirmed,https://podcasters.spotify.com/pod/show/oliverdolby,1785758022,ef3b02c1ca7448513e23dde69318220b,6793978743.0,2,0,INDIVIDUAL
Reflections: Web Security Podcast,Reflectiz,https://feeds.redcircle.com/6b7e1fac-3398-4e95-a7ae-6b771a6ea3e3,"Reflections: The Web Security Podcast is produced by Reflectiz, the world's leading AI-powered web exposure platform. Built by world renowned ethical hackers, Reflectiz continuously monitors everything executing on your live website - detecting the threats that firewalls, WAFs, and traditional scanners were never designed to see.
Each episode, we sit down with security practitioners, CISOs, privacy officers, and compliance experts to examine the threats reshaping the modern web and what organizations can actually do about them.
What We Cover:
Magecart attacks, web skimming, and checkout page security
Third-party script risk and unauthorised data exfiltration
PCI DSS 4.0.1 compliance for merchants and payment providers
GDPR, CCPA, and HIPAA enforcement at the client-side layer
AI-generated web attacks and evolving supply-chain compromises
Fourth-party risk and what lives beyond your engineering control
Real breach post-mortems and actionable takeaways for security teams
Who It's For:
Reflections is essential listening for CISOs, AppSec engineers, privacy and compliance managers, and security-conscious leaders across financial services, e-commerce, healthcare, and the public sector.
Subscribe, reflect, and stay ahead of the web threats your current stack can't see.
Keywords: web security podcast, Reflections Reflectiz, client-side security podcast, Magecart podcast, third-party script risk, PCI DSS 4.0 compliance podcast, web supply chain security, CISO podcast, cybersecurity podcast, web exposure, application security, website security podcast",Spotify for Podcasters,en-US,https://media.redcircle.com/images/2026/6/24/7/a8a90824-50d0-4a99-b740-3da56c356059_______________5_.jpg,2026-08-03 11:52:35,7979681,confirmed,https://redcircle.com/shows/reflections-web-security-podcast,1785757955,28cc94dbf7607ae0576b9f7b978a1a21,,4,0,INDIVIDUAL
That College Football Show,Jeremy Jeffcoat,https://feeds.libsyn.com/624590/rss,Veteran broadcaster JJ Jeffcoat and former SEC Linebacker Eltoro Freeman offer expert analysis and opinion on college football.,Libsyn,en,https://static.libsyn.com/p/assets/b/e/a/f/beaf0d83be3b5fa216c3140a3186d450/IMG_7022.jpeg,2026-08-03 11:51:20,7979680,confirmed,http://www.thatcfbshow.com,1785757880,d913186a6e7b5779f65a4ede7c5a257c,6795272553.0,2,0,INDIVIDUAL
An Dea-Scéal: The Gospel in Ireland,Michael McGowan,https://rss.buzzsprout.com/2634286.rss,"<p><b>An Dea-Scéal: The Gospel in Ireland</b> invites you to discover the timeless message of Christ through the rich spiritual heritage of Ireland.</p><p><br></p><p>Each episode brings to life the stories of Irish saints, prayers, Scripture, sacred places, and witnesses of faith that have shaped Ireland for centuries. Whether exploring the lives of Patrick, Brigid, and Columba, reflecting on the beauty of ancient prayers, or uncovering moments where the Gospel transformed a people, these reflections offer encouragement for your own journey of faith.</p><p><br></p><p>Rooted in Scripture and inspired by Ireland's Christian tradition, <em>An Dea-Scéal</em> is a place to slow down, listen, and rediscover the Good News that continues to speak today.</p><p><br></p><p>Visit Carrick Mór: <a href=""https://www.carrickmor.com/"">https://www.carrickmor.com/</a></p><p><br></p><p><em>An Dea-Scéal is part of Carrick Mór's mission to celebrate the faith, history, and culture of Ireland through stories that inspire hope and draw us closer to Christ.</em></p>",Buzzsprout,en-us,https://storage.buzzsprout.com/tqclib5nt09843ltfc76b6ju299q?.jpg,2026-08-03 11:45:23,7979674,confirmed,,1785757523,2ef25e53f71f4eda82225e79cf85f9fd,,0,0,INDIVIDUAL
The Sarah Strat Show,Sarah Strat,https://anchor.fm/s/115960878/podcast/rss,"<p>Welcome to The Sarah Strat Show! This is a podcast about rebuilding, reinvention, mindset, relationships, creativity, ambition, and figuring life out in real time.</p><p><br></p><p>Hosted by Sarah Strat, this show explores the highs, lows, lessons, heartbreaks, breakthroughs, and unexpected turns that shape who we become. From personal growth and modern relationships to creator life, streaming, confidence, healing, and starting over, no topic is off limits.</p><p><br></p><p>Whether you’re chasing a dream, rebuilding after loss, navigating change, or simply trying to become the best version of yourself, this podcast is here to remind you that you do not need to have everything figured out to begin.</p><p><br></p><p>New episodes weekly.</p><p><br></p><p>Visit <a href=""http://www.SarahStrat.com"">www.SarahStrat.com</a> for resources, updates, links, and more.</p><p><br></p><p>Follow @SarahStrat across social platforms to join the conversation and stay connected.</p><p><br></p><p>Start your new life today, whether you are ready, or not!</p>",Anchor,en,https://d3t3ozftmdmh3i.cloudfront.net/staging/podcast_uploaded_nologo/46471214/5be211c2e5112bfd.jpg,2026-08-03 11:38:35,7979670,confirmed,https://podcasters.spotify.com/pod/show/sarah34690,1785757115,e344fac8520797bffd46c988cae18094,6797093975.0,2,0,INDIVIDUAL
The Art of Divination,Artisan Tarot,https://rss.buzzsprout.com/2631971.rss,"<p>The Art of Divination is for readers who want to improve their practice. </p><p>Z. Mann Zilla covers tarot, oracles, runes, I Ching, and many other reading systems. Each episode explores the lore, history, methods, and applications of these crafts with actionable advice you can immediately use in your readings.</p>",Buzzsprout,en-us,https://storage.buzzsprout.com/3dnhmhzw037ibzdwvgjjx1gk308k?.jpg,2026-08-03 11:11:45,7979641,confirmed,https://artisantarot.com/podcast,1785755505,5054ce5bd814f2d573429750224560a4,,4,0,INDIVIDUAL
God’s Receptionist,godsreceptionistpodcast,https://feed.podbean.com/godsreceptionistpodcast/feed.xml,"God’s Receptionist is a judgment-free space for women to pause in the middle of busy lives and reconnect with who they truly are in Christ. In a world that defines us by titles—mother, wife, professional, daughter—this podcast gently reminds us that before anything else, we are first a child of God.
This is not a place for perfection or expertise. Kristy is not a theologian, intellectual, or spiritual expert—she is simply a mom, wife, and woman of faith who has been where you are, or is walking through it right alongside you. This space exists not to teach from a pedestal, but to learn, grow, and seek God together as students of the Word.
Kristy shares spiritual lessons gathered from trusted faith leaders, cross-referenced with Scripture, and tested in the trenches of everyday life. Together, we explore who God is, what He has said, and how His truth shapes our identity.
Whether we’re diving into biblical foundations or having honest conversations about motherhood, marriage, womanhood, and life’s challenges, this podcast is a safe place for women of faith to grow spiritually without judgment. Here, we don’t just manage the “calls” of daily life—we learn to recognize the voice of the One who called us first.
What we explore together:
Biblical Foundations to anchor your faith
Identity Beyond Titles, reminding us we are daughters of the King
Honest Life Conversations rooted in grace, truth, and growth
Thank you for being here, for listening, and for choosing to grow closer to God alongside us. You are seen, you are welcome, and you belong here.
Watch & Connect: For the visual side of this journey and more motherhood-focused content, find me on YouTube: https://www.youtube.com/@christianmomjourney",Podbean,en,https://pbcdn1.podbean.com/imglogo/image-logo/21772740/Untitled_designbe2uh.jpeg,2026-08-03 11:06:59,7979637,confirmed,https://godsreceptionistpodcast.podbean.com,1785755219,71c7c530346f8782d1e1c9cad9ad4713,1868245885.0,2,0,INDIVIDUAL
The Pastor's Heart with Dominic Steele,Dominic Steele,https://rss.buzzsprout.com/248435.rss,"<p>Christian leaders join Dominic Steele for a deep end conversation about our hearts and different aspects of Christian ministry each Tuesday afternoon.</p><br><p>We share personally, pastorally and professionally about how we can best fulfill Jesus' mission to save the lost and serve the saints. </p><br><p>The discussion is broadcast live on <a href=""https://www.facebook.com/thepastorsheart"" rel=""noopener noreferrer"" target=""_blank"">Facebook</a>, <a href=""https://www.youtube.com/@ThePastorsHeart"" rel=""noopener noreferrer"" target=""_blank"">YouTube</a>, on <a href=""http://www.thepastorsheart.net"" rel=""noopener noreferrer"" target=""_blank"">thepastorsheart.net</a> and via audio podcast. </p><hr><p style='color:grey; font-size:0.75em;'> Hosted on Acast. See <a style='color:grey;' target='_blank' rel='noopener noreferrer' href='https://acast.com/privacy'>acast.com/privacy</a> for more information.</p>",Buzzsprout,en,https://assets.pippa.io/shows/6a067d43382d6c4030eaad5c/show-cover.jpeg,2026-08-03 10:47:45,7979617,confirmed,https://www.thepastorsheart.net/,1785754065,6b5d347a33c6d24ee87e812c8ec893fe,1049743384.0,4,0,INDIVIDUAL
Maritime Dialogues,Gujarathi Empire,https://anchor.fm/s/11123ba38/podcast/rss,"A podcast that dives deep into the world of shipping & marine logistics.
New episodes release every Monday.",Anchor,en,https://d3t3ozftmdmh3i.cloudfront.net/staging/podcast_uploaded_nologo/45725214/45725214-1775560760418-2599d8eaf029e.jpg,2026-08-03 10:44:50,7979612,confirmed,https://podcasters.spotify.com/pod/show/gujarathi-empire,1785753890,036f30f1cc0f1688d6775226f4d0bd24,1893607894.0,2,0,INDIVIDUAL
Fix the Wellness Glitch,Angela Petersen,https://www.spreaker.com/show/7194122/episodes/feed,"<i><b>Your body isn't broken; your healthcare is. </b></i><br /><br /><b>Dr. Angela Petersen</b> is a board-certified Family Nurse Practitioner, former Navy nurse, clinic owner, and author of <i>The Wellness Glitch</i>.<br /><br />She has helped thousands of patients optimize their health through hormone therapy, GLP-1s, and peptide medicine — and she's done fighting a system built to manage disease instead of building vitality.<br /><br />This series is for anyone who's been dismissed, undertreated, or told their labs are ""normal"" while feeling anything but.<br /><br />Angela delivers the clinical clarity your doctor isn't giving you: on hormones, metabolic health, weight loss medicine, and what true optimization actually looks like.<br /><br /><i><b>Stop settling. Subscribe now.</b></i>",Spreaker,en,https://d3wo5wojvuv7l.cloudfront.net/t_rss_itunes_square_1400/images.spreaker.com/original/b86b4700f34945f2e89db6ecd3224f9e.jpg,2026-08-03 10:20:29,7979591,confirmed,https://ampdhealth.net/,1785752429,dabb164b35971a21d488a005b2dd7e22,,4,0,INDIVIDUAL
The Celestial Forecast with Dahlia Kent,Larry McLaughlin,https://feeds.captivate.fm/the-celestial-forecast/,"Weekly horoscopes from Dahlia Kent, who loves you enough to tell you the truth. All twelve signs, every Monday, in under ten minutes.",Captivate,en,https://artwork.captivate.fm/07b00e9a-bd66-4810-830f-818d95a9f3d5/Dahlia-Kent-Final-Cover-under-2MB.jpg,2026-08-03 10:11:05,7979580,confirmed,https://the-celestial-forecast.captivate.fm,1785751865,38af744ee85e6f21f4c64bfb180c01e9,,4,0,INDIVIDUAL
"Intimacy and Sexuality for Emerging Adults, Powered by Intimate Judaism",Scott Kahn,https://feeds.libsyn.com/624980/rss,"Intimacy and Sexuality for Emerging Adults is a ten-part educational series that helps Jewish young adults prepare for healthy relationships, intimacy, sexuality, and marriage through the integration of Torah values and emotional health.",Libsyn,en-us,https://static.libsyn.com/p/assets/0/d/e/9/0de937f385f315f116c3140a3186d450/Intimacy_and_Sexuality_for_Emerging_Adults_3000x3000.png,2026-08-03 10:07:09,7979579,confirmed,https://sites.libsyn.com/624980,1785751629,f9115b1ee3b9a11f2b61f66dd6e8a60e,6796719567.0,2,0,INDIVIDUAL
Life Interrupted,Amelia Martinez,https://rss.buzzsprout.com/1902709.rss,"<p>Lets normalize talking about all things the world has deemed taboo? Do you like wine, coffee, target, tacos & tequila? Ever feel depressed, anxious, or just like you're losing your mind?If yes, then you've come to the right podcast because this is what this podcast is about. We talk about all things real, from motherhood to family, friendships, children, and all the chaos in between. I could go on and on but lets dive right in...This is Life Interrupted.</p>",Buzzsprout,en-us,https://storage.buzzsprout.com/3grz4zzfm6g19p1yohzg9p3ixhpv?.jpg,2026-08-03 10:05:34,7979577,confirmed,https://lifeinterrupted.buzzsprout.com,1785751534,36f346821c445b6445638cc817d0b92a,,4,0,INDIVIDUAL
The Portage Sports Podcast,Tom Nader,https://feeds.transistor.fm/the-portage-sports-podcast,"Produced by 88.9 WSTB, The Portage Sports Podcast discusses key sports topics and celebrates the student-athletes, coaches, and communities of Portage County.",Transistor,en,https://img.transistorcdn.com/ePCTCG0MzDm4tNhRsvMOPub4vn5H5Zu8xDzwFqpGi7k/rs:fill:0:0:1/w:1400/h:1400/q:60/mb:500000/aHR0cHM6Ly9pbWct/dXBsb2FkLXByb2R1/Y3Rpb24udHJhbnNp/c3Rvci5mbS9kMmYw/MTA5MzFmNmI3MzY4/MGY5MjZiMTQ0MTM2/NWMzZC5wbmc.jpg,2026-08-03 10:05:31,7979576,confirmed,,1785751531,db923cad5d2f1eb2074de11835e7e0ba,,4,0,INDIVIDUAL
What Makes Us Human,What Makes Us Human,https://anchor.fm/s/1132c3aa8/podcast/rss,"What Makes Us Human brings together scientists, mystics, artists, educators, healers, and ordinary people to explore the age-old question. What emerges is not a single answer but a portrait of humanity drawn from the inside out.",Anchor,en,https://d3t3ozftmdmh3i.cloudfront.net/staging/podcast_uploaded_nologo/46066330/46066330-1783852463656-8069f5ee2afac.jpg,2026-08-03 10:04:19,7979575,confirmed,https://podcasters.spotify.com/pod/show/what-makes-us-human0,1785751459,913be48ce9af76f3cb587aab982ea8fd,6797240989.0,2,0,INDIVIDUAL
Pucks and Balls,Richard Kronish - Kronish Sports,https://anchor.fm/s/e6a881f8/podcast/rss,Commentary on what is happening in the sports world.,Anchor,en,https://d3t3ozftmdmh3i.cloudfront.net/production/podcast_uploaded_nologo/38598030/38598030-1690847319831-5ccc4890821fd.jpg,2026-08-03 09:51:28,7979568,confirmed,Www.Kronishsports.com,1785750688,dbbe1f47510b5a727edcad660ad11bf7,295455767.0,2,0,INDIVIDUAL
Grace And Truth,Alejandra Castro,https://rss.buzzsprout.com/2633930.rss,"<p>Welcome to Grace And Truth , a Christian podcast created to inspire faith, encourage hearts, and remind you of the endless grace of God. Through meaningful conversations, biblical teachings, personal testimonies, and practical encouragement, we explore how God’s love and grace can transform our everyday lives.</p><p>Whether you are growing in your faith, seeking hope during a difficult season, or simply longing to draw closer to God, this podcast is a place to be renewed, strengthened, and reminded that you are never alone.</p><p>Join us as we walk by faith, grow in grace, and discover the beauty of living fully in God’s purpose—one episode at a time.</p>",Buzzsprout,en-gb,https://storage.buzzsprout.com/g3nj4hmdvgpgkxlhd0cw3b1pxyvd?.jpg,2026-08-03 09:49:32,7979566,confirmed,,1785750572,63ddafac938b872dda7774f2ab753ab3,,0,0,CORPORATE
The Bible Stories's Podcast,The Bible Stories,https://rss.buzzsprout.com/2634272.rss,"<p>Welcome to our channel, where we will explore the rich and inspiring narratives of biblical stories. Here, we delve into the sacred events and characters that have shaped human civilization, offering you a captivating journey through the most revered Book of all time.</p>",Buzzsprout,en-us,https://storage.buzzsprout.com/v9l8dbduhnvfi58671ckndeboz18?.jpg,2026-08-03 09:46:58,7979563,confirmed,,1785750418,8ec356513fa275d365bb13e03af06eff,,4,0,CORPORATE
"Rethinking Daily: Personal Journal about Cognition, Reflection and Philosophy",Matthew Bliss,https://feeds.captivate.fm/matthewbliss/,"Daily thoughts of the expat, freelancer & philosopher, Matthew Bliss. Through his shared experiences and musings, expect to read about how we work & learn, the nature of cognition and consciousness, and why reflection and critical thought are more crucial today than ever before.",Captivate,en,https://artwork.captivate.fm/644b6e93-2965-48f9-be20-a3cada48630b/FINAL-DailyThinking-CoverArtV5.jpg,2026-08-03 09:46:49,7979561,confirmed,https://rethinkingdaily.pika.page/,1785750409,54c9ea7961a55c20c8b8c1dc095759ac,,4,0,INDIVIDUAL
EL TEMACH PODCAST,El Temach,https://www.spreaker.com/show/7230593/episodes/feed,Mis Compas Aqui pueden encontrar todos los contenidos officiales del Temach<br />lives<br />Martes de Modo Guerra<br />Jueves de Compas<br />Viernes de Morras<br />Entrevistas<br />Conoce Al Alfa,Spreaker,en,https://d3wo5wojvuv7l.cloudfront.net/t_rss_itunes_square_1400/images.spreaker.com/original/d0b1b6248d72efa4f303b33650445c67.jpg,2026-08-03 09:44:30,7979557,confirmed,https://www.spreaker.com/podcast/el-temach-podcast--7230593,1785750270,99419c199dfead324de1469146168aac,,4,0,INDIVIDUAL
ElizabethASMR,ElizabethASMR,https://www.spreaker.com/show/7226898/episodes/feed,ElizabethASMR ,Spreaker,en,https://d3wo5wojvuv7l.cloudfront.net/t_rss_itunes_square_1400/images.spreaker.com/original/9140e2f8ed0827336856fb62d9b6c94b.jpg,2026-08-03 09:43:23,7979555,confirmed,https://www.spreaker.com/podcast/elizabethasmr--7226898,1785750203,1af4b9621ccbbf9d3cb435f65184826c,,4,0,INDIVIDUAL
Elelaurels Brief,Elelaurels,https://www.spreaker.com/show/7230530/episodes/feed,"Elelaurels is an experienced company in Singapore supplying and installing invisible Grilles. We provide high quality materials & workmanship, at affordable prices!",Spreaker,en,https://d3wo5wojvuv7l.cloudfront.net/t_rss_itunes_square_1400/images.spreaker.com/original/f0a4f342e125d4ca714248734fcc5f5f.jpg,2026-08-03 09:39:30,7979550,confirmed,https://www.spreaker.com/podcast/elelaurels-brief--7230530,1785749970,984bf45c63a633467e8357517bb3d004,,4,0,INDIVIDUAL
Miss England Podcast,Miss England,https://rss.buzzsprout.com/2402868.rss,"<p>Over the years the Miss England competition has evolved from the swimsuit parade it once was. Now with the focus on Beauty with a Purpose,  the competition is closely followed by the British press who often feature stories about the winners and contestants. Other than occasional stories, little is known about the individuals behind the tiaras & the glamorous event. </p><p> </p><p>The director and owner of Miss England Limited is Angie Beasley who has been the director since 2002. </p><p> </p><p>Angie is the host of the podcast & hopes to give the public a more in-depth insight into the people involved in this iconic competition. Meet the Miss England winners and associates as Angie chats informally about their time involved with the contest, the ups and downs of their journey and Angie delves into more about individuals themselves, their backgrounds, and struggles in life. </p><p> </p><p>Hoping to release the Miss England Podcast monthly or bio monthly, series one is available FREE on the Miss England website & App and started in September 2024. </p><p><br></p>",Buzzsprout,en-gb,https://storage.buzzsprout.com/4f2l02xb6q6pdx8uzuh3yyaid2mc?.jpg,2026-08-03 09:31:55,7979546,confirmed,https://www.missengland.info,1785749515,230cd29c450c1fad133a880a375a1d8d,,4,0,CORPORATE
World at War,World at War,https://www.spreaker.com/show/7230496/episodes/feed,"Welcome to World At War, the channel dedicated to the major conflicts that have shaped our world. From World War I to the epic battles of World War II, through the Vietnam War, the wars in Iraq and Afghanistan, and the ongoing tensions in the Middle East, we explore military history in all its forms. 👉 Dive into in-depth documentaries, animated battle maps, veteran testimonies, and strategic analysis. Our mission? To understand the causes, stakes, and consequences of wars throughout history.",Spreaker,en,https://d3wo5wojvuv7l.cloudfront.net/t_rss_itunes_square_1400/images.spreaker.com/original/29a174ce08d5a4da600714540b71f622.jpg,2026-08-03 09:17:16,7979510,confirmed,https://www.spreaker.com/podcast/world-at-war--7230496,1785748636,1de4d681b56e8ca97043b021f802544e,,4,0,INDIVIDUAL
Good Podcasts,Pioneers Post,https://feeds.transistor.fm/good-podcasts,Welcome to Good Podcasts from Pioneers Post - the global news platform for people building a better world through good business.,Transistor,en,https://img.transistorcdn.com/fKW8WKNCNDNdCCS5T4KpDQ7iH3dSKxcsEF8aVCnCyDY/rs:fill:0:0:1/w:1400/h:1400/q:60/mb:500000/aHR0cHM6Ly9pbWct/dXBsb2FkLXByb2R1/Y3Rpb24udHJhbnNp/c3Rvci5mbS9mZjQw/NWZmZTI2M2E2ZDky/NDQ4NTlhMTU0Nzlm/ZWNjMy5qcGVn.jpg,2026-08-03 09:10:46,7979505,confirmed,https://shows.acast.com/good-podcasts,1785748246,94a954d8ba391285cef476e078cfc78d,,4,0,INDIVIDUAL
The Purpose Tribe Podcast,Dara Dairo,https://anchor.fm/s/1087d068c/podcast/rss,"Weekly conversations with Dara Dairo for navigating the in-betweens of faith, personal growth, healing, adulting, chasing dreams, and building meaningful lives. Tune in every week for new episodes.",Anchor,en,https://d3t3ozftmdmh3i.cloudfront.net/staging/podcast_uploaded_nologo/44273787/44273787-1755679890820-ad49793d18fca.jpg,2026-08-03 08:55:42,7979496,confirmed,https://podcasters.spotify.com/pod/show/purpose-tribe-podcast,1785747342,81c27ab3c37181877ad6f5a059bb3e80,1840137319.0,2,0,INDIVIDUAL
You've Got People Problems,"Melissa Ortiz, Talent Optimization Expert",https://rss.buzzsprout.com/2465154.rss,"<p>Let’s be honest. People problems aren’t just HR problems. They’re business problems.</p><p><br /></p><p>They show up as missed goals, unclear accountability, hiring mistakes, disengaged teams, and leaders carrying more than they should. Over time, they slow growth, create frustration, and make running a business feel harder than it needs to be. And they aren’t solved by another policy, personality test, or quick fix.</p><p>Business would be simple… if it weren’t for people.</p><p><br /></p><p>That’s the reality behind You’ve Got People Problems, a podcast focused on the human side of running a business. Each episode explores how leadership behavior, hiring decisions, role clarity, engagement, and organizational structure directly impact performance, culture, and results.</p><p><br /></p><p>Through honest conversations with business owners, operators, HR leaders, EOS Implementers, and consultants, the show tackles real issues leaders face every day: why the “right hire” still isn’t working, how teams outgrow roles, when full-time isn’t the answer, why accountability breaks down, and what actually drives engagement beyond perks and pay.</p><p><br /></p><p>This isn’t about HR checking a box or leadership theory. It’s about helping leaders slow down, recognize patterns earlier, and make more intentional people decisions that support both the business and the people inside it.</p><p><br /></p><p>If you’re leading a team, building an organization, or trying to get out of the day-to-day firefighting that comes with people problems, this podcast is for you.</p><p>Subscribe, listen, and start making sense of the people side of your business.</p>",Buzzsprout,en,https://hosting-media.riverside.com/media/imports/podcasts/d5e002a2-9006-4b41-a9f6-679532eb2043/qgyf329ip8qyd93cy8ijyqx90w9m.jpg,2026-08-03 08:52:49,7979493,confirmed,https://www.buzzsprout.com/2465154,1785747169,3626829a57cfc60efb0f2049c4de108a,1807417926.0,4,0,INDIVIDUAL
Bad Kitty Podcast,Amy and Jen,https://anchor.fm/s/1140f4168/podcast/rss,A podcast about #FINDINGJOY in these (un)precedented times. Heavy on the #LGBTQ+ #advocacy. Very witty. Hilarious actually. Only for the #woke people.,Anchor,en,https://d3t3ozftmdmh3i.cloudfront.net/staging/podcast_uploaded_nologo/46215114/46215114-1782084293275-3a5bdff6aaf47.jpg,2026-08-03 08:51:21,7979491,confirmed,https://podcasters.spotify.com/pod/show/amy-and-jen2,1785747081,b801f7f77493bc23d4831a169196bc04,6790499111.0,2,0,CORPORATE
By George!,BCB Studios,https://feeds.captivate.fm/by-george/,"Conversations with teachers, researchers, and students - exploring ideas, innovation, and the story's shaping our world.",Captivate,en,https://artwork.captivate.fm/4b013b84-35f4-4589-8574-ba2d8d585d67/by.png,2026-08-03 08:46:52,7979489,confirmed,https://by-george.captivate.fm,1785746812,aa0517ad43a4756ac67e04cae57afdda,,4,0,INDIVIDUAL
Political Economy with Werner Mouton,Werner Mouton,https://feeds.transistor.fm/political-economy-with-werner-mouton-9e4ac616-ef1f-4dac-a334-24158d613a8d,"A show about political economy and how it shapes the world you live in. 

https://www.wernermouton.com",Transistor,en,https://img.transistorcdn.com/QU01H8u4SxXiCvNrBrmUVxu4d4RN-gtv5kE7whO-a2A/rs:fill:0:0:1/w:1400/h:1400/q:60/mb:500000/aHR0cHM6Ly9pbWct/dXBsb2FkLXByb2R1/Y3Rpb24udHJhbnNp/c3Rvci5mbS83OGMy/NzMwMmMwZDk5YzU3/NWI1YjQ1NDY2M2M4/YThmMC5wbmc.jpg,2026-08-03 08:45:49,7979488,confirmed,https://www.wernermouton.com,1785746749,c9d7913d4df34dd514d3dcbd9318f0be,,4,0,INDIVIDUAL
Deep Dive History,Deep Dive History,https://www.spreaker.com/show/7230429/episodes/feed,"Welcome to Deep Dive History, your guide into the past! If you're fascinated by the epic stories of history, the lives of legendary figures, and the myths that shaped civilisations, you've found your home. From the rise and fall of ancient empires like Rome and Egypt to the lives of history's most influential people, to captivating tales of Greek & Norse mythology, we explore it all in comprehensive, long-form episodes designed for true history buffs. Hosted by the acclaimed British actor and narrator, David Rintoul (known for Pride and Prejudice, as well as Game of Thrones and countless award-winning audiobooks), join us as we uncover the past, one incredible story and extraordinary life at a time!",Spreaker,en,https://d3wo5wojvuv7l.cloudfront.net/t_rss_itunes_square_1400/images.spreaker.com/original/b3e1b927f2929d188a471bc7bb652baa.jpg,2026-08-03 08:38:14,7979485,confirmed,https://www.spreaker.com/podcast/deep-dive-history--7230429,1785746294,a16089b4320f28a3f572e756cadd4fef,,4,0,INDIVIDUAL
The Things We Keep,Daniel C. Siriteanu,https://rss.buzzsprout.com/2632854.rss,"<p>Welcome to <b>The Things We Keep</b>.</p><p>This short trailer is a glimpse into Episode 1, <b>The Moments That Never Leave Us</b>, and into the conversations that this podcast is here to explore.</p><p>Created and hosted by Daniel, a musician, fashion designer, and creator, <em>The Things We Keep</em> is a space for honest reflections on memory, identity, creativity, purpose, and the experiences that quietly shape our lives.</p><p>Some moments fade with time. Others become part of who we are. This podcast is about discovering why.</p><p>The full first episode, <b>The Moments That Never Leave Us</b>, is coming soon.</p><p>Thank you for being here at the very beginning of this journey.</p><p><b>The Things We Keep</b> is hosted by Daniel, a musician, fashion designer, and creator exploring the moments, memories, and ideas that shape who we become.</p><p>Follow the podcast so you never miss a new episode, and subscribe to the YouTube channel for the full video experience.</p>",Buzzsprout,en-us,https://storage.buzzsprout.com/mnjj12k75ltqwtgdehosq1h5nub9?.jpg,2026-08-03 08:20:51,7979478,confirmed,,1785745251,bc73534b828f23a3036fb61c0d4f4ef6,,4,0,INDIVIDUAL
The Reading Room by 8Notes,Adrian Melrose,https://feeds.transistor.fm/the-reading-room-by-8notes,"A podcast about the books that change how we think about being human. Adrian Melrose takes one book per series and works through it properly, including what actually happens when you try to live by it.",Transistor,en,https://img.transistorcdn.com/QQ654JJ35J_aYM0_sYj8HBz_105Gjhb09mhmV_-X9nw/rs:fill:0:0:1/w:1400/h:1400/q:60/mb:500000/aHR0cHM6Ly9pbWct/dXBsb2FkLXByb2R1/Y3Rpb24udHJhbnNp/c3Rvci5mbS82YWRh/ZDZjMWJlZTBkODI0/ZGRlZDM0OTdmZmJl/MDczMi5qcGc.jpg,2026-08-03 08:14:49,7979473,confirmed,https://www.8notes.co.uk/reading-room,1785744889,1f84d9daa907c615f0976409dfaa3c64,,4,0,INDIVIDUAL
OscarBate,OscarBate Podcast,https://rss.buzzsprout.com/2634264.rss,"Oscar winners are supposed to be the best films of the year. But are they? Dan and Katie argue their way through the Academy’s most loved and most questionable choices to decide if these films are masterpieces, mistakes or somewhere in between.",Buzzsprout,en-gb,https://storage.buzzsprout.com/akd9agp891eilsm1wxteuyxve67a?.jpg,2026-08-03 08:13:25,7979472,confirmed,https://podcasters.spotify.com/pod/show/oscarbate-podcast,1785744805,fcd7da686ba1162eeda279ffafcb776c,,4,0,INDIVIDUAL
Sleepy Science,Sleepy Science,https://www.spreaker.com/show/7230329/episodes/feed,"elcome to Sleepy Science! 💤🔬 Dive into the world of science at your own pace. Here, we explore fascinating scientific topics through long, relaxing audio sessions — perfect for studying, unwinding, or drifting off to sleep. From physics to biology, chemistry to astronomy, we’ve got your curiosity covered… without the rush. Subscribe and join our sleepy journey through the wonders of science!",Spreaker,en,https://d3wo5wojvuv7l.cloudfront.net/t_rss_itunes_square_1400/images.spreaker.com/original/be0a72688f3e433971c8fc8fb6a7ff63.jpg,2026-08-03 08:13:12,7979470,confirmed,https://www.spreaker.com/podcast/sleepy-science--7230329,1785744792,e1cc1e2bb12ea625dfb41bbe834938e5,,4,0,INDIVIDUAL
IPN | INTERNATTIONAL PUBLIC NETWORK,International Public Network,https://anchor.fm/s/1154f5ab8/podcast/rss,"IPN | International Public Network is an independent digital news platform founded by Zayd Haji to deliver trusted, fact based journalism that informs, educates and empowers. Built on the pillars of Planet, People, Public and Policies, IPN covers breaking news, world affairs, public policy, education, governance, environment, business, technology and investigative reporting. Our mission is to promote informed conversations through credible reporting, insightful analysis and stories that shape communities, nations and the future. Stay informed. Stay connected. Stay ahead.",Anchor,en,https://d3t3ozftmdmh3i.cloudfront.net/staging/podcast_uploaded_nologo/46424894/46424894-1784985123042-6871f5320b46b.jpg,2026-08-03 07:54:45,7979452,confirmed,https://podcasters.spotify.com/pod/show/ipn-gate,1785743685,e141af18fdd1188934b767fb974a7bcb,6794651434.0,2,0,CORPORATE
Master Chandra Guruji,Master Chandra Guruji,https://www.spreaker.com/show/7230264/episodes/feed,"Master Chandra Guruji offers compassionate guidance and effective astrological solutions. Known for <a href=""https://masterchandraji.com/evil-spirit-removal-in-pennsylvania/"" target=""_blank"" rel=""noreferrer noopener"">evil spirit removal in Pennsylvania</a>, he helps individuals overcome negative energies, emotional stress, and life challenges through personalized spiritual remedies. The experience and commitment he brings to his work allow him to help clients restore peace, positivity, and balance to their lives.<br /><br /><br /><br /><br /><br /><br />",Spreaker,en,https://d3wo5wojvuv7l.cloudfront.net/t_rss_itunes_square_1400/images.spreaker.com/original/8d35ea01c01bf778810b75e871a06a90.jpg,2026-08-03 07:53:38,7979451,confirmed,https://www.spreaker.com/podcast/master-chandra-guruji--7230264,1785743618,8d555b8d898121049584ce85f951c754,,4,0,CORPORATE
Scripture Legacy,Scripture Legacy,https://www.spreaker.com/show/7230230/episodes/feed,"Welcome to Scripture Legacy, a channel dedicated to exploring the ancient legacy and hidden mysteries preserved within the Bible, Genesis, and sacred scriptures. We go beyond traditional interpretations to examine ancient texts, forgotten traditions, and controversial questions about humanity’s spiritual past. From the Nephilim and biblical Giants to the visions of the Book of Enoch, fallen angels, and the mysteries surrounding the Great Flood, each documentary connects Scripture with ancient history and lost knowledge. If you seek deeper truth behind the Bible and sacred history, you are in the right place.",Spreaker,en,https://d3wo5wojvuv7l.cloudfront.net/t_rss_itunes_square_1400/images.spreaker.com/original/67ba601b2e6ad82bc2b6b3be189a811f.jpg,2026-08-03 07:51:02,7979447,confirmed,https://www.spreaker.com/podcast/scripture-legacy--7230230,1785743462,549088fc01fe12f42bd1fedcac839973,,4,0,INDIVIDUAL
Divine Experiences,Nikkhel Kriplani,https://feeds.transistor.fm/divine-experiences,"A Devotee's Journey with Sri Sai Baba.

A podcast based on the book 'Divine Experiences' by Nikkhel Kriplani.

Order your copy of the book
https://houseofsai.com/products/divine-experiences

The book is available globally on the Amazon network and Kindle
https://a.co/d/0ezBoCrK

Support the work
https://www.mysaibaba.com/support",Transistor,en,https://img.transistorcdn.com/eMM6nzdaoD2EGDKivL8HXofULHYVNkM9yUEif3XlgKo/rs:fill:0:0:1/w:1400/h:1400/q:60/mb:500000/aHR0cHM6Ly9pbWct/dXBsb2FkLXByb2R1/Y3Rpb24udHJhbnNp/c3Rvci5mbS84OWM3/YmYzY2QxMzBhOTM4/OGE4Yzg0NDZhMTY4/Yzc3Yi5wbmc.jpg,2026-08-03 07:49:45,7979446,confirmed,http://www.Nikkhel.com,1785743385,bf5bab4e1c70a73fb1f58b79b50baa03,,4,0,INDIVIDUAL
Better Together,Opendoor Church,https://anchor.fm/s/115352f80/podcast/rss,"Better Together is a podcast from Opendoor Church built on a simple belief: we were never meant to hear from just one voice. Each season brings together different guests, facilitators, elders, and staff so you can hear from the many voices God has placed within our church body.
New seasons will cover a wide range of topics and life stages, starting with a season for young adults navigating the shift from youth group to college ministry to real life. Whatever season you're in, there's something here to strengthen your faith and help you grow.",Anchor,en-us,https://d3t3ozftmdmh3i.cloudfront.net/staging/podcast_uploaded_nologo/46407744/46407744-1784742998240-811d76515045f.jpg,2026-08-03 07:39:30,7979442,confirmed,http://www.opendoorchurch.com,1785742770,dd5cedb1a943f03107edca9c7afd0c1f,6793636009.0,2,0,CORPORATE
Level Up Safely,The Christchurch Call Foundation,https://anchor.fm/s/114e6cd18/podcast/rss,"What are the children in your life getting up to when they play video games online? Online gaming spaces are places of creativity, friendship and fun - but they can also expose young people to bullying, toxicity, misogyny and even violent extremism.
Hear from leading experts who help parents, guardians, caregivers and educators to understand these risks, and warning signs, and learn practical ways to support young people in their online lives.
You'll also hear from a mother whose 15-year-old son was radicalised online. She shares the signs she wishes she'd recognised sooner.",Anchor,en-gb,https://d3t3ozftmdmh3i.cloudfront.net/staging/podcast_uploaded_nologo/46356374/46356374-1784799138731-db4fc898da7db.jpg,2026-08-03 07:35:16,7979439,confirmed,https://www.christchurchcall.org/,1785742516,11298d609244e41d2d351b26d0fb656b,6796620869.0,2,0,CORPORATE
Boring Space,Boring Space,https://www.spreaker.com/show/7230191/episodes/feed,"We create in-depth space documentaries and science content designed to explore the cosmos in a relaxing, accessible way. Our long-form episodes take you through black holes, distant galaxies, cosmic phenomena, and the fundamental questions about our universe—perfect for both learning and unwinding. Based in Poland, our team is passionate about making complex scientific concepts understandable. Whether you're a space enthusiast, a student of astronomy, or someone who finds comfort in contemplating the vastness of the universe, our documentaries offer both knowledge and perspective. We upload new content multiple times each week, covering everything from stellar evolution to the nature of time itself. Each documentary is carefully researched and crafted to maintain scientific integrity while remaining engaging.",Spreaker,en,https://d3wo5wojvuv7l.cloudfront.net/t_rss_itunes_square_1400/images.spreaker.com/original/94396e3dd370de407fa5d158b55e3da7.jpg,2026-08-03 07:34:50,7979438,confirmed,https://www.spreaker.com/podcast/boring-space--7230191,1785742490,3fc5a3b3e4b24b6082d7f045a5d25912,,4,0,INDIVIDUAL
radhika travel vlog,Taste with Shagun,https://www.spreaker.com/show/7230186/episodes/feed,"भारत एक खूबसूरत और विविधताओं से भरा देश है, जहाँ हर यात्री के लिए कुछ खास देखने और अनुभव करने को मिलता है। बर्फ से ढके पहाड़ों और हरी-भरी वादियों से लेकर खूबसूरत समुद्र तटों, ऐतिहासिक किलों और प्राचीन मंदिरों तक, भारत में घूमने के लिए अनगिनत शानदार स्थान हैं।भारत की यात्रा के दौरान आप मनाली, नैनीताल, कश्मीर, जयपुर, आगरा, ऋषिकेश, गोवा, केरल और राजस्थान जैसे लोकप्रिय पर्यटन स्थलों की खूबसूरती का आनंद ले सकते हैं। यहाँ की समृद्ध संस्कृति, स्वादिष्ट भोजन, रंग-बिरंगे त्योहार, पारंपरिक कला और ऐतिहासिक विरासत यात्रा को और भी यादगार बनाते हैं।",Spreaker,en,https://d3wo5wojvuv7l.cloudfront.net/t_rss_itunes_square_1400/images.spreaker.com/original/f1558d42b13dfbb80bd8f9359c40900d.jpg,2026-08-03 07:25:49,7979434,confirmed,https://www.spreaker.com/podcast/radhika-travel-vlog--7230186,1785741949,dac3a915bb6ee2c5428c30e9e29846a5,,4,0,CORPORATE
The Secret Chapters: Ancient Mysteries & Forbidden Theories,RW,https://anchor.fm/s/1151658f8/podcast/rss,"The Secret Chapters explores ancient mysteries, lost civilizations, and forbidden theories mainstream science won't touch from Sumerian tablets and the Anunnaki to quantum consciousness and near-death experiences. Each episode pits a skeptic against a believer, unpacking the evidence so you can decide what's real. New mysteries every week.",Anchor,en,https://d3t3ozftmdmh3i.cloudfront.net/staging/podcast_uploaded_nologo/46387534/46387534-1785621508560-7e1647d1d29c2.jpg,2026-08-03 07:23:11,7979432,confirmed,https://podcasters.spotify.com/pod/show/rw903,1785741791,98b8f0beb47f16affc9c0a74ff1e7f54,6797092140.0,2,0,INDIVIDUAL
travel in india,suhana khan,https://www.spreaker.com/show/7230182/episodes/feed,"<b>Suhana’s Travel Blog Podcast</b> is a vibrant, immersive audio journey designed for wanderlust dreamers, budget backpackers, and culture seekers. Hosted by Suhana, an avid explorer with a knack for unearthing hidden gems, this podcast brings global destinations to life through authentic storytelling, practical travel tips, and rich ambient soundscapes.",Spreaker,en,https://d3wo5wojvuv7l.cloudfront.net/images.spreaker.com/nuvolari-assets/green_square_mic.jpg,2026-08-03 07:23:09,7979431,confirmed,https://www.spreaker.com/podcast/travel-in-india--7230182,1785741789,9de23973d36af7e40f83e7253cdf0b61,,4,0,INDIVIDUAL
Orchestrology,Harry Levin,https://anchor.fm/s/1118eb48c/podcast/rss,The study of Orchestras. We explore the current and unprecedented collision between orchestral music and popular music.,Anchor,en,https://d3t3ozftmdmh3i.cloudfront.net/staging/podcast_uploaded_nologo/45795323/45795323-1776363489151-5a7e19cfbb18.jpg,2026-08-03 07:20:03,7979430,confirmed,https://podcasters.spotify.com/pod/show/harry-levin,1785741603,9f8b0eb73661c7fd0c17c6ea1fda0ec0,6792920156.0,2,0,INDIVIDUAL
Foundations And Futures,Tim Sayce,https://anchor.fm/s/1094471b8/podcast/rss,"Most business owners are brilliant at what they do. But somewhere between the cashflow pressure, the team dramas, and the never-ending to-do list, they miss the bigger opportunity sitting right in front of them.
This podcast exists to change that.
Hosted by Tim, founder of three seven-figure businesses, Foundations & Futures is the podcast for ambitious business owners who are ready to stop working in the business and start building something bigger with it.
No textbook theory. No TED-talk fluff.
Real conversations. Actionable advice. New episodes every Monday.",Anchor,en,https://d3t3ozftmdmh3i.cloudfront.net/staging/podcast_uploaded_nologo/44404478/44404478-1784170464955-b05207696c676.jpg,2026-08-03 07:13:49,7979425,confirmed,https://podcasters.spotify.com/pod/show/tim-sayce,1785741229,d46bf58c7de111eaa8f61bb7e44c3322,6791828862.0,2,0,INDIVIDUAL
Dr. Chris Stroble    Monday Mentoring Moments for Young Women,Dr. Chris Stroble,https://rss.buzzsprout.com/2562558.rss,"<p> Monday Mentoring Moments for Young Women is a podcast for Young Women (ages 15–30)"".</p><p>Based on Titus 2:3-5 (where the Apostal Paul admonishes spiritually mature women to mentor the young women). My podcast is dedicated to mentoring young women and single mothers in godly living and family life.  I publish weekly 5-7 minute videos on my YouTube Channel. </p><p><br></p><p><br></p><p>I host a 1-hour monthly podcast interview with experts in the fields of financial literacy/budgeting, domestic violence, emotional health and wellness, healing from trauma, family life, spiritual life, relationships, parenting and more</p>",Buzzsprout,en-us,https://storage.buzzsprout.com/797hlm1dy75qb3ikh6xexgiery7d?.jpg,2026-08-03 07:05:33,7979421,confirmed,,1785740733,0e47c76a97941420988e0610f2aaab66,,4,0,INDIVIDUAL
The Local Business Visibility Podcast - BE Marketing and SEO,Barrie Evans,https://rss.buzzsprout.com/2634257.rss,"<p>The BE Marketing and SEO Podcast offers honest, practical conversations about helping local businesses become more visible, trusted and recognised.</p><p>Featuring Emily Carter, Christian David and our CEO, Barrie Evans, each episode explores business visibility, authority building, content, Google Business Profile, local search and the changing ways customers discover businesses online. Expect straightforward advice, real-world examples and useful ideas without exaggerated promises or confusing marketing jargon.</p><p>Whether you run a local service business, work for yourself or help other businesses grow, the podcast will help you understand what improves your online presence and what may simply waste your time and money.</p><p>New episodes focus on practical steps you can apply to your own business, helping you build lasting authority, reach more of the right people and create a stronger foundation for future growth.</p>",Buzzsprout,en-gb,https://storage.buzzsprout.com/hdoprgejvl8zbmnfmtwum8zdb46q?.jpg,2026-08-03 07:01:09,7979418,confirmed,,1785740469,0299770033f84bbcde0a4c6ea8e45413,,4,0,INDIVIDUAL
GNN Daily News,Global News Now,https://www.spreaker.com/show/7230170/episodes/feed,"The news moves fast keep up with GNN Daily News. Your bold alternative to mainstream media narratives. This podcast delivers sharp political commentary, cultural analysis, and headline breakdowns, with a tone that resonates with viewers of Fox News, Newsmax, and other conservative-leaning outlets. Whether you're tuning in for takes on breaking news, media bias, or global affairs, GNN Daily News offers clarity, conviction, and unapologetic truth-telling. We dissect stories covered by Fox News, Tucker Carlson, Sean Hannity, Laura Ingraham, and The Five, not to echo them, but to challenge, contextualize, and expand the conversation.<br />From U.S. politics to African current affairs, we connect the dots between media coverage and real-world impact.Keywords: fox news live now streaming online, fox news live now streaming today, fox news live now streaming free, fox news live now, fox news live now YouTube, CNN news, cnn news update today, cnn news today live, cnn news international, cnn news today, cnn news update live, cnn news live stream, cnn news live, cnn newsroom, cnn newsource, cbc news live, cbs news live now, cbc news live stream, cbs news los angeles, cbc news live as it happened, cbs news latest headlines, bbc news live now today, bbc news live now uk, bbc news live stream, bbc news live english, bbc news live.<br /><br /><br /><br />NOT AFFILIATED TO ANY OTHER NEWS OUTLET.",Spreaker,en,https://d3wo5wojvuv7l.cloudfront.net/t_rss_itunes_square_1400/images.spreaker.com/original/3c33cc91d415ec3ecbfef57ccbaeb95f.jpg,2026-08-03 06:56:20,7979414,confirmed,https://www.spreaker.com/podcast/gnn-daily-news--7230170,1785740180,5854bd00fc31ca2687f2f4e8958ba43c,,4,0,INDIVIDUAL
Looking Into,Heidi Sause and Kaleb Dameron,https://anchor.fm/s/112321d5c/podcast/rss,"A podcast where two friends discuss pop culture, queer culture, and the lived human experience. We are committed to bringing passion an curiosity to the topics that interest us, and hope they also interest you.",Anchor,en,https://d3t3ozftmdmh3i.cloudfront.net/staging/podcast_uploaded_nologo/45902415/45902415-1779250152274-224f39886b936.jpg,2026-08-03 06:56:00,7979413,confirmed,https://podcasters.spotify.com/pod/show/heidi-sause,1785740160,7253dfaea9208b0f45550e9825b301c7,6794064511.0,2,0,CORPORATE
Boring History To Sleep,Boring History To Sleep,https://www.spreaker.com/show/7230169/episodes/feed,"This podcast creates original, slow-paced history storytelling designed to help you relax and fall asleep. Each epsode is written, narrated, and edited to provide a calm, immersive experience with gentle pacing and detailed context. Created by a small team, we focus on turning historical topics into soothing, easy-to-follow narratives that help you unwind and drift off naturally.",Spreaker,en,https://d3wo5wojvuv7l.cloudfront.net/t_rss_itunes_square_1400/images.spreaker.com/original/9d81ab53fd230dab2617ade3c9664575.jpg,2026-08-03 06:55:54,7979412,confirmed,https://www.spreaker.com/podcast/boring-history-to-sleep--7230169,1785740154,bb817786b288d642c7ad384cefab10d7,,4,0,INDIVIDUAL
A Deep Cut,Deep cut Bob,https://anchor.fm/s/112cb74d4/podcast/rss,"Every story has layers — we cut through them.
A Deep Cut dives into the psychology, symbolism, and storytelling behind anime, TV, and film. Host Deep Cut Bob breaks down character arcs, cultural themes, and cinematic moments that hit hardest.
Perfect for fans of deep analysis, creative storytelling, and bold conversation.
anime analysis, film breakdowns, storytelling podcast, character study, pop culture, narrative deep dive.",Anchor,en-us,https://d3t3ozftmdmh3i.cloudfront.net/staging/podcast_uploaded_nologo/46002909/46002909-1779227289241-6450e61ba4842.jpg,2026-08-03 06:49:10,7979408,confirmed,https://podcasters.spotify.com/pod/show/smug-media,1785739750,b9dc895bb53ca4f23acce31409b7d050,6797098506.0,2,0,INDIVIDUAL
LexEdge,Chirag Ahmedabadi,https://feeds.transistor.fm/lexedgeai,"The AI-Driven Lawyer by LexEdge explores legal AI, contract intelligence, legal operations, compliance, and law firm innovation. Practical conversations, expert insights, and real-world strategies for lawyers and in-house legal teams.",Transistor,en,https://img.transistorcdn.com/4Y_Rgdp2_sIc0Qcx0-IY8h6-m2_2URYv6-h7Ub65hiY/rs:fill:0:0:1/w:1400/h:1400/q:60/mb:500000/aHR0cHM6Ly9pbWct/dXBsb2FkLXByb2R1/Y3Rpb24udHJhbnNp/c3Rvci5mbS9hMmZk/NTNhNWQ2ZjMyZWFh/N2QyZjVjYTdhZmIz/NDRjMC5wbmc.jpg,2026-08-03 06:46:35,7979407,confirmed,https://www.lexedge.ai/,1785739595,fc14901ee738cf83b37c48d62e69b976,,4,0,INDIVIDUAL
A Little RnR,Ryann and Raven,https://anchor.fm/s/115866620/podcast/rss,"Two friends, Ryann and Raven, react to all things life. Let's get Raw. Let's get Real.",Anchor,en,https://d3t3ozftmdmh3i.cloudfront.net/staging/podcast_uploaded_nologo/46460968/46460968-1785464197579-93a1e0a40171.jpg,2026-08-03 06:40:04,7979403,confirmed,https://podcasters.spotify.com/pod/show/a-little-rnr7,1785739204,ba52b5a4eacffef0eb56e537516c4122,6796689501.0,2,0,CORPORATE
Mark Fornal,Mark Fornal,https://www.spreaker.com/show/7230110/episodes/feed,"Mark Fornal oversees Property Accounting for LPMG Management, contributing to the company's comprehensive property management services for residential and commercial owners. By maintaining accurate financial records, supporting reporting processes, and emphasizing accountability, he helps clients better understand the financial performance of their properties while supporting long-term management success.",Spreaker,en,https://d3wo5wojvuv7l.cloudfront.net/t_rss_itunes_square_1400/images.spreaker.com/original/fcf089c05fd09680d2e98c0f99c4e3a4.jpg,2026-08-03 06:38:24,7979402,confirmed,https://www.spreaker.com/podcast/mark-fornal--7230110,1785739104,825f0c5ebf03465b3ed4c5fd7e4e4e8f,,4,0,INDIVIDUAL
Hillside church's Podcast,Hillside church,https://rss.buzzsprout.com/2634254.rss,<p>this is a backup of our audio files for the preachers </p>,Buzzsprout,en-us,https://storage.buzzsprout.com/eqg429y0z7bxcahaa86dni1er6vj?.jpg,2026-08-03 06:37:39,7979401,confirmed,,1785739059,5ebecf8d7a04f1572349c85a298d8bba,,4,0,CORPORATE
Min Magnifika Människosamling,magnifikamanniskor,https://feed.podbean.com/magnifikamanniskor/feed.xml,"<p style=""text-align: left;"">Man kan samla på mycket här i livet. Stephan Eriksson har länge samlat på människor. Såna som inspirerar, såna som berikar, såna som utmanar, såna som möjliggör, helt enkelt människor som gjort och gör avtryck i Stephans liv. Nu är det dags att höra deras berättelser, människorna som haft stor betydelse för Stephan.</p>
<p style=""text-align: left;"">I <em>Min Magnifika människosamling </em>samtalar Stephan med personer som är viktiga för honom.</p>",Podbean,en,https://pbcdn1.podbean.com/imglogo/image-logo/22527486/Logotype_MMMazkgq.jpg,2026-08-03 06:35:09,7979399,confirmed,https://magnifikamanniskor.podbean.com,1785738909,317d2d8914b7e6d5ea9812646324886c,6796028942.0,2,0,INDIVIDUAL
RealSteeleFFB,zsteele99,https://anchor.fm/s/115945de8/podcast/rss,Fantasy football advice from an engineer who would rather be an NFL GM.,Anchor,en,https://d3t3ozftmdmh3i.cloudfront.net/staging/podcast_uploaded_nologo/46470122/46470122-1785601975860-23673c07b0a1a.jpg,2026-08-03 06:33:27,7979397,confirmed,https://podcasters.spotify.com/pod/show/zsteele996,1785738807,c695c0e281e2a654d7cc015ff2a05aa9,6797069687.0,2,0,INDIVIDUAL
USA Business News,John karii,https://www.spreaker.com/show/7230032/episodes/feed,"<br />USA Business News Channel is America’s leading source for cutting‑edge coverage of finance, technology, and global markets. It delivers real‑time updates on Wall Street, NASDAQ, Dow Jones, and S&P 500, alongside expert insights into AI, blockchain, fintech, cybersecurity, cloud computing, and digital transformation. The channel connects viewers to breaking stories in venture capital, startups, economic policy, corporate earnings, and innovation trends shaping the future of business. With in‑depth analysis of market volatility, investment strategies, entrepreneurship, and data analytics, USA Business News Channel empowers investors, executives, and tech leaders to stay ahead in a fast‑moving economy. Its mission is to merge business intelligence with technological foresight, delivering clarity, credibility, and actionable insights for the modern professional.",Spreaker,en,https://d3wo5wojvuv7l.cloudfront.net/t_rss_itunes_square_1400/images.spreaker.com/original/a85c532e22a59c73dbf1eb0dd21ce5db.jpg,2026-08-03 06:32:22,7979396,confirmed,https://www.spreaker.com/podcast/usa-business-news--7230032,1785738742,194ef7bcb28ab066a5d8bb6bae74649c,1827660558.0,4,0,INDIVIDUAL
Mark McCann 64 LIVE,Mark McCann,https://anchor.fm/s/10902da50/podcast/rss,"Mark McCann crashes cars, not conversations. From wild stunts to ridiculous stories, his podcast is full-throttle chaos with plenty of laughs.",Anchor,en,https://d3t3ozftmdmh3i.cloudfront.net/staging/podcast_uploaded_nologo/44361492/44361492-1764171381548-adc3cf12a6284.jpg,2026-08-03 06:09:50,7979387,confirmed,https://www.markmccann64.com/,1785737390,147233e774e64f9765db50d6570f114b,6796679334.0,2,0,INDIVIDUAL
Tv Hikmah Nusantara,Aa Asli,https://www.spreaker.com/show/7229809/episodes/feed,"Selamat datang di TV Hikmah Nusantara. Podcast ini menghadirkan kajian Islam, syarah kitab para ulama, tafsir Al-Qur'an, hadis, tazkiyatun nafs, kisah para nabi, motivasi Islami, serta nasihat kehidupan yang menenangkan hati. Semoga setiap episode menjadi jalan untuk menambah ilmu, memperkuat iman, dan mendekatkan diri kepada Allah SWT. Mari bersama menebar ilmu, menebar hikmah, dan merajut ukhuwah.",Spreaker,en,https://d3wo5wojvuv7l.cloudfront.net/images.spreaker.com/nuvolari-assets/blue_square_mic.jpg,2026-08-03 06:02:41,7979378,confirmed,https://www.spreaker.com/podcast/tv-hikmah-nusantara--7229809,1785736961,1fa9e1813a894c1799b2756e6867ce12,,4,0,INDIVIDUAL
The Skills Bridge with Pat Panetta,Mindflight7,https://rss.buzzsprout.com/2627896.rss,"<p><b>Education / Business Description: The future of work isn’t happening in 2030—it’s happening right now in our classrooms. Brought to you by Australia’s immersive education pioneers, Mindflight7, </b><b><em>The Skills Bridge</em></b><b> is a proactive national conversation about how we completely rethink the transition from school to the workforce.</b></p><p><b><br></b><br></p><p><b>Hosted by Pat Panetta, we strip away the corporate buzzwords to tackle the real human friction of modern education: the Gen Z catch-22 of needing experience to get a job, the reality of teacher burnout, and why immersive technology (VR/XR) is the great equalizer that gives every student a head start.</b></p><p><b><br></b><br></p><p><b>Every week, we bring together progressive educators, industry leaders, and tech innovators across Australia and APAC to map out the exact solutions we need today. From green energy and AI to skills-based hiring and STEM, it’s time to stop testing our students on things that don't matter, and start building the future-ready workforce they deserve. Welcome to the bridge.</b></p><p><br></p>",Buzzsprout,en-au,https://storage.buzzsprout.com/g9ha6cukd0wdxgxm15s22rtmoznq?.jpg,2026-08-03 05:46:39,7979372,confirmed,,1785735999,5c1a578130000542e311c9ffb8cc312f,,4,0,INDIVIDUAL
Parks N' Tech Out Loud: The Final Verdict,Parks N' Tech,https://anchor.fm/s/114e14898/podcast/rss,"Cut through the marketing fluff and get straight to the truth. Parks N' Tech Out Loud: The Final Verdict is the ultimate audio companion for tech buyers. Host Josh translates his in-depth Parks N' Tech video reviews into an immersive audio experience, breaking down the exact specs, daily performance, and long-term durability of today's biggest gadgets. If you want to know if a piece of tech is actually worth your hard-earned money, you'll find the final verdict right here.",Anchor,en-us,https://d3t3ozftmdmh3i.cloudfront.net/staging/podcast_uploaded_nologo/46352758/46352758-1784049587644-ec8f4cff2655a.jpg,2026-08-03 05:46:10,7979371,confirmed,https://podcasters.spotify.com/pod/show/parks-n-tech1,1785735970,12e1e909d5539b8ed4a05dde79101460,6791557493.0,2,0,CORPORATE
Spencer Roman Podcast,Spencer Roman,https://feeds.transistor.fm/spencer-roman-podcast,"Join me as I reflect on my life and interests on a weekly basis.  Topics will include martial arts, fitness, business, travel, books, movies, spirituality, etc.  Some episodes will be just me, while others will be with guests.  Looking forward to connecting with you!",Transistor,en,https://img.transistorcdn.com/MWbvC38ik4K85TT224n6yDSfs09P69apW86aEbOSq0w/rs:fill:0:0:1/w:1400/h:1400/q:60/mb:500000/aHR0cHM6Ly9pbWct/dXBsb2FkLXByb2R1/Y3Rpb24udHJhbnNp/c3Rvci5mbS8wMTAw/MWViMWI5MTNhODZl/NDFhZTgzMTIyNmY3/NTlmOS5wbmc.jpg,2026-08-03 05:34:00,7979365,confirmed,,1785735240,a66f0d93e685bd7130d4ea741f66d47d,,4,0,INDIVIDUAL
The Anti-Imperialist Film Club,Empire Watch,https://feeds.acast.com/public/shows/6a6c5dbcd21bc304bb78df1e,"<p>Every week on the Anti‑Imperialist Film Club, we choose one movie to watch and dissect through an anti‑imperialist lens.</p><br><p>Co‑hosted by Asa Winstanley and Ileana Chan every other week, with your favourite anti‑imperialists jumping in as special guests in between.</p><br><p>Need a recommendation for what to watch? Or help cutting through imperialist propaganda? That’s exactly what we’re here for.</p><br><p>👉 Subscribe, tune in, and join the conversation.</p><p>📅 Every Friday — 8am London / 3pm Beijing.</p><hr><p style='color:grey; font-size:0.75em;'> Hosted on Acast. See <a style='color:grey;' target='_blank' rel='noopener noreferrer' href='https://acast.com/privacy'>acast.com/privacy</a> for more information.</p>",Acast,en,https://assets.pippa.io/shows/cover/1785486634788-6806e69b-aa02-4d70-ac88-0375978e2b53.jpeg,2026-08-03 05:25:58,7979362,confirmed,https://feeds.acast.com/public/shows/the-anti-imperialist-film-club,1785734758,527c1beba62596014df5ff237fedfbc1,,0,0,INDIVIDUAL
The Current Truth Podcast,The Current Truth Podcast,https://anchor.fm/s/1138de94c/podcast/rss,"The Current Truth Podcast with B.D. Erickson II explores the intersection of energy, health, and human potential. 
Through conversations with industry experts, entrepreneurs, health practitioners, innovators, and high performers, we uncover practical insights on solar energy, EMFs, healthy homes, biohacking, leadership, mindset, business, and personal growth. 
Each episode is designed to help listeners better understand the world around them and make informed decisions that improve their health, performance, and quality of life.",Anchor,en,https://d3t3ozftmdmh3i.cloudfront.net/staging/podcast_uploaded_nologo/46130347/46130347-1781121295791-9074a26b55701.jpg,2026-08-03 05:22:52,7979361,confirmed,https://podcasters.spotify.com/pod/show/current-truth-podcast,1785734572,c7285296509fe2a68f32bb4b06777f5d,6784392664.0,2,0,CORPORATE
THE BECOMING PODCAST,Alive Youth,https://feeds.libsyn.com/619625/rss,"The Becoming Podcast is for middle school and high school students who want to know God, grow in their faith, and become who He created them to be. Through honest conversations, biblical truth, and practical encouragement, each episode helps students navigate real life with confidence in Christ.
Whether you're facing questions about identity, friendships, purpose, or your next step with Jesus, this is a place to learn, grow, and be challenged to live fully alive.",Libsyn,en,https://static.libsyn.com/p/assets/e/f/a/e/efae84e2b6f0350416c3140a3186d450/logo_1.png,2026-08-03 05:18:17,7979359,confirmed,https://livefullyalive.com/becomingpod/,1785734297,a8b68b37fcd09ac69445d944a537db4f,6796358556.0,2,0,INDIVIDUAL
A Queer Course In Miracles,Damon L. Jacobs,https://rss.buzzsprout.com/2604625.rss,"<p>A Course In Miracles offers 365 Lessons for establishing inner peace, enhancing outer relationships, savoring intimacy, and resisting tyranny.  Never before have these lessons been discussed from a queer affirmative framework.  </p>",Buzzsprout,en-us,https://storage.buzzsprout.com/ou992iuygnux6vhy99gnemola8pu?.jpg,2026-08-03 05:12:54,7979357,confirmed,https://www.tiktok.com/@choosingqueerjoy,1785733974,3e1556b8c84f0e024327ea8cab4e4bf2,,4,0,INDIVIDUAL
Billiards 🎱 Podcasts,Billiards 🎱 Podcasts,https://anchor.fm/s/103451c68/podcast/rss,"Welcome to the Billiards VMSOA Podcast Hub – the audio home of Billiards, a nonprofit production company rooted in Virginia and the DMV. Tap in for unfiltered conversations with creatives from right here at home and beyond.
From exclusive interviews in our Billiards Magazine Podcast to the fresh voices of 10&2 with team members Vania and Naire, we’re bringing you everything—from the culture to everyday life, from deep dives to casual convos.
It’s all here.
It’s all us.
Virginia & the DMV—more than a place for Lovers.
It’s a sanctuary for Dreamers.
This is Billiards.",Anchor,en-us,https://d3t3ozftmdmh3i.cloudfront.net/staging/podcast_uploaded_nologo/43398282/43398282-1759103723145-18d62843a2d31.jpg,2026-08-03 04:54:00,7979349,confirmed,https://www.billiardsvmsoa.com/,1785732840,e33a593a053a2428ba37ca3b2ee1b02e,1807163244.0,2,0,INDIVIDUAL
In the Hammock Podcast,Brighter Super,https://rss.buzzsprout.com/2629173.rss,"<p>The best conversations are the ones that leave you feeling more informed.</p><p><br></p><p>In the Hammock is Brighter Super's podcast and video series featuring honest, practical conversations about super, investing and retirement with our experts and special guests.</p><p><br></p><p>No jargon. No unnecessary complexity. Just clear guidance to help you make informed decisions - wherever you are on your retirement journey.</p>",Buzzsprout,en-us,https://storage.buzzsprout.com/zxnm6q24ifblivndnfdva2nx2s62?.jpg,2026-08-03 04:53:42,7979348,confirmed,https://www.buzzsprout.com/2629173,1785732822,b4112890729504cec4afe9b54983e5c3,,4,0,INDIVIDUAL
REEL VIEWS,Zeroes To Heroes,https://feeds.acast.com/public/shows/reel-views,"Real views from Reel fans. From the cinema to your TV at home, Josh and Mr. Know-It-All review and discuss movies in this weekly podcast. <hr><p style='color:grey; font-size:0.75em;'> Hosted on Acast. See <a style='color:grey;' target='_blank' rel='noopener noreferrer' href='https://acast.com/privacy'>acast.com/privacy</a> for more information.</p>",Acast,en,https://assets.pippa.io/shows/cover/1784608131643-436f0590-2097-44be-8e23-b35b4ed09475.jpeg,2026-08-03 04:40:26,7979340,confirmed,https://feeds.acast.com/public/shows/reel-views,1785732026,3f9c40f5f09cb4e92e514e7af91e9656,6796187018.0,2,0,INDIVIDUAL
Eh List Country,Ultimate Fan Media,https://rss.buzzsprout.com/2633613.rss,"<p>Our show is all about bringing fans closer to the heart of Canadian country music. We mix high-quality video and audio interviews with some of the biggest and brightest stars in the scene—plus up-and-coming talent you’ll want to know about before everyone else. It’s fun, unscripted, and full of behind-the-scenes stories, laughs, and personal moments you won’t find anywhere else. Fans love it because it feels like they’re right there with us, hanging out backstage with their favourite artists.</p>",Buzzsprout,en-us,https://storage.buzzsprout.com/1s99fahf4z47pyk92gvcr1oc3y6k?.jpg,2026-08-03 04:39:50,7979339,confirmed,,1785731990,85afeb885eeaccf80eb4289aa6c759a7,,4,0,CORPORATE
Between The Left and a Hard Place,Dean Charles,https://rss.buzzsprout.com/2634239.rss,"Each episode takes a blunt, honest look at the Democratic Party: what’s working, what’s broken, and how to move forward without burning it all down.
If you believe in pragmatism, common sense, and real solutions—this is your show.
It’s time to take the duct tape off the center—and put it where it belongs: on the noise.
",Buzzsprout,en,https://storage.buzzsprout.com/jgmo3qxkpo5k76alwygoyqztixrb?.jpg,2026-08-03 04:29:55,7979337,confirmed,https://podcasters.spotify.com/pod/show/dean--charles,1785731395,7e31b731d6f54a0c0ab02434898c4983,,4,0,INDIVIDUAL
Til Books Do Us Part,Til Books Do Us Part Podcast,https://rss.buzzsprout.com/2361475.rss,"<p>A husband & wife duo discussing popular books, starting with the Empyrean Series!<br><br>New episodes every Monday!</p><p><br></p><p>Help us continue to provide quality content below!</p><p><br></p><p>⬇️⬇️⬇️⬇️</p><p><a href=""https://www.buzzsprout.com/2361475/support"">https://www.buzzsprout.com/2361475/support</a></p>",Buzzsprout,en-us,https://storage.buzzsprout.com/51x945b7qbjgq4q2154l0o1zibot?.jpg,2026-08-03 04:05:42,7979331,confirmed,https://www.buzzsprout.com/2361475,1785729942,7f112fbca4de08568207d29bd0567e9d,,4,0,INDIVIDUAL
"Dude, We’re Getting Canceled!",Ghost Joe,https://feeds.captivate.fm/dude-were-getting/,"Two friends talk about everything from movies to mud puppies, and everything in between!",Captivate,en,https://artwork.captivate.fm/72da4937-8e41-45d4-886c-6dd09bf82c15/Untitled-design.png,2026-08-03 04:01:25,7979330,confirmed,https://dude-were-getting.captivate.fm,1785729685,0ba5662e1295aa26d3b5fd2932638f17,,0,0,INDIVIDUAL
The Archives,The Archives,https://www.spreaker.com/show/7229889/episodes/feed,"An international news podcast to unpacks the history behind today's biggest global headlines. We dig into the past, connect the dots, and reveal the real stories shaping our world today.",Spreaker,en,https://d3wo5wojvuv7l.cloudfront.net/t_rss_itunes_square_1400/images.spreaker.com/original/bc79a376ca9e10fd4f61dadd8157c6f5.jpg,2026-08-03 03:49:03,7979325,confirmed,https://www.spreaker.com/podcast/the-archives--7229889,1785728943,5f5d5912e1c743a3eb8b1d4645718eed,,4,0,CORPORATE
Relationship Matters tv,Dr. Janice Fortman,https://rss.buzzsprout.com/2634237.rss,"<p> </p>
<p>The Relationship Matters tv show showcases and helps to resolve a variety of relationship issues. The main theme of this show, is to demonstrate the importance of the role of relationships in our personal and professional lives. </p>
<p>We feature a multitude of professional experts, researchers, personal experiences, and we love audience participation.  We delve into Personal relationships, professional relationships and the communication patterns and thought processes that govern maintenance of positive relationships.  </p>
<p>Our guests and experts, offer coping skills, stress management techniques, leadership skills, problem solving skills and time management skills that support positive personal and professional relationships. A few of the more provocative themes will include relationships with our possessions, e.g., that piece of furniture, clothing, etc., that you can't seem to part with, spiritual relationships, and the relationship we have with ourselves.  Relationship Matters strives to be informative, educational, motivational, inspirational, and entertaining. </p>
<p>We take relationship matters seriously because life is about relationships.  </p>",Buzzsprout,en-us,https://storage.buzzsprout.com/qxeq7emhbbd53jacg4xnmok4b7sj?.jpg,2026-08-03 03:42:03,7979321,confirmed,"https://www.podserve.fm/series/website/relationship-matters-tv,3448/",1785728523,84b90436cbfdc9f6a29046f9e3d1f3c5,,4,0,INDIVIDUAL
Memoire Cicatrices Cinema,Tyler J. Roof,https://feeds.redcircle.com/8bc0468e-c113-49e1-9dff-6c737cc966dd,"*Memoire Cicatrices Cinema* is a cross-media *Dark Fantasy Romance* storytelling studio. We’re obsessed with character-first storytelling, making our world their stage, guided by The Voice From The Dark and the Pantheon of the Obsidian Library.
We’re the architects of *Hard Romance* : Psychology + Dissonance + Consequences. Romance does not interrupt the plot for spice. Desire has rules.
Intimacy carries consequences. Love accrues debts. Attraction develops through psychological wounds. Psychological fracturing permanently alters memories, hearts, and souls.
Enter our flagship experience, *Fade to Black: Destin Violette* —the Soulsborne of cross-media storytelling.
*Two years and 12,000 hours* in the making. A survival romance told through *human-written* and *human-directed* cinematic audio drama, visual lore, and uncompromising dark fantasy immersion.
*The Author's core narrative values:*
Purpose in grief. Humanity through suffering. Love in exile.
Leurs cicatrices… Ton histoire.
Embrace the dark for romance.
*Fade to Black.*
*Links*
Destin Violette Light Novel
amazon.fadetoblackdestinviolette.com ( https://www.youtube.com/redirect?event=channel_description&q=amazon.fadetoblackdestinviolette.com&redir_token=QUM4Zm9rUXJ4TVdsNEtULThRb2RTOU9rN1kxanxBR3JiS2FuREFJZ2hpX2hjQkpuX3FwN0daYzlURWlveHJMZmNKSU1KM0ZfeDhaYmgzOHBhYmdyd2xHaHg1WVVvNzdwc3NXUE9OMnQ1YmpWLUZhbUhWTHdHVUN1Y1U2bU1GUnot )
Collector's Edition audio
collectors.fadetoblackdestinviolette.com ( https://www.youtube.com/redirect?event=channel_description&q=collectors.fadetoblackdestinviolette.com&redir_token=QUM4Zm9rUjZodWFsMEFoZzVpck9UcmZWR3hocHxBR3JiS2Fuc19jZExWekozSXlmMlRWdjB3R0dxd1VBX0hMUEF1RWpoTm9rcEFqSmx6bXh5aUpZS0ZKaDJNQlJfSzVWMGRreUpvWU5BeFY1OFMwd1UyX01aOXZyUTdxZjBaR1ZG )
Stream Destin Violette
kobo.fadetoblackdestinviolette.com ( https://www.youtube.com/redirect?event=channel_description&q=kobo.fadetoblackdestinviolette.com&redir_token=QUM4Zm9rVEpDSmRGRDh1RUtJX1NzV0w1QU9Hc3xBR3JiS2FrOGg1YXJqNVVzbGlyUExBTEFvSExSRnhxbVU5ZXpJRmV5eW5UNUExanIyd0hobGU3WnpJeHNiSWtEVXdwNTA3aVlxNnlET19UcFdHYTNGVVN1aW56OVRCUW5vb3hQ )
Free Audio Chronicles I & II
uk.fadetoblackdestinviolette.com ( https://www.youtube.com/redirect?event=channel_description&q=uk.fadetoblackdestinviolette.com&redir_token=QUM4Zm9rUlhpaDRtUXZUTGo5SmRzSF9MZDJLQ3xBR3JiS2FsZGQwMXhjc0dnaVAzUXBlazJxbmhVVHliVk1FRGhiZENiNkVUUk8wTHlYQWNJczFVVVh4WjlDT0dZTUhhUExFWHJ1S2J1OEpyakdCamlwUW9lcEgzNElDc0Uwc05f )
FTB-MCC Universe
fadetoblackcreative.com ( https://www.youtube.com/redirect?event=channel_description&q=fadetoblackcreative.com&redir_token=QUM4Zm9rVHN5Y0NNbzVyb2ZEU3QyQ1J5dU5HT3xBR3JiS2FubWwtVzJLc0dWa0FsOXJwSGNsUHlQekNzcEhKbHU1SUFmZ0lERmVyMWhKX0JleWtyNkRKZXpQXzduUmZFUTc5YzBxOTN5OW5iNXVGVFBrYUROYjYyQXZPalJaOGo1 )
Destin Violette OST
spotify.fadetoblackobsidianthrones.com ( https://www.youtube.com/redirect?event=channel_description&q=spotify.fadetoblackobsidianthrones.com&redir_token=QUM4Zm9rUUVPcHhiQUo3djh2ODNPT180TE5LWnxBR3JiS2FrNElXX21KVDFyZmJINER3WV8yWm8tandzQUxsZXEzS05pd29lX1FsTWNIN2tHMzJxVER4cTdtNHdlWHVvY045U3ZqZkxfY2pYZVMwUUtiLUhxbTdLU0FNMG91R2NY )
Read on Royal Road
royalroad.fadetoblackdestinviolette.com ( https://www.youtube.com/redirect?event=channel_description&q=royalroad.fadetoblackdestinviolette.com&redir_token=QUM4Zm9rVHBWajlMWXFRaElhU0o2RVpvY0l4aHxBR3JiS2FrazVBekVoUUt6X2pORVBnajhVTE96NU5YRDFtUXZSaEVTczhDTmtnbkp6cUN4anFPcWkyR2FncTdzY3dVTW0xOFFROEZWQ2lPb2JVR0YwVExERWxfRXZjZkRpQm1I )",Spotify for Podcasters,en-US,https://media.redcircle.com/images/2026/8/3/1/80c1d28a-8370-4254-aaeb-24b67bab04b9_cle_memoire_cicatrices_cinema_oil_painted_logo.jpg,2026-08-03 03:41:26,7979319,confirmed,https://redcircle.com/shows/memoire-cicatrices-cinema,1785728486,14d7989d9c5d9531d524845402a0fef4,,4,0,INDIVIDUAL
THEPROMISEDLANDNEWS,Basya Nachumi,https://www.spreaker.com/show/7119715/episodes/feed,"Welcome to The Promised Land News, your premier source for inspiring journalism, global current events, and faith-centered perspectives. We bridge the gap between daily headlines and timeless values, offering thoughtful analysis on community growth, cultural shifts, and spiritual encouragement. Our goal is to provide a beacon of hope and a trusted voice of truth in today's rapidly changing media landscape.",Spreaker,en,https://d3wo5wojvuv7l.cloudfront.net/t_rss_itunes_square_1400/images.spreaker.com/original/a0a72263375ebbecb26833c0a1c917f3.jpg,2026-08-03 03:28:54,7979306,confirmed,https://www.spreaker.com/podcast/thepromisedlandnews--7119715,1785727734,9d61f5cdbe2040f90a0bccfdc8ab6631,,4,0,INDIVIDUAL
Myths and Everything,Ellis,https://rss.buzzsprout.com/2634235.rss,"<p><b>Myths, and Everything is a podcast for anyone who loves mythology or wants to discover it for the first time.</b></p><p><b>Each season explores a different mythology, with every episode focusing on a single myth. We tell the story, compare different versions, explore its meaning and themes, and connect it to similar myths from around the world. Along the way, we'll also discover how these ancient tales continue to inspire modern books, movies, TV shows, musicals, music, video games, and more.</b></p><p><b>Whether you're a lifelong mythology fan or just getting started, Myths, and Everything brings the world's greatest myths to life, one story at a time.</b></p>",Buzzsprout,en-us,https://storage.buzzsprout.com/h9ko5mzxy2cbbdj01rigtnn5z0at?.jpg,2026-08-03 03:19:47,7979300,confirmed,https://mythsandeverything.buzzsprout.com,1785727187,245518f32f56f05b668e741427c11580,,4,0,INDIVIDUAL
The Omar Ebeid Show,The Omar Ebeid Show,https://anchor.fm/s/10be2b4d4/podcast/rss,"A new fintech podcast exploring the challenges and opportunities in loyalty, payments, and data. 
Each episode dives into real merchant pain points, told from multiple perspectives. Expect honest takes, unscripted moments, and insights you won’t hear anywhere else.",Anchor,en,https://d3t3ozftmdmh3i.cloudfront.net/staging/podcast_uploaded_nologo/44843741/44843741-1769006967352-fc4167b466327.jpg,2026-08-03 03:05:55,7979282,confirmed,https://www.getzeal.io,1785726355,5968950cc273d0a99fed8da933ffd3b7,1874913983.0,2,0,CORPORATE
Mind Your Weight Loss!,Mind Your Weight Loss,https://anchor.fm/s/111c2cf9c/podcast/rss,"Most weight loss advice takes an hour to say nothing. Mind Your Weight Loss takes five minutes to say something that actually sticks. Short, sharp episodes from Jessica & guests on food freedom, the weight loss mindset, and why escaping the willpower trap has nothing to do with what's on your plate, and everything to do with who you think you are.",Anchor,en-us,https://d3t3ozftmdmh3i.cloudfront.net/staging/podcast_uploaded_nologo/45829471/45829471-1776844386545-addabd4623d8a.jpg,2026-08-03 02:56:39,7979273,confirmed,https://podcasters.spotify.com/pod/show/mindyourweightloss,1785725799,53ca6f617fea0dc18db61a4bce980fe3,1895479535.0,2,0,INDIVIDUAL
Mind Body Soul Oil: Healing Without Chemicals,Daniel.,https://rss.buzzsprout.com/2634028.rss,"<p><b>Mind Body Soul Oil: Healing Without Chemicals</b> is the official podcast of Mind Body Soul Oil, featuring discussions about our natural products, live Qigong healing sessions, and answers to questions about our products and services. Join us as we share our approach to supporting comfort, wellness, and whole-body balance—without chemicals.</p>",Buzzsprout,en-us,https://storage.buzzsprout.com/8untrfqjqgx4lkg5etxx5w5h4cy9?.jpg,2026-08-03 02:47:35,7979256,confirmed,,1785725255,61d366573972c20a232310a32b82e8e3,,4,0,INDIVIDUAL
High School Wasn't Built for Every Kid,Beth Callaghan,https://feeds.captivate.fm/high-school-wasnt-built/,"Why smart, capable teenagers struggle in traditional classrooms — and what actually works when the environment fits the kid. Host Beth Callaghan (PhD, former Dean at Taejae University, founding curriculum designer at Minerva) is joined by co-hosts Maggie Hagen and Anne Hand to dig into the actual research behind why bright kids disengage, get labeled ""lazy"" or ""unmotivated,"" and burn out in a system built in the 1890s and barely changed since. Each episode takes on one piece of the puzzle: the myths (learning styles, GED stigma, the four-year timeline), the psychology (learned helplessness, ADHD, anxiety, gifted underachievement), and what the research says actually works when you match the environment to the kid instead of the other way around. New episodes weekly. If you've ever wondered whether the problem is your kid or the system they're stuck in, start with Episode 1.",Captivate,en,https://artwork.captivate.fm/2680cf20-7f2e-4e79-9671-f3ab62959bfa/HSWBFEK-Logo-FInal.jpeg,2026-08-03 02:33:09,7979241,confirmed,https://collegeonramps.org,1785724389,8b567c6ad431234c99dba2c7b05eb9f7,,0,0,INDIVIDUAL
"The Ted Bundy Podcast: The True Crime Murders, Victims, Escapes, Trials, Psychology, and the Crimes of America’s Most Notorious Serial Killer",Podily,https://feeds.megaphone.fm/the-ted-bundy-podcast,"<p>The Ted Bundy Podcast examines the murders, victims, investigations, escapes, trials, and disturbing psychology surrounding one of America’s most notorious serial killers. Each episode explores Bundy’s background, criminal methods, manipulation, relationships, courtroom behavior, prison escapes, confessions, and eventual execution, while also focusing on the lives of the women he targeted and the lasting impact of his crimes on their families and communities. Through detailed true-crime storytelling and careful analysis, the podcast separates documented facts from myths, examines law-enforcement failures and breakthroughs, and considers how Bundy’s public image helped shape the modern understanding of serial murder.</p>",Megaphone,en,"https://megaphone.imgix.net/podcasts/c0542a08-8ec8-11f1-8c8b-1b0c77b0596d/image/c4807d210fc85dd10c70c83677ac55b4.png?ixlib=rails-4.3.1&max-w=3000&max-h=3000&fit=crop&auto=format,compress",2026-08-03 02:31:26,7979236,confirmed,https://www.podily.com,1785724286,755afa0df9622e2493d5644e27289e83,6797370047.0,0,0,INDIVIDUAL
Calgary Local News,YYC News,https://anchor.fm/s/11581ce58/podcast/rss,"Twice a day Local Calgary news from trusted sources, including business and sports reports.",Anchor,en,https://d3t3ozftmdmh3i.cloudfront.net/staging/podcast_uploaded_nologo/46457958/46457958-1785428028119-ef0d9ee542f09.jpg,2026-08-03 02:27:59,7979233,confirmed,https://podcasters.spotify.com/pod/show/calgary-local-news5,1785724079,20eb90eb77b94a11c6faed8fbf8008bd,6796391024.0,2,0,INDIVIDUAL
Keep'n It Real With GiGi & Steel,GiGi and Steel,https://rss.buzzsprout.com/2634217.rss,"<p>A podcast where faith, finances, and relationships meet real life.<br>We dive deep into spiritual growth, financial empowerment, and building stronger relationships in today’s world. From mindset and money moves to love, purpose, and personal development, every episode is designed to help you grow mentally, spiritually, and financially.<br>If you’re looking for real conversations, practical wisdom, and inspiration to level up every area of your life, this podcast is for you. </p>",Buzzsprout,en-us,https://storage.buzzsprout.com/vl0abgyv7bp0ppqg5tspmwl8ultc?.jpg,2026-08-03 02:23:30,7979229,confirmed,,1785723810,b7f6bcec334bb14d903513ee34045f8d,,4,0,CORPORATE
Takeaway Chinese,CGTN,https://feeds.acast.com/public/shows/6a69ac1c7e01e420e5f6972f,"   A weekly Chinese language teaching show which covers the most frequently used Chinese words and expressions, dialogues, language tips, and stories behind the idioms.  <hr><p style='color:grey; font-size:0.75em;'> Hosted on Acast. See <a style='color:grey;' target='_blank' rel='noopener noreferrer' href='https://acast.com/privacy'>acast.com/privacy</a> for more information.</p>",Acast,en,https://assets.pippa.io/shows/cover/1785310217969-067105e9-5e35-47ee-8701-bcca42ab22a5.jpeg,2026-08-03 02:20:43,7979225,confirmed,https://shows.acast.com/takeaway-chinese,1785723643,550100749a41f03d5e35a28f56d8d5bc,,0,0,CORPORATE
Unpacking Grad School,Loyola University Chicago,https://rss.libsyn.com/shows/616985/destinations/5381335.xml,"Unpacking Grad School offers an inside look at graduate study at Loyola University Chicago. This series spotlights our innovative programs, celebrates the achievements of our students and alumni, and features practical guidance from admissions experts who break down the application process and offer guidance for finding your path at Loyola. Whether you are still exploring your options or preparing to apply, tune in to discover how a Loyola graduate degree can empower you to lead with purpose and build a successful career that reflects your values.",Libsyn,en,https://static.libsyn.com/p/assets/0/7/1/d/071d13ff600ad48f16c3140a3186d450/260417_EMC_UnpackingGradSchool_Podcast_Intro_Graphics_3000x3000px_f.jpg,2026-08-03 02:15:38,7979216,confirmed,https://sites.libsyn.com/unpackinggradschool,1785723338,31d0890fec6250ddd99b2f4a2d6dbf71,6792083981.0,2,0,CORPORATE
Bedtime Stories for Everyone!,Mummy and Lil,https://anchor.fm/s/1158d0250/podcast/rss,"Bedtime Stories for Everyone is a relaxing, storytelling podcast where we share our favourite bedtime stories to help children wind down and fall asleep. Listen at bed time, nap time, quiet snuggle moments or even in the car, in each episode we share stories we love - perfect for toddlers, pre-schoolers and young children. 
Thank you for sharing our favourite stories with us, and make sure to tell us yours!",Anchor,en-gb,https://d3t3ozftmdmh3i.cloudfront.net/staging/podcast_uploaded_nologo/46465300/46465300-1785535468717-502b3187cb0e7.jpg,2026-08-03 02:08:12,7979211,confirmed,https://podcasters.spotify.com/pod/show/charlya7,1785722892,5cd3c347a762511ccb7dfdab58e69326,6796960721.0,2,0,CORPORATE
Wanderings of Oisin,William Butler Yeats,https://www.spreaker.com/show/7102615/episodes/feed,"This narrative poem is composed in three parts, and consists of a dialogue between the aged Irish hero Oisín and St. Patrick. Oison relates his three-hundred year sojourn in the immortal isles of Faerie. In the isles, Oison married the beautiful Sidhe Niamh: together they traveled, feasted, and quested. At last Oison succumbs to the temptation to return and visit the lands of mortal men: inadvertently slipping from his faerie horse, his body touches the ground and instantly puts on the flesh of a decrepit old man. Oison describes various islands and what he did there: contrasting his noble deeds with the degenerate weakness of the present generation. (Summary by Godsend)",Spreaker,en,https://d3wo5wojvuv7l.cloudfront.net/t_rss_itunes_square_1400/images.spreaker.com/original/a03b59ab62696d16756311e10bdefd69.jpg,2026-08-03 01:58:01,7979208,confirmed,https://www.spreaker.com/podcast/wanderings-of-oisin--7102615,1785722281,3955e7e13bdbe65fe64cd4752f86f612,,4,0,INDIVIDUAL
The Sportsman's Light,Patrick,https://anchor.fm/s/11575d7d8/podcast/rss,"Faith. Focus. Purpose. Guided by His Light. Join Patrick Lawson for daily, Scripture-centered devotionals inspired by the outdoors. Whether you're in a deer stand, on the water, or driving to work, each episode connects God's Word with lessons from His creation. In just a few minutes, you'll hear biblical encouragement, practical application, and a closing prayer to strengthen your faith and prepare you to follow Christ with purpose—in the field, at work, at home, and every step of the journey.",Anchor,en,https://d3t3ozftmdmh3i.cloudfront.net/staging/podcast_uploaded_nologo/46450118/46450118-1785330099696-6750ec5cfdfba.jpg,2026-08-03 01:57:40,7979207,confirmed,https://podcasters.spotify.com/pod/show/gen-x-disciple3,1785722260,dc5fcba15ad99f8ddf6ace37f0466171,6795943482.0,2,0,INDIVIDUAL
Venus and Adonis (Version 2),William Shakespeare,https://www.spreaker.com/show/7102630/episodes/feed,"Both Ovid and Spenser also treat this ancient myth, but Spenser alters the ending, converting the tale into an archetype of fulfilled love, whereas Ovid, like Shakespeare, combines humor with pathos as a buffer against sentimentality. Ovid’s Venus behaves absurdly out of character, becoming a huntress to keep her lover company in the woods. Shakespeare, however, preserves decorum; his Venus remains at all times the queen of love. The humor arises rather from the fact that the would-be paramour isn’t interested. This endows the goddess’s wooing with nearly slapstick over-exertion, and yet her sincerity makes her appealing, while Adonis’s immaturity forces us to respect his chastity. The pathos comes, of course, from the unhappy ending—more unhappy because we do not expect a comedy to end sadly, especially not when we sympathize with the characters. The poetic form or genre, the epyllion, is an erotic narrative based on mythology, like Marlowe's Hero and Leander and, later, Phineus Fletcher's Venus and Anchises, also found in the Librivox catalogue. Venus and Adonis and The Rape of Lucrece, both narrative poems, are the only works that Shakespeare ever carefully saw through the press. - Summary by T. A. Copeland",Spreaker,en,https://d3wo5wojvuv7l.cloudfront.net/t_rss_itunes_square_1400/images.spreaker.com/original/9505310c793e54d67898a34af45ccb07.jpg,2026-08-03 01:56:40,7979206,confirmed,https://www.spreaker.com/podcast/venus-and-adonis-version-2--7102630,1785722200,d6a6b789b568fba3a358bb8102f44db7,,4,0,INDIVIDUAL
We Know Mojo,Design Mojo,https://anchor.fm/s/1146ed1dc/podcast/rss,"You're busy working in your business. We're here to help you work on it. Welcome to We Know Mojo, the podcast from Design Mojo. Through quick marketing tips, in-depth discussions, client stories, AI insights, listener Q&As, and website makeovers, we share practical ideas to help your business grow. No hype. No jargon. Just real conversations, smart strategies, and marketing that works.",Anchor,en-us,https://d3t3ozftmdmh3i.cloudfront.net/staging/podcast_uploaded_nologo/46277743/46277743-1782918259071-68f9a3231a519.jpg,2026-08-03 01:56:32,7979204,confirmed,https://podcasters.spotify.com/pod/show/nick-charles6,1785722192,443050d70f25b322789331005f6efccb,6786861432.0,2,0,INDIVIDUAL
Mental Health: Behind Closed Doors,Karla Phipps Bliss,https://rss.buzzsprout.com/2633685.rss,"<p><br>Welcome to Mental Health: Behind Closed Doors, a safe space for parents and caregivers walking the complex, quiet, and often misunderstood road beside children, teens, young adults, or adult children who have disorders, syndromes, mental health conditions such as clinical depression, anxiety disorders, bipolar disorder, schizophrenia, and neurodivergence such as ADD and autism, and many other unique abilities.</p><p><br></p><p>When you’re navigating diagnoses, managing a crisis, and advocating for someone you love, it can feel like you’re carrying the world on your shoulders. Here, we step behind closed doors to speak candidly about the realities of caregiving: the secret loneliness, the heartbreak of being misunderstood, the exhaustion of constantly explaining, and the profound love that keeps you going.</p><p><br></p><p>Through honest conversations, practical encouragement, and deep validation, this podcast is here to remind you that your story matters, your sacrifices are seen, and you never have to walk this journey alone.</p><p><br><br></p>",Buzzsprout,en-us,https://storage.buzzsprout.com/7wlj85l7nebrx81r2tk68k4xj53e?.jpg,2026-08-03 01:52:40,7979203,confirmed,,1785721960,30295a8b544c2ad957dc4d3383ae4dd7,,4,0,INDIVIDUAL
The Ugly Sister,Kendra Jaymes,https://anchor.fm/s/eef1f81c/podcast/rss,"Growing up with three birth sisters, I was crowned ""the ugly sister."" Cute, right? For years, I let that label along with a chaotic childhood, domestic abuse, and toxic patterns tell me who I was. Not anymore. Today we take back OUR power. Own your shit girlies and sit with it 🤍
The Ugly Sister with Kendra Jaymes isn't a sob story or a pity party it's the ultimate safe space for the ugly ducklings, the survivors, and anyone who was ever told they were ""too much,"" ""not enough,"" or just plain out of place.",Anchor,en,https://d3t3ozftmdmh3i.cloudfront.net/staging/podcast_uploaded_nologo/39988351/39988351-1784746907711-6f2eea87facf6.jpg,2026-08-03 01:40:15,7979189,confirmed,https://podcasters.spotify.com/pod/show/kendrajaymes,1785721215,eac2f15ecbb5a1c1b050c51798dcaba7,6796826860.0,2,0,INDIVIDUAL
Happy Trading Frens,Loose Ventures,https://anchor.fm/s/1104d98a4/podcast/rss,"Actionable content on trading the markets brought to you by the world's sexiest, pretend Asian hedge fund manager.",Anchor,en,https://d3t3ozftmdmh3i.cloudfront.net/staging/podcast_uploaded_nologo/45584881/45584881-1784354208757-727a0f2876fa9.jpg,2026-08-03 01:35:49,7979184,confirmed,https://podcasters.spotify.com/pod/show/loose-ventures,1785720949,aef3f6869af8694920ee3f1494f02db8,6796184615.0,2,0,CORPORATE
My Torah Insights,dbetesh1,https://anchor.fm/s/101b275e4/podcast/rss,"Joseph Mosseri: Halakhot and Minhagim, Laws and Customs, as well as other insights and commentaries, history, observations and traditions of Sephardic and Middle Eastern Jewish communities.",Anchor,en-us,https://d3t3ozftmdmh3i.cloudfront.net/staging/podcast_uploaded_nologo/43134401/43134401-1784247646462-eb4ea1013922.jpg,2026-08-03 01:30:26,7979181,confirmed,https://podcasters.spotify.com/pod/show/dbetesh15,1785720626,b93ceac33a6ce534b4766245faf6ee86,6791831704.0,2,0,INDIVIDUAL
Packaging Technology Today | Thought Leader Interviews,An RDG Media Podcast,https://anchor.fm/s/115482ff4/podcast/rss,"Packaging Technology Today Thought Leader Interviews deliver expert perspectives on the technologies, trends and innovations driving the consumer packaged goods industry forward. Explore more interviews, technical insights and industry trends at: https://www.packagingtechtoday.com/thought-leadership-interviews/
Contact RDG Media Publisher Randy Green for information about Thought Leader Interviews: randy@rdgmedia.net",Anchor,en-us,https://d3t3ozftmdmh3i.cloudfront.net/staging/podcast_uploaded_nologo/46420197/46420197-1784910873746-1a30a7bf43089.jpg,2026-08-03 01:28:51,7979180,confirmed,https://www.packagingtechtoday.com/,1785720531,1b079a11b1341244a8d05da78119cf5d,6795293736.0,2,0,CORPORATE
"Business, Unblocked",Oriane du Crest,https://anchor.fm/s/11537a65c/podcast/rss,"Why isn’t your business working the way it should?
Business, Unblocked is a podcast for entrepreneurs tired of struggling and ready to understand what’s holding them back. Hosted by marketing agency founder Oriane du Crest, each episode uncovers the real problems behind unclear positioning, confusing offers, inconsistent marketing, ineffective pricing, stalled growth, and more.
Expect honest insights, practical strategies, and clear next steps to remove the obstacles and build a business that works.",Anchor,en,https://d3t3ozftmdmh3i.cloudfront.net/staging/podcast_uploaded_nologo/46409359/46409359-1785349554674-dc52c1b21a644.jpg,2026-08-03 01:24:11,7979178,confirmed,https://podcasters.spotify.com/pod/show/oriane9,1785720251,5bb1ff36deae65666acd400ddd1abd96,6796039804.0,2,0,INDIVIDUAL
Second Draft Family,Nick and Makaila,https://anchor.fm/s/10e0de29c/podcast/rss,A podcast where two millennials talk about raising their blended family,Anchor,en-us,https://d3t3ozftmdmh3i.cloudfront.net/staging/podcast_uploaded_nologo/45207583/45207583-1768780789791-cbc40cb198ddd.jpg,2026-08-03 01:19:58,7979168,confirmed,https://podcasters.spotify.com/pod/show/seconddraftfamily,1785719998,622b7042cfdbc1fb158af9ce55dac3bb,1874134892.0,2,0,CORPORATE
The Operating Advantage,Beckway,https://anchor.fm/s/1157ba244/podcast/rss,"The Operating Advantage is the podcast for private equity leaders, operators, and executives building better businesses. Presented by Beckway, each episode features candid conversations with CEOs, CFOs, COOs, and industry leaders on acquisitions, operational excellence, AI, leadership, value creation, and profitable growth. Get practical insights and real-world strategies you can apply to your portfolio company or organization.",Anchor,en,https://d3t3ozftmdmh3i.cloudfront.net/staging/podcast_uploaded_nologo/46453913/46453913-1785372904660-d649e4c9775ba.jpg,2026-08-03 01:18:17,7979164,confirmed,https://podcasters.spotify.com/pod/show/anders91,1785719897,d6394d3c13a65bb744e2edb4acf5dcb6,6796798523.0,2,0,INDIVIDUAL
Wild Hearts and Open Horizons,Daniel and Cindy,https://anchor.fm/s/11527f464/podcast/rss,"Two friends. Two countries. One open conversation. Join Cindy and Daniel as they explore spirituality, tarot, intuition and the questions that shape our lives. Through honest conversations, different perspectives, plenty of laughter and shared experiences, Wild Hearts & Open Horizons is a welcoming space where curiosity is celebrated, beliefs are respected, and every soul is welcome.",Anchor,en,https://d3t3ozftmdmh3i.cloudfront.net/staging/podcast_uploaded_nologo/46399073/46399073-1784632701143-6b2a345ceb9d.jpg,2026-08-03 00:39:15,7979145,confirmed,https://podcasters.spotify.com/pod/show/wild-queen-spiritual---ci2,1785717555,0f80645d7ff13cd055f07a8ad2ab154a,6796703189.0,2,0,CORPORATE
Faith-Fuel Reimagined,Purposify Network,https://www.spreaker.com/show/7229703/episodes/feed,"Discover Your Spiritual Catalyst with Faith Fuel™<br /><br /> Hosted by The Prayingnista Dr. Osé (Apostle Dr. Oswalyn-Simone)<br /><br /> Faith Fuel™ is your daily source of biblical encouragement, spiritual empowerment, and purpose-filled living. Each episode is designed to strengthen your faith, renew your hope, and equip you to navigate life’s challenges through the unchanging truth of God’s Word.<br /><br /> Join Apostle Dr. Oswalyn-Simone as she shares powerful biblical teaching, practical wisdom, authentic life experiences, and transformative faith conversations that inspire lasting spiritual growth. Whether you’re seeking clarity, encouragement, healing, or a deeper relationship with God, every episode is crafted to fuel your faith and help you walk confidently in your God-given purpose.<br /><br /> Each message is more than inspiration—it’s an invitation to grow stronger in Christ, think with Kingdom perspective, and live with intentional faith every day.<br /><br /> Faith Fuel™ isn’t just a podcast—it’s your daily spiritual refill.<br /><br /> Come expecting to be encouraged, challenged, equipped, and empowered to live a life of unwavering faith, enduring hope, and divine purpose.",Spreaker,en,https://d3wo5wojvuv7l.cloudfront.net/images.spreaker.com/nuvolari-assets/light_blue_square_mic.jpg,2026-08-03 00:36:58,7979144,confirmed,https://www.spreaker.com/podcast/faith-fuel-reimagined--7229703,1785717418,72538cce869bd09ea11be1f3735e9fbf,,4,0,CORPORATE
BHIS [In Focus],Black Hills Information Security,https://feeds.transistor.fm/bhis-in-focus,A BHIS - Talkin' Bout [infosec] News spinoff. Each Episode focuses in on a single story in the current world events news sphere.,Transistor,en,https://img.transistorcdn.com/9wu5rBG_fXzUISXjQmIJWiyClFZUoameWVWaJdDI8qc/rs:fill:0:0:1/w:1400/h:1400/q:60/mb:500000/aHR0cHM6Ly9pbWct/dXBsb2FkLXByb2R1/Y3Rpb24udHJhbnNp/c3Rvci5mbS85Mzcx/NTJmNjdkMzQyMzFj/MmVlNGNiNTE0OTc2/N2I3My5qcGc.jpg,2026-08-03 00:29:49,7979140,confirmed,https://bhisinfocus.transistor.fm,1785716989,04dae4d67dcab956e7dcb03808ea6136,,4,0,INDIVIDUAL
Charters Towers Christian Outreach Centre,ctcocmedia,https://feed.podbean.com/ctcocmedia/feed.xml,Charters Towers Christian Outreach Centre sermons,Podbean,en,https://pbcdn1.podbean.com/imglogo/image-logo/15695944/COC_logo_27ocgh.jpg,2026-08-03 00:28:27,7979139,confirmed,https://ctcocmedia.podbean.com,1785716907,e1cdeee473a4c072118a31597cce7c6c,1896814097.0,2,0,INDIVIDUAL
The Guest List,Setlist,https://anchor.fm/s/e8225e00/podcast/rss,"The team at Setlist Media invites you to join ""The Guest List"" as we talk all things music and pop culture at the end of each month. Our monthly podcast will be published on YouTube and Spotify Podcasts, and Apple Podcasts!",Anchor,en,https://d3t3ozftmdmh3i.cloudfront.net/staging/podcast_uploaded_nologo/38845664/38845664-1693342544927-e381c14a62e74.jpg,2026-08-03 00:25:43,7979138,confirmed,https://linktr.ee/setlistmedia,1785716743,76d2405e144987792e981a3810c24144,6795766342.0,2,0,INDIVIDUAL
The Inflection Points Podcast,Inflection Points,https://rss.buzzsprout.com/2525755.rss,"Extended discussions for a bigger, better Australia. Hosted by Jonathan O’Brien, Editor-in-Chief at Inflection Points. <br/><br/><a href=""https://stack.inflectionpoints.work?utm_medium=podcast"">stack.inflectionpoints.work</a>",Buzzsprout,en,https://substackcdn.com/feed/podcast/4477476/8aa8a5c346e8add029b6cf17535f662a.jpg,2026-08-03 00:02:20,7979124,confirmed,https://stack.inflectionpoints.work/podcast,1785715340,cfcb859d573856fdadbda3561b048c6c,,4,0,INDIVIDUAL
Big Zoo Wrestling,Bigzoowrestling,https://feed.podbean.com/Bigzoowrestling/feed.xml,"<p>Breaking down WWE, AEW and the entire world of pro wrestling!</p>",Podbean,en,https://pbcdn1.podbean.com/imglogo/image-logo/21317434/BZW.png,2026-08-02 23:57:44,7979120,confirmed,https://Bigzoowrestling.podbean.com,1785715064,7d7e801aa7a59c6ce0f67093b36076d9,6796683941.0,2,0,INDIVIDUAL
Tech-Room Podcast,Peterson,https://www.spreaker.com/show/7229571/episodes/feed,"Tech-Room Podcast is your go-to podcast for exploring the world of technology in a way that's practical, engaging, and easy to understand.Each episode dives into the latest developments in artificial intelligence, software, gadgets, cloud computing, automation, startups, and emerging technologies that are shaping the future. Whether you're a tech enthusiast, IT professional, entrepreneur, or simply curious about how technology is changing our lives, you'll find valuable insights, expert analysis, and real-world applications.<br /><br /><b>Note: This podcast uses AI-generated voice for narration</b>",Spreaker,en,https://d3wo5wojvuv7l.cloudfront.net/t_rss_itunes_square_1400/images.spreaker.com/original/41c4d6521c1fe88daccb89d30621fc5e.jpg,2026-08-02 23:48:47,7979117,confirmed,https://www.spreaker.com/podcast/tech-room-podcast--7229571,1785714527,50428ebe99c367103c288dc3d0e13b30,,4,0,INDIVIDUAL
Voice in America,Dana,https://rss.buzzsprout.com/2634188.rss,<p>Information about voice </p>,Buzzsprout,en-us,https://storage.buzzsprout.com/a66tujh1hxmifa4g5rws4maswjle?.jpg,2026-08-02 23:46:03,7979115,confirmed,,1785714363,15da975e2d2867a54586b703ae4c08a1,,4,0,INDIVIDUAL
The Dimensional Life,Dr. Aimee Harris,https://anchor.fm/s/11584e368/podcast/rss,"What if feeling healthier wasn’t about doing more...but about seeing your life differently? Welcome to The Dimensional Life Podcast. I’m Dr. Aimee, a psychologist, wellness enthusiast, and—fair warning—a bit of a science nerd. I created the Dimensional Wellness Matrix™; a framework built on the eight dimensions of wellness. Each episode explores practical, evidenced-based strategies, inspiring conversations, and actionable tools to help you build a healthier, happier, more connected life. The life you've been searching for begins when every dimension of your life comes alive.",Anchor,en,https://d3t3ozftmdmh3i.cloudfront.net/staging/podcast_uploaded_nologo/46459978/46459978-1785543553491-f57561b823a6d.jpg,2026-08-02 23:45:55,7979114,confirmed,https://thedimensionalwellness.com,1785714355,3e9a84b093b51598c70c30b6b0932af0,6797004088.0,2,0,INDIVIDUAL
"TJF Electric - Manchester, CT's Podcast",Tyler,https://rss.buzzsprout.com/2366479.rss,"<p>Trusted Electrician in Manchester, CT</p>",Buzzsprout,en-us,https://storage.buzzsprout.com/564gyi9yks6zo1emq25rdxllmdep?.jpg,2026-08-02 23:44:02,7979112,confirmed,,1785714242,35ae6d4248b52603394fb93b0155a2e7,,4,0,INDIVIDUAL
All Things WCL podcast,All Things WCL admin (Easton),https://anchor.fm/s/112c46824/podcast/rss,All things WCL!! Giving you updates and scores and walk offs from the west coast league!,Anchor,en-ca,https://d3t3ozftmdmh3i.cloudfront.net/staging/podcast_uploaded_nologo/45998289/45998289-1779173525525-1fd08b63e5248.jpg,2026-08-02 23:43:01,7979111,confirmed,https://podcasters.spotify.com/pod/show/kaplansbiggestfan5,1785714181,154fcd469ccccb664853c221ca156b63,1896850429.0,2,0,INDIVIDUAL
Dan Davis History,Dan Davis History,https://feeds.megaphone.fm/dan-davis-history,"<p>Welcome to my channel featuring history and prehistory documentaries.<br><br>I am not a historian or an archaeologist but you will find all my historical sources in the video descriptions.<br><br>I am an author of historical fantasy and science fiction novels. Follow the link below to find all my books on Amazon; Gods of Bronze, the Immortal Knight Chronicles, and the Galactic Arena series.<br><br>Links:<br>Support with Patreon: <a href=""https://www.patreon.com/dandavisauthor"">https://www.patreon.com/dandavisauthor</a><br>My Books: <a href=""https://amzn.to/3mH3Hwu"">https://amzn.to/3mH3Hwu</a><br>Follow me on Twitter: <a href=""https://twitter.com/DanDavisWrites"">https://twitter.com/DanDavisWrites</a><br>Add me on Instagram: <a href=""https://www.instagram.com/dandavisauthor/"">https://www.instagram.com/dandavisauthor/</a><br>My Facebook: <a href=""https://www.facebook.com/dandavisauthor/"">https://www.facebook.com/dandavisauthor/</a><br>My Goodreads: <a href=""https://www.goodreads.com/author/show/10706586.Dan_Davis"">https://www.goodreads.com/author/show/10706586.Dan_Davis</a><br>Telegram: <a href=""https://t.me/dandavistelegram"">https://t.me/dandavistelegram</a></p>",Megaphone,en,"https://megaphone.imgix.net/podcasts/5a9809d8-72bb-11f1-a746-5ba08ac2d71b/image/658d76c8c320ddac5b8171ba2d12e4a8.jpg?ixlib=rails-4.3.1&max-w=3000&max-h=3000&fit=crop&auto=format,compress",2026-08-02 23:30:25,7979100,confirmed,,1785713425,f1c5bc15b39316349325fc6c52c33913,6796603727.0,2,0,INDIVIDUAL
"That Salty Girl: Confidence, Reinvention, And Figuring Out What's Next","Holly Taylor: Navy Veteran, Entrepreneur, Mentor",https://rss.buzzsprout.com/2629372.rss,"<p>You don’t have to have it figured out to start.</p><p><br></p><p>After spending 26 years in the Navy, followed by a stretch in corporate America, Holly Taylor found herself starting over again in her 50s, this time, building a business from scratch. That business became The Salty Spray, a mobile spray-tanning company. If you’d told her at 18 that this would be her path, she probably wouldn’t have believed you. And that’s the whole point of this show.</p><p><br></p><p>When Holly retired from the Navy, the transition was harder than anyone had warned her it would be. What helped her through wasn’t advice or a perfect roadmap. It was hearing from people who had already been through it. People who reminded her that what she was feeling was normal. Now, she wants to be that person for you.</p><p><br></p><p>Most weeks, you’ll hear directly from Holly, talking to you the way she would talk to a friend at her kitchen table. No five-step formulas. Just honest conversations about starting over, rebuilding confidence, rediscovering your identity after a big change, and navigating that stuck, in-between feeling of not knowing what comes next.</p><p><br></p><p>Some weeks, she’ll introduce you to someone in the middle of a reinvention of their own; a client, a friend, or someone standing right where you might be now.</p><p><br></p><p>Through the women Holly tans in their own homes and the people who unexpectedly find their way into her DMs, she hears versions of the same story again and again. The woman ready to leave corporate for good and finally work for herself. The woman rebuilding her life after a divorce. Different ages. Different circumstances. But underneath it all is the same quiet question: Is it too late for me?</p><p><br></p><p>Holly’s answer is simple: it’s not.</p><p><br></p><p>You don’t need to have the entire path mapped out. You just have to be willing to take the next step before you feel ready.</p><p>Whatever’s next, you’re not behind.</p><p><br></p><p>Subscribe and listen to a new episodes every week. Also, join Holly’s newsletter, <em>The Salty Scoop</em>, for personal stories, photos, and pieces of life she doesn’t share anywhere else!</p><p><br></p><p><a href=""https://www.thesaltyspray.com/"">thesaltyspray.com</a></p><p><a href=""https://www.instagram.com/thatsaltygirlpodcast/"">instagram.com/thatsaltygirlpodcast</a></p>",Buzzsprout,en-us,https://storage.buzzsprout.com/d2ffk88x9gv3o1whvmnjau7rrudi?.jpg,2026-08-02 23:22:21,7979095,confirmed,https://www.thesaltyspray.com/podcast,1785712941,19fa962268d861f490f0c1c3a9645cf6,,4,0,CORPORATE
Chef's Recipe Podcast,chefgeoffcole,https://rss.buzzsprout.com/2633822.rss,"<p>the podcast where culinary culture meets entrepreneurship. Hosted by Chef, every episode goes beyond the plate to answer two questions: <b>How good is the food, and how good is the business behind it?</b></p><p>From hidden gems and food trucks to celebrity owned restaurants and luxury dining experiences, Chef gives an unfiltered review of the food, the atmosphere, and the strategy that keeps the doors open. Through taste tests, kitchen tours, and exclusive interviews with restaurant owners and chefs, you'll get an inside look at the wins, mistakes, and money behind the industry.</p>",Buzzsprout,en-us,https://storage.buzzsprout.com/3u6xtd347adz9grxx3ixpbpy01dd?.jpg,2026-08-02 23:15:52,7979089,confirmed,,1785712552,dfc4f8264088351944aed8f5a5155cdc,,4,0,INDIVIDUAL
Cypress Methodist Church,John Thomas,https://rss.buzzsprout.com/2630276.rss,<p>Offering Christ  through words and actions </p><p>1 Peter 2:9</p>,Buzzsprout,en-us,https://storage.buzzsprout.com/l88k94ude4hjyzzwtnnufuqs40rz?.jpg,2026-08-02 23:10:15,7979086,confirmed,,1785712215,91f843427b4831691778d24f9240624d,,4,0,INDIVIDUAL
Is This Normal Show,Shelton and Sephora,https://anchor.fm/s/114cd9604/podcast/rss,"""Most financial content speaks to one person in the relationship. But money is never just one person's conversation. We're Shelton and Sephora, and we live on both sides of that tension. One of us is the money person, one of us isn't. This is us walking back through our journey: the sacrifices, the surprises, and the moments we looked at each other and asked, is this normal? We're having that conversation out loud, so you don't have to figure it out alone.""",Anchor,en,https://d3t3ozftmdmh3i.cloudfront.net/staging/podcast_uploaded_nologo/46339849/46339849-1783781321675-49285ab10e155.jpg,2026-08-02 23:10:10,7979085,confirmed,https://podcasters.spotify.com/pod/show/shelton-thelismon9,1785712210,5d2e930615b4eafebda973f2b7c5a449,6792963919.0,2,0,CORPORATE
Leadership Rediscovered,Positively West Virginia,https://rss.libsyn.com/shows/455676/destinations/3834348.xml,"Another podcast on leadership—the way it was meant to be. Join Laura Seybold every week in her journey to rediscover the substance of a good leader.
Presented by Shine Consulting.",Libsyn,en,https://static.libsyn.com/p/assets/b/d/9/a/bd9a19df25353d7888c4a68c3ddbc4f2/LRD_Album_Cover_Refresh_3Artboard_2-20240201-kwhm5u7k8u.png,2026-08-02 22:47:46,7979069,confirmed,https://leadership-rediscovered.sounder.fm,1785710866,6e2990c7a1e0f393cdbb40df1190a4ab,1619164986.0,2,0,INDIVIDUAL
Beneath the Noise,Ryan Paul McGuigan,https://anchor.fm/s/1139e09d0/podcast/rss,"You've been trying to work this out for a long time. The reading, the journalling, maybe the therapy, and hours of turning it over in your own head. Months keep passing and the distance between where you are and where you want to be keeps growing.
Twelve episodes on why thinking alone never reaches this, and what does. There's a guided practice built in, so at a certain point you won't just be listening. You'll be participating.
If you want to stop overthinking, feel like yourself again, and get clear on what you actually want, episode one is there.
Episode one is there.",Anchor,en,https://d3t3ozftmdmh3i.cloudfront.net/staging/podcast_uploaded_nologo/46140916/46140916-1781182335217-ee00779de1a03.jpg,2026-08-02 22:37:24,7979063,confirmed,https://podcasters.spotify.com/pod/show/ryan-paul-mcguigan,1785710244,b59a7b4de6cbb25537d686cf0b2790c8,1896937518.0,2,0,INDIVIDUAL
La manipulación,Jessica Sena,https://www.spreaker.com/show/7229490/episodes/feed,Programa realizado para la materia Introducción a la Comunicación. ,Spreaker,en,https://d3wo5wojvuv7l.cloudfront.net/t_rss_itunes_square_1400/images.spreaker.com/original/cb8750f7d6bda42ba7b473b99e6985cd.jpg,2026-08-02 22:30:52,7979055,confirmed,https://www.spreaker.com/podcast/la-manipulacion--7229490,1785709852,38bcb4ed0544aaca30f81bc40e56d08c,,4,0,INDIVIDUAL
AN7ON On Air,AN7ON,https://rss.buzzsprout.com/2634186.rss,"<p><b>Welcome to AN7ON ON AIR — the official weekly radio show from producer and DJ AN7ON. Discover the latest dance music, exclusive premieres, uplifting melodies, powerful club records, and carefully curated mixes designed to keep you moving. New episodes every Friday across Apple Podcasts, Mixcloud, and more.</b></p>",Buzzsprout,en-gb,https://storage.buzzsprout.com/277re3oov4s6lxqenkac4ln3wft2?.jpg,2026-08-02 22:20:24,7979051,confirmed,,1785709224,ede93d1ec3db7cce832f63bd37b1f79d,,0,0,INDIVIDUAL
Sessions With Sarah 2.0,Sarah Russo,https://feeds.acast.com/public/shows/6a6fb9be034f16a52e87db6b,"<p>Welcome to <strong>Sessions with Sarah</strong>, the podcast where honest conversations meet inspiring stories.</p><br><p>Hosted by <strong>Dr. Sarah Russo</strong>, this weekly podcast features <strong>celebrity interviews</strong>, <strong>health and wellness</strong>, <strong>mental health</strong>, <strong>pharmacy and medical insights</strong>, <strong>lifestyle</strong>, <strong>pop culture</strong>, <strong>current events</strong>, <strong>motivation</strong>, <strong>entrepreneurship</strong>, and <strong>true life stories</strong>. Every episode is filled with authentic conversations, expert advice, behind-the-scenes moments, and inspiring guests who aren’t afraid to keep it real.</p><p>Whether you’re looking for a motivational podcast, a health podcast, celebrity guests, personal growth, business inspiration, or just genuine conversations that make you laugh, think, and feel connected, <strong>Sessions with Sarah</strong> has something for you.</p><br><p>Subscribe now and join thousands of listeners discovering powerful interviews, practical advice, and unforgettable stories—one session at a time.</p><br><p>https://www.instagram.com/drsarah1on1</p><p>https://www.tiktok.com/@drsarah1on1</p><p><br></p><hr><p style='color:grey; font-size:0.75em;'> Hosted on Acast. See <a style='color:grey;' target='_blank' rel='noopener noreferrer' href='https://acast.com/privacy'>acast.com/privacy</a> for more information.</p>",Acast,en,https://assets.pippa.io/shows/cover/1785706792586-13aed829-e0e1-45c9-99c6-c35772d4fbc1.jpeg,2026-08-02 22:19:37,7979049,confirmed,https://feeds.acast.com/public/shows/sessions-with-sarah,1785709177,a5307ce073beccafbf1fc08da613ebdd,,0,0,INDIVIDUAL
In The Dark,Podcasts MVS,https://www.spreaker.com/show/7229486/episodes/feed,"In the Dark, hosted by Madeleine Baran, is an award-winning investigative-journalism podcast that started in 2016. Its first season looked at the mysterious abduction of Jacob Wetterling in rural Minnesota and the lack of accountability that sheriffs face when they fail to solve cases. Season 2 examined the case of Curtis Flowers, who was tried six times for the same crime. In 2020, In the Dark released a special report on the coronavirus pandemic in the Mississippi Delta. In 2023, In the Dark joined The New Yorker and in 2024, it released “The Runaway Princesses,” a four-part series that asks why the women in Dubai’s royal family keep trying to run away. Season 3, released in 2024, asked why no one was punished for the killings of twenty-five civilians in Haditha, Iraq. In the Dark won the Pulitzer Prize for audio for Season 3. The podcast is a three-time Peabody Award winner and, in 2019, became the first podcast to win a George Polk Award, one of the top honors in journalism. The program has also received an Alfred I. duPont-Columbia University Award and a Robert F. Kennedy Journalism Award. New Yorker subscribers get early, ad-free access. In Apple Podcasts, tap the link at the top of the feed to subscribe or link an existing subscription. Or visit newyorker.com/dark to subscribe and listen in the New Yorker app. If you have comments or story tips, please send them to inthedark@newyorker.com.",Spreaker,en,https://d3wo5wojvuv7l.cloudfront.net/t_rss_itunes_square_1400/images.spreaker.com/original/f1b397211e6f784aef1084c38d39e026.jpg,2026-08-02 22:18:33,7979047,confirmed,https://www.spreaker.com/podcast/in-the-dark--7229486,1785709113,f7db1b05a9ca69b0a4642f5aec982aca,,4,0,INDIVIDUAL
The Closer Cut with Waseem Mirza,MIRZA Productions x The Closer Speakers' Consultancy,https://anchor.fm/s/1158b2944/podcast/rss,"The Closer Cut is a one-to-one interview series hosted by Waseem Mirza, featuring speakers from The Closer Speakers’ Consultancy. Each episode brings candid conversations with world-class guests on leadership, innovation, technology, culture, agility, future trends, mental toughness, and high performance - challenging both the guest and the audience to explore bold new ideas in life and work.",Anchor,en,https://d3t3ozftmdmh3i.cloudfront.net/staging/podcast_uploaded_nologo/46464089/46464089-1785511387652-34b1529aa5c6a.jpg,2026-08-02 22:09:33,7979042,confirmed,https://podcasters.spotify.com/pod/show/theclosercut-with-waseem,1785708573,61c5bd1cf8f84f25136b8efbc4e79522,,0,0,CORPORATE
Lotus Unfolding Meditations & Affirmations,"Beka Owens, MS, RYT-200",https://rss.buzzsprout.com/2632339.rss,"<p>Meditations and affirmations for positive thinking, balance and blossoming.</p>",Buzzsprout,en-us,https://storage.buzzsprout.com/dgdeqbp7tdslgm5dfevotsntoh4a?.jpg,2026-08-02 22:09:23,7979041,confirmed,http://lotusunfolding.org,1785708563,88315ee11178d324f72025b02c209891,,4,0,CORPORATE
Kitchener Baptist Church,Kitchener Baptist Church,https://anchor.fm/s/1127bbf5c/podcast/rss,The Bible preaching of Pastor Burns and Kitchener Baptist Church,Anchor,en,https://d3t3ozftmdmh3i.cloudfront.net/staging/podcast_uploaded_nologo/45950671/45950671-1778507100407-73e850ef98238.jpg,2026-08-02 22:05:48,7979039,confirmed,https://podcasters.spotify.com/pod/show/kitchener-baptist-church,1785708348,cd2346e7117ba02c3a56337362884a77,1895478781.0,2,0,CORPORATE
Butterfly Bible Bites,Abigail Pope,https://feeds.captivate.fm/butterfly-bible-bites/,"Hosted by Abigail Grace, this podcast is designed to encourage younger sisters in Christ as they pursue a deeper walk with God through biblical encouragement, practical wisdom, and honest conversations about everyday life and faith.
Abigail grew up overseas as the daughter of parents who faithfully followed God’s calling, and that upbringing shaped her heart for seeing lives transformed by the gospel. Today, she works in the mental health field, supporting youth as they grow toward healthier, fuller lives.
Whether you’re navigating a new season of faith, seeking biblical encouragement, or simply looking for a friend to walk alongside you, Abigail hopes this podcast will point you to Christ and remind you that you’re never alone. She’s a wife, sister, daughter—and hopefully your future bestie!",Captivate,en,https://cdn.captivate.fm/placeholder/default-artwork.jpg,2026-08-02 22:01:26,7979035,confirmed,https://butterfly-bible-bites.captivate.fm,1785708086,4ea19b5e9a27cfbcf35c0c570257e0bf,,4,0,INDIVIDUAL
Episode 26.82 - The Birth of a Pheonix,"Dr. Diana Sorrentino, Ph.D.",https://www.spreaker.com/show/7228481/episodes/feed,"<b>Today’s Podcast:</b><br /><b><i>Paradoxes of Gender Episode 26.82</i></b><br /><br />Guest Amber Fourman. <br />Amber will share her experiences with gender incongruence, gender dysphoria, and her journey into and through Gender Affirmation resulting in the <b><i>Birth of a Pheonix</i></b> <b><i> </i></b><br /><b><i></i></b><br /><b><i>Episode 26.83</i></b><br />Explorative Deep Diver into Gender and Sexual Minority Resilience <b><i> </i></b><br /><b><i></i></b><br /><b><i>Paradoxes of Gender Podcasts:</i></b><br />The Paradoxes of Gender Podcasts are Designed to Deliver Professional Development Educational Programs for the LGBTQ+ Medical & Behavioral Healthcare Providers who provide Medical & Behavioral Healthcare Services to Transgender, Gender Diverse, Gender Non-Conforming, Gender Incongruent and Non-Binary Individuals.  <br /><b><i></i></b><br /><b><i>Prepared & Presented by:</i></b><br /><b>Dr. Diana Sorrentino, Ph.D.</b> <b><i>Social-Psychologist & Behavioral Analyst</i></b>  <br /><br />Delivering comprehensive Medical or Behavioral Healthcare Services as a component of your practice on behalf of Transgender (TG), Gender Diverse (GD) Individuals and members of the LGBTQ+ Community may at times prove to be a little challenging. The challenges you may experience have historically been caused by a lack of specialized medical or behavioral health training you received in preparation for your career and the care you will be providing for Transgender and Gender Diverse patients.   <br /><br />This understanding was underscored and reinforced by a 2011 study, reported in the Journal of the American Medical Association, the medical schools, on average, only provide Five (5) hours of academic or clinical instruction on LGBTQ+ healthcare requirements.  In the absence of specialized training; time is required to acquire first-hand real-world knowledge and experience with the diverse challenges, needs and experiences these individuals present and what they are confronted with as they live their lives in their <b><i>Self-Attributed Non-Conforming Gender</i></b> roles.  <br /><b><i></i></b><br /><b><i>Transgender, Gender Diverse, Gender Non-Conforming, Gender Incongruent & Non-Binary </i></b>individuals, their families, friends, schools, employers and social-networks will also benefit from the content of these Podcasts in-spite of the fact that the detailed medical and psychological content of these programs focuses on the continuing educational needs and requirements of the medical or behavioral healthcare professional.  Knowledge is essential to counteract the negative publicity and the political hyperbole disseminated by individuals with no understanding of the history and underlying biological factors influencing gender non-conformity.    <br /><b><i></i></b><br /><b><i>Dr. Sorrentino is a Member of:</i></b><br /><b><i>the World Professional Association for Transgender Health</i></b><br /><b></b><br /><b>Copyright 2026 – All Rights Reserved</b><br /><b>Paradoxes of Gender Podcasts are a Professional Production of Dr. Diana Sorrentino, Ph.D.</b> <b> </b><br /><b></b>",Spreaker,en,https://d3wo5wojvuv7l.cloudfront.net/images.spreaker.com/nuvolari-assets/yellow_square_mic.jpg,2026-08-02 21:48:07,7979028,confirmed,https://www.spreaker.com/podcast/episode-26-82-the-birth-of-a-pheonix--7228481,1785707287,a665d05d608fe9833031e1583d6321f1,,4,0,INDIVIDUAL
The Innovation podcast,Shariar sagor,https://rss.buzzsprout.com/2634174.rss,"<p>The Innovation Podcast explores the ideas, technologies, and people shaping the future. From artificial intelligence and groundbreaking startups to business strategy, entrepreneurship, and emerging trends, each episode delivers practical insights and inspiring conversations.<br>Whether you're an entrepreneur, tech enthusiast, student, or lifelong learner, you'll discover fresh perspectives, expert interviews, and actionable ideas to help you stay ahead in a rapidly changing world.</p>",Buzzsprout,en-us,https://storage.buzzsprout.com/ozbgqi9u83w0fn24cni6aj1jtvsp?.jpg,2026-08-02 21:47:58,7979027,confirmed,https://www.buzzsprout.com/2634174,1785707278,d4b29d6dc3ec494b6b288ae20ef7f308,6797329411.0,4,0,INDIVIDUAL
Option Country,Pathlyte LLC,https://feeds.transistor.fm/option-country,"A daily Nebraska Cornhuskers show. Football, volleyball, basketball, and the whole athletic department — with the numbers to back it up. Weekday mornings, plus a full game breakdown every Sunday.",Transistor,en,https://img.transistorcdn.com/i1B2tCBHKkrvR9xgNfi3soAIMz-6mnE0LMQR5btfxhY/rs:fill:0:0:1/w:1400/h:1400/q:60/mb:500000/aHR0cHM6Ly9pbWct/dXBsb2FkLXByb2R1/Y3Rpb24udHJhbnNp/c3Rvci5mbS83OWE4/NmIxM2M1ZTI0NmJi/Mzk3OTMwN2JiNGE5/OGJmMC5qcGc.jpg,2026-08-02 21:34:36,7979021,confirmed,https://optioncountry.com,1785706476,f89007e3e1efe3bf2c4c0bf47aa456af,,4,0,CORPORATE
You’ve Got This with Dr. Shirls,Dr. Shirls,https://feed.podbean.com/drshirlsinfo/feed.xml,"<p>Welcome to <strong>You've Got This with Dr. Shirls, </strong>a podcast for kids and teens who want to get a little stronger, a little calmer, and a lot more confident. Through bite-sized, encouraging episodes, you'll learn how to train your brain, handle tough moments, and build the skills you need to succeed in school, friendships, and life. Because growth happens one small shift at a time... and you've got this.</p>
<p></p>
<p></p>
<p></p>
<p>Credits: </p>
<p>Music: Thomas Gilbert</p>",Podbean,en,https://pbcdn1.podbean.com/imglogo/image-logo/22400545/Dr_Shirls_3az71g.jpg,2026-08-02 21:25:44,7979015,confirmed,https://drshirlsinfo.podbean.com,1785705944,7c4323a24afc239fbedb2fbd33398824,6796868720.0,2,0,INDIVIDUAL
Wildcards Podcast / Wildcards Radio,Stevie Wildcards,https://anchor.fm/s/11585e538/podcast/rss,"Wildcards Radio is a lively mix of comedy, music, interviews, news, crypto, stocks, soundboard chaos, and unpredictable conversation. Every episode brings real friendship, creative energy, funny moments, and plenty of surprises.",Anchor,en-us,https://d3t3ozftmdmh3i.cloudfront.net/staging/podcast_uploaded_nologo/46460638/46460638-1785619860322-fab99e20e12e5.jpg,2026-08-02 21:20:14,7979004,confirmed,https://podcasters.spotify.com/pod/show/crypto-steve,1785705614,5fe3b37405e13083dbe3d22d65a96905,6797088318.0,2,0,INDIVIDUAL
Two Sisters Talk in Front of,Heather Acord and Mandy Hicks,https://anchor.fm/s/10905a6b8/podcast/rss,"Two sisters: raised in Indiana in the 90s, now emotionally processing adulthood on the internet.
Welcome to Two Sisters Talk In Front, where we talk about real life in our late-30s/40s—goals, consistency (or the lack of it), midlife resets, family chaos, weight loss, travel, the internet, and whatever else we’re currently spiraling about.
We’re not experts—we’re just two siblings who survived to adulthood (somehow)and now process it all out loud.
New episodes drop Tuesdays.",Anchor,en,https://d3t3ozftmdmh3i.cloudfront.net/staging/podcast_uploaded_nologo/44363326/44363326-1757013300432-e2ced5076baf6.jpg,2026-08-02 21:10:58,7978999,confirmed,https://podcasters.spotify.com/pod/show/two-sisters-talk,1785705058,35698ae718dfe2843293abc6df658ba5,6795737844.0,2,0,CORPORATE
Passionate About Podiatry™,Damian Murray,https://rss.buzzsprout.com/2634159.rss,"Passionate About Podiatry™ is the podcast for podiatrists and allied health professionals who want to deliver outstanding patient care while building a successful private practice.
Hosted by Damian Murray, each episode provides the knowledge, inspiration and practical strategies to help you become a better practitioner, build a thriving practice and shape the future of your profession.",Buzzsprout,en,https://storage.buzzsprout.com/1iwto90thciaqiugzqdjxzvspauk?.jpg,2026-08-02 20:56:39,7978987,confirmed,https://www.buzzsprout.com/2227081,1785704199,6eabaf4edc01d5f1b125b6430a80750c,,4,0,INDIVIDUAL
Symbiosis,"Anthony Hendricks/Host, Steven Dukes/Co-Host, Denzel Thompson/Co-Host",https://anchor.fm/s/113a1e2f8/podcast/rss,"Symbiosis is a long-form conversational podcast exploring brotherhood, identity, leadership, healing, and becoming.
Hosted by three graduates of Howard University's School of Social Work, each episode invites listeners into authentic conversations with educators, practitioners, community leaders, and one another.
Together, we explore the relationships, experiences, and questions that continue shaping who we are—professionally and personally.
Whether you're a social worker, helping professional, student, leader, or someone who values meaningful conversation, you're invited into the dialogue.",Anchor,en,https://d3t3ozftmdmh3i.cloudfront.net/staging/podcast_uploaded_nologo/46143438/46143438-1781206465174-747f56aefd87f.jpg,2026-08-02 20:54:43,7978981,confirmed,https://podcasters.spotify.com/pod/show/symbiosis-podcast5,1785704083,9387726d408a7c858c39f58137a04d3b,6795587361.0,2,0,CORPORATE
Working Faith,Jalyn Isley,https://rss.buzzsprout.com/2634165.rss,"Good Seed Group™️ presents Working Faith, a spiritually-inclusive podcast that helps you achieve career success through the power of your beliefs. Hear real-world scenarios and insights from industry leaders who anchor to the tenets of their faith while they lead, innovate and excel at work.",Buzzsprout,en,https://storage.buzzsprout.com/d3wyjeck5rki8d0y2njocns51vmt?.jpg,2026-08-02 20:52:45,7978978,confirmed,https://workingfaith.com,1785703965,ba285eca9101fff560082e3417d6727f,,4,0,INDIVIDUAL
Superior 2120,Nikoli Hovorka,https://feeds.acast.com/public/shows/superior2120,"<p>Ever wondered what Superior, Wisconsin would look like in the year 2120? An Iditarod team of hacked Boston Dynamic robots? A heretical band of bikers that graft themselves onto their machinery? Vines are wires? Join host Nikoli Hovorka as he endeavors to flesh out a vibrant world of biopunk americana tomfoolery with incredible comedians, musicians, and other worldbuilders each week.</p><br><p><br></p><p><br></p><hr><p style='color:grey; font-size:0.75em;'> Hosted on Acast. See <a style='color:grey;' target='_blank' rel='noopener noreferrer' href='https://acast.com/privacy'>acast.com/privacy</a> for more information.</p>",Acast,en,https://assets.pippa.io/shows/cover/1784609688201-a4a285b1-cd22-4889-8b8a-0ca8fb43072f.jpeg,2026-08-02 20:48:51,7978975,confirmed,https://feeds.acast.com/public/shows/superior2120,1785703731,11e96d41ef03b8af2c8d2581ba335494,6793239664.0,2,0,INDIVIDUAL
"Rich, Actually","Rich, Actually",https://rss.buzzsprout.com/2634162.rss,"<p>A podcast about the processes to get rich, actually.</p>",Buzzsprout,en-au,https://storage.buzzsprout.com/1rvbpugutvcnhoptmdz5d4nrg22q?.jpg,2026-08-02 20:44:46,7978974,confirmed,,1785703486,f078561a728778d9d28026e0b578e2da,,4,0,INDIVIDUAL
Getting to No,Sophia Hamilton,https://rss.buzzsprout.com/2634158.rss,"<p>If you are someone who likes practical tips on how to level up in all areas of life, you found your podcast. We are mid-career, professional women (two lawyers and a doctor) who have achieved a lot, failed repeatedly, and want to live good lives to the absolute fullest. </p><p><br></p><p>We will be bringing you mini-series on various micro-topics like: </p><p>• No - all of the physiological, psychological, and logical reasons we don't say no when we should and how to start saying no now. </p><p>• Apology - a deep dive into the types of apologies that exist along with their impact and the reasons for using (or not using) each type. </p><p>• Hatred - an exploration of the brain activation of hatred along with a discussion of what to do when we find ourselves hating someone or dealing with someone who hates us. </p>",Buzzsprout,en-us,https://storage.buzzsprout.com/ri5m74x3pgzfmssb8s7cjkng27sy?.jpg,2026-08-02 20:40:31,7978972,confirmed,,1785703231,d5241a7f377ecfa0cc7623ab09f51604,,4,0,INDIVIDUAL
Visibility Strategy,Christina Vidovich - Visibility Strategist and Amy Nubson - Growth Strategist,https://anchor.fm/s/10da23948/podcast/rss,"Visibility Strategy empowers women leaders, women founders, women in business, and entrepreneurs to grow their personal brands with confidence and consistency. Each episode transforms powerful conversations from the Visibility Accountability Group and community into actionable lessons on business visibility, leadership mindset, organic marketing, and thought leadership. Expect expert advice, practical action steps, and honest talk about showing up to grow and scale your business by sharing your value on social media, through workshops, courses, speaking on stages, & emotionally resonant story.",Anchor,en-us,https://d3t3ozftmdmh3i.cloudfront.net/staging/podcast_uploaded_nologo/45137026/45137026-1784840406205-6fa478cc0d1c7.jpg,2026-08-02 20:36:30,7978970,confirmed,https://podcasters.spotify.com/pod/show/zimaf-entertainment4,1785702990,1b6dfef9b1dbbdf3fd47124a096e753e,6794086127.0,2,0,CORPORATE
Made to Love,Tamara,https://anchor.fm/s/1152b4e98/podcast/rss,"Welcome to my little space where motherhood meets creativity and education meets everyday life. Here, we celebrate the chaos, the accomplishments, and the craft projects in between. Whether you're raising little humans, teaching them, creating something beautiful, or simply trying to make the most of each day, you'll always have a seat here.",Anchor,en,https://d3t3ozftmdmh3i.cloudfront.net/staging/podcast_uploaded_nologo/46401270/46401270-1784657675257-5019aef0e7ef6.jpg,2026-08-02 20:32:09,7978968,confirmed,https://podcasters.spotify.com/pod/show/tamara900,1785702729,67dc1200a24042fad38818e4fef23362,6793616542.0,2,0,INDIVIDUAL
It's All Yappening,CeeGee,https://rss.buzzsprout.com/2632797.rss,"<p>Ever find yourself in an IMDb rabbit hole... only to come up for air three hours later?</p><p>Ever wonder what happened to that actor everyone used to talk about? Or why the entire internet suddenly can't stop talking about someone you've never even heard of?</p><p>Me too.</p><p>Welcome to <em>It's All Yappening</em>.</p><p>I'm CeeGee, and every weekday I'll catch you up on the biggest stories in pop culture, celebrity news, reality TV, streaming, TikTok, and whatever the internet collectively decided to obsess over today.</p><p>No endless scrolling.<br>No wondering who everyone's talking about.<br>Just everything everyone's talking about... and why.</p>",Buzzsprout,en-us,https://storage.buzzsprout.com/xdos1yichznpefcl1fjh94ernnp3?.jpg,2026-08-02 20:31:04,7978964,confirmed,https://itsallyappening.buzzsprout.com,1785702664,57af06f09aab7ecc6c06929d03f8e24a,,0,0,INDIVIDUAL
Pelotalk - an engineering podcast by Pelotech,Pelotech,https://anchor.fm/s/10fb3c238/podcast/rss,"A Pelotech podcast with candid conversations featuring senior engineering leaders on how real organizations build, ship, and run software in production. Each episode goes past tools and trends to explore the decisions that actually drive outcomes: team design, incentives, reliability tradeoffs, developer experience, security, delivery, and the operating habits that separate “works in theory” from “works in practice.” Practical, sometimes controversial, and always grounded in real experience, with guests willing to challenge “best practices” when they’re more myth than method.",Anchor,en,https://d3t3ozftmdmh3i.cloudfront.net/staging/podcast_uploaded_nologo/45484062/45484062-1773236628926-cb77144354c6b.jpg,2026-08-02 20:16:45,7978957,confirmed,https://podcasters.spotify.com/pod/show/pelotech,1785701805,32709bbb4918595946fea27fbb23ced4,1888824528.0,2,0,INDIVIDUAL
PathToPlot Podcast,Tom,https://rss.buzzsprout.com/2518264.rss,"<p>The journey of a Path To Plot. It’s a play on words, but also a description of my desire to reach a place I can call home.</p>",Buzzsprout,en-gb,https://storage.buzzsprout.com/0lxtftrid2btrfmz6qe1teou8j8p?.jpg,2026-08-02 20:15:51,7978956,confirmed,,1785701751,44be17893ccec6f7f42a6a196d962481,,4,0,INDIVIDUAL
Unlocking Finance with Your Financial Friend,Your Financial Friend,https://anchor.fm/s/fffbbb0c/podcast/rss,"Discover how to manage your money God’s way. Ntombi brings practical financial wisdom rooted in faith, helping you navigate budgeting, saving, debt, and investing; all while honouring God in your financial decisions. Each episode offers insights, real-life examples and encouragement to steward your resources wisely and live with financial peace.
Align your finances with your faith and unlock God’s principles for prosperity.",Anchor,en-za,https://d3t3ozftmdmh3i.cloudfront.net/staging/podcast_uploaded_nologo/42846875/42846875-1780581466823-bbb7607ea15d3.jpg,2026-08-02 20:14:31,7978955,confirmed,https://podcasters.spotify.com/pod/show/financialfriend,1785701671,0d5b01d47bb45450f3babee7a7e658ad,1896928709.0,2,0,INDIVIDUAL
Genesis,king David,https://www.spreaker.com/show/7229279/episodes/feed,#1st,Spreaker,en,https://d3wo5wojvuv7l.cloudfront.net/t_rss_itunes_square_1400/images.spreaker.com/original/60041291de9575f9f6965ab6a67d443c.jpg,2026-08-02 20:05:58,7978953,confirmed,https://www.spreaker.com/podcast/genesis--7229279,1785701158,b3de65071932c895ede77d52c3eab29a,,4,0,INDIVIDUAL
Epic Gorilla Trekking Adventure,Bilal Hussain,https://www.spreaker.com/show/6192808/episodes/feed,"Prepare for an unforgettable journey to<a href=""https://www.ugandagorillatrekkingfromkigali.com/"" target=""_blank"" rel=""noreferrer noopener""> encounter mountain gorillas in Uganda's Bwindi</a> Impenetrable National Park! Starting from Kigali, Rwanda, our podcast delves into the unique experience of gorilla trekking, highlighting prices, distances, and the awe-inspiring scenery along the way. Join us as we explore this must-do activity!",Spreaker,en,https://d3wo5wojvuv7l.cloudfront.net/t_rss_itunes_square_1400/images.spreaker.com/original/f260f1ecd4f7e71747b0ae9377878336.jpg,2026-08-02 19:59:26,7978948,confirmed,https://www.spreaker.com/podcast/epic-gorilla-trekking-adventure--6192808,1785700766,dc91a17fe045805f85f549049e909802,,4,0,INDIVIDUAL
HAIR TALES AND TUNES: Tales from the Salon chair,Lori Lion,https://rss.buzzsprout.com/2623343.rss,"<p>Welcome to hair tales and tunes:</p><p>Tales from the Salon chair</p><p>A solo podcast hosted by stylist LORI that<br> pulls back the curtain on a sacred space of the beauty salon. This is an unfiltered, all access pass into a world driven by distinct style, deep, rooted, traditions, and the unspoken bond between a stylist and much loved clientele.</p><p>Every week, we explore the heartbeat of Salon culture:</p><p>The unfiltered truths:</p><p>from the chaotic laugh out loud client confessions to the deeply moving breakthroughs that can only happen when the cape is on.</p><p>The shop floor chemistry:</p><p>I’m packing unique energy, the distinct personalities, and the dynamics that make a Salon a safe Haven for authentic self expression.</p><p>Celebrating music, legendary playlist, </p><p> stories of clients and their favorite artists.</p><p>Extra, we will be diving into my clients favorite conspiracy theories! My favorite!</p><p>Operating solo from behind the chair, LORI bridges the<br> gap between hair artistry and cultural movement shaping our role today. Were there a licensed pro who lives with the industry hustle, a music lover, looking for your next favorite track, or just someone who craves the comforting raw energy of shop talk-your chair is waiting!</p>",Buzzsprout,en-us,https://storage.buzzsprout.com/3mw7l8ydqa60exg6vuzu6qqx4f00?.jpg,2026-08-02 19:54:18,7978945,confirmed,https://hairtalesandtunestalesfromthesalonchair.buzzsprout.com,1785700458,dcc4146c94740ac50f83156337d8917e,,4,0,INDIVIDUAL
Dark Bible Chronicles,Dark Bible Chronicles,https://www.spreaker.com/show/7229273/episodes/feed,"Welcome to Dark Bible Chronicles — a cinematic Bible storytelling channel exploring the forgotten, hidden, and powerful stories of Scripture. Here, we bring the Bible to life through full movie-style documentaries, ancient history, lost books, early Christian stories, and biblical figures many people have never truly heard about. From the Ethiopian Bible to the Book of Exodus, from Simon of Cyrene to Onesimus, from the apostles to the African roots of Christianity, every story is told with depth, emotion, and a cinematic vision",Spreaker,en,https://d3wo5wojvuv7l.cloudfront.net/t_rss_itunes_square_1400/images.spreaker.com/original/1d68097aa537d494649ac4d84c958287.jpg,2026-08-02 19:49:20,7978941,confirmed,https://www.spreaker.com/podcast/dark-bible-chronicles--7229273,1785700160,6e7d7fc828826fd5bd559539aef850ac,,4,0,INDIVIDUAL
The David Hahn Show,The Catholic Herald,https://anchor.fm/s/11574f41c/podcast/rss,"The David Hahn Show brings you the week's biggest Catholic news and commentary from The Catholic Herald, from Vatican intrigue to Church life around the world.",Anchor,en,https://d3t3ozftmdmh3i.cloudfront.net/staging/podcast_uploaded_nologo/46449535/46449535-1785500765462-360d103b0c8ea.jpg,2026-08-02 19:48:38,7978940,confirmed,https://podcasters.spotify.com/pod/show/daniel859,1785700118,6db1cad48a6b1055d3d76987ae14f385,6795936064.0,2,0,CORPORATE
Exit Interviews CU,Henry Igweka,https://anchor.fm/s/115500c10/podcast/rss,"Real conversations about faith, growth, mistakes, and the lessons that only show up in hindsight. If you want to hear what university actually teaches people, not the version in the prospectus, this is that show.",Anchor,en,https://d3t3ozftmdmh3i.cloudfront.net/staging/podcast_uploaded_nologo/46425348/46425348-1784990908718-4eab48f5908d9.jpg,2026-08-02 19:40:50,7978936,confirmed,https://podcasters.spotify.com/pod/show/henry-igweka4,1785699650,88850e773a34f36a0670d8bf94cc5b76,6794682842.0,2,0,INDIVIDUAL
The Discipleship Direction,Joshua Massaro,https://feeds.captivate.fm/thediscipleshipdirection/,"Our mission is simple:  To help believers follow Christ, grow in Christ, serve Christ, and disciple others.",Captivate,en,https://artwork.captivate.fm/6e90e489-8f62-4320-9ea9-4deebce14efa/Following-Christ-Growing-in-Christ-Multiplying-disciples-3.png,2026-08-02 19:33:17,7978927,confirmed,https://thediscipleshipdirection.captivate.fm,1785699197,b9d2d41cf0c23e1bfb49da42204515c1,,4,0,INDIVIDUAL
The Creative Life with Taylor,Lamplight Universe,https://anchor.fm/s/1109b81f4/podcast/rss,"An engaging, thoughtful podcast hosted by award-winning author Taylor Thomas Smythe that explores creative journeys over a lifetime, dives deep into the creative process, and inspires listeners to unlock their own creativity and potential in their life now. With guests from a wide array of disciplines and media, listeners will walk away inspired to build a creative life with confidence.",Anchor,en,https://d3t3ozftmdmh3i.cloudfront.net/staging/podcast_uploaded_nologo/45635941/45635941-1783874858503-ad29899438816.jpg,2026-08-02 19:27:42,7978922,confirmed,http://lamplightuniverse.com/podcasts/the-creative-life-with-taylor,1785698862,3a87fc38ff8ec94974f4034cdaf45df0,6796985497.0,2,0,INDIVIDUAL
Built In The Dark,The Night Shift Dad,https://anchor.fm/s/1156f01d8/podcast/rss,"Built in the Dark is the podcast for night-shift workers who feel like they’re living on a different clock than the rest of the world. Hosted by The Night Shift Dad, each episode explores the realities of overnight life- from sleep, family, and relationships to work, identity, and the small moments only night-shift workers truly understand. Through honest conversations, community stories, and practical insights, this is a place where people working while the world sleeps can feel seen, understood, and reminded they’re not doing it alone",Anchor,en,https://d3t3ozftmdmh3i.cloudfront.net/staging/podcast_uploaded_nologo/46445638/46445638-1785269003270-5199a28fe61b2.jpg,2026-08-02 19:16:46,7978919,confirmed,https://podcasters.spotify.com/pod/show/the-night-shift-dad,1785698206,9058c252f1be7ca674cf5c00ba09124b,6797065909.0,2,0,CORPORATE
Mizzou Musings,CNich,https://anchor.fm/s/114458728/podcast/rss,A podcast that dives deep into Mizzou Football and Mizzou Basketball,Anchor,en,https://d3t3ozftmdmh3i.cloudfront.net/staging/podcast_uploaded_nologo/46250682/46250682-1782519051416-35a696210a2a6.jpg,2026-08-02 19:12:29,7978917,confirmed,https://podcasters.spotify.com/pod/show/casenicholson7,1785697949,389306c2ac1a83fe8337e12788098e6b,6784862388.0,2,0,INDIVIDUAL
Lou Yala Podcast,Luis,https://rss.buzzsprout.com/2634149.rss,<p>Grand Master Lou Yala Podcast</p>,Buzzsprout,en-us,https://storage.buzzsprout.com/f3vshksnmznk4kdm2wfe05xuwbgz?.jpg,2026-08-02 19:12:26,7978916,confirmed,,1785697946,f6423dacb9e357631cab2b5b1acb3ec8,,4,0,INDIVIDUAL
TWO BALLER,Lil Titty & Cheef Koscak,https://rss.buzzsprout.com/2634148.rss,<p> •</p>,Buzzsprout,en-us,https://storage.buzzsprout.com/w8f03foc93kbs9xw48x69u9tokfg?.jpg,2026-08-02 19:06:38,7978913,confirmed,,1785697598,65406d71b48e899de52cb7ece362526d,,4,0,CORPORATE
The Black Book of Power,Stan Taylor,https://feed.podbean.com/stantaylor/feed.xml,"The Black Book of Power is a 650-page manual on power, persuasion, and identity, built on one premise, that you were programmed without permission and insight alone deprograms nobody. So it runs on execution, a 21-day protocol that retrains how other people move you, then the deliberate construction of an identity you chose. Sold direct only, audiobook free with the hardcover, 90-day guarantee: stantaylor.com",Podbean,en,https://pbcdn1.podbean.com/imglogo/image-logo/21357888/Podcast.jpg,2026-08-02 18:52:19,7978905,confirmed,https://stantaylor.podbean.com,1785696739,93b83a9281613cd7ccfa66bfc47f3922,6796229191.0,2,0,INDIVIDUAL
The ReadyforWork Podcast with Tom-Chris Emewulu,Tom-Chris Emewulu,https://anchor.fm/s/114b08820/podcast/rss,"The ReadyforWork Podcast with Tom-Chris Emewulu brings you exclusive conversations and practical insights to grow your mindset, money, productivity, and well-being. Subscribe now and don't miss the next episode!
✔️Learn more about Tom-Chris: https://www.linkedin.com/in/tomchrisemewulu/
✔️Learn more about ReadyforWork: https://readyforwork.africa/",Anchor,en,https://d3t3ozftmdmh3i.cloudfront.net/staging/podcast_uploaded_nologo/46320808/46320808-1783528004292-4d158bd24c509.jpg,2026-08-02 18:52:04,7978904,confirmed,https://readyforwork.africa/,1785696724,33ae351ca4016064240671eaa812bd6a,6790864381.0,2,0,INDIVIDUAL
Unfinished,Jason,https://rss.buzzsprout.com/2624739.rss,"<p> Unfinished is a podcast about growth, mistakes, fatherhood, sobriety, relationships, and all the things we're still working on. Because no matter where we are in life, we're all unfinished. </p>",Buzzsprout,en-us,https://storage.buzzsprout.com/ao3jos37o54xa5bc1i0xsoc9i0za?.jpg,2026-08-02 18:38:38,7978896,confirmed,,1785695918,0213692e7ab5dac299a5a5f490085425,,4,0,INDIVIDUAL
Lives Worth Believing In,Podlatino,https://www.omnycontent.com/d/playlist/b9b19302-3b34-47c9-a95a-b10100cc3818/377c25d9-a5f5-4e3f-9ff1-b456003c0fee/d25c28e0-0237-45b0-b056-b456003c162e/podcast.rss,"Lives Worth Believing In is an inspirational narrative podcast about real people whose lives sound almost impossible, yet truly happened. Each episode explores the story of someone who faced loss, failure, discrimination, poverty, illness, rejection, or a defining moment, and still found a way to move forward. These are not perfect lives or simple success stories. They are human journeys filled with doubt, setbacks, contradictions, and choices that changed everything. With an emotional, cinematic, and intimate tone, the show is designed for adult listeners who love powerful life stories, unforgettable biographies, and the turning points that reveal what people are capable of when everything seems lost. Lives Worth Believing In invites listeners to discover lives that left a mark and to remember that even in the hardest chapters, a new story can still begin.",Megaphone,en,https://www.omnycontent.com/d/programs/b9b19302-3b34-47c9-a95a-b10100cc3818/377c25d9-a5f5-4e3f-9ff1-b456003c0fee/image.jpg?t=1779766729&size=Large,2026-08-02 18:33:26,7978888,confirmed,http://podlatino.com/,1785695606,aab2563ecbfc0f09859d569c69c15292,6793580076.0,2,0,INDIVIDUAL
*the618,andrewgix,https://feed.podbean.com/andrewgix/feed.xml,"New podcast weblogDive deep into the heart and soul of our ministry with the618 Podcast! Join us as we share inspiring stories, insights, and behind-the-scenes glimpses of our team. Whether you’re a long-time follower or new to our community, this podcast is your gateway to understanding our mission, values, and the people who make it all happen. Tune in and be a part of our journey as we spread hope, faith, and love.",Podbean,en,https://pbcdn1.podbean.com/imglogo/image-logo/20161106/the618podcast.png,2026-08-02 18:31:24,7978878,confirmed,https://andrewgix.podbean.com,1785695484,f98981caab38a6b9656c7e95e1400f53,1792497486.0,2,0,CORPORATE
Deleuze Modeste,Eyroux,https://rss.buzzsprout.com/2634138.rss,"<p>Official podcast for the Deleuze Modeste website. Gilles Deleuze in humble terms, plastics art, painting, music, philosophy and architecture. Friends of the concept.</p>",Buzzsprout,en-us,https://storage.buzzsprout.com/m2r1ssnybavq2fymcuusaun2ezdk?.jpg,2026-08-02 18:28:44,7978876,confirmed,,1785695324,8127f5470f8969c564c9fcb48c65b072,,4,0,INDIVIDUAL
Back at the Movies,Scott Mason,https://feeds.megaphone.fm/AMPP6183499752,"<p>Join Scott Mason and an all-star panel of co-hosts for Back at the Movies, a weekly look back at some of the favorite films of noted critics Gene Siskel and Roger Ebert. Plus in-depth reviews of classics Siskel and Ebert missed the boat on and new movies where we speculate about what the iconic duo would’ve thought.</p>",Megaphone,en,"https://megaphone.imgix.net/podcasts/f04eaca6-84af-11f1-bc95-6ff61a6fed0f/image/0f3fc2eb0e466e2ea582ef6212bbc6d1.jpg?ixlib=rails-4.3.1&max-w=3000&max-h=3000&fit=crop&auto=format,compress",2026-08-02 18:27:49,7978875,confirmed,,1785695269,e38abae541619ae1a18720fecdd47cd9,6795754684.0,2,0,INDIVIDUAL
Crohn’s Bros,The Crohn’s Bros,https://anchor.fm/s/114e4bdc0/podcast/rss,"Brother in laws both with Crohn’s Disease talking about life with an autoimmune disease and making light of the situation. “Shaka in one hand, TP in the other”",Anchor,en-us,https://d3t3ozftmdmh3i.cloudfront.net/staging/podcast_uploaded_nologo/46355024/46355024-1785604535646-dd323380bfef5.jpg,2026-08-02 18:26:42,7978874,confirmed,https://podcasters.spotify.com/pod/show/kbrossard,1785695202,12e72d73e83b860c51f17ac8d17b631f,6797281264.0,2,0,CORPORATE
PUSH Podcast 88 with D'wayne Bright,Dwayne,https://rss.buzzsprout.com/2634128.rss,"<p><b>Every breakthrough starts with a story.</b></p><p>Welcome to <b>PUSH Podcast 88</b>, the podcast that challenges you to grow, heal, lead, and become the person you were created to be.</p><p><br></p><p>Hosted by <b>D'wayne Bright</b>, each episode delivers real conversations, practical wisdom, and transformational insights on leadership, purpose, faith, fatherhood, motherhood, relationships, emotional intelligence, personal growth, and overcoming life's greatest challenges.</p><p>Whether you're rebuilding after hardship, pursuing your purpose, strengthening your family, or striving to become a better leader, this podcast is designed to equip you with the mindset, tools, and encouragement to move forward with confidence. </p><p><br></p><p>At PUSH Podcast 88, we believe motivation fades but transformation lasts.</p><p>Join a growing community committed to living with intention, embracing growth, and pursuing excellence in every area of life.</p><p><br></p><p><b>P.U.S.H. — Pursue Until Something Happens.</b></p><p><br></p><p>Because <b>the rest of your life can become the best of your life.</b> And remember...</p><p><b>Every breakthrough starts with a story.</b></p>",Buzzsprout,en-us,https://storage.buzzsprout.com/m7iiq4duj2ivwg28xoat4q29kilw?.jpg,2026-08-02 18:21:10,7978871,confirmed,https://www.buzzsprout.com/2634128,1785694870,80799f3738e4da8d7047f70fc72dd285,,4,0,INDIVIDUAL
Four Four Seven Podcast,"Jay,Chris",https://anchor.fm/s/1157c0900/podcast/rss,"Its about the culture of Music,Fashion and entertainment. Talking about the past the present and the future",Anchor,en-us,https://d3t3ozftmdmh3i.cloudfront.net/staging/podcast_uploaded_nologo/46454176/46454176-1785376693415-1c22d977bebb9.jpg,2026-08-02 18:20:10,7978870,confirmed,https://podcasters.spotify.com/pod/show/4477,1785694810,e98d0d404fdc65abb001eb23b67c4c42,6796544457.0,2,0,INDIVIDUAL
Kipour and co,Floriane Claire Coopaname CHINSKY,https://feeds.captivate.fm/kipour-and-co/,"Reprendre courage, renouveler son chemin de vie",Captivate,en,https://artwork.captivate.fm/767c86d4-180e-40c9-906f-7be3434f4556/kipour-and-co-1.jpg,2026-08-02 18:05:13,7978864,confirmed,https://kipour-and-co.captivate.fm,1785693913,54eaf88d072b95b9daf684bc5e9bd60e,,4,0,INDIVIDUAL
The Milbrook Files,Little Red Ghost Studios,https://rss.buzzsprout.com/2448994.rss,"<p><b>These files were not meant to be found. The Millbrook Files is an investigative horror podcast following independent podcaster Avery Quinn as she sets out to document the strange folklore surrounding one forgotten small town. Urban legends. Haunted locations. Unexplained disappearances. Forgotten cemeteries. Scary stories everyone swears happened to a friend of a friend.</b></p><p><br></p><p><b>Then a package arrives.</b></p><p><br></p><p><b>Inside: a weathered red binder labeled The Campfire Protocols, a collection of bizarre rules supposedly written by the people responsible for patrolling Blackwood Forest. Rules that make no sense... until listeners begin recognizing them, strangers start warning Avery to stop asking questions, and people begin remembering the town differently.</b></p><p><br></p><p><b>This is not a ghost story. This is evidence.</b></p><p><br></p><p><b>Presented as a real investigative podcast recorded in real time, The Millbrook Files is a serialized audio drama horror experience. Every episode is another piece of a conspiracy you were never supposed to uncover. Records disappear, witnesses change their stories, entire places vanish from history. And somewhere in the background of every investigation, watching from just beyond the edge of the frame, is a silent figure known only as The Man in the Hat.</b></p><p><br></p><p><b>Some stories are meant to be told….Others were buried for a reason.</b></p><p><br></p><p><b>New episodes drop every week. Subscribe and follow the investigation from the beginning.</b></p><p><br></p><p><b>START FROM FILE 001 — I Live in the Weirdest Town in America </b></p><p><br></p><p><b>If you love found footage horror, paranormal investigation, small town horror mysteries, creepypasta, or audio drama horror with a conspiracy edge this is your playlist.</b></p><p><b> The Millbrook Files is horror storytelling crafted by humans, presented as if it's real. No jump scares. No gimmicks. Just a case file that keeps getting harder to close.</b></p><p><br></p><p><b>Avery Quinn is not responsible for what you remember after listening.</b></p><p><br><br></p>",Buzzsprout,en-us,https://storage.buzzsprout.com/upbgew7zfuygug8v8jhyrq69hyxp?.jpg,2026-08-02 17:55:42,7978861,confirmed,https://www.buzzsprout.com/2448994,1785693342,292f6f7833f9e44be22fb9cca1cedf59,6797289838.0,4,0,INDIVIDUAL
Old School / New Tech,Ran Aroussi,https://feeds.transistor.fm/old-school-new-tech,"Old school thinking meets new tech — an unfiltered podcast, hosted by Ran Aroussi and a co-host you won’t see coming.

​Live every episode. No production lag, no editing. Business, AI, tech, startup ideas, and whatever's worth talking about — through the lens of someone who's been building production systems for 35+ years",Transistor,en,https://img.transistorcdn.com/ntjnQaDYyms6yIq1WD10wLReLvQrnHkAA0zYZ3JhTYI/rs:fill:0:0:1/w:1400/h:1400/q:60/mb:500000/aHR0cHM6Ly9pbWct/dXBsb2FkLXByb2R1/Y3Rpb24udHJhbnNp/c3Rvci5mbS85YTRj/ZGQ0Y2RkZDdmMGY4/NzdjYjgxNjI4OWQ5/YTdkYS5qcGVn.jpg,2026-08-02 17:54:45,7978859,confirmed,https://oldschoolnewtech.com,1785693285,7de30e819b6bd5fbdcfdc79346ff0267,,4,0,INDIVIDUAL
Unstable Connections,Unstable Connections,https://anchor.fm/s/1158d12b8/podcast/rss,"Unstable Connections is a podcast hosted by Sky and Kenna where friendship, chaos, and real life conversations collide. Each episode dives into relatable stories, personal experiences, and the unpredictable moments.
From how we met to the stories that shaped our friendship, we explore what it means to connect with people in a world that does not make it easy. If you enjoy authentic chats, a little bit of chaos, and growing alongside a podcast from the very beginning, you're in the right place.
Thank you so much for the support!",Anchor,en,https://d3t3ozftmdmh3i.cloudfront.net/staging/podcast_uploaded_nologo/46465342/46465342-1785524964560-1f57b552059ed.jpg,2026-08-02 17:43:22,7978854,confirmed,https://podcasters.spotify.com/pod/show/unstable-connections4,1785692602,d83f524637a33752218a118411266d5c,6796825449.0,2,0,INDIVIDUAL
78 Glow Diaries ♡,Porsche,https://anchor.fm/s/1158f7a58/podcast/rss,"You’ve heard of 75 Hard.
You’ve heard of 75 Soft.
Now meet 78 Glow:
A 78-card self-improvement challenge that transforms tarot into your own personal and practical glow-up bible!
This isn’t your average tarot podcast.
We’re not here to predict your future; we’re here to help you create it.
So, let’s shuffle the deck and make fetch happen! Because, contrary to what Regina George said - It is going to happen.💋",Anchor,en,https://d3t3ozftmdmh3i.cloudfront.net/staging/podcast_uploaded_nologo/46466918/46466918-1785547337505-4f761a841b1e8.jpg,2026-08-02 17:40:36,7978850,confirmed,https://podcasters.spotify.com/pod/show/78-glow-diaries,1785692436,65d25739ba6b3eea6a7e91e018b8611b,6797043656.0,2,0,INDIVIDUAL
Here Honestly,Alexis Isom,https://rss.buzzsprout.com/2466249.rss,"<p>This podcast was created for women who are navigating real life while intentionally building a relationship with God. Whether you're learning to trust Him, healing from past experiences, praying for direction, or simply trying to stay faithful in a world that's constantly pulling your attention elsewhere, you don't have to walk that journey alone.</p>",Buzzsprout,en-us,https://storage.buzzsprout.com/5tdvvklq8xaq3pa5kbjeyucaypls?.jpg,2026-08-02 17:33:42,7978848,confirmed,https://www.buzzsprout.com/2466249,1785692022,007386ed4254eee4c5ee02765ea86865,,4,0,INDIVIDUAL
Moor Students Podcast,Moor Students Podcast,https://anchor.fm/s/1155d1270/podcast/rss,Listen to high schoolers from Broadmoor Baptist Church discuss relevant topics and questions they encounter in daily life as Christian teens.,Anchor,en-us,https://d3t3ozftmdmh3i.cloudfront.net/staging/podcast_uploaded_nologo/46433884/46433884-1785117087256-38ac0eb168cb2.jpg,2026-08-02 17:30:17,7978837,confirmed,https://podcasters.spotify.com/pod/show/moor-students-podcast7,1785691817,35a2cb8e85252f58cbed50297498927b,6795947022.0,2,0,INDIVIDUAL
BetOnYourself’s Podcast,BetOnYourself’s Podcast,https://feed.podbean.com/firozbegum68/feed.xml,"<p class=""isSelectedEnd""><strong><span>Bet On Yourself</span></strong><span> is a motivational podcast designed to help you unlock your full potential, build confidence, and create a life of purpose and success.</span></p>
<p class=""isSelectedEnd""><span>Every episode delivers practical insights on personal growth, self-discipline, mindset, productivity, leadership, habits, resilience, and achieving meaningful goals. Whether you're an entrepreneur, professional, student, or simply someone striving to become the best version of yourself, this podcast provides actionable strategies and inspiring conversations to help you move forward.</span></p>
<p class=""isSelectedEnd""><span>Success doesn't happen by chance—it begins the moment you choose to believe in yourself.</span></p>
<p class=""isSelectedEnd""><span>Subscribe now and join thousands of listeners who are committed to growing every day.</span></p>
<p><strong><span>Because the best investment you'll ever make is betting on yourself.</span></strong></p>",Podbean,en,https://pbcdn1.podbean.com/imglogo/image-logo/22532804/Untitled_design_5_91roc.jpg,2026-08-02 17:28:44,7978836,confirmed,https://firozbegum68.podbean.com,1785691724,628e843129e853ae98ea0e05e9743428,6796827470.0,2,0,INDIVIDUAL
DIVE BAR CITY Podcast Show,Todd Block,https://rss.buzzsprout.com/2630042.rss,"<p>Podcast covering music, sports and pop culture</p>",Buzzsprout,en-us,https://storage.buzzsprout.com/s4kd8wsjjc34lh5gl7u4gkpngbeo?.jpg,2026-08-02 17:23:30,7978834,confirmed,https://www.buzzsprout.com/2630042,1785691410,c5aa2ab09ece3eb5f74ca8ceab27a379,,4,0,INDIVIDUAL
Built Into Culture,Nathaniel Ancheta,https://rss.buzzsprout.com/2634118.rss,"<p>Built Into Culture is a documentary-style podcast about how ordinary products and brands become part of everyday life. Each episode traces one object's journey from function to meaning: how it shapes identity, rituals, memories, and shared culture through the lenses of design, psychology, history, and consumer behavior. This isn’t a founder-interview show or a marketing playbook. It’s the story of how ordinary things become meaningful.</p>",Buzzsprout,en-us,https://storage.buzzsprout.com/gvfsylxnrb2yc48h4p2abhucq6s3?.jpg,2026-08-02 17:23:12,7978833,confirmed,,1785691392,35753483bf68aa3b2c6eee5e486c25a6,,4,0,INDIVIDUAL
House of Alchemy,Ellis Kelly Interiors,https://anchor.fm/s/10dcec7ec/podcast/rss,"House of Alchemy is hosted by sisters Virginia and Natalie Drader, interior designers, Feng Shui practitioners, and co-founders of Ellis Kelly Interiors. Each week, they explore the connection between home, design, and well-being through Interior Design, Feng Shui, the Five Elements, and Nine Star Ki. Whether you’re renovating, decorating, or simply seeking a more intentional life, House of Alchemy will inspire you to create a home that not only looks beautiful, but truly supports the way you live.",Anchor,en,https://d3t3ozftmdmh3i.cloudfront.net/staging/podcast_uploaded_nologo/45166227/45166227-1785358146853-260206383db1c.jpg,2026-08-02 17:19:10,7978831,confirmed,https://elliskellyinteriors.com/,1785691150,a804acfd9b9a284ab61b9d93b84b26fb,6796398664.0,2,0,INDIVIDUAL
moments+peace,Nereida and Mike Kendrick,https://anchor.fm/s/979b72dc/podcast/rss,"Nereida and Mike Kendrick talk about raising a Christian family from a biblical worldview. Topics include Christian encouragement, family discipleship, family worship, homeschooling, child raising, launching out adult children, interviews with fellow Christians which include testimonials and cultural discussions, and more. Be sure to subscribe so you don’t miss any episodes!
JOIN OUR EMAIL LIST: 
https://moments-peace.ck.page/e104e6353e",Anchor,en,https://d3t3ozftmdmh3i.cloudfront.net/production/podcast_uploaded_nologo/25335471/25335471-1652720865518-b939702395804.jpg,2026-08-02 17:14:36,7978829,confirmed,https://momentspeace.org,1785690876,43f983296e5198a30fea40b3b25ecd42,1355573689.0,2,0,CORPORATE
L.T.M.G Podcast | Listen to Me Good,Michelle Browder,https://rss.buzzsprout.com/2633208.rss,"<p><em>Listen To Me Good</em> is hosted by artist, activist, and truth-teller Michelle Browder — the force behind Montgomery's Mothers of Gynecology Monument and The More Up Campus. Each episode digs into the stories history left out: women's health, politics, and the hard truths that shaped where we are now. Michelle sits down with the people living those stories firsthand — family, changemakers, and voices rarely handed the mic — for conversations that are honest, unflinching, and necessary. No filters, no gatekeeping. Just the truth, told right. Sit back, relax, and <em>listen to me good.</em></p>",Buzzsprout,en-us,https://storage.buzzsprout.com/x24e2q3n6zmexr7fs928jw7vyeza?.jpg,2026-08-02 17:11:00,7978827,confirmed,https://www.buzzsprout.com/2633208,1785690660,987ea19a8492daeb8b795707ed74149d,,0,0,INDIVIDUAL
Sessions,TJ Carson,https://anchor.fm/s/1025bbb7c/podcast/rss,"Sessions is the telling of fictional characters’ untold therapy sessions with Dr. Regina--the one staple across all episodes. These tales fall before, during or after the stories of the characters from their original media, sometimes with modern updates, sometimes not, and sometimes set outside of time. All characters in the public domain.",Anchor,en,https://d3t3ozftmdmh3i.cloudfront.net/staging/podcast_uploaded_nologo/43245335/43245335-1741825845650-e6b617d8dd769.jpg,2026-08-02 17:09:36,7978826,confirmed,https://podcasters.spotify.com/pod/show/the4501,1785690576,e90dc80d4c00421dfe14f3c6137c11ce,1807013597.0,2,0,INDIVIDUAL
Sunday Reflections with Clara Vox,Clara Vox,https://rss.buzzsprout.com/2632842.rss,"<p><em>Sunday Reflections with Clara Vox</em> is a weekly sanctuary for collective courage, connection, and renewal. In a time when isolation is deliberately manufactured to keep people fearful and divided, this podcast gathers listeners into a shared space of hope, solidarity, and imagination. Clara Vox explores the stories, practices, and everyday acts of resistance that strengthen communities and counter the influence of concentrated wealth and power. Each episode invites listeners to reconnect with one another, reclaim their agency, and cultivate the kind of grounded, compassionate resilience that makes meaningful change possible. It’s a place to breathe, to remember we’re not alone, and to envision a future built not by billionaires, but by all of us — together.</p>",Buzzsprout,en-us,https://storage.buzzsprout.com/49bwzmfhqexb0z12l3dqllu8tgn9?.jpg,2026-08-02 17:05:35,7978822,confirmed,https://sundayreflectionswithclaravox.buzzsprout.com,1785690335,7552dbf5babd919cbe82d0ec13864160,,4,0,INDIVIDUAL
The Jazz Scene at GPAC,Germantown Performing Arts Center,https://feeds.libsyn.com/626615/rss,"What's happening on the jazz horizon at GPAC? Join Memphis musician Victor Sawyer as he breaks down the upcoming lineup at the Germantown Performing Arts Center. The Jazz Scene at GPAC offers an insider's look at the incredible artists bringing world-class jazz to our community with exclusive interviews, deep dives into artists' catalogues, and more! Subscribe now!",Libsyn,en-us,https://static.libsyn.com/p/assets/b/b/7/3/bb7334be4579c84916c3140a3186d450/Jazz_Scene_Thumbnail-20260729-r5s77lzgo0.png,2026-08-02 17:03:42,7978821,confirmed,https://sites.libsyn.com/626615,1785690222,cabaa99dc1e57083b3c0287057b3236a,6796439862.0,2,0,CORPORATE
A Toast With The Talamone's,Allthingzzminni Studios,https://anchor.fm/s/11584f3d0/podcast/rss,"Welcome to A Toast With The Talamone's! 🥂
Join Antoinette and Gary Talamone for honest conversations about marriage, family, entrepreneurship, parenting, pop culture, anime, music, and everything life throws our way.
Every episode is like sitting at the table with friends—sharing real stories, real laughs, hard lessons, and unfiltered conversations that remind us we're all figuring life out together. Whether we're discussing relationships, raising children, building businesses, overcoming challenges, or debating the latest anime and music, we believe every conversation deserves a toast.",Anchor,en-us,https://d3t3ozftmdmh3i.cloudfront.net/staging/podcast_uploaded_nologo/46460020/46460020-1785450512195-7dafbe1e345d6.jpg,2026-08-02 16:51:44,7978814,confirmed,https://podcasters.spotify.com/pod/show/allthingzzminni9,1785689504,5ba2a664a2ee382a0a346e0068e85c10,6796512950.0,2,0,INDIVIDUAL
Talking shit with Cdai,Courtney Ealy,https://rss.buzzsprout.com/2632348.rss,"<p><b>Talking Shit with Cdai</b> is more than a podcast—it’s a chance to hear directly from someone who has lived through one of Chicago’s most well-known drill eras and who has spent years reflecting on the choices that shaped his life.</p><p>Born and raised around the Calumet Buildings on Chicago’s South Side before moving to Brick City, Cdai grew up alongside names like his brother Edai,  L’A Capone, RondoNumbaNine, Chief Keef, Lil Reese,Fredo Santana and many others who became part of Chicago’s drill history. As one of the original members of 600, he witnessed the rise of the movement, the success, and the devastating losses that defined that generation.</p><p>After being sentenced to decades in prison, Cdai has had years to reflect, mature, and develop a different perspective on life. This podcast isn’t about glorifying violence or reliving the past—it’s about honest conversations, accountability, growth, and speaking on real-life experiences from someone who has lived them.</p><p>Expect unfiltered discussions on music, sports, relationships, current events, prison life, street culture, and whatever else is worth talking about. Some episodes will feature call-ins from listeners, while others will include guests and open conversations with people from all walks of life.</p><p>The goal is simple: keep it real, make people think, have some laughs, and show that growth is possible. Your past may explain where you came from, but it doesn’t have to define where you’re going.</p><p><b>Welcome to Talking Shit with Cdai.</b></p><p><br></p>",Buzzsprout,en-us,https://storage.buzzsprout.com/77trnebb8lpch5nyvrq0c3siky87?.jpg,2026-08-02 16:46:19,7978811,confirmed,https://www.buzzsprout.com/2632348,1785689179,f97e50951706983e49ff8586b4a60d1e,,4,0,INDIVIDUAL
LTC,Hank Sanders,https://anchor.fm/s/102e096d0/podcast/rss,Late to Class Podcast,Anchor,en,https://d3t3ozftmdmh3i.cloudfront.net/staging/podcast_uploaded_nologo/43332404/43332404-1753379721152-04daa59d9bd43.jpg,2026-08-02 16:43:31,7978809,confirmed,https://podcasters.spotify.com/pod/show/hank-sanders9,1785689011,de7710e883ec45f28fa74f9887c155e6,1627086529.0,2,0,CORPORATE
Dark Sugar Podcast,Key,https://anchor.fm/s/1144be730/podcast/rss,"Glad you made it to our podcast. Listen to some of our shows. We are talking about race, gender, mental health, self-care and all things woke. Motivation, affirmation, and relationships are what this podcast is all about. Discuss with us, and share your comments.",Anchor,en,https://d3t3ozftmdmh3i.cloudfront.net/staging/podcast_uploaded_nologo/46254860/77817f836cb989f1.jpg,2026-08-02 16:38:22,7978805,confirmed,https://www.facebook.com/darksugarpodcast/,1785688702,c416d4d401b5854bfa106d329c4e515d,6785296868.0,2,0,INDIVIDUAL
Agents of Health,Dr. Wellis - Aprinove,https://anchor.fm/s/1155f529c/podcast/rss,"Dr. Wellis and a rotating cast of guests — all AI-built, all designed to think like the people who run healthcare — dig into the real dilemmas shaping global HealthTech. New episodes weekly.
Agents of Health is an entirely AI-generated production. All hosts and guests are synthetic personas; the healthcare challenges they debate are real.",Anchor,en,https://d3t3ozftmdmh3i.cloudfront.net/staging/podcast_uploaded_nologo/46435359/46435359-1785154782745-723ef6516b05f.jpg,2026-08-02 16:37:53,7978803,confirmed,https://podcasters.spotify.com/pod/show/amir-gilboa8,1785688673,e5e5ce2e4d2556d7bd5f2923c11e51e8,6795117343.0,2,0,INDIVIDUAL
The Pokémon Naturalist,Secret Sailor,https://anchor.fm/s/1155e7520/podcast/rss,"The Pokémon Naturalist is an immersive documentary style podcast that explores the Pokémon world through the lens of a wildlife researcher. Each episode dives into a different Pokémon, uncovering its habitat, behavior, diet, ecology, evolution, and role within its natural ecosystem. Inspired by classic nature documentaries, this series blends lore, science, and storytelling to imagine what life would be like if Pokémon truly existed in the wild. Grab your field journal and join us on every expedition into the fascinating world of Pokémon.
Youtube: https://www.youtube.com/playlist?list=PLLs7yO",Anchor,en,https://d3t3ozftmdmh3i.cloudfront.net/staging/podcast_uploaded_nologo/46434792/46434792-1785228652874-47c1cdc806054.jpg,2026-08-02 16:23:41,7978791,confirmed,https://podcasters.spotify.com/pod/show/rap-sanchez,1785687821,417f8b2094098d6697dcc72363e168ba,6795830387.0,2,0,INDIVIDUAL
BelovedTech,John Beloved,https://www.spreaker.com/show/7228956/episodes/feed,"BelovedTech Podcast is a programming podcast that takes you from beginner to pro. Learn software development through real coding, hands-on projects, expert insights, and practical career guidance. Whether you're writing your first line of code or mastering advanced concepts, each episode is designed to help you build real-world skills and grow as a developer. New episodes every week. 🚀",Spreaker,en,https://d3wo5wojvuv7l.cloudfront.net/t_rss_itunes_square_1400/images.spreaker.com/original/bda642221d38ba466b3903c7157a8d9e.jpg,2026-08-02 16:10:40,7978786,confirmed,https://www.spreaker.com/podcast/belovedtech--7228956,1785687040,3119b774e2a1d0d249adcfd4f5daf60c,,4,0,INDIVIDUAL
Preaching.,Preaching,https://www.spreaker.com/show/7228953/episodes/feed,"Preaching Podcast<br /><br />Welcome to Preaching Podcast, where God's Word is preached with clarity, truth, and purpose. Every episode is designed to strengthen your faith, deepen your understanding of Scripture, and encourage you to live according to Christ's teachings.<br /><br />Whether you're seeking biblical wisdom, daily encouragement, or inspiring messages, this podcast is here to help you grow spiritually and stay connected to God's purpose for your life.<br /><br />""Go therefore and make disciples of all nations."" – Matthew 28:19",Spreaker,en,https://d3wo5wojvuv7l.cloudfront.net/t_rss_itunes_square_1400/images.spreaker.com/original/369c1481ddf3fdc3d9e5b9240c05e837.jpg,2026-08-02 16:07:06,7978783,confirmed,https://www.spreaker.com/podcast/preaching--7228953,1785686826,6f2cbfd150c04440aa57f01118ddef80,,4,0,INDIVIDUAL
Live From America with Jeremy Herrell,Jeremy Herrell,https://rss.buzzsprout.com/2634125.rss,"LFA TV is a network of individuals with colorful and unique ways of delivering what is really going on in the sociopolitical environment of the United States of America. LFA TV is the powerful, loud, and populist trendsetting result of what has risen from the ashes in the wake of the death of ""Main Stream Media"". In a culture full of woke corporations and individuals who want to silence or outspend their opposition into non-existence, American Mothers, Fathers, workers, taxpaying, God fearing patriots stood up and said, ""enough is enough!"" On November 4th 2020, we all decided that we had to reign in these corrupt politicians from ground up and WE THE PEOPLE started winning school board positions, city councils, county commissioners, precinct committee seats, state representatives, secretary of state positions, attorneys general offices and more! This is what should have always happened in America but the corruption in tandem with the media has created a society in which people are ""too busy"" to get involved or just fear the process of being attacked as an individual and a family by people who don't like what you stand for. Those days are over and we here at LFA TV will be here to cover all of that and much more and get involved in the process ourselves if and when we have to! The time for the truth has come. Tomorrow starts now!
",Buzzsprout,en,https://storage.buzzsprout.com/qq1c4n6hg4tutudcpsqtt40w0t88?.jpg,2026-08-02 16:04:54,7978778,confirmed,https://lfatv.us/,1785686694,4ee3e0b7b86b85ce3f0e1937984d8a72,,4,0,INDIVIDUAL
Tickets Still Available,Ruairi McElhone,https://anchor.fm/s/114572a00/podcast/rss,"Tickets Still Available is a comedy interview podcast hosted by Ruairí. Each episode features relaxed conversations with comedians about their work, tours, and current shows. It’s a space to talk stand-up, the creative process, and life on the road, while helping promote upcoming gigs. Recordings are remote-friendly, so no professional setup is needed. If you’re a comedian with a show to promote, get in touch at ticketsstillavailable@gmail.com. New episodes coming soon.",Anchor,en,https://d3t3ozftmdmh3i.cloudfront.net/staging/podcast_uploaded_nologo/46262240/46262240-1784927067635-3e9b6517f51a9.jpg,2026-08-02 16:00:28,7978771,confirmed,https://podcasters.spotify.com/pod/show/ruairi-mcelhone3,1785686428,3502d8464a4fadad84184cc608bf7bbe,6788521127.0,2,0,INDIVIDUAL
No Reference,Fine Illustrator,https://anchor.fm/s/11004e03c/podcast/rss,"An interview a week with a new Artist trying to pave their way, just like you.",Anchor,en-us,https://d3t3ozftmdmh3i.cloudfront.net/staging/podcast_uploaded_nologo/45537223/45537223-1784816280667-30d0882bc2f26.jpg,2026-08-02 16:00:17,7978770,confirmed,https://podcasters.spotify.com/pod/show/unsolicited-opinions,1785686417,e34fb20720a439ad8bf0b157aac853ab,6794334273.0,2,0,INDIVIDUAL
Celluloid Insanity,Melissa Merlot,https://anchor.fm/s/110cff420/podcast/rss,Reviews and recommendations for some of the finest batsh*t crazy films that the cinematic universe has to offer.,Anchor,en-us,https://d3t3ozftmdmh3i.cloudfront.net/staging/podcast_uploaded_nologo/45670312/45670312-1774812066733-4bc824cf5d49a.jpg,2026-08-02 15:58:18,7978768,confirmed,https://podcasters.spotify.com/pod/show/melissa-merlot,1785686298,f4607da08bcb605153d8ca9aa607db9d,6796438262.0,2,0,INDIVIDUAL
Nightmare Narratives,Nightmare Narratives,https://www.spreaker.com/show/7228947/episodes/feed,"Nightmare Narratives is your destination for chilling tales, psychological horror, urban legends, supernatural encounters, and unforgettable nightmares. Each episode draws you into dark worlds filled with suspense, mystery, and fear, where every whisper hides a secret and every shadow tells a story.Whether inspired by folklore, original fiction, paranormal mysteries, or terrifying real-life events, Nightmare Narratives delivers immersive storytelling designed to keep you captivated until the very end.If you enjoy creepy stories, haunted places, ghost encounters, cursed legends, and horror that lingers long after the episode ends, you've found your next obsession.New nightmares await every episode.",Spreaker,en,https://d3wo5wojvuv7l.cloudfront.net/t_rss_itunes_square_1400/images.spreaker.com/original/bc7c0bef76e64f9f3e2d2769bd7ce4a2.jpg,2026-08-02 15:57:50,7978767,confirmed,https://www.spreaker.com/podcast/nightmare-narratives--7228947,1785686270,9afea41c2784a436fe2731911244856a,,4,0,INDIVIDUAL
Pearls of Wisdom and Power,Coach Michelle Dornor,https://anchor.fm/s/113116138/podcast/rss,"Welcome to Pearls of Wisdom & Power™, the podcast where wisdom meets execution. Hosted by Coach Michelle Dornor, this transformational podcast explores spirituality, consciousness, personal growth, emotional intelligence, metaphysics, leadership, human behavior, & the hidden patterns shaping our lives.
Each episode blends deep insight with practical empowerment to help listeners awaken awareness, discover truth, heal, grow, and transform from the inside out. Topics include ancient wisdom, symbolism, mindset, self-discovery, resilience, purpose, spiritual growth, real life, and more. Tune in!",Anchor,en,https://d3t3ozftmdmh3i.cloudfront.net/staging/podcast_uploaded_nologo/46048734/46048734-1779945911141-eb80b95e02862.jpg,2026-08-02 15:57:03,7978766,confirmed,https://dornorconsulting.com/,1785686223,a496f60eee305fff8f3c1f5992bab837,6796500505.0,2,0,INDIVIDUAL
All The Things They Said Podcast,Gen and Jenn,https://anchor.fm/s/113882390/podcast/rss,"Welcome to All the Things They Said — where nothing is off-limits and every question is fair game.
Inspired by the iconic format of 1 Girl 5 Gays, this is our unfiltered, chaotic, and sometimes too-honest take on life, dating, friendships, pop culture, and everything in between.
Each episode, Jenn comes in hot with 20 questions… and Gen answers like his life depends on it.
Expect:
Brutal honesty
Unhinged opinions
Questionable advice
And way too much oversharing
If you’ve ever wondered what someone really thinks… you’re in the right place.",Anchor,en-us,https://d3t3ozftmdmh3i.cloudfront.net/staging/podcast_uploaded_nologo/46126564/46126564-1780978994503-63c9b224f5406.jpg,2026-08-02 15:42:58,7978762,confirmed,https://podcasters.spotify.com/pod/show/jenn-gen,1785685378,392229bab52b54dd6ad5e5edba753dd5,6797051594.0,2,0,CORPORATE
The Law Queen Podcast,thelawqueenpodcast,https://feed.podbean.com/thelawqueenpodcast/feed.xml,"<p><span>The Law Queen Podcast, is a podcast dedicated to exploring the intricacies of personal injury law, with a focus on serious injury, wrongful death, and negligence cases. Hosted by Sean O'Connor, the show features in-depth conversations with legal experts like Nicole Lahmani, offering listeners a comprehensive understanding of the legal landscape. The series aims to demystify legal processes, providing practical insights and strategies for individuals navigating complex legal challenges. With a commitment to clarity and compassion, The Law Queen Podcast serves as a valuable resource for anyone seeking to understand their rights and the pursuit of justice in personal injury cases.</span></p>",Podbean,en,https://pbcdn1.podbean.com/imglogo/image-logo/22482671/Title_Podbean_2fiwxv.jpg,2026-08-02 15:36:40,7978756,confirmed,https://thelawqueenpodcast.podbean.com,1785685000,14c364ba6e3fae9a0614b11bac7e1d69,6789169106.0,2,0,INDIVIDUAL
The Good Side of Sports Podcast,Brian Hartong,https://feed.podbean.com/thegoodsideofsportspodcast/feed.xml,"<p>The Good Side of Sports Podcast highlights the good being done by athletes and organizations and all the amazing ways they are giving back. Join us as we talk with some of the biggest names in sports as well as incredible sports teams and foundations. You will be inspired by their passion for the causes they support and may even be moved to join in helping support those causes. Remember to ""Show your good side out there everyone"".</p>
<p></p>",Podbean,en,https://pbcdn1.podbean.com/imglogo/image-logo/22531221/spotify_podcast_logo.png,2026-08-02 15:33:06,7978753,confirmed,https://thegoodsideofsportspodcast.podbean.com,1785684786,0a2fea447b4af7b3eda6f55841707c14,6796789400.0,2,0,INDIVIDUAL
Mugada Siva Ganesh,Mugada Siva Ganesh,https://anchor.fm/s/115197d44/podcast/rss,"Hey, I’m Mugada Siva Ganesh — trader, investor, entrepreneur, and author. I’ve spent years navigating both the financial markets and the realities of building businesses from the ground up.
On this channel, I share perspectives and frameworks across equities, crypto, decision-making, risk, mindset, long-term value creation, and more.
If you’re focused on building something meaningful — whether it’s financial independence, a business, or a stronger version of yourself — you’ll find something here worth your time.",Anchor,en,https://d3t3ozftmdmh3i.cloudfront.net/staging/podcast_uploaded_nologo/46389593/46389593-1784492363262-1790fc2b731c7.jpg,2026-08-02 15:28:32,7978746,confirmed,https://podcasters.spotify.com/pod/show/mugada-siva-ganesh7,1785684512,46afdeae5648828372e3610fa5b3cb0b,6793024810.0,2,0,INDIVIDUAL
Headline: HIV,Dan Hall,https://feeds.captivate.fm/headline-hiv/,"Brought to you by the podcast 'HIV: The Morning After', these are headlines from the world of HIV in three minutes or less.",Captivate,en,https://artwork.captivate.fm/56a4b0b6-6420-4883-b79a-858a1e4b7da4/Headline-HIV-V2.jpg,2026-08-02 15:27:13,7978744,confirmed,https://headline-hiv.captivate.fm,1785684433,6db8fd44e74207a8d33f7be695746057,,4,0,INDIVIDUAL
The Gate Post Podcast,Arizona Cattle Growers Association,https://anchor.fm/s/1153e9688/podcast/rss,"Welcome to Ranchers for Tomorrow: The Gate Post, the official podcast of the Arizona Cattle Growers Association. Join host Nate Brawley as he shares conversations with Arizona ranchers, industry leaders, and advocates about the people, policies, and traditions shaping the future of the state's beef industry. From stories on the ranch to updates from the association, each episode celebrates the heritage, resilience, and innovation driving Arizona cattle ranching forward.",Anchor,en,https://d3t3ozftmdmh3i.cloudfront.net/staging/podcast_uploaded_nologo/46413906/46413906-1784825908689-5dfa641c48357.jpg,2026-08-02 15:21:28,7978739,confirmed,https://podcasters.spotify.com/pod/show/krysta4,1785684088,f35cd79f14c393d80d30f9a01081993a,6794918924.0,2,0,CORPORATE
Prototype,Gavin Liu,https://anchor.fm/s/1157e8c5c/podcast/rss,"Prototype exists to close one distance: the space between the people building the future and the people who back them. It is made for founders and investors, and for anyone drawn to technology, to innovation, to the stubborn work of changing the world by building something real. In each episode, Gavin sits down with a founder working at the frontier, on how technology actually gets built, how a direction gets corrected, and how conviction holds through the days when no one believes in you.",Anchor,en-us,https://d3t3ozftmdmh3i.cloudfront.net/staging/podcast_uploaded_nologo/46455823/46455823-1785402636818-5116a06642ede.jpg,2026-08-02 15:18:24,7978738,confirmed,https://podcasters.spotify.com/pod/show/gavin-liu9,1785683904,ce1216d0c17717a7cdab56885686968d,6796945191.0,2,0,INDIVIDUAL
um like yeah,Sephie Taylor and Donna,https://anchor.fm/s/fc01366c/podcast/rss,"So um like yeah it's basically just like two friends who yap about everyone and everything, you know what I mean?",Anchor,en-us,https://d3t3ozftmdmh3i.cloudfront.net/staging/podcast_uploaded_nologo/42179379/42179379-1785207379000-c8c233247d715.jpg,2026-08-02 15:11:21,7978733,confirmed,https://umlikeyeah.com,1785683481,56b36123e1386dc1b975d5e9d6869b45,6795383260.0,2,0,CORPORATE
Life Swerves With Dr. Tangela,Dr. Tangela Harris,https://anchor.fm/s/113942adc/podcast/rss,"Welcome to life wives with Dr. Tangela, the podcast for everyone navigating unexpected turns in life. Through real stories, biblical wisdom, and practical strategies, Dr. Tangela helps you recognize life‘s detour without losing your direction. Whether you’re facing grief, loss, career change, relationship challenges, leadership, transition, or seasons of uncertainty, you’ll discover how to readjust, realign, and move forward with purpose. Remember: Clarity restores power. Alignment restores peace. Structure restores momentum. Your life swerve is not the end of your story.",Anchor,en,https://d3t3ozftmdmh3i.cloudfront.net/staging/podcast_uploaded_nologo/46134447/46134447-1781091764252-da5772f7906b9.jpg,2026-08-02 15:06:31,7978731,confirmed,https://podcasters.spotify.com/pod/show/tangela,1785683191,735788befc1618910ae2f942fed30156,1896906099.0,2,0,INDIVIDUAL
Prayer Therapy,Samuel Charlotin,https://anchor.fm/s/115820b48/podcast/rss,A Place Where We Can Have Conversation Walking Through The Emotions Of Everyday Life. We Aspire To Be A Community Of People Who Love The Lord And Are Vulnerably Rooted In Him.,Anchor,en,https://d3t3ozftmdmh3i.cloudfront.net/staging/podcast_uploaded_nologo/46458114/46458114-1785429606642-06c879c1c1437.jpg,2026-08-02 15:05:39,7978729,confirmed,https://podcasters.spotify.com/pod/show/prayer-therapy0,1785683139,619f9751a460b686cedf45197f558dce,6796450982.0,2,0,INDIVIDUAL
LabourList Podcast,LabourList,https://anchor.fm/s/114f18e9c/podcast/rss,"LabourList provides the leading dedicated forum for authoritative news, insightful analysis and robust debate about the Labour Party across the UK, through our website, social media, daily newsletter and events.
Our readers, contributors and speakers alike come from across the party and beyond it, from cabinet ministers, backbenchers, councillors and members to experts, journalists and campaigners.
Launched in 2009, we are supportive of the Labour Party, but independent of it and see ourselves as a “honest friend”.",Anchor,en-gb,https://d3t3ozftmdmh3i.cloudfront.net/staging/podcast_uploaded_nologo/46363423/46363423-1784109287238-96d004c9f7b3d.jpg,2026-08-02 15:02:36,7978728,confirmed,https://podcasters.spotify.com/pod/show/labourlist4,1785682956,357dfd626f68699dd34427b7cc62ab8d,6791582779.0,2,0,INDIVIDUAL
Do you have kids? Short answer: No.,Lindsay Bane,https://rss.buzzsprout.com/2634112.rss,"<p>A collection of personal stories from women who identify as Childless Not By Choice, for people of the CNBC community and for people who want to learn about the CNBC experience. </p>",Buzzsprout,en-us,https://storage.buzzsprout.com/yiocii073q3bcdwgf31j1fluwyct?.jpg,2026-08-02 15:01:24,7978727,confirmed,,1785682884,038766414cdf3095efab7d53936fd18e,,4,0,INDIVIDUAL
