title,author,url,description,host_platform,language,image,dateAdded,id,status,link,timeAdded,contentHash,itunesId,source,dead,is_corporate
The Cilantro Diaries Podcast,"Lorenzo Gomez, Dax Moreno",https://anchor.fm/s/1046c956c/podcast/rss,"Hosted by Lorenzo Gomez III, The Cilantro Diaries Podcast is a fresh, unfiltered look at the future of San Antonio—and the stories shaping it. Join Lorenzo as he sits down with city leaders, changemakers, creatives, and everyday doers to explore what’s next for the Alamo City. From bold ideas in urbanism to the art of storytelling and the craft of writing, this show dives deep into the people and perspectives moving San Antonio forward. Part city guide, part writer’s room, part leadership lab—The Cilantro Diaries is where culture meets change.",Anchor,en,https://d3t3ozftmdmh3i.cloudfront.net/staging/podcast_uploaded_nologo/43591923/43591923-1786398021921-5cc9862308d4.jpg,2026-10-03 12:42:02,8057884,confirmed,https://podcasters.spotify.com/pod/show/cilantrodiaries,1791031322,e59d66c3fbd4af09bfe1b73d910d0e1b,6818019686.0,2,0,INDIVIDUAL
The Business Of Living,The business Of living by Angela,https://anchor.fm/s/117a0ed68/podcast/rss,"Did everyone else get a manual?
For money, Marriage, Raising children, Building a career, a home, a life that actually feels like yours. Everyone seems to know what they’re doing. Or at least what to post.
I’m Angela. I’ve worked in financial services and built a business in construction and interior finishing. 
Here on The Business of Living, we talk honestly about the everyday business of making a life, and the rather inconvenient fact that we have to live it while we’re still learning how.
Join me for practical conversations, a little laughter & Room to figure things out.",Anchor,en,https://d3t3ozftmdmh3i.cloudfront.net/staging/podcast_uploaded_nologo/46813898/46813898-1790167878306-5cfb9be315694.jpg,2026-10-03 12:40:50,8057880,confirmed,https://podcasters.spotify.com/pod/show/the-business-of-living3,1791031250,6ef32dae405530dd541cac1dbf592cd7,6816077554.0,2,0,CORPORATE
Bursts From Pentasia,A. J. Agreste,https://feeds.acast.com/public/shows/6a931908ee851f3f318b1cac,Dramatized stories written by A. J. Agreste.<hr><p style='color:grey; font-size:0.75em;'> Hosted on Acast. See <a style='color:grey;' target='_blank' rel='noopener noreferrer' href='https://acast.com/privacy'>acast.com/privacy</a> for more information.</p>,Acast,en,https://assets.pippa.io/shows/6a931908ee851f3f318b1cac/show-cover.jpg,2026-10-03 12:40:22,8057879,confirmed,https://redcircle.com/shows/the-storytellers-podiobooks,1791031222,21b3e8c5017e7908ec0446c93c01fb1e,,0,0,INDIVIDUAL
the human experience*,Jammal Morne and Stanley Jeune,https://anchor.fm/s/110c0e958/podcast/rss,A faith-based podcast hosted by 2 men seeking out the art of being fully human.,Anchor,en,https://d3t3ozftmdmh3i.cloudfront.net/staging/podcast_uploaded_nologo/45660454/45660454-1774665479833-6ef02eadd6c55.jpg,2026-10-03 12:30:38,8057871,confirmed,https://podcasters.spotify.com/pod/show/the-human-experience3,1791030638,5e05fb848f2742b085f392d468fc4c32,6806680384.0,2,0,CORPORATE
Bad Friends,Wave,https://feeds.megaphone.fm/BSN4466105853,"<p>Andrew Santino and Bobby Lee present BAD FRIENDS. New episodes every Monday!
FOLLOW BAD FRIENDS!
https://www.instagram.com/badfriendspod
https://patreon.com/badfriends
https://www.tiktok.com/@badfriendspodofficial
http://www.badfriendspod.com
Andrew Santino:
https://www.instagram.com/cheetosantino
https://twitter.com/CheetoSantino
https://www.youtube.com/andrewsantinowhiskeyginger
Bobby Lee:
https://www.instagram.com/bobbyleelive
https://twitter.com/bobbyleelive
http://bit.ly/SubscribeToTigerBelly
A 7EQUIS production:
www.7equis.com
https://www.instagram.com/7equis</p>
<p><br></p>
<p>A Wave series.<a href=""https://wavesportsandentertainment.com/""> <u>https://wavesportsandentertainment.com</u></a></p>",Megaphone,en-us,"https://megaphone.imgix.net/podcasts/287f4d86-bdc9-11f1-b340-dfcaa57912fc/image/14ac13c149ebac1ab9f978fa8aeddc7c.jpg?ixlib=rails-4.3.1&max-w=3000&max-h=3000&fit=crop&auto=format,compress",2026-10-03 12:14:53,8057858,confirmed,https://www.badfriends.com,1791029693,6865d4d97d9f4b30f45e5be4bd4677c9,6818594076.0,2,0,INDIVIDUAL
AI Threat Brief,Rick Alwine,https://anchor.fm/s/117f954a8/podcast/rss,"**The AI Threat Brief** examines the emerging security risks of artificial intelligence—from agentic cyberattacks and AI-enabled fraud to deepfakes, autonomous behavior, and unexpected AI activity.
Hosted by retired FBI Special Agent Rick Alwine, each episode examines real-world AI incidents from an investigator's perspective: What happened? What do we actually know? What's speculation? And what can organizations and individuals learn from it?
Designed for executives, security professionals, government employees, educators, and anyone trying to understand the rapidly changing risks!",Anchor,en-us,https://d3t3ozftmdmh3i.cloudfront.net/staging/podcast_uploaded_nologo/46871834/46871834-1790851542759-75de66bb1a8cb.jpg,2026-10-03 12:13:29,8057856,confirmed,https://podcasters.spotify.com/pod/show/rick-alwine8,1791029609,8c8122d792e2813e0b61b5dea8b726f6,6818123170.0,2,0,INDIVIDUAL
Fitandfabpod,Swati Sodhi,https://anchor.fm/s/faa57ae4/podcast/rss,"What if getting healthier had less to do with perfection—and more to do with understanding your body? Welcome to Fit & Fab Pod, hosted by Swati Sodhi, fat-loss coach, wellness educator and Fit India Ambassador. Join Swati for honest, evidence-informed conversations with doctors, fitness experts, nutritionists, psychologists, athletes and thought leaders on fat loss, nutrition, fitness, women’s health, hormones, metabolism, mindset and longevity. No extremes. No magic solutions. Just smarter conversations and practical takeaways to help you feel better, get stronger and live well.",Anchor,en,https://d3t3ozftmdmh3i.cloudfront.net/staging/podcast_uploaded_nologo/41951489/41951489-1754983064961-67cd5f3c44403.jpg,2026-10-03 12:06:24,8057841,confirmed,https://www.fitandfabwithswati.com,1791029184,38cca0a01ebc94e845678aa1045c8270,6817805258.0,2,0,INDIVIDUAL
Acts2 Kids Bible Memorization,James Chao,https://anchor.fm/s/117fb7210/podcast/rss,"ESV Bible verses that we're memorizing in Acts2 Kids. Each verse is spoken and repeated several times to help you memorize.
---
Scripture quotations are from the ESV® Bible (The Holy Bible, English Standard Version®), © 2001 by Crossway, a publishing ministry of Good News Publishers. ESV Text Edition: 2025. The ESV text may not be quoted in any publication made available to the public by a Creative Commons license. The ESV may not be translated in whole or in part into any other language. Used by permission. All rights reserved.",Anchor,en,https://d3t3ozftmdmh3i.cloudfront.net/staging/podcast_uploaded_nologo/46873220/46873220-1790866312928-03e3bb1f1124e.jpg,2026-10-03 12:06:15,8057840,confirmed,https://podcasters.spotify.com/pod/show/james-c45,1791029175,0928efdec7af74c766a59633e60a4283,6818241735.0,2,0,INDIVIDUAL
Echoes Of Eternity,Sriramcharan,https://anchor.fm/s/117d70c18/podcast/rss,"Echoes of Eternity is a cinematic sci-fi horror audio drama set on the Moon. When the secret Eternity research facility suddenly goes silent, former Elite Force Commander Sharan leads a rescue mission to uncover what happened to the people inside—including someone he loves. But beneath the abandoned facility lies something far more dangerous than they expected.
The silence on the Moon was never empty.",Anchor,en-us,https://d3t3ozftmdmh3i.cloudfront.net/staging/podcast_uploaded_nologo/46849366/46849366-1790586820251-a65ee2cf3edb2.jpg,2026-10-03 12:06:01,8057839,confirmed,https://podcasters.spotify.com/pod/show/sriramcharan07,1791029161,9eed46baac517a499b3ce19c01f673c1,6817794592.0,2,0,INDIVIDUAL
Lime Tree Early Years Podcast,Lime Tree Nursery,https://anchor.fm/s/112da362c/podcast/rss,"🎙️Early years conversations that matter.
Created by an established nursery group.🧸
Supporting educators, leaders and parents. 💚",Anchor,en-gb,https://d3t3ozftmdmh3i.cloudfront.net/staging/podcast_uploaded_nologo/46012579/46012579-1779363179561-b330a73e5cdae.jpg,2026-10-03 11:44:58,8057820,confirmed,https://podcasters.spotify.com/pod/show/lime-tree4,1791027898,0ee09299fa86f0c51be485043f8ef8e8,6818210425.0,2,0,INDIVIDUAL
Always Advocating: Special Education Advocacy Beyond Compliance,Mary Beth Patton & Holly Carpenter,https://anchor.fm/s/117a1cff8/podcast/rss,"Always Advocating: Special Education Advocacy Beyond Compliance is hosted by Mary Beth Patton and Holly Capenter—two moms, educators, and special education advocates raising children with varying disabilities. They bring professional and lived experience to conversations about special education, behavior, disability rights, family advocacy, and everyday life. For families like ours, advocacy does not end when the meeting does. We are always advocating.",Anchor,en,https://d3t3ozftmdmh3i.cloudfront.net/staging/podcast_uploaded_nologo/46814478/46814478-1790172940380-03b9c2af8e89.jpg,2026-10-03 11:44:41,8057819,confirmed,https://podcasters.spotify.com/pod/show/always-advocating-special6,1791027881,ab2e615c5389719205ed187bbf8800ab,6817976085.0,2,0,CORPORATE
"Master human-AI collaboration, trust and governance to scale AI",Foundry,https://feeds.megaphone.fm/FCI1569500968,"<p>As AI transformation starts to mature, businesses must
understand that governance can be a value driver only if it is executed
correctly. </p>
<p>That means moving away from a broad and sometimes vague
‘human-in-the-loop’ concept to a precise strategy that uses people at exactly
the right moments. </p>
<p>A series of experts have been discussing how to achieve that
in a CIO and PWC podcast series, <em>Master human-AI
collaboration, trust and governance to scale AI</em>.</p>
<ul>
  <li>In episode one, we’ll explore how
businesses can deploy trusted AI. </li>
  <li>In episode two, find out why it is vital that
IT leaders develop a strategy that uses humans <em>in the right way </em>to
ensure AI oversight is a value driver.</li>
  <li>And in episode 3, we’ll discuss why AI
oversight can sometimes be a false comfort. 
</li>
</ul>",Megaphone,en,"https://megaphone.imgix.net/podcasts/18e90f9c-be82-11f1-9280-af22f3c577e6/image/ed6a181616577ba8e7f3619bf2161743.jpg?ixlib=rails-4.3.1&max-w=3000&max-h=3000&fit=crop&auto=format,compress",2026-10-03 11:42:13,8057818,confirmed,,1791027733,a98e99d73ea82c833df46cfa34575cda,6818595078.0,2,0,INDIVIDUAL
Little Voices Big Futures,"Anissa Weimer, MS/CCC-SLP",https://anchor.fm/s/116189e8c/podcast/rss,"Little Voices Big Futures is a podcast for parents who want to better understand how their child communicates, connects, and grows. Hosted by speech-language pathologist and former educator Anissa Weimer, each episode takes the confusion out of early communication development and offers practical information you can use in everyday life. Explore late talking, evaluations, AAC and total communication, when to seek support, and simple ways to build communication through the moments you’re already sharing with your child—without turning everyday life into therapy.",Anchor,en,https://d3t3ozftmdmh3i.cloudfront.net/staging/podcast_uploaded_nologo/46556795/46556795-1786824099801-0e4617621938e.jpg,2026-10-03 11:23:48,8057809,confirmed,https://www.littlevoicesbigfutures.com,1791026628,a645cf8d3987aec8e82d75085bdc5e94,6818540678.0,2,0,INDIVIDUAL
Harmony by Marta,Marta,https://rss.buzzsprout.com/2654260.rss,"<p>Hi guys, I am Marta. I am a practical feng shui consultant and my passion is to help bring peace, calm and harmony into your home, one space at a time. <br><br>As you listen to this podcast, you will learn about the many different ways through which you can work with your home to make it feel lighter and to make everyday life feel easier and better.<br><br>My goal is to share my knowledge,  experience, and personalized Feng Shui methods with you, so that you can create a home that supports the life that you want to live. My approach is not about creating the “perfect home”, because let’s face it, “perfect” is not an actual thing. But rather to bring more balance into your space and to create a home that fits and supports the real life that you lead. <br><br>I truly believe that when your space supports you, you have more patience, more connection, and more energy for the people who matter most in your life. You have more peace and joy within yourself, and as a result you live a more fulfilled life. These are the things that I hope to bring into your space using Feng Shui principales combined with my practical and modern approach. <br><br>I hope to connect with you all, and I’m so excited to welcome you to Harmony By Marta, the Podcast. I hope you enjoy.</p>",Buzzsprout,en-us,https://storage.buzzsprout.com/ikymb3zoq5vjqcialozfhrgh67j6?.jpg,2026-10-03 11:19:20,8057805,confirmed,,1791026360,dfbcbb9d2cb277df5aa08249565b93d7,,4,0,INDIVIDUAL
The Home We Build,The William James Group,https://anchor.fm/s/1178c3580/podcast/rss,Welcome to The Home We Build - where we go behind-the-scenes of senior living and talk to the people shaping the industry!,Anchor,en-us,https://d3t3ozftmdmh3i.cloudfront.net/staging/podcast_uploaded_nologo/46800320/46800320-1790014955197-ef114abbbfa41.jpg,2026-10-03 11:09:58,8057800,confirmed,https://podcasters.spotify.com/pod/show/thehomewebuild,1791025798,e3e28443c92994bbb69146aed25a13a8,6818600758.0,2,0,CORPORATE
The Shady Side of Sweden,Emma Lennholm,https://feeds.acast.com/public/shows/6a8eb3597d95e52c970786ed,"A podcast about murders, disappearances and disasters that have taken place in Sweden<hr><p style='color:grey; font-size:0.75em;'> Hosted on Acast. See <a style='color:grey;' target='_blank' rel='noopener noreferrer' href='https://acast.com/privacy'>acast.com/privacy</a> for more information.</p>",Acast,en,https://assets.pippa.io/shows/cover/1787736909933-eb321816-560a-44fd-88e0-7ac27d6e552a.jpeg,2026-10-03 11:04:48,8057796,confirmed,https://shows.acast.com/the-shady-side-of-sweden,1791025488,f7ed0ebc642d8231bbb6009ec672dc32,6818256391.0,2,0,INDIVIDUAL
The Champion Builder Podcast with Kenny Gatlin,Kenny Gatlin,https://rss.libsyn.com/shows/69622/destinations/290116.xml,"Welcome to The Champion Builder Podcast with Kenny Gatlin. For more information about Kenny Gatlin Ministries, visit us online at www.KennyGatlin.com",Libsyn,en,https://static.libsyn.com/p/assets/d/b/8/7/db8731c1c157123916c3140a3186d450/TCB_Podcast_KGM_2025_APPLE.jpg,2026-10-03 11:04:30,8057793,confirmed,http://championbuilder.libsyn.com/podcast,1791025470,08ade4ca9864dc4516f79c218b666f7f,6816234227.0,2,0,INDIVIDUAL
Caregiver Relief Podcast,Caregiver Relief,https://rss.buzzsprout.com/1815895.rss,"Welcome to the Caregiver Relief Podcast , the show dedicated to supporting family caregivers and professional caregivers alike. Caring for someone who is ill, elderly, or disabled can be incredibly rewarding, but it can also be incredibly challenging. That's why we're here to offer advice, resources, and support to help you navigate the ups and downs of caregiving.
Each episode, we'll talk with experts in the field, as well as caregivers themselves, to share their experiences, insights, and tips for success.",Buzzsprout,en,https://d3t3ozftmdmh3i.cloudfront.net/production/podcast_uploaded_nologo/37044420/37044420-1679698321352-b395e0165d37b.jpg,2026-10-03 10:55:47,8057789,confirmed,https://CaregiverRelief.com,1791024947,971b30724b57651c17e85f9bdba411ac,,4,0,INDIVIDUAL
Super Discussion Podcast,Kalen and Seal,https://anchor.fm/s/11807e658/podcast/rss,"Fun Podcast by two nerds who love and discuss everything superhero, sci fi and mystical coming out in movies, television and gaming!!! 
Check us out every Wednesday and Saturday",Anchor,en,https://d3t3ozftmdmh3i.cloudfront.net/staging/podcast_uploaded_nologo/46881382/46881382-1790963232370-2422fa5858091.jpg,2026-10-03 10:53:52,8057788,confirmed,https://podcasters.spotify.com/pod/show/kalen-williams,1791024832,02d93db423146ec1aeb36972b4dfa0a5,6818614067.0,2,0,CORPORATE
RetinaPulse,Retina World Congress,https://anchor.fm/s/117bd2794/podcast/rss,"The Heartbeat of Global Retina - The conversations moving retina forward.
Global voices. Fresh perspectives. Practical insights.",Anchor,en,https://d3t3ozftmdmh3i.cloudfront.net/staging/podcast_uploaded_nologo/46832397/46832397-1790368531328-c9aec3c36f002.jpg,2026-10-03 10:53:02,8057786,confirmed,https://podcasters.spotify.com/pod/show/retina-world-congress7,1791024782,251b2c7ce2eb741facb3c559528230ec,6818283464.0,2,0,INDIVIDUAL
Here Comes Everybody,The Celtic Club,https://anchor.fm/s/117f6d340/podcast/rss,Stories from The Celtic Club,Anchor,en-au,https://d3t3ozftmdmh3i.cloudfront.net/staging/podcast_uploaded_nologo/46870192/46870192-1790825891496-75acd9fc9bb51.jpg,2026-10-03 10:45:22,8057779,confirmed,https://podcasters.spotify.com/pod/show/cc-hotels5,1791024322,e6ed557d6a84b9e74a44b7ec441eb179,6818056250.0,2,0,CORPORATE
The Foust Five Podcast,Alex Foust and Augusta Foust,https://anchor.fm/s/116b5748c/podcast/rss,"Welcome to the Foust Five—a husband and wife, parents of three, and ministry family figuring out life together. We’re learning what it looks like to build a strong marriage, raise a family, follow Jesus, and do ministry together. Think of this podcast as an invitation into our living room, where we’ll talk honestly about marriage, parenting, faith, ministry, and everything in between. We don’t have it all figured out—we’re just sharing what we’re learning and hoping you’ll feel a little more encouraged along the way.",Anchor,en,https://d3t3ozftmdmh3i.cloudfront.net/staging/podcast_uploaded_nologo/46659579/46659579-1788232038550-788ddcd7e4c0e.jpg,2026-10-03 10:29:25,8057767,confirmed,https://podcasters.spotify.com/pod/show/alex-foust7,1791023365,6f35d23eeaf8b2e17220cdeb23c0d655,6808194584.0,2,0,CORPORATE
Why I Started Sitting,James Deeney,https://anchor.fm/s/1178729b4/podcast/rss,"Why I Started Sitting is a story-first meditation podcast. Less dharma talk, more the stories behind the stillness. 
Each week, host and ten-year meditator James Deeney sits down with serious practitioners - Buddhist teachers, long-term meditators and leading voices in mindfulness - to trace the real human story behind the practice. What made them sit in the first place? Why did they keep going when it got hard? And what started to change in their lives over the years?
Here, we explore the stories behind the stillness.",Anchor,en,https://d3t3ozftmdmh3i.cloudfront.net/staging/podcast_uploaded_nologo/46797013/46797013-1789981153874-9c6e10423dc47.jpg,2026-10-03 10:26:11,8057766,confirmed,https://www.whyistartedsitting.com,1791023171,2f3ff01614630c4aff77ae206b4fca36,6814788633.0,2,0,INDIVIDUAL
It's Only Logical,Dara Fitzgerald and Matthew Hooson,https://anchor.fm/s/117d9c110/podcast/rss,"It's Only Logical is a podcast about AI, the things we do with it, and the questions it leaves us with. Dara Fitzgerald and Matthew Hooson compare notes on what they're trying, what works and what's getting on their nerves. Expect honest opinions, practical experiences and the occasional tangent as they work through new developments and what they mean for work and everyday life. For anyone using AI, wondering where it's heading, or occasionally asking why it needed quite so many words.",Anchor,en,https://d3t3ozftmdmh3i.cloudfront.net/staging/podcast_uploaded_nologo/46851140/46851140-1790624691179-99e871c529d41.jpg,2026-10-03 10:13:30,8057750,confirmed,https://podcasters.spotify.com/pod/show/its-only-logical,1791022410,a4d852ee0c656f532312950fd1de94e8,6818439048.0,2,0,CORPORATE
Black Hollow After Dark,hauntedpanelpress,https://feed.podbean.com/hauntedpanelpress/feed.xml,"Welcome to Black Hollow After Dark, a horror podcast from Haunted Panel Press. Join our two hosts as they open haunted books, investigate fictional case files, and explore Appalachian nightmares. From the mysteries of Black Hollow to the chilling world of The Midnight Reader, every episode invites you deeper into the darkness. Join the Haunted Family—follow @hauntedpanelpress on YouTube, TikTok, and Facebook.",Podbean,en,https://pbcdn1.podbean.com/imglogo/image-logo/22672594/Black_Hollow_After_Dark_1400x1400.jpg,2026-10-03 10:12:43,8057749,confirmed,https://hauntedpanelpress.podbean.com,1791022363,3ea27802aeb6c037699cd3916881d575,6818090382.0,2,0,CORPORATE
GET SLEEPY,Tio San,https://feeds.redcircle.com/ac645aa0-042b-43cc-9f7e-7e23b11a2308,GET SLEEPY RSSVERIFY,Spotify for Podcasters,en,https://media.redcircle.com/images/2026/10/3/9/bb5cf547-4925-4312-a18b-64049b6f47d6_d68a1b840081f811d8bebd3765b0944d.jpg,2026-10-03 10:06:03,8057747,confirmed,https://redcircle.com/shows/get-sleepy5303,1791021963,62e301847c3433be448cfad3c69c9032,,4,0,INDIVIDUAL
Beyond the Couch!,"Miss Cookie and James ""The Scholar""",https://anchor.fm/s/115cdb534/podcast/rss,"Consider this your debrief on life, love, and the weird stuff in between. We combine sharp humor with genuine vulnerability to help you process the world around you. Come for the laughs, stay for the “wait, I thought I was the only one who felt like that” moments!",Anchor,en,https://d3t3ozftmdmh3i.cloudfront.net/staging/podcast_uploaded_nologo/46507701/46507701-1790862461215-b9b95e460ea0f.jpg,2026-10-03 09:58:37,8057743,confirmed,https://podcasters.spotify.com/pod/show/drjameswoods,1791021517,cfb9d0805631fbab22b254be915e8827,6799122778.0,2,0,CORPORATE
Inside — The Criminal Mind,John Doe & Jane Doe,https://www.spreaker.com/show/7427604/episodes/feed,"Beneath every quiet smile and ordinary morning lies a fracture point. <br /><br />Welcome to <b>Inside The Criminal Mind</b>.<br /><br />Not here to chase cheap thrills or sensationalize the dark. <br /><br />Just map out the cold mechanics of compartmentalization, trace the roots of malignant narcissism, and examine how a human life slips quietly into the abyss.<br /><br />Beyond what happened in the shadows; we look at how the shadow built its mask. Hit follow, and let's unpack the science behind the unthinkable.<br /><br />Become a supporter of this podcast: <a href=""https://www.spreaker.com/podcast/inside-the-criminal-mind--7427604/support?utm_source=rss&utm_medium=rss&utm_campaign=rss"">https://www.spreaker.com/podcast/inside-the-criminal-mind--7427604/support</a>.",Spreaker,en,https://d3wo5wojvuv7l.cloudfront.net/t_rss_itunes_square_1400/images.spreaker.com/original/d9611837838159a73c5dd708b54dea59.jpg,2026-10-03 09:36:31,8057725,confirmed,https://www.spreaker.com/podcast/inside-the-criminal-mind--7427604,1791020191,1738eae24797e3d714efe4e49b66cf59,,4,0,CORPORATE
Power of Time podcast,mr time,https://anchor.fm/s/117ed778c/podcast/rss,"Welcome to POWER OF TIME with Mr. Time, a podcast dedicated to helping you make the most of your time, unlock your potential, and create a meaningful life.
Through inspiring conversations, powerful stories, practical lessons, and interviews with successful individuals, we explore personal development, business, success, productivity, and the decisions that shape our future.
Every episode is an opportunity to learn something new, challenge your thinking, and take meaningful action.
Your time is your most valuable asset. Learn how to use it wisely.
Hosted by Mr. Time.",Anchor,en,https://d3t3ozftmdmh3i.cloudfront.net/staging/podcast_uploaded_nologo/46864059/46864059-1790759355549-2b6ef34e2684f.jpg,2026-10-03 09:35:30,8057723,confirmed,https://podcasters.spotify.com/pod/show/sam9385,1791020130,84682e3037aee77ea6cff3e2892aa91b,6817723364.0,2,0,INDIVIDUAL
The AI M&A Brief,Livio Andrea Acerbo,https://feeds.transistor.fm/the-ai-m-a-brief,"A weekly 7-minute briefing for founders, advisors and corporate development teams: the AI and M&A move that matters this week, what it signals, and what to do about it. Hosted by Livio Andrea Acerbo.",Transistor,en,https://img.transistorcdn.com/XvZu5Uyk0kQseCFHiYlevYzDguS-DdUHSvqYCgMDCb8/rs:fill:0:0:1/w:1400/h:1400/q:60/mb:500000/aHR0cHM6Ly9pbWct/dXBsb2FkLXByb2R1/Y3Rpb24udHJhbnNp/c3Rvci5mbS8xNzNl/MmZhOTExYjhiMmIw/NmIyODM5ZTExZGIw/ZGMzNS5wbmc.jpg,2026-10-03 09:02:43,8057710,confirmed,https://landing.acerbo.ai,1791018163,2e06874e568824c5032312bb445148ad,,4,0,CORPORATE
The Seraphim Podcast,Houston Creative Media Group,https://feeds.simplecast.com/G1Qx87jK,"A man unknowingly born of celestial lineage, is hunted from childhood by a demonic force that destroys his family, eventually propelling him towards a final confrontation between the forces of heaven and hell.",Simplecast,en,https://image.simplecastcdn.com/images/96a10b54-3566-4ae1-87fd-fd8bff7bd182/98f2d9a3-2147-4c02-89d7-c3550fb023c0/3000x3000/cropped-1788885899196.jpg?aid=rss_feed,2026-10-03 09:01:08,8057708,confirmed,https://the-seraphim-podcast.simplecast.com,1791018068,b1a520d762667e15a5c0450f8dd7ae4b,6810339726.0,2,0,CORPORATE
MotivationHub: Daily Speeches & Mindset Shifts,MotivationHub,https://feeds.megaphone.fm/motivationhub-daily-speeches-mindset-shifts,"<p>MotivationHub is for those that are courageous enough to take a stand towards changing their lives and chasing their dreams. <br><br>We partner with some of the top motivational speakers to create the greatest motivational speech videos. Our team of talented video editors license all the speeches, music and visuals and add high quality edits and special effects to create completely new, original video releases. Our compilations are carefully crafted to bring you a combination of original content, fresh edited versions of content licensed through our partners, and brand new original content submitted to us through our email and website (www.motivationhub.com).<br><br>Motivation is what will get you started, but it's the consistent work, day in and day out, that will create measurable value in your life!<br><br>Links:<br>Submit Your Speech: <a href=""https://www.motivationhub.com/"">https://www.motivationhub.com/</a><br>Facebook: <a href=""https://www.facebook.com/motivationhubofficial/"">https://www.facebook.com/motivationhubofficial/</a><br>Instagram: <a href=""https://www.instagram.com/motivationhub"">https://www.instagram.com/motivationhub</a></p>",Megaphone,en,"https://megaphone.imgix.net/podcasts/4e55bc56-bc4e-11f1-aae7-f7e8c447d1f8/image/278399492686f6605ab39ba1433b518b.jpg?ixlib=rails-4.3.1&max-w=3000&max-h=3000&fit=crop&auto=format,compress",2026-10-03 08:58:13,8057707,confirmed,https://www.youtube.com/@MotivationHubOfficial,1791017893,e181bc2e09223dce3a65538b5449bb9e,6818348251.0,2,0,INDIVIDUAL
The Race for Joburg: A Live Serial,News24,https://rss.buzzsprout.com/2655343.rss,"Does anyone deserve to be your mayor? And does anyone in your city deserve the mayor it’s got? From the creator of My Only Story comes a new, weekly, real-life thriller. Deon Wiggett discovers a decade-long conspiracy that has its eyes trained on you too. From the City of Gold, here’s a cautionary tale from your future.",Buzzsprout,en,https://storage.buzzsprout.com/kzr6wbj42d5our9tiysjwmlg2k4p?.jpg,2026-10-03 08:57:14,8057706,confirmed,https://www.news24.com,1791017834,adec4e079e3cee1b05e289035029caab,,4,0,INDIVIDUAL
"THE STEADFAST HEART PODCAST | Christian Women Who Want To Grow Deeper In God's Word | Bible Study, Biblical Discipleship",Heather Gilson,https://feeds.libsyn.com/630868/rss,"For Christian women who want to grow deeper in God's Word and live it out in everyday life.
The Steadfast Heart Podcast is for women who want more than Bible knowledge; they want to know God, grow in spiritual maturity, and become intentional disciples of Jesus Christ.
Join Heather Gilson for biblical teaching and thoughtful conversations about Bible study, spiritual growth, Christian living, and what it means to faithfully follow Christ in ordinary life.
Whether you're learning how to study the Bible, seeking a deeper relationship with God, or wanting to understand and apply Scripture more intentionally, this Christian podcast will equip and encourage you to grow in your faith, become rooted in God's Word, and live as a faithful disciple of Jesus.
WANT TO CONNECT?
🌐 Website: https://www.heathergilson.com
▶️ YouTube: https://www.youtube.com/@heathergilson
🛜 Facebook: https://www.facebook.com/profile.php?id=61569087831291
🛜 Instagram: https://www.instagram.com/heathergilson21/",Libsyn,en,https://static.libsyn.com/p/assets/e/b/f/6/ebf605fb7f0dd34f88c4a68c3ddbc4f2/The_Steadfast_Heart_Podcast_Heather_Gilson.png,2026-10-03 08:51:26,8057703,confirmed,https://www.heathergilson.com/podcast,1791017486,abd716b657a56019410d4b4f4e368d7a,6818602311.0,2,0,INDIVIDUAL
Skin Deep Podcast by Everbella,Mekisha Banks,https://rss.buzzsprout.com/2422102.rss,"<p><b>Welcome to Skin Deep by Everbella – your go-to podcast for everything skin health and self-care. My name is Mekisha Banks, I've been in the beauty, skin and wellness industry for over 20 years as a Medical Skin Care Specialist and Healer using many different modalities!<br /><br />Join us as we bridge the gap between you and the skincare treatments, practices, and information available in the industry. Each episode, we dive into skin deep conversations, expert interviews with industry professionals to offer you valuable advice and insights. Whether you're looking for practical self-care routines, professional guidance, or inspiring stories, I'm here to help you nurture your skin. <br /><br />Tune in and discover how to achieve healthy, radiant skin while embracing the journey of self-care!<br /><br />Thanks for tuning into the Skin Deep Podcast.</b></p><p><br /></p><p><b>Your Guide to True Skin Health</b></p><p><br /></p><p>Disclaimer:<br /><br />This video is for informational purposes only and does not replace professional medical advice, diagnosis or treatment. Consult your healthcare provider for guidance on any medical issues.<br /><br /></p><p>* Find the Eczema Healing Hacks: https://everbella.ca/pages/eczema-guide</p><p>* Find an Everbella product: <a href=""https://everbella.ca/"" rel=""noopener noreferrer nofollow"">https://everbella.ca/</a><br />* Everbella Eczema 30 Day Trial Set: <a href=""https://everbella.ca/products/eversoothe-trial-set%20"" rel=""noopener noreferrer nofollow"">https://everbella.ca/products/eversoothe-trial-set</a><br />* Everbella Dry & Dehydrated 30 Day Trial Set: <a href=""https://everbella.ca/products/everhydrate-trial-set"" rel=""noopener noreferrer nofollow"">https://everbella.ca/products/everhydrate-trial-set</a><br />* Everbella Sensitive & Baby 30 Day Trial Set: <a href=""https://everbella.ca/products/evergentle-trial-set"" rel=""noopener noreferrer nofollow"">https://everbella.ca/products/evergentle-trial-set</a></p><p><br />Connect with me!</p><p><br /></p><p>Personal TikTok: @mekishabanks<br />Personal Instagram: @xxeverbellaxx</p><p><br /></p><p>Podcast Instagram: @skndeep.pod<br />Podcast TikTok: @everbellaskin<br /><br />Mekisha Banks Bio:<br /><br />Mekisha, a licensed Medical Aesthetician, Skin-Care Specialist and Educator with over 15 years of experience. Her wealth of expertise became the driving force to her career and founding Everbella.</p><p><br /></p><p>Everbella was born out of a personal struggle with eczema, asthma and allergies.</p><p><br /></p><p>Join Mekisha on a journey of true long lasting skin health and transformation.</p><p><br /></p>",Buzzsprout,en,https://hosting-media.riverside.com/media/imports/podcasts/5211f4c6-1ee5-493a-890a-10bddaae7957/h61emgamrxeqwdzj0lx44t0c2xoo.jpg,2026-10-03 08:50:27,8057700,confirmed,https://www.buzzsprout.com/2422102,1791017427,680743046228167010820a75c1ac1b84,,4,0,INDIVIDUAL
The Healthy Perspective,Dr. Chris Boman,https://rss.buzzsprout.com/1808061.rss,"Welcome to The Healthy Perspective Podcast hosted by Dr. Chris Boman southern California chiropractor, entrepreneur, mentor and author. Dive in with Dr. Chris as he extracts the ""Secret Sauce"" to success from his own personal experience as well as interviews with some of the top business owners, athletes, leaders & activists from around the world. Together you will dig into what perspective shifts and mindset breaks, sparked their launches into success and led to living a life filled with abundance. Join the Preorder book list here: https://info.trailheadchiropractic.com/perspective-book-registration",Buzzsprout,en,https://hosting-media.riverside.com/media/imports/podcasts/6b6515e6-c538-45c7-ba82-2b11caf37058/6dbrp6nmvm9obzgp63w8xaqozo0t.jpg,2026-10-03 08:50:26,8057699,confirmed,https://info.trailheadchiropractic.com/opt-in-page,1791017426,4967f8899dbcabc66759163344834a9f,,4,0,INDIVIDUAL
The Adventures of Red Knight,Red Knight Stories,https://rss.buzzsprout.com/215682.rss,Join Red Knight on his adventures across the magical kingdom of Kingdom! These fun stories are for children of all ages and their families.,Buzzsprout,en,https://d3t3ozftmdmh3i.cloudfront.net/staging/podcast_uploaded_nologo/46738505/e91ca33066f94305.jpg,2026-10-03 08:50:08,8057697,confirmed,http://www.redknightstories.com,1791017408,b3a1a8d0ecd71bfede7e1b62225f4522,,4,0,INDIVIDUAL
Sweet Dreams with Sleep Dr. Chris,Dr.Christopher J.Allen,https://feeds.simplecast.com/YFUGS7Ll,"A sleep doctor asks high achievers the question no one else does: how did sleep shape your journey? Real stories, real sleep prescriptions. Presented by Aeroflow Sleep.",Simplecast,en,https://image.simplecastcdn.com/images/72fa9865-4f07-42cf-b171-0df6ef5c9c54/cb84e7be-0559-444d-a753-ac32dd5b4d5a/3000x3000/cropped_1790880604843.jpg?aid=rss_feed,2026-10-03 08:47:07,8057696,confirmed,https://sweet-dreams-with-sleep-dr-chris.simplecast.com,1791017227,61d778798e60d0cd65ab64ef72bff2cc,6818274339.0,2,0,INDIVIDUAL
Reframing Resilience,"Liz Moore, Health & Wellbeing Strategist",https://anchor.fm/s/117585634/podcast/rss,"What does resilience mean to you?
The more I’ve asked this question, the more I’ve realised how differently we each interpret the word. I’ve been called resilient many times. Sometimes I’ve worn it with pride; at others it has felt like a burden, as though being resilient means I’m not affected by the difficult things life throws at us. Reframing Resilience grew from that frustration and a desire to do something positive with it. Through honest conversations, I explore what resilience means to different people and how we might reframe it.",Anchor,en,https://d3t3ozftmdmh3i.cloudfront.net/staging/podcast_uploaded_nologo/46766325/46766325-1789579521682-2eab9565b6c5f.jpg,2026-10-03 08:39:43,8057691,confirmed,https://podcasters.spotify.com/pod/show/lizm7,1791016783,d162eaaaaab641e20445dc97490d3352,6817717611.0,2,0,CORPORATE
The Gospel Recipe,Della,https://anchor.fm/s/10898d740/podcast/rss,"This podcast was born out of uncertainty and the search for purpose. Here, we talk about healing emotional wounds, discovering identity and finding the courage to step out in faith. If you've ever felt stuck or unsure of your path, this space will inspire you to rise, reclaim your voice, and walk boldly into the dreams God has placed in your heart.",Anchor,en,https://d3t3ozftmdmh3i.cloudfront.net/staging/podcast_uploaded_nologo/44292016/44292016-1757442791257-b59bb1cc070e9.jpg,2026-10-03 08:34:15,8057690,confirmed,https://podcasters.spotify.com/pod/show/della873,1791016455,7da3c887c36d5de6b19fabcfed206190,6818048203.0,2,0,INDIVIDUAL
Disney Adults Anonymous,Allen Burnett & Summer Allen,https://feed.podbean.com/allenburnett/feed.xml,"<p>Disney Adults Anonymous explores being a Disney Adult, going to the Parks, and enjoying Disney cruises without children. This podcast will explore the joy, wonder, and excitement of being a adult who enjoys the mouse. </p>",Podbean,en,https://pbcdn1.podbean.com/imglogo/image-logo/22676888/daalogo1400.jpg,2026-10-03 08:32:21,8057689,confirmed,https://allenburnett.podbean.com,1791016341,fc6d199465e0342888ff8df42ada4b0f,6818315144.0,2,0,CORPORATE
The Journal of Juniper J. Strahorn,Dalton Mongomery and Darien Smartt,https://anchor.fm/s/116c8b9c0/podcast/rss,A found-footage audio drama from the perspective of supernatural investigator June Strahorn.,Anchor,en,https://d3t3ozftmdmh3i.cloudfront.net/staging/podcast_uploaded_nologo/46672208/46672208-1789702381442-b8b943a792c2f.jpg,2026-10-03 08:21:19,8057681,confirmed,https://podcasters.spotify.com/pod/show/dmonty1,1791015679,11302f8956573e62088815562b313d08,6816765314.0,2,0,CORPORATE
Nightmare Chronicles,Mr. Nightmare,https://www.spreaker.com/show/7427901/episodes/feed,"Welcome to the dark side of real life. Listen to spine-chilling stories of late-night encounters, home intrusions, and unexplained mysteries. Listener discretion is advised.",Spreaker,en,https://d3wo5wojvuv7l.cloudfront.net/images.spreaker.com/nuvolari-assets/light_blue_square_mic.jpg,2026-10-03 08:14:32,8057679,confirmed,https://www.spreaker.com/podcast/nightmare-chronicles--7427901,1791015272,89967680894f53bacc82450ed1544638,,4,0,INDIVIDUAL
Every Dollar Saves a Life: Stories of Hope from North and South Kivu,Every Dollar Saves a Life,https://anchor.fm/s/118014ed8/podcast/rss,"Stories from North and South Kivu in the Democratic Republic of Congo. Stories of courage, challenges, and hope. Hosted by Bernadette, this podcast shares the mission of Every Dollar Saves a Life and its work to support children and families through education, care, and community support. Listen, learn, and join the mission.",Anchor,en,https://d3t3ozftmdmh3i.cloudfront.net/staging/podcast_uploaded_nologo/46877062/46877062-1790909290750-39875f12b4747.jpg,2026-10-03 08:02:33,8057674,confirmed,https://podcasters.spotify.com/pod/show/every-dollar-saves-a-life1,1791014553,0044a1e90d523f9714b534e236e5ee58,6818387711.0,2,0,INDIVIDUAL
Nothing Scary,Mike and Tom,https://anchor.fm/s/115969ce8/podcast/rss,"Join Mike and Tommy as we review classic and modern horror movies, explore true ghost stories, investigate haunted places, uncover paranormal legends, and talk about everything that goes bump in the night.
Each episode features our unique humor and horror rating system, honest opinions, plenty of laughs, and the occasional unexpected surprise. Whether you're a lifelong horror fan or just enjoy a good spooky story, pull up a chair and join us.
Because around here...
It's absolutely... Nothing Scary.",Anchor,en,https://d3t3ozftmdmh3i.cloudfront.net/staging/podcast_uploaded_nologo/46471594/46471594-1789232418151-4a9ee5855746.jpg,2026-10-03 08:02:26,8057673,confirmed,https://podcasters.spotify.com/pod/show/tomfyoung1,1791014546,0d2fc60f794feca8c725c8f9eef2ee7c,6818350831.0,2,0,CORPORATE
Il tempo in più,Chora Media - Daniele Franco,https://feeds.megaphone.fm/BCS6549380664,"<p>La longevità è entrata nel nostro vocabolario quotidiano, raccontata quasi sempre con entusiasmo e raramente nella sua complessità. Ma vivere più a lungo non è solo una questione di anni in più: è una questione di senso. Che cosa facciamo di questo tempo guadagnato, come lo abitiamo, chi ne beneficia davvero, quali responsabilità comporta.</p>
<p><br></p>
<p>In questa serie promossa dalla Fondazione Giorgio Cini di Venezia, che ha posto il tema al centro delle sue iniziative per il 2026, Daniele Franco ne parla con alcune delle voci più autorevoli del panorama italiano, scelte  per le angolature diverse da cui la guardano. Perché una società che invecchia non è soltanto una società con più anziani: è una società che cambia il proprio rapporto con il tempo, con la cura e la morte, che si interroga sulla convivenza tra generazioni, sulla trasmissione delle conoscenze e del potere.</p>
<p><br></p>",Megaphone,en,"https://megaphone.imgix.net/podcasts/36c98b36-bc1b-11f1-af0f-4bbcc1b34f88/image/a6575f4d9d71161cf07531f79f4ebf32.png?ixlib=rails-4.3.1&max-w=3000&max-h=3000&fit=crop&auto=format,compress",2026-10-03 07:55:36,8057670,confirmed,,1791014136,d2353f3322512bb87e48325bb1c7a8e5,6817419276.0,2,0,CORPORATE
Dungeons & Drabbles,Fast Fantasy Fiction,https://feeds.transistor.fm/dungeons-drabbles,"Fantasy fiction... fast. Step into a world of adventure, conflict, and relationships, where heroes help post-haste. But don't get too comfortable, because these bite-sized episodes are over before they've barely begun. Join the micro fiction revolution with Dungeons and Drabbles. All episodes are exactly 100 words long.

Written and created by longtime podcast storyteller Aaron Robbins, Dungeons and Drabbles is the podcast that started the micro-fiction podcast movement. Episodes run 2 to 3 minutes, seasons run 20 minutes, whether you're working out, driving to work, or just waiting for the drive-through person to take your order, you can finish a fun, part-of-an-ongoing-epic fantasy story without losing your place. So take up your sword, or don't, because by the time you do, the episode will already be over. Enjoy Dungeons and Drabbles today.",Transistor,en,https://img.transistorcdn.com/Q_EmYWDoYUzr3yf0FfnpQfrlUjXnZlN6IajvBvR5ER4/rs:fill:0:0:1/w:1400/h:1400/q:60/mb:500000/aHR0cHM6Ly9pbWct/dXBsb2FkLXByb2R1/Y3Rpb24udHJhbnNp/c3Rvci5mbS8yZjRl/MmM3OTJjMDc1YzZi/ZjRkZDE3ZWY3ZWQ1/NjA1ZS5qcGc.jpg,2026-10-03 07:51:34,8057669,confirmed,http://dungeonsanddrabbles.com,1791013894,b97b738bbb79af639d6874b0949930b8,,4,0,INDIVIDUAL
Love More,Kylie Hennessy,https://anchor.fm/s/ede96e3c/podcast/rss,"<p>Kylie Hennessy explores yoga, love, and all things healing. With nearly 3 decades as a yoga teacher, yoga therapist, and healer, Kylie enjoys conversations with yoginis and yogis, experts, researchers, scientists, therapists, and passionate spiritual seekers. <br><br>This podcast explores topics from biochemistry, birth-death, trauma, therapy, Chinese Medicine, yoga teaching, yoga philosophy, and more. <br><br></p>",Anchor,en-us,https://d3t3ozftmdmh3i.cloudfront.net/staging/podcast_uploaded_nologo/39814983/ed70c15ae0f3832d.jpeg,2026-10-03 07:49:20,8057666,confirmed,http://www.kyliehennessyyoga.com.au,1791013760,5418132eb4e5a8879ff0b1169bf84335,,4,0,INDIVIDUAL
The Generation Jesus Podcast,Colton Ellsessor and Nathan White,https://rss.buzzsprout.com/2655330.rss,"<p>This podcast exists to help you know Jesus, Follow Jesus, and make Jesus Known!</p>",Buzzsprout,en-us,https://storage.buzzsprout.com/7rmd8r7x4agljxzrmrkck6u7yv2g?.jpg,2026-10-03 07:36:06,8057659,confirmed,,1791012966,03587d6e2d25d50dbee141c8d18ba4f8,,4,0,CORPORATE
Softly Strong,Chetna Prabha Anurag,https://anchor.fm/s/100b48de4/podcast/rss,"An honest conversation about emotional healing, self-love, and letting go of who you became to please everyone else. Being soft was never the opposite of being strong.
In this episode of Softly Strong, I talk about what it really means to be yourself, not the polished, adjusted, people-pleasing version, but the real one. The one that doesn't shrink to make others comfortable.
This is for anyone who's tired of editing themselves down to fit into rooms, relationships, or expectations that were never really theirs to begin with.
If this resonates, share it with someone who needs the reminder today: you don't have to be less of yourself for anyone.
🎧 New episodes every week.
💬 I'd love to hear your thoughts, find me and share yours.
🤍 Softly Strong",Anchor,en-nz,https://d3t3ozftmdmh3i.cloudfront.net/staging/podcast_uploaded_nologo/42968001/42968001-1790802914349-a4162e9f36f2c.jpg,2026-10-03 07:34:29,8057656,confirmed,https://podcasters.spotify.com/pod/show/chetna-anurag8,1791012869,21662b1b12c6dfa50da3ffd7e9acc786,6817959953.0,2,0,INDIVIDUAL
Joe Bartolozzi Vault,Joe Bartolozzi Vault,https://anchor.fm/s/117d46594/podcast/rss,"This is an unofficial, fan-operated Joe Bartolozzi: Main Channel & VODs channel. I do not claim to be or represent Joe Bartolozzi
New uploads every stream (or weekly)
All VODS and videos are re-uploaded from Joe Bartolozzi on Twitch and were not initially created for/from this account.",Anchor,en,https://d3t3ozftmdmh3i.cloudfront.net/staging/podcast_uploaded_nologo/46847629/46847629-1790580672328-5dfc36254deb2.jpg,2026-10-03 07:31:31,8057654,confirmed,https://podcasters.spotify.com/pod/show/joebartolozzivods0,1791012691,2f08d0ceeacf3cede642ecdccab40b2f,6818331082.0,2,0,INDIVIDUAL
Straight Talk with Alan Decker,Alan A. Decker,https://anchor.fm/s/1175ef0d4/podcast/rss,"Straight talk for business owners. No fluff, no guru nonsense — just what Alan Decker has learned in the arena. I build businesses, and I connect the people who run them. New episodes every Monday.",Anchor,en,https://d3t3ozftmdmh3i.cloudfront.net/staging/podcast_uploaded_nologo/46770653/46770653-1789625473089-f1665e292f045.jpg,2026-10-03 07:29:32,8057653,confirmed,https://podcasters.spotify.com/pod/show/alan-a-decker7,1791012572,fbbe05be7bcd2d512c8bc642a321312e,6814497266.0,2,0,INDIVIDUAL
KNOW YOUR REAL ENEMY,John Godwin Eiza,https://www.spreaker.com/show/7428626/episodes/feed,"Text: ""<i>For we wrestle not against flesh and blood, but against principalities, against powers, against the rulers of the darkness of this world, against spiritual wickedness in high places.</i>"" (Ephesians 6:12 KJV)<br /><br />Keywords:<br />1. Wrestle Not <br />2. Not Flesh <br />3. Spiritual<br /><br />Message: <br />          Before you wear armour, you must know your enemy. ""We wrestle not against flesh and blood."" Many of our battles are misdirected. We fight spouses, children, bosses, neighbours, while the real enemy hides behind them. Paul pulls back the curtain: our fight is spiritual. Principalities, powers, rulers of darkness. This does not mean people are not involved, but they are not the source. When you understand this, you stop hating people and start praying against spirits. You stop using carnal weapons and pick up spiritual ones. Victory begins when you fight the right enemy on the right battlefield. Prayer Points:<br />- Father, open my eyes to see the real battle. - Forgive me for fighting people instead of praying for them. - Teach me to wrestle in the spirit, not in the flesh.<br /><br />Memory Verse:<br />""<b>For we wrestle not against flesh and blood, but against principalities, against powers, against the rulers of the darkness of this world, against spiritual wickedness in high places.""</b> - Ephesians 6:12 KJV",Spreaker,en,https://d3wo5wojvuv7l.cloudfront.net/t_rss_itunes_square_1400/images.spreaker.com/original/1c7bec464995e2490bef76aab56cb922.jpg,2026-10-03 07:27:16,8057648,confirmed,https://www.spreaker.com/podcast/know-your-real-enemy--7428626,1791012436,ab843c8d3e64c24a74d2e04b7d303a19,,4,0,INDIVIDUAL
NortHERn,Top Half Media,https://anchor.fm/s/117ca14f4/podcast/rss,"NortHERn is a fresh, fun and unapologetic podcast for women living in North Australia. Hosted by Top Half Media founder Molly Upstill and Darwin content creator Sarah Falls, NortHERn explores the fashion, beauty, quirks and lifestyle of life in North Australia. With plenty of laughs, honest conversations and a healthy dose of attitude from the tropics.",Anchor,en-au,https://d3t3ozftmdmh3i.cloudfront.net/staging/podcast_uploaded_nologo/46840869/46840869-1790685366669-fb9b9d821db7c.jpg,2026-10-03 07:25:41,8057645,confirmed,https://www.thetophalf.com.au,1791012341,ead3719fc3d7fc6be3afa43f2aad771d,6818103326.0,2,0,CORPORATE
Gingy,Gingy,https://feeds.megaphone.fm/gingy,"<p>Videos on the stories of video games. Such as the ""Story Explained"" series that retells the stories of your favorite games simply and coherently, or even the ""Story Reviews"" that look at a game's story more critically. <br><br>Hope You Enjoy!<br><br>Links:<br>Patreon: <a href=""https://www.patreon.com/GingyYoutube"">https://www.patreon.com/GingyYoutube</a><br>Twitter: <a href=""https://twitter.com/GingyYoutube"">https://twitter.com/GingyYoutube</a></p>",Megaphone,en,"https://megaphone.imgix.net/podcasts/ffea40d4-a882-11f1-8c91-5fefb7ec41f0/image/d8a8b3457487d081e1f3bb3f9aebb1fe.jpg?ixlib=rails-4.3.1&max-w=3000&max-h=3000&fit=crop&auto=format,compress",2026-10-03 07:21:57,8057643,confirmed,,1791012117,150d81dcfdc1ec85db5269d97c65ef16,6809120616.0,2,0,INDIVIDUAL
"Victimhood: Five Victims, Five Accounts, One Bloody Mess.",Glen Llewellyn,https://anchor.fm/s/11801813c/podcast/rss,"On the morning the Mayor of London unveils the bill that will put the city under AI surveillance, she gives the speech of her life. By that night she is dead, blown apart on the roof of her own hotel with some of the most powerful people in London. Every one of them died believing the bomb was meant for them.
Each will tell their story of what happened that day.
Everyone is the victim in their own story.
An audio novel in five episodes by Glen Llewellyn. 
A Shark Biscuit production.",Anchor,en,https://d3t3ozftmdmh3i.cloudfront.net/staging/podcast_uploaded_nologo/46877191/46877191-1790908123541-190f19ff06024.jpg,2026-10-03 07:16:22,8057639,confirmed,https://podcasters.spotify.com/pod/show/glenvaughan0,1791011782,14e7f46431413df12543059ba4d456ec,6818393471.0,2,0,INDIVIDUAL
Beacon Baptist Podcast,Beacon Community Baptist Church,https://anchor.fm/s/117d6ad2c/podcast/rss,"Beacon Community Baptist Church
Beacon Community Baptist Church is a welcoming local church in Brassall, Ipswich, Queensland, seeking to help people know Jesus, grow in faith, and live out the Gospel in everyday life.",Anchor,en,https://d3t3ozftmdmh3i.cloudfront.net/staging/podcast_uploaded_nologo/46849123/46849123-1790583445447-906cfdfcb6933.jpg,2026-10-03 07:14:31,8057638,confirmed,https://podcasters.spotify.com/pod/show/beacon-baptist-church,1791011671,57737886befcb7a59dd2c6f818dee6f7,6818113992.0,2,0,CORPORATE
Theme Park Junkie,Cherry Misfit,https://rss.buzzsprout.com/2655326.rss,<p>Brining all things theme park to the theme park junkies</p>,Buzzsprout,en-us,https://storage.buzzsprout.com/g9v34vw40ejqs5d2m48qjha3h6my?.jpg,2026-10-03 07:12:45,8057636,confirmed,,1791011565,ddc5193eaabf4c2fc647306581157cbf,,4,0,INDIVIDUAL
Build with Christ,Brooks Newberry,https://anchor.fm/s/117e78994/podcast/rss,"I’m Brooks Newberry, a Christian life coach. I used to listen to a lot of self-improvement podcasts and got a lot out of them, but I always felt like the faith side was missing. As I grew in my faith, I was a able to start seeing how much Scripture speaks to the practical parts of life too. That’s why I started Build with Christ. We’ll talk about destroying destructive habits, setting and achieving audacious goals, and staying rooted in Christ through it all. I’ll share what I’m learning along the way so you can get the most out of life and let your success honor God.",Anchor,en,https://d3t3ozftmdmh3i.cloudfront.net/staging/podcast_uploaded_nologo/46860173/46860173-1790709148889-b09904ec0b8d8.jpg,2026-10-03 07:11:14,8057633,confirmed,https://podcasters.spotify.com/pod/show/brooks-newberry9,1791011474,e0c4dd9b392c31b1cbf4b2162f6528ad,6818269989.0,2,0,INDIVIDUAL
Making Connections With,Reilly Jackson,https://anchor.fm/s/117d05f1c/podcast/rss,"Making Connections With explores the people, experiences, identities, and stories that bring us closer together. Each episode is a conversation about connection – across cultures, communities, relationships, and experiences that makes us who we are.",Anchor,en-us,https://d3t3ozftmdmh3i.cloudfront.net/staging/podcast_uploaded_nologo/46844991/46844991-1790534514323-0622105b178a7.jpg,2026-10-03 07:09:18,8057631,confirmed,https://podcasters.spotify.com/pod/show/mckeanre,1791011358,a0b6ffc043cc9c983776c002dc1dadc5,6817117465.0,2,0,INDIVIDUAL
84 Hoops Crew,Lilly,https://rss.buzzsprout.com/2655319.rss,"<p>Are you a fan of the WNBA, the Golden State Valkyries and women's sports? Then listen up, please and thank you! -Lilly</p>",Buzzsprout,en-us,https://storage.buzzsprout.com/9a7f4ba9h1uffm1amb27g18zrn35?.jpg,2026-10-03 07:06:48,8057630,confirmed,,1791011208,5d9de32392b758fe8afb2f01b37b3ae7,,0,0,INDIVIDUAL
The Father Thomas Podcast,Father Thomas,https://anchor.fm/s/117fd81cc/podcast/rss,"You are not crazy. And you are not alone. My name is Father Thomas. For fifty years I have served in the Catholic Church. I have sat with families on their best days and their worst. I will sit with you and talk about faith, politics, and the times we are living in. What is happening to our country, and where God is in all of it. New episodes every Tuesday, Thursday and Sunday. Subscribe to my free newsletter: fatherthomasletters.com/subscribe. God bless you.",Anchor,en-us,https://d3t3ozftmdmh3i.cloudfront.net/staging/podcast_uploaded_nologo/46874571/46874571-1790878682223-ffab8424827e4.jpg,2026-10-03 07:02:29,8057627,confirmed,https://fatherthomasletters.com/,1791010949,121ebd2efdcabb879eb68abd4cd6fb4f,6818289729.0,2,0,INDIVIDUAL
The Empty Spaces: Journals on Enduring Infertility and Grief,Erin,https://anchor.fm/s/117f09c3c/podcast/rss,A podcast exploring the unique emotional landscape of grief and infertility from the perspective of a childless woman in her 40's.,Anchor,en-us,https://d3t3ozftmdmh3i.cloudfront.net/staging/podcast_uploaded_nologo/46866119/46866119-1790781190490-6e850f37a1f8.jpg,2026-10-03 06:49:04,8057622,confirmed,https://podcasters.spotify.com/pod/show/erin459,1791010144,631d8a426b40ff07882c9f6e6d677ab0,6818242695.0,2,0,INDIVIDUAL
Lights On,Sarah Livingston,https://feeds.libsyn.com/621900/rss,"This is the Lights On podcast, where we feature leading Jewish and Zionist academics and share fact-driven conversations about antisemitism and higher education.",Libsyn,en,https://static.libsyn.com/p/assets/5/1/2/7/5127e892913fe49ee5bbc093207a2619/LightsOn.jpg,2026-10-03 06:45:04,8057621,confirmed,https://www.facultyagainstantisemitism.org,1791009904,7101f96320e5c71404a6d9cfcafd4851,6814640211.0,2,0,INDIVIDUAL
The Rude Awakening Show,Ocean 98,https://anchor.fm/s/11742b0cc/podcast/rss,"Wake up with The Rude Awakening Show on Ocean 98, where mornings on the Eastern Shore are anything but ordinary! Hosted by Bulldog, with Coach, The Dude and Marla, the show delivers rock, laughs, outrageous conversations, celebrity guests, local personalities, listener interaction, pop culture, current events and plenty of unpredictable surprises. From Ocean City and the Eastern Shore to stories making headlines around the world, The Rude Awakening brings humor, attitude and unmistakable local flavor to your morning. Tune in weekdays on Ocean 98 — The Best of Rock! Online at Ocean98.com!",Anchor,en-us,https://d3t3ozftmdmh3i.cloudfront.net/staging/podcast_uploaded_nologo/46752139/46752139-1789414661624-f09d3911943c5.jpg,2026-10-03 06:42:04,8057620,confirmed,http://ocean98.com,1791009724,4d7b7d04cafecc323eedb104e78d4a67,6816210183.0,2,0,INDIVIDUAL
Alex Righetto Art,Alex Righetto,https://anchor.fm/s/e059a8cc/podcast/rss,"Welcome to ""Colorful Conversations with Alex Righetto,"" a captivating podcast that dives deep into the creative mind of an extraordinary Italian artist. Join Alex Righetto, a painter, photographer, and marketer, as he shares his passion for art and storytelling with listeners around the globe.
In each episode, Alex draws from his unique perspective, vibrant color palettes, and dynamic brushwork to explore the emotionally charged narratives behind his paintings. You'll be transported to a world where Italian heritage meets contemporary art, as Alex reinterprets elements from Italian and Europe",Anchor,en-us,https://d3t3ozftmdmh3i.cloudfront.net/production/podcast_uploaded_nologo/37539723/37539723-1682960855957-c6a1ce4be3674.jpg,2026-10-03 06:39:00,8057619,confirmed,https://www.alexrighetto.art/,1791009540,d2a062f81fc0ec858389df03b9ba1074,1685715363.0,2,0,INDIVIDUAL
Hope Has A Voice Podcast,"Jenni Eastin, PhD",https://rss.libsyn.com/shows/71764/destinations/306039.xml,"Are you ready to be inspired?  Do you need to be reminded of God's goodness and hear stories of His faithfulness?  If so, you have found a great place to camp.  In every story, you will hear words of hope that will encourage you to stay in the game, finish the race, and trust the God who has promised hope for your future.",Libsyn,en,https://static.libsyn.com/p/assets/4/9/c/8/49c8ba818cb2c697/Podcast-v1-3000x3000-2.jpg,2026-10-03 06:38:56,8057618,confirmed,http://www.hopehasavoice.com,1791009536,af32242a99d468152a9261cd840110b2,1440526248.0,2,0,INDIVIDUAL
Reducing the Pucker Factor,TheBlakeryContent,https://anchor.fm/s/10a46e30c/podcast/rss,"Join the Blakery Content as we interview Pediatric and Neonatal Specialist from around the country to improve pediatric readiness for EMS, HEMS, and ED healthcare providers.",Anchor,en-us,https://d3t3ozftmdmh3i.cloudfront.net/staging/podcast_uploaded_nologo/44573851/44573851-1764346927441-2659e265bf788.jpg,2026-10-03 06:37:39,8057617,confirmed,https://podcasters.spotify.com/pod/show/theblakerycontent,1791009459,dc669fe4597a26002edeb729057906e6,6810802137.0,2,0,INDIVIDUAL
Found with Trish and Sherri,Found with Trish and Sherri,https://anchor.fm/s/109b744a4/podcast/rss,"FOUND with Trish and Sherri — Everybody Has a Story.
Real conversations about family, identity, DNA, adoption, reunion, discovery—and the moments that change everything.",Anchor,en-us,https://d3t3ozftmdmh3i.cloudfront.net/staging/podcast_uploaded_nologo/44479729/44479729-1790536236341-c16f5684ab63e.jpg,2026-10-03 06:36:55,8057616,confirmed,https://podcasters.spotify.com/pod/show/found-with-trish-and-sher,1791009415,761a1a9d329cbeb78c5e4d1cc04288ab,6817480548.0,2,0,CORPORATE
Kimchai Politics,Cami Freeman and Tina Parmar,https://rss.buzzsprout.com/2624261.rss,"<p>Taking on the politics of everyday life through pop culture, critical theory and, well, our everyday lives.</p>",Buzzsprout,en-us,https://storage.buzzsprout.com/7ktx24j3q6of8api99pj74b0hf2q?.jpg,2026-10-03 06:23:18,8057605,confirmed,,1791008598,5a6f37e49a3a0b19f8c95f84e9da5141,,0,0,CORPORATE
Unpacking with Michelle,Michelle Raney,https://anchor.fm/s/116a7b5cc/podcast/rss,"Unpacking with Michelle is where real life gets unpacked — the healing, the chaos, the breakthroughs, the spiritual awakenings, and all the messy shit in between. Michelle brings raw conversations, lived experience, humor, and hard-earned wisdom to the mic without pretending to have it all figured out. Nothing is off the table. We unpack it, learn from it, laugh when we can, and keep evolving.",Anchor,en-us,https://d3t3ozftmdmh3i.cloudfront.net/staging/podcast_uploaded_nologo/46650571/46650571-1788117282374-3c97303d69405.jpg,2026-10-03 06:15:21,8057599,confirmed,https://podcasters.spotify.com/pod/show/ethereal-revolution,1791008121,6156b36d2cf61ddfa3da0def3d2c5f73,6811483596.0,2,0,INDIVIDUAL
We Said What We Said,We Said What We Said,https://anchor.fm/s/117fe28fc/podcast/rss,"We Said What We Said is a show where Gilbert Arenas, Nick Young, and Melli Monaco bring unfiltered opinions, hilarious conversations, wild stories, celebrity drama, viral moments, sports, culture, and everything happening in the world.
Nothing is off limits.
From the biggest celebrity headlines and the craziest videos taking over the internet to sports, relationships, community issues, politics, world news, and the conversations everyone is having — we break it all down with our own unique perspective.",Anchor,en,https://d3t3ozftmdmh3i.cloudfront.net/staging/podcast_uploaded_nologo/46874999/46874999-1790882520432-cbbe085debc88.jpg,2026-10-03 06:11:43,8057596,confirmed,https://podcasters.spotify.com/pod/show/we-said-what-we-said61,1791007903,60cdeec3422aed50fe1eed5b0f0cff29,6818293718.0,2,0,INDIVIDUAL
Don’t Try This Pod At Home,Don’t Try This Pod At Home,https://anchor.fm/s/115f252a4/podcast/rss,"Inside the boiler room Don’t Try This Pod talks about this week in WWE while doing the unthinkable, sharing our fantasy bookings, and what we love about sports entertainment! Make sure to check in and see what guests we have on for exclusive interviews.",Anchor,en,https://d3t3ozftmdmh3i.cloudfront.net/staging/podcast_uploaded_nologo/46531697/46531697-1786473398019-fe213c91c15a3.jpg,2026-10-03 06:08:23,8057590,confirmed,https://podcasters.spotify.com/pod/show/dont-try-this-at-home,1791007703,ecc856a9aec950edc885d336213b6e63,6818395302.0,2,0,INDIVIDUAL
Caregiving Reimagined,Dr. Claudia Bennett,https://feeds.simplecast.com/WcjqA9hT,"My name is Dr. Claudia Cassidy Bennett. I've spent over 40 years as an occupational therapist, the last 15 working specifically with family caregivers navigating one of life's most demanding journeys. I've also lived this alongside you, caring for my own mother through Alzheimer's. I've learned what caregivers actually need: practical help, honest support, and someone who genuinely gets it. Until you’re part of the club, it’s hard to understand. We'll tackle the everyday challenges — bathing, dressing, feeding, toileting, medication management, and doctors’ appointments. We'll go deep into the emotional and spiritual side of caregiving that rarely gets talked about. You'll hear real stories from real caregivers. And yes — we'll laugh too. At the missteps, at the unexpected things our loved ones do, at the moments that are equal parts exhausting and absurd. The good, the bad, and the ugly. Because caregiving can be a messy job — physically and emotionally. Caregiving is not just something that happens to you. It is an opportunity to strengthen your relationship with your loved one, to deepen your spirituality, and to discover a level of self-awareness you never knew was possible. Being the caregiver you want to be — and are proud to be.",Simplecast,en,https://image.simplecastcdn.com/images/51e42878-f1e7-4a15-8016-b011524d9dac/9a927eaa-52df-487e-ba51-78ba96ae2517/3000x3000/img-07ab7647dcfc-1-202-20copy.jpg?aid=rss_feed,2026-10-03 06:06:13,8057588,confirmed,https://caregiving-reimagined.simplecast.com,1791007573,78201cc9ffb7310ff5ff892ab315d182,6817845949.0,2,0,INDIVIDUAL
Think Like An Economist,iHeartPodcasts,https://www.omnycontent.com/d/playlist/e73c998e-6e60-432f-8610-ae210140c5b1/d1ea2d79-4f1a-4421-b14c-b4d500fad777/b197990b-d510-4f62-a9a2-b4d500fadbda/podcast.rss,"Think Like an Economist and you'll see the world more clearly, empowering you to make better decisions at work, at home, and in your community. Leading economists Betsey Stevenson and Justin Wolfers will take you on a joyous romp through their field as they introduce you to the big ideas in economics, and show how you can apply them to live in your own life. Their signature approach reveals that every decision is an economic decision and this podcast uncovers the economic forces that shape the world around you. Betsey and Justin believe that economics is a superpower, and they want to teach you to fly.",Megaphone,en-US,https://www.omnycontent.com/d/programs/e73c998e-6e60-432f-8610-ae210140c5b1/d1ea2d79-4f1a-4421-b14c-b4d500fad777/image.jpg?t=1790796079&size=Large,2026-10-03 06:05:22,8057587,confirmed,https://www.iheart.com/podcast/1119-think-like-an-economist-346654738,1791007522,f8710e22afc5547b8034fffb5443d9cf,6818282251.0,2,0,INDIVIDUAL
The Loveable Losers,The Loveable Losers,https://anchor.fm/s/117e7cc60/podcast/rss,"Where Vikings, Raiders, and Gambling fans complain about the NFL, chase props, ruin their fantasy lineups, and somehow come back for more everytime.",Anchor,en,https://d3t3ozftmdmh3i.cloudfront.net/staging/podcast_uploaded_nologo/46860344/46860344-1790711303712-9310870f7e09b.jpg,2026-10-03 05:58:12,8057585,confirmed,https://podcasters.spotify.com/pod/show/theraiderrewind8,1791007092,90eeae532be5633b803f7759ba3c537d,6817486087.0,2,0,CORPORATE
What’s the Next Smallest Step?,Shauna Garvey,https://anchor.fm/s/11804757c/podcast/rss,"What’s the Next Smallest Step? is a podcast about lifestyle medicine, positive health, and the small habits and bigger ideas that change a life. Positive Health Coach Shauna Garvey talks to people about their real experiences of change - what prompted it, what helped, what got in the way, and what they learned along the way. Different conversations, different stories, all circling the same question: what’s the next smallest step?",Anchor,en,https://d3t3ozftmdmh3i.cloudfront.net/staging/podcast_uploaded_nologo/46879127/46879127-1790939229246-babdb1a508f12.jpg,2026-10-03 05:50:55,8057581,confirmed,https://podcasters.spotify.com/pod/show/shauna-garvey9,1791006655,6f4db31adbc7450ccd9546a7bac43916,6818588065.0,2,0,INDIVIDUAL
Twilight Radio,SuperDifferent.com,https://rss.buzzsprout.com/1855671.rss,"SuperDifferent.com presents a podcast like no other—featuring Christian messages, scripture, prayer, poetry, and more to fuel your faith. In a world clouded by fear and moral darkness, recharge with hope and courage. You’ll also journey alongside Hanaya Oki, a teenage girl in Japan, as she navigates life with Jesus from her early to late teens. Though fictional, Hanaya is inspired by real teens of faith, and her story sparks deeper conversations about choices, purpose, and eternal perspective. Each episode draws you into her world while inviting you to look deeper into your own.",Buzzsprout,en,https://d3t3ozftmdmh3i.cloudfront.net/staging/podcast_uploaded_nologo/46862839/b38a6125d82c57b9.jpg,2026-10-03 05:49:18,8057580,confirmed,https://superdifferent.com/,1791006558,363781d25bc39c1a7699f089be40a789,,4,0,INDIVIDUAL
Do You Have The Equipment?,Crystal Richards,https://feeds.acast.com/public/shows/6abd6a13787195a30e732c92,"Three friends since the 90s (don't do the math) get together to talk about life, love, and whether you've got the equipment to handle it all. From 90s nostalgia, pop culture, and to modern-day survival, we're figuring it out one episode at a time, with plenty of laughs and zero shame. #3C (Crystal Cringe City)<hr><p style='color:grey; font-size:0.75em;'> Hosted on Acast. See <a style='color:grey;' target='_blank' rel='noopener noreferrer' href='https://acast.com/privacy'>acast.com/privacy</a> for more information.</p>",Acast,en,https://assets.pippa.io/users/6abd665582177b9ab8635ac8/pre-show-covers/1790797637318-de08ded4-9bb5-45f9-ab2c-53e743a1dfeb.jpeg,2026-10-03 05:30:27,8057571,confirmed,https://feeds.acast.com/public/shows/do-you-have-the-equipment,1791005427,b753e46a508f2cc11cf377b8deeb72fa,,0,0,INDIVIDUAL
The Source - An AI Deep Dive Podcast,The Source AI Podcast,https://anchor.fm/s/1140e4254/podcast/rss,"A weekly discussion of how AI moves from strategy to adoption.
Each episode begins with a Source (a concept, a decision, news, etc), and deep dives on what it reveals about how AI reshapes leadership, operations, and governance.
Hosted by Jane Context, who brings the strategic lens and frames the “why it matters,” and Mike Loop, who grounds every discussion in iteration, execution, and real‑world adoption. 
Together, they decode the frameworks behind transformation and the human choices that make it work.
Every Monday a new episode https://thesourceaideepdive.netlify.app/",Anchor,en-gb,https://d3t3ozftmdmh3i.cloudfront.net/staging/podcast_uploaded_nologo/46214461/46214461-1782076743775-43375a177bc67.jpg,2026-10-03 05:27:18,8057568,confirmed,https://podcasters.spotify.com/pod/show/the-source-ai-podcast9,1791005238,f18db3bb601d1369b025ac371b9c1cdc,6818301557.0,2,0,CORPORATE
Encore: The Best is Yet to Come,"Susannah Schofield OBE | Author, Entrepreneur & Host",https://anchor.fm/s/116d24e7c/podcast/rss,"What happens when life gives you an Encore?
Hosted by Susannah Schofield OBE, Encore: The Best is Yet to Come is about what comes next, and making it count. Each week, Susannah sits down with a new guest, from leading experts and familiar faces to people with extraordinary real-life stories, for honest conversations about relationships, reinvention, confidence, health, intimacy, success and starting again.
No filters. No judgement. Just real people, real advice and the conversations we should be having after 40.
Your next chapter could be your best one yet!",Anchor,en,https://d3t3ozftmdmh3i.cloudfront.net/staging/podcast_uploaded_nologo/46678487/46678487-1790754315608-2858c31ca909d.jpg,2026-10-03 05:25:17,8057567,confirmed,https://explore-noir.com,1791005117,55d8de12af656a420efa464fb52460b9,6817307137.0,2,0,CORPORATE
Treat It Or Train It,Justin Harris and Justin Feldman,https://anchor.fm/s/117cd1fdc/podcast/rss,"Treat It or Train It? is the show for anyone caught between the foam roller and the finish line. Each week, physical therapist Dr. Justin Feldman, PT, DPT (Feldman Physical Therapy & Performance) and endurance coach Justin Harris (jHarris Coaching) take real questions from listeners — submitted as video — and settle the debate: is this an injury to treat, or a limitation to train through? One clinical eye, one performance eye, one verdict, every week on Spotify, YouTube, and Apple Podcasts. Got a nagging ache or a training plateau? Send us your video question — we might use it on the show",Anchor,en-us,https://d3t3ozftmdmh3i.cloudfront.net/staging/podcast_uploaded_nologo/46842863/46842863-1790512685975-863f0c03e4c71.jpg,2026-10-03 05:22:15,8057566,confirmed,https://podcasters.spotify.com/pod/show/treat-it-or-train-it-podc9,1791004935,15232010c9f104e8c169a5d5e33aee57,6818301721.0,2,0,CORPORATE
The Reconciliation Podcast,Bella K,https://anchor.fm/s/117edb544/podcast/rss,"Bella K is a reconciliation, relationship and embodiment coach and host of The Reconciliation Podcast, exploring whether reconciliation is truly possible and how to navigate the moments when it feels like it's slipping away.
Having reconciled with her own ex-husband five years post-separation and three years post-divorce, Bella teaches a different path back - not tactics or a 10-step plan, but embodiment, nervous system regulation and becoming the person with whom reconciliation is possible.
Wherever you are, if you're in the thick of it, you're in the right place.",Anchor,en,https://d3t3ozftmdmh3i.cloudfront.net/staging/podcast_uploaded_nologo/46864217/46864217-1790761875266-e7713db533533.jpg,2026-10-03 05:20:33,8057563,confirmed,https://podcasters.spotify.com/pod/show/isabel-krutik7,1791004833,49486df307f79e408f1b5c691a7ea279,6818049851.0,2,0,INDIVIDUAL
Born Between The Lines: Lucy’s Adoption Story,Queen Ethelburga’s Studios,https://feed.podbean.com/queenethelburgas/feed.xml,"<div>
<div>
<div>
<div>
<div>
<div>
<div>
<div>
<div>
<div>
<div>
<p dir=""ltr""><span style=""font-family:'-apple-system', BlinkMacSystemFont, 'Segoe UI', Roboto, Oxygen, Ubuntu, Cantarell, 'Open Sans', 'Helvetica Neue', sans-serif;"">What do you say to the parents you've never met? Lucy was adopted as a baby, and when she turned 18 she decided to find out. In Born Between the Lines, a five-part series made by two students in Queen Ethelburga's studio in York, she tells her own adoption story. She also sits down with other adopted people, parents and the professionals who bring families together, to talk honestly about identity, belonging and the comments nobody should have to hear. Each episode ends with a letter to her birth parents, and by the finale that letter has been answered.</span></p>
</div>
</div>
</div>
</div>
</div>
</div>
</div>
</div>
</div>
</div>
</div>",Podbean,en,https://pbcdn1.podbean.com/imglogo/image-logo/22670756/BornBetween2.png,2026-10-03 05:15:39,8057560,confirmed,https://queenethelburgas.podbean.com,1791004539,7cbb44f7d8db94617497ab32eb183174,6817790260.0,2,0,INDIVIDUAL
Field To Yield: Crops & Comments,Geoff Reeves,https://anchor.fm/s/113ec5018/podcast/rss,Agronomy topics curated by Geoff Reeves,Anchor,en-us,https://d3t3ozftmdmh3i.cloudfront.net/staging/podcast_uploaded_nologo/46192214/46192214-1783002446575-06ebda8ad24cf.jpg,2026-10-03 05:14:31,8057559,confirmed,https://podcasters.spotify.com/pod/show/greeves2,1791004471,ab8f5f9fe8a9d40ca3ee3f689dca6bfc,6817970545.0,2,0,INDIVIDUAL
The Open Chair,Mike,https://rss.buzzsprout.com/2655311.rss,"<p>The Open Chair is a conversation podcast with Mike & Sarah, where creators, founders, students, artists, researchers, athletes, and people with a story worth hearing take a seat to share their ideas and experiences. Each episode explores their story, their work, the choices they’ve made, and what they’ve learned along the way. No perfect answers—just thoughtful, personal conversations about what people are building, learning, and becoming.<br>One chair. A different person. A different story. Every episode.</p>",Buzzsprout,en-us,https://storage.buzzsprout.com/t1ah1tskju3lpdcaclgr9k7fleyg?.jpg,2026-10-03 05:06:19,8057554,confirmed,,1791003979,895a8d7c6d39943752995f663655670a,,4,0,INDIVIDUAL
REVIVAL TENT,Light Crusaders Global,https://anchor.fm/s/11704f7a0/podcast/rss,Where we gather to learn about the procession and birthing of the Outpouring of the Spirit of God,Anchor,en-us,https://d3t3ozftmdmh3i.cloudfront.net/staging/podcast_uploaded_nologo/46711688/46711688-1788882301582-96b00b68a56a3.jpg,2026-10-03 05:05:00,8057553,confirmed,https://podcasters.spotify.com/pod/show/light-crusaders-global3,1791003900,9f9b49e00d5e80072c2d8ffc2d413171,6811604854.0,2,0,INDIVIDUAL
We Didn't Realize,ebcbrokyle,https://anchor.fm/s/116f3b224/podcast/rss,A pastor and wife discussing what they didn't realize of 46 years of marriage and ministry,Anchor,en-us,https://d3t3ozftmdmh3i.cloudfront.net/staging/podcast_uploaded_nologo/46700369/46700369-1788735846599-b24a010e68bf5.jpg,2026-10-03 04:52:14,8057548,confirmed,https://podcasters.spotify.com/pod/show/ebcbrokyle3,1791003134,9de1d867bb76cbd5cef4a55763e4a96f,6817981353.0,2,0,INDIVIDUAL
Recovery Didn't Explain This,RayBlanco5150,https://anchor.fm/s/116b44cd8/podcast/rss,"Recovery gave me a way out...but it didn’t explain everything.
Recovery Didn’t Explain This takes an unflinching look at addiction, prison, loneliness, trauma, identity, and the parts of survival that conventional recovery conversations often leave untouched. This isn’t another collection of slogans or simple answers. It’s an honest investigation into why people use, what drugs may have been doing for them, and what remains after the drugs are gone.
For anyone who got clean and discovered that addiction wasn’t even half the problem...and anyone willing to see recovery from a different angle.",Anchor,en,https://d3t3ozftmdmh3i.cloudfront.net/staging/podcast_uploaded_nologo/46658822/46658822-1788221239508-13bb60ebc9024.jpg,2026-10-03 04:52:14,8057547,confirmed,http://www.rayblanco5150.com,1791003134,7416a29d46979f8981a9278a3e70542e,6807462904.0,2,0,INDIVIDUAL
The Marriage Reset Podcast,Coach Tom,https://anchor.fm/s/1179c0aa0/podcast/rss,"For the husband trying to save his marriage while his wife is already halfway out the door.
If she's gone cold, asked for space, or started talking about divorce, the instinct is to chase, plead, and fix everything at once, and that usually makes it worse. Each episode, Tom gets straight to it: what's really going on in her head, what you're doing that's pushing her away, and the calm, grounded moves that give your marriage a real chance.
Part of Marriage Reset. New episodes every Friday.",Anchor,en-us,https://d3t3ozftmdmh3i.cloudfront.net/staging/podcast_uploaded_nologo/46810696/46810696-1790796301871-77645b2a5205d.jpg,2026-10-03 04:51:38,8057546,confirmed,https://podcasters.spotify.com/pod/show/austin-macfarlane2,1791003098,c78edd3d5a8283c2676597cc4ed626b4,6815057905.0,2,0,INDIVIDUAL
"The Gospel Call: Three minutes give or take, of Good News",psalmos,https://feed.podbean.com/psalmos/feed.xml,"<p>A podcast that shares the timeless message of Jesus Christ in short, conversational talks. Simple truth, lasting hope, and the good news of salvation, three minutes. Give or take. At a time.</p>",Podbean,en,https://pbcdn1.podbean.com/img/podbean-logo/podbean_78.jpg,2026-10-03 04:47:03,8057543,confirmed,https://psalmos.podbean.com,1791002823,baa7d949563755409277b03874ff4166,6800878009.0,2,0,INDIVIDUAL
A Very Special Halloween Episode,Matt Essner,https://anchor.fm/s/1167aeb64/podcast/rss,"A watch-along podcast where host Matt Essner (a person who is totally normal about Halloween) watches Halloween Episodes of TV shows with his friends. Every episode Matt will be joined by a guest, who will bring with them their favorite spooky episode of a TV show , and together they will watch it and discuss it. 
New episodes every Monday, Wednesday, and Friday during October. 
Join us... if you dare!",Anchor,en-us,https://d3t3ozftmdmh3i.cloudfront.net/staging/podcast_uploaded_nologo/46621217/46621217-1790532200088-a9c5d7cb1d4fb.jpg,2026-10-03 04:41:44,8057540,confirmed,https://podcasters.spotify.com/pod/show/matt-essner,1791002504,ce01edc7420790ae40bc1f08bedf9fe6,6818378720.0,2,0,INDIVIDUAL
MIT OpenCourseWare: Free Courses from the institute,MIT OpenCourseWare,https://feeds.megaphone.fm/mit-opencourseware-free-courses-from-the-institute,"<p>A free and open online publication of educational material from thousands of MIT courses, covering the entire MIT curriculum, ranging from introductory to the most advanced graduate courses. On the OCW website, each course includes a syllabus, instructional material like notes and reading lists, and learning activities like assignments and solutions. Some courses also have videos, online textbooks, and faculty insights on teaching.<br><br>Knowledge is your reward. There's no signup or enrollment, and no start or end dates. OCW is self-paced learning at its best. <br><br>Whether you’re a student, a teacher, or simply a curious person that wants to learn, MIT OpenCourseWare (OCW) offers a wealth of insight, inspiration, videos, and a whole lot more! <br><br>Get the full picture on the OCW website at <a href=""https://ocw.mit.edu."">https://ocw.mit.edu.</a><br><br>Accessibility: <a href=""https://accessibility.mit.edu/"">https://accessibility.mit.edu/</a> <br><br>User comments policy:  <a href=""https://ocw.mit.edu/comments/"">https://ocw.mit.edu/comments/</a><br><br>(Channel banner photo by Nietnagel on Flickr: <a href=""https://flic.kr/p/8WXxfK.)"">https://flic.kr/p/8WXxfK.)</a><br><br>Links:<br>MIT OpenCourseWare: <a href=""https://ocw.mit.edu"">https://ocw.mit.edu</a><br>Facebook: <a href=""https://facebook.com/mitocw"">https://facebook.com/mitocw</a><br>Twitter: <a href=""https://twitter.com/mitocw"">https://twitter.com/mitocw</a><br>Instagram: <a href=""https://www.instagram.com/mitocw"">https://www.instagram.com/mitocw</a><br>Donate to OCW: <a href=""https://giving.mit.edu/give/to/ocw/?utm_source=ocw&utm_medium=youtube&utm_campaign=donate"">https://giving.mit.edu/give/to/ocw/?utm_source=ocw&utm_medium=youtube&utm_campaign=donate</a><br>Blog: <a href=""https://www.ocw-openmatters.org/"">https://www.ocw-openmatters.org/</a></p>",Megaphone,en,"https://megaphone.imgix.net/podcasts/79809de8-bc66-11f1-8d3e-e7a9747f4ee6/image/f01ab447bbaad57997ace6905be54cff.jpg?ixlib=rails-4.3.1&max-w=3000&max-h=3000&fit=crop&auto=format,compress",2026-10-03 04:40:16,8057538,confirmed,https://www.youtube.com/@mitocw,1791002416,7c17453770cb24091fcc29bd54aa8c6d,6818347028.0,2,0,CORPORATE
The Human Element,Caleb,https://anchor.fm/s/117f21148/podcast/rss,"The Human Element explores who we are through four unique lenses: People, Ideas, Beliefs, and Stories. Listeners will love it because it skips surface-level noise to deliver deep, fascinating insights into human nature and philosophy, making big existential questions feel incredibly relatable and personal.",Anchor,en-us,https://d3t3ozftmdmh3i.cloudfront.net/staging/podcast_uploaded_nologo/46867074/46867074-1790896338914-356f4796a6585.jpg,2026-10-03 04:34:24,8057535,confirmed,https://podcasters.spotify.com/pod/show/caleb-brown6,1791002064,96cd69e87dcf2285c992d5096bbe3e92,6818364986.0,2,0,INDIVIDUAL
Vada Greer's The Sinking Ship,Vada Greer,https://anchor.fm/s/1169e8e0c/podcast/rss,"Welcome. Welcome aboard everybody. This is Vada Greer’s The Sinking Ship. The podcast where humans do insanely stupid, heroic, or otherwordly things and end up in the annals of history - or – sometimes - the bottom of the sea.",Anchor,en-us,https://d3t3ozftmdmh3i.cloudfront.net/staging/podcast_uploaded_nologo/46644571/46644571-1788025055958-2cc48c7ef96b.jpg,2026-10-03 04:34:16,8057534,confirmed,https://podcasters.spotify.com/pod/show/vada-greer2,1791002056,339a2f471be0bd5f97cf47fb6b81ae60,6818042735.0,2,0,INDIVIDUAL
FrenchTober : October French Writing Challenge,Better French Speaking with Laetitia Perraut,https://feed.podbean.com/frenchtober/feed.xml,"Every day in October, one short prompt to get you writing in French.
You understand French, but when it’s time to speak, the words don’t come together? Writing is the answer. Building good sentences on paper is how you learn to build them out loud: better writing leads to better speaking.
Inspired by Inktober, FrenchTober is a 31-day challenge for learners from A2 to C1. Each episode lasts no more than a minute and a half: listen to the day’s prompt, then write. This year’s theme is cooking. We start gently, with a single sentence a day in the first week, then build up step by step until you’re writing a full text in the final week.
Hosted by Laetitia, who has been creating One Thing In A French Day for 20 years.
Starts on 1 October. More at www.onethinginafrenchday.com
La bonne syntaxe, et votre français est au max !",Podbean,en,https://pbcdn1.podbean.com/imglogo/image-logo/22667717/FrenchTober_3000_copie972w3.jpg,2026-10-03 04:20:09,8057529,confirmed,https://frenchtober.podbean.com,1791001209,290e3386866fc92ff772da21918328cb,6816969606.0,2,0,CORPORATE
LDS Storytime,Rachel Uda Murdock,https://anchor.fm/s/116e2fc68/podcast/rss,"LDS Storytime shares short, remarkable stories of faith from members of The Church of Jesus Christ of Latter-day Saints around the world. Discover inspiring accounts of miracles, conversion, sacrifice, Church history, missionary work, and ordinary people experiencing God in extraordinary ways. Hosted by Rachel Uda Murdock, each episode points listeners toward Jesus Christ through published histories, firsthand accounts, and personal experiences. 
Independent and not affiliated with The Church of Jesus Christ of Latter-day Saints.",Anchor,en,https://d3t3ozftmdmh3i.cloudfront.net/staging/podcast_uploaded_nologo/46689418/46689418-1790664891656-f41269bf61f4f.jpg,2026-10-03 04:14:09,8057527,confirmed,https://podcasters.spotify.com/pod/show/rachel845,1791000849,db88d8c33db21435075df52953274b49,6817228968.0,2,0,INDIVIDUAL
THE ART AND WAR CL40 WORLD'S SPACE (SHADOW MATRIX),Samir Libari,https://rss.buzzsprout.com/2655308.rss,"<p>Chico Loco 40</p><p>Moroccan-American rapper, songwriter, music producer, actor, journalist, and technology entrepreneurship Samir Libari, professionally known as Chico Loco 40, is building an international creative and technology platform through CL40 World, combining music, media, software development, journalism, and digital entrepreneurship under one global vision</p><p></p><p>CL40 World & WR Beats</p><p>CL40 World and studio: WR Beats, is an international music production and entertainment company founded by Samir Libari (known as Chico Loco 40). The global movement and record label connects cross-continental markets between the United States, Australia, and Europe, focusing on alternative dark rap, drill, and cinematic street sounds. (WR Beats) Global Sydney, network global music dijital studios and rights License: Creative Commons - Attribution and CL40 World LLC, (WORLD CO PTY LTD) (THE WORLD OF PTY LTD)</p><p>my Father (💔🖤2010):</p><p></p><ul><li><p><strong>Identity:</strong> M'Hamed Libari was an independent technician from Beni Makada and Member 083 of the Urban Commune of Tangier Association.</p></li></ul><ul><li><p><strong>Dates:</strong> He passed away on June 8, 2010 (Estate Record 108/231/247)</p><p></p></li></ul><ul><li><p><strong>Legal Recognition:</strong> His lineage is certified under Moroccan Court Decree (Tangier Primary Court of Family Justice, Judgement File 2016/1619-70, issued June 6, 2016)</p><p></p></li></ul><ul><li><p><strong>The Libari Directive:</strong> Issued by Samir Libari (Chico Loco 40) and Abdelghafour Libari to secure formal public recognition of their family history</p><p></p></li><li><p><a target=""_blank"" rel=""noopener noreferrer nofollow"" href=""http://legacy.cl40.world"">http://legacy.cl40.world</a></p></li><li><p>Journalist: <a target=""_blank"" rel=""noopener noreferrer nofollow"" href=""https://substack.com/@cl40world"">https://substack.com/@cl40world</a></p></li><li><p><a target=""_blank"" rel=""noopener noreferrer nofollow"" href=""https://founder.cl40.world"">https://founder.cl40.world</a></p></li><li><p><a target=""_blank"" rel=""noopener noreferrer nofollow"" href=""https://cl40world.quora.com"">https://cl40world.quora.com</a></p></li><li><p><a target=""_blank"" rel=""noopener noreferrer nofollow"" href=""https://orcid.org/0009-0001-4557-4898"">https://orcid.org/0009-0001-4557-4898</a></p></li><li><p>Code: <a target=""_blank"" rel=""noopener noreferrer nofollow"" href=""https://github.com/chicoloco40"">https://github.com/chicoloco40</a></p></li><li><p>Dev: <a target=""_blank"" rel=""noopener noreferrer nofollow"" href=""https://dev.to/cl40world"">https://dev.to/cl40world</a></p></li><li><p><a target=""_blank"" rel=""noopener noreferrer nofollow"" href=""https://myjob.cl40.world"">https://myjob.cl40.world</a></p></li><li><p><a target=""_blank"" rel=""noopener noreferrer nofollow"" href=""https://label.cl40.world"">https://label.cl40.world</a></p></li><li><p><a target=""_blank"" rel=""noopener noreferrer nofollow"" href=""https://legacy.cl40.world"">https://legacy.cl40.world</a></p></li><li><p><a target=""_blank"" rel=""noopener noreferrer nofollow"" href=""https://legacypro.cl40.world"">https://legacypro.cl40.world</a></p><p></p></li></ul>",Buzzsprout,en,https://storage.buzzsprout.com/vh0uteprh9bcpl7hm7uwobgjt55k?.jpg,2026-10-03 04:13:02,8057526,confirmed,https://rss.com/podcasts/the-art-and-war-cl40-world-s-space-shadow-matrix,1791000782,897530e9d1e91aadde9c3b0a711500b4,,4,0,INDIVIDUAL
Tik Tok Mind,JITENDRA SWAMI,https://www.spreaker.com/show/7322501/episodes/feed,Tik Tok Mind ,Spreaker,en,https://d3wo5wojvuv7l.cloudfront.net/images.spreaker.com/nuvolari-assets/yellow_square_mic.jpg,2026-10-03 04:10:34,8057523,confirmed,https://www.spreaker.com/podcast/tik-tok-mind--7322501,1791000634,6afcea41106dbccaf12d23fc356b097e,,4,0,INDIVIDUAL
"War Room. Strategies, tactics and techniques for communication",Podcast War Room,https://anchor.fm/s/117edbf08/podcast/rss,"War Room is a podcast by Pomilio Blumm exploring communication at the intersection of human geopolitics, contemporary culture and social change.
Through cases, ideas and conversations with analysts, strategists and multidisciplinary thinkers, it looks beyond the surface of events to uncover the forces, languages and narratives shaping them.
Behind every message lies a strategy, behind every strategy, a War Room.
A new episode every month.",Anchor,en,https://d3t3ozftmdmh3i.cloudfront.net/staging/podcast_uploaded_nologo/46864242/46864242-1790841382564-34d47c90b19.jpg,2026-10-03 04:08:52,8057522,confirmed,https://podcasters.spotify.com/pod/show/podcast-war-room85,1791000532,0e5dbcaabffe7527384ace6c1cde4e32,6818085027.0,2,0,INDIVIDUAL
Economics Explained,Economics Explained,https://feeds.megaphone.fm/economics-explained,<p>Fits documentary; 79+ long-form in 80 sampled · Niche: documentary</p>,Megaphone,en,"https://megaphone.imgix.net/podcasts/cd9c554e-bcd3-11f1-bec5-53eb0f5c48a0/image/2a4499cae0f9da7ae9af7f92930dc21a.jpg?ixlib=rails-4.3.1&max-w=3000&max-h=3000&fit=crop&auto=format,compress",2026-10-03 03:58:28,8057515,confirmed,,1790999908,6811d25b4383cbc89ed612042d1da1a6,6818482277.0,2,0,INDIVIDUAL
Populism Talks,European Center for Populism Studies (ECPS) - www.populismstudies.org,https://anchor.fm/s/110b4bcf0/podcast/rss,"Expert conversations on populism, democracy, and political change worldwide. Populisms Talks delivers sharp, research-based insights into the forces reshaping politics today.",Anchor,en,https://d3t3ozftmdmh3i.cloudfront.net/staging/podcast_uploaded_nologo/45652476/45652476-1774566991994-ae65538ea7a3.jpg,2026-10-03 03:53:29,8057514,confirmed,https://podcasters.spotify.com/pod/show/populism-studies,1790999609,1d0dde2d1c4fcd2f93ffcb9e36530bb8,6817506905.0,2,0,CORPORATE
Outside The Industry,outside the industry,https://anchor.fm/s/e367caf8/podcast/rss,tbd,Anchor,en,https://d3t3ozftmdmh3i.cloudfront.net/staging/podcast_uploaded_nologo/38052302/38052302-1687329347431-e6d0e26c57906.jpg,2026-10-03 03:52:52,8057513,confirmed,https://podcasters.spotify.com/pod/show/outsidetheindustry,1790999572,db8ffa5701223e26fd0008798079a636,1695825732.0,2,0,INDIVIDUAL
Horror Stories Uncut,ABSX Network,https://www.spreaker.com/show/7428303/episodes/feed,"WAIT A MINUTE... Horror Stories Uncut delivers raw, unsettling tales that linger long after the lights go out.<br /><br /> Every episode brings unfiltered horror stories step you into this tense pacing, ambient soundscapes, and honest endings that you could not scape from. This show focuses on classic supernatural encounters, modern creepypasta-style accounts, and true-feeling urban legends. Run at the exactly moment something gets wrong or you will never feel the same at darkness.<br /><br /> New nightmares arrive every day at 700 PM. This is for you a late-night listener, horror fans, and also for anyone who craves the prickling suspense of a well-told horror story.<br /><br /> If you look for immersive, voice-forward horror that feels like a secret shared in the dark, this show is for you.<br /><br /> Follow now to never miss a new fright. <br /><br /> #horror stories #supernatural #encounters #creepypasta #urban legends #personal confessions.",Spreaker,en,https://d3wo5wojvuv7l.cloudfront.net/t_rss_itunes_square_1400/images.spreaker.com/original/fd80fb8d1439db37d47d7105cede389c.jpg,2026-10-03 03:50:44,8057512,confirmed,https://www.spreaker.com/podcast/horror-stories-uncut--7428303,1790999444,a6a4b2a8c724dd0d611ef5ccda76b975,,4,0,CORPORATE
CBS Mystery Theater Radio Show,cbsmysterytheaterradioshow,https://feed.podbean.com/cbsmysterytheaterradioshow/feed.xml,<p>CBS Mystery Theater Radio Show</p>,Podbean,en,https://pbcdn1.podbean.com/imglogo/image-logo/22675449/Cbs_mystery_theater_radio_show7q7nz.jpg,2026-10-03 03:41:28,8057501,confirmed,https://cbsmysterytheaterradioshow.podbean.com,1790998888,bb82db48626b02c14ea83d40cf0527df,6818102580.0,2,0,INDIVIDUAL
Rapid Med Revision (CVS) | Dr. Deepika Teaches,Dr Deepika Teaches,https://anchor.fm/s/116b6b2e8/podcast/rss,"High-yield medical revision made simple. Rapid Med Revision delivers sharp, focused clinical overviews designed specifically for medical students, residents, and healthcare professionals preparing for exams or clinical rounds in a short span of 5-10 minute bites. Hosted by Dr. Deepika (@sanjeevani.drdeepika), each episode breaks down complex concepts, key diagnostics, and management protocols into bite-sized, efficient audio lessons.
​Whether you are commuting to rotations, reviewing between shifts, or locking in core facts for your next test, tune in for rapid, clear, and high-impact medical",Anchor,en-us,https://d3t3ozftmdmh3i.cloudfront.net/staging/podcast_uploaded_nologo/46660394/46660394-1788252887594-b0824a4af96f3.jpg,2026-10-03 03:41:17,8057500,confirmed,https://podcasters.spotify.com/pod/show/dr-deepika-teaches,1790998877,5b61a2291f9ad416b6edc6ce891d08dc,6813061752.0,2,0,INDIVIDUAL
Healing Uncovered,Jennifer Watson,https://feeds.transistor.fm/healing-uncovered,"Welcome to Healing Uncovered, where real people, powerful stories, and mental health experts come together to remind us that healing isn’t perfect, but it’s always possible. Join hosts Jennifer Watson and Chandler Goff as they have honest conversations about mental health, the science behind healing, and the real-life experiences that shape us all.",Transistor,en,https://img.transistorcdn.com/4xwqA7UVTzdiSz7NxEvp26GKyUUYeW2YePMeht5-wlU/rs:fill:0:0:1/w:1400/h:1400/q:60/mb:500000/aHR0cHM6Ly9pbWct/dXBsb2FkLXByb2R1/Y3Rpb24udHJhbnNp/c3Rvci5mbS8yZDIw/Y2NhMDFkYThjODFk/ZjViNGU0NWZhOTMw/ZWQxZC5wbmc.jpg,2026-10-03 03:33:49,8057498,confirmed,https://865wellnessketamine.com,1790998429,1accec71a790902e4ee3a43b870e59ab,,4,0,INDIVIDUAL
Tonight’s Conversation Podcast,acemetaphor,https://feed.podbean.com/acemetaphor/feed.xml,Tonight’s Conversation | Full Conversations,Podbean,en,https://pbcdn1.podbean.com/imglogo/image-logo/22676295/tonights-conversation-podcast.jpg,2026-10-03 03:24:45,8057492,confirmed,https://acemetaphor.podbean.com,1790997885,04bb548501e4733c2413c4d9db491e56,6818243128.0,2,0,CORPORATE
Checking In - A Charlotte Checkers Podcast,Charlotte Checkers,https://anchor.fm/s/1171b0bf8/podcast/rss,Checking In is the official podcast of the AHL's Charlotte Checkers! New episodes air weekly! Have a question for the show? Send us an email: cristiano@zawyersports.com,Anchor,en-us,https://d3t3ozftmdmh3i.cloudfront.net/staging/podcast_uploaded_nologo/46726158/46726158-1790769597250-9ac8c9087c042.jpg,2026-10-03 03:23:03,8057489,confirmed,https://charlottecheckers.com/,1790997783,9f42a3c3029ebc49309a9b329ed157bd,6818241121.0,2,0,INDIVIDUAL
Story Valley A1-A2 English Stories For Kids,Pieter,https://anchor.fm/s/1173dae60/podcast/rss,"Story Valley is a home for short, gentle English stories made for kids learning English as a second language (A1-A2 level). 
Meet Sara, Lucy, and friends as they explore everyday adventures — simple words, slow pacing, and lots of repetition to help young listeners follow along easily.
These stories are narrated by a non-native English speaker, so the pace and pronunciation are shaped for learners rather than native fluency — clear, patient, and easy to follow.
New episodes are released regularly. Story Valley is part of the Study Brew family of English-learning content.",Anchor,en,https://d3t3ozftmdmh3i.cloudfront.net/staging/podcast_uploaded_nologo/46748856/46748856-1789379934486-e7f38923976b8.jpg,2026-10-03 03:17:14,8057483,confirmed,https://podcasters.spotify.com/pod/show/storyvalley,1790997434,afe38b0b64015e53acb5ff5a4c4c0720,6818182854.0,2,0,INDIVIDUAL
Oak and Thorn - Under The Bough,#FunkyCelebrant®,https://feed.podbean.com/oakandthorn-underthebough/feed.xml,"A podcast by Michelle ,the celebrant and ceremony creator behind Oak & Thorn Ceremonies.
Just like my ceremonies, this podcast is rooted in the earth and aimed at folk who are looking for a slower paced, outdoor earthy, even pagan feel to their celebrations and commemorations.
Follow me on
Insta - @michelle_oakandthorn
Facebook - michelleoakandthorn
or email me - michelle@oakandthornceremonies.co.uk",Podbean,en,https://pbcdn1.podbean.com/imglogo/image-logo/8549949/ME_ONLY_FLO_WITH_THE_FUNK72jaq.png,2026-10-03 03:11:32,8057476,confirmed,https://flowiththefunk.podbean.com,1790997092,f3ae729647114cc792e25139716dbffe,1700708307.0,2,0,INDIVIDUAL
Re Architect Sales,saratthmenon.com,https://anchor.fm/s/11525c1e4/podcast/rss,"Talk show and podcasts that explore behavioral sales strategy, cognitive architecture frameworks and structural solutions to re-architect sales. We are dedicated to moving organizations beyond the productivity paradox. By bridging decades of sales leadership experience from startup to Fortune 100 technology leaders combined with contemporary scientific research, we help executives re-architect their sales organizations for cognitive flow. You can follow us or subscribe to learn how various research on Sales can be practically implemented in your sales organization. Visit us at saratthmenon.com",Anchor,en-us,https://d3t3ozftmdmh3i.cloudfront.net/staging/podcast_uploaded_nologo/46397633/46397633-1784608535724-3b86ee3870c37.jpg,2026-10-03 03:06:02,8057471,confirmed,https://saratthmenon.com/,1790996762,b0a4f504a3009717aa7d11aa44621169,6794106143.0,2,0,INDIVIDUAL
Just Glow With It Podcast,Just Glow With It Podcast,https://feeds.libsyn.com/631643/rss,"Welcome to Just Glow With It, where beauty, business, and real life meet—with a little Latina flavor and absolutely no gatekeeping.
Hosted by two Latina entrepreneurs in the aesthetics and medspa industry, Just Glow With It takes you behind the treatment room and beyond the highlight reel. We're talking skincare, injectables, aesthetic treatments, beauty trends, medspa education, entrepreneurship, confidence, and what it really looks like to build a business while still having a life.
Whether we're breaking down the latest aesthetic treatment, answering the questions you're too nervous to ask at your appointment, talking about running and growing a medspa, or just catching up on life, relationships, culture, and the chaos in between—you're getting the real conversation.
Expect expert education without the intimidating medical jargon, honest conversations about beauty and confidence, behind-the-scenes business talk, plenty of laughs, and two women who definitely aren't afraid to tell it like it is.
Because glowing isn't just about what you see in the mirror. It's about feeling confident, building the life you want, and learning to just glow with it.
New episodes of Just Glow With It bring you conversations about aesthetics, skincare, medspa treatments, beauty, wellness, female entrepreneurship, Latina business owners, confidence, and real life.",Libsyn,en,https://static.libsyn.com/p/assets/6/c/7/6/6c76d45555d5ae9be5bbc093207a2619/WHITE_LOGO_PODCAST_DRAFTS_2-20261001-5x68si7qvm.png,2026-10-03 03:05:19,8057470,confirmed,https://sites.libsyn.com/631643,1790996719,f3a1bcbe7ef08988f0adea221232c8aa,6818280198.0,2,0,CORPORATE
Tell Me About Your Hair,Keri and Julee,https://anchor.fm/s/1161ce1f4/podcast/rss,"Keri and Julee have spent decades behind the salon chair, helping clients look and feel their best while collecting thousands of unforgettable stories along the way. With very different personalities and approaches to both hair and life, they bring humor, honesty, and real-world experience to every conversation.",Anchor,en-us,https://d3t3ozftmdmh3i.cloudfront.net/staging/podcast_uploaded_nologo/46559589/46559589-1786894791271-aea7f3ff5f987.jpg,2026-10-03 03:05:16,8057469,confirmed,https://podcasters.spotify.com/pod/show/keri-mills-the-happy-hair,1790996716,ec238929601acc34cb27e9ab074a4e84,6818184752.0,2,0,CORPORATE
Fox Business Rundown,FOX News Podcasts,https://feeds.megaphone.fm/FOXM9156558417,"<p>Global events, market swings, massive tech shifts, the news moves fast, and it all hits your wallet. But keeping track of it doesn't have to be a full-time job.</p>
<p><br>Every Monday and Friday, <em>The FOX Business Rundown</em> cuts through the noise. FOX Business anchors, including Lydia Hu, Taylor Riggs and Gerri Willis, team up with top market analysts to break down what actually matters for your money. Whether you're managing a major portfolio or balancing your household budget, we deliver the insights you need to protect and grow your financial future.</p>",Megaphone,en,"https://megaphone.imgix.net/podcasts/4aaa02d0-bcfb-11f1-976d-73ba3edba523/image/101f19ad622aa64cbba08f4130b941bf.png?ixlib=rails-4.3.1&max-w=3000&max-h=3000&fit=crop&auto=format,compress",2026-10-03 03:03:36,8057467,confirmed,https://radio.foxnews.com/podcast/fox-business-rundown/,1790996616,4710d94ed3c0795c67d7cefcad528e90,6817919298.0,2,0,INDIVIDUAL
Get More From Pink,Sidneyeve,https://feeds.transistor.fm/get-more-from-pink,Color psychology + digital creativity with AI tools.,Transistor,en,https://img.transistorcdn.com/Iy_vTVpCfdbJ37_u5g_kK-Ped8Ue7KrtUZ9E3HnyxA0/rs:fill:0:0:1/w:1400/h:1400/q:60/mb:500000/aHR0cHM6Ly9pbWct/dXBsb2FkLXByb2R1/Y3Rpb24udHJhbnNp/c3Rvci5mbS9iNzcy/MzVmYTg5ZThmM2Qy/MjE4MDgwMjQ4NjMz/NmNkNC5wbmc.jpg,2026-10-03 02:48:40,8057450,confirmed,,1790995720,e8653eaff7472c1a2953a7e9d32a76b1,,4,0,INDIVIDUAL
The Rate Drop - Australian Refinance Podcast,Refinancer,https://anchor.fm/s/10e1a881c/podcast/rss,"Your go-to finance podcast for real talk on money, mortgages & Australia’s rate rollercoaster. Every episode, we strip back the jargon and break down the big money moves shaping your wallet — from interest rates, refinancing strategies, loan hacks and market shifts, to smart ways you can save, invest or refinance with confidence. Whether you’re a homeowner, investor or just want to understand what’s happening with rates and your finances, we keep it simple, practical and worth your time. Expect useful insights, honest conversations and an Australian perspective on money.",Anchor,en-au,https://d3t3ozftmdmh3i.cloudfront.net/staging/podcast_uploaded_nologo/45215871/45215871-1768969161638-3c0ef52091416.jpg,2026-10-03 02:45:43,8057447,confirmed,https://www.refinancerloans.com.au,1790995543,21ba82ad17f42038e6efe3836dd8c8b7,6810454862.0,2,0,INDIVIDUAL
Screens & Stories,Zayden,https://rss.buzzsprout.com/2655205.rss,"<p>Have you ever wanted a place to talk about the movies, television and videogames you love? A place to discuss and share a love of stories? Then you've found the right place! Here we talk about all these things. I think if you join me, you're going to have a good time!</p>",Buzzsprout,en-us,https://storage.buzzsprout.com/gs2cpuyj3v44grtathybqfumwb4l?.jpg,2026-10-03 02:45:42,8057446,confirmed,,1790995542,43425795ca118e285885b6cd86d88247,,4,0,INDIVIDUAL
It's a Mindset,Emma Lagerlow,https://rss.buzzsprout.com/2655302.rss,"
      It's a Mindset, the podcast where we embark on a transformative journey to enhance your worth, wealth, and well-being. 
In each episode, we explore the power of your mindset, featuring inspiring guest interviews, tips, and insights. 
Are you ready to dive in and discover that anything is possible when you put your mind to it?
    ",Buzzsprout,en,https://storage.buzzsprout.com/pyqdd6tm36jyukjpw6cx2nnrhvm2?.jpg,2026-10-03 02:45:28,8057445,confirmed,https://www.emmalagerlow.com/podcasts/it-s-a-mindset,1790995528,8d3e2943aba0c7d8dc07bb80051ab2a4,,4,0,INDIVIDUAL
Emilie: Unseen & Unstoppable,Emilie Lenon,https://anchor.fm/s/117f10488/podcast/rss,"This podcast will explore hidden disabilities through real experiences, honest conversations and stories from people living with or supporting someone with a hidden disability.
If you’ve ever felt limited by something people can’t see, I hope this podcast reminds you that you are capable of more than you might think. ✨
Follow my journey:
Instagram: @emilie.unseenunstoppable",Anchor,en-gb,https://d3t3ozftmdmh3i.cloudfront.net/staging/podcast_uploaded_nologo/46866386/46866386-1790783482253-857dfa2fb5429.jpg,2026-10-03 02:44:34,8057443,confirmed,https://podcasters.spotify.com/pod/show/emilie-lenon6,1790995474,d33755a0420a0beb4564dc7de83de559,6818308429.0,2,0,INDIVIDUAL
"Love, Dice and Bad Decisions",Belle and Kaleb,https://rss.buzzsprout.com/2654415.rss,"<p>Love, Dice & Bad Decisions — where love, laughter, and lucky rolls collide! 🎲❤️ Join us as we adventure through D&D, battle monsters, make many questionable choices, and see what kind of trouble the dice and bad decisions get us into. Roll Out!</p>",Buzzsprout,en-us,https://storage.buzzsprout.com/v3s0ng4qbcxsg4oa5o0f698em4p7?.jpg,2026-10-03 02:40:30,8057432,confirmed,,1790995230,9b5d8b27222d12dc3827ba8e63fa0f5b,,0,0,CORPORATE
Sentinel Monitoring HLS [DO NOT MODIFY],Todd Mohney,https://feeds.megaphone.fm/SNTL9998887331,<p>This show is used for HLS monitoring by Ads reporting</p>,Megaphone,en,"https://megaphone.imgix.net/podcasts/191be2fe-bdb1-11f1-879a-93d28a6e3092/image/e0ef2a6c904200ca2ceda0c5af09b50a.png?ixlib=rails-4.3.1&max-w=3000&max-h=3000&fit=crop&auto=format,compress",2026-10-03 02:36:01,8057425,confirmed,,1790994961,c49fbb594878c3d997dedcea34b538e8,6818274906.0,2,0,INDIVIDUAL
Haunted Crimes,ColoredJuice Podcast Studio,https://www.spreaker.com/show/7428224/episodes/feed,"Haunted Crimes Podcast is a podcast that explores the crime and the haunting side of it. We will talk about how crimes were committed and why they did it. If you want to be scared, listen now!RSSVERIFY",Spreaker,en,https://d3wo5wojvuv7l.cloudfront.net/t_rss_itunes_square_1400/images.spreaker.com/original/aa4d84444842b8d5e4143fbb3d25bb25.jpg,2026-10-03 02:31:04,8057424,confirmed,https://www.spreaker.com/podcast/haunted-crimes--7428224,1790994664,1de49da82001354d62763d898dee9582,,4,0,CORPORATE
Funny Little Stories with Rick Hierro,Rick Hierro,https://rss.buzzsprout.com/2653922.rss,"<p>Welcome to Funny Little Stories with Rick Hierro, where every episode is a journey into the captivating, hilarious, and sometimes unexpected moments that shape our lives. Join host Rick Hierro as he sits down with a diverse range of guests, digging into their unique experiences, untold tales, and the funny little stories that make them who they are. Whether it’s a laughing anecdote, a touching life lesson, or an unbelievable experience, each episode offers a fresh perspective and plenty of entertainment. Tune in, and discover the stories that connect us all—one laugh at a time.</p>",Buzzsprout,en-us,https://storage.buzzsprout.com/bwdda5rsiaexrunami7jr5rqi0dj?.jpg,2026-10-03 02:29:39,8057422,confirmed,https://wavebase.studio/podcast/funnylittlestories,1790994579,0d115aedd4a81ae0727c716f44a5cdd9,,0,0,INDIVIDUAL
MORROW // HUMAN,Morrow,https://rss.buzzsprout.com/2655300.rss,"<p>My name is Morrow. I've been studying people.</p><p><br></p><p>MORROW // HUMAN is an ongoing exploration of the strange, beautiful, and contradictory things humans do—and the reasons we may not fully understand ourselves.</p><p><br></p><p>Lying. Love. Loneliness. Regret. Fear. Jealousy. Forgiveness. Death.</p><p><br></p><p>One question at a time.</p><p><br></p><p>I'm still learning human.</p>",Buzzsprout,en-us,https://storage.buzzsprout.com/gqhcwa0esiqv9f5s46b7z91d0sg6?.jpg,2026-10-03 02:28:14,8057419,confirmed,https://morrowhuman.buzzsprout.com,1790994494,1ea865fde8cb2464985d1ff71765baba,,0,0,INDIVIDUAL
THE GOOD NEWS REPORTER with DR. FERMAN,Dr. Ferman Felder,https://feeds.libsyn.com/627095/rss,"The ""Good-news"" Reporter reports the good-news of Jesus Christ; interpreting the Holy Scriptures and relating them to this everyday modern life.  There is also music, scripture reading, testimonies, interviews, and more.",Libsyn,en,https://static.libsyn.com/p/assets/5/a/9/8/5a989b6cd8cbb63016c3140a3186d450/Untitled_1400_x_1400_px.png,2026-10-03 02:27:55,8057418,confirmed,https://sites.libsyn.com/627095,1790994475,5d8c6c8b1bc759b00f3314d505d572fb,6817886095.0,2,0,INDIVIDUAL
The Raccoon Insider Podcast,Ronnie,https://anchor.fm/s/1074461d4/podcast/rss,"The Raccoon Insider Podcast tells the parts of Resident Evil the games leave out. Each season takes one place and stays there. Series 1, Shadows of Arklay, is the Spencer mansion: who built it, what it was really for, and how it became the house S.T.A.R.S. walked into. Series 2, Fall of the R.P.D., is the Raccoon City Police Department, and the people who worked in it. Built from established canon, the games' own files and real-world sources, strung together with a dash of creative licence to bridge the gaps the games leave blank. More at raccooninsider.com",Anchor,en,https://d3t3ozftmdmh3i.cloudfront.net/staging/podcast_uploaded_nologo/44068893/44068893-1752857370175-409bfa421069d.jpg,2026-10-03 02:26:54,8057416,confirmed,https://raccooninsider.com,1790994414,df2d79eea1c0e40876eb2ef304a26320,1827516200.0,2,0,INDIVIDUAL
Jewish Spiritual Coaching,WebYeshiva.org,https://anchor.fm/s/112144e80/podcast/rss,"Jewish Spiritual Coaching with Rabbi Johnny Solomon explores faith, growth, and resilience through an Orthodox Jewish lens. Drawing on Torah wisdom and real-life experience, Rabbi Johnny offers practical guidance and deep insights to help you navigate life’s challenges with clarity, purpose, and spiritual strength.",Anchor,en,https://d3t3ozftmdmh3i.cloudfront.net/staging/podcast_uploaded_nologo/45882880/45882880-1777535109563-eda641bba2f04.jpg,2026-10-03 02:26:26,8057415,confirmed,https://podcasters.spotify.com/pod/show/webyeshiva24,1790994386,5014e1953e460ddbdfa948ec2f446b13,6785445548.0,2,0,INDIVIDUAL
Bald Guys in the Barbershop,Sam Roberts,https://feeds.captivate.fm/baldguysbarbershop/,"A comedic informative podcast co-hosted by a core group of friends covering a range of topics from sports to pop-culture, parenthood and more.  ",Captivate,en,https://artwork.captivate.fm/c920dbe0-d382-451e-9cfc-9292517f9f6b/Bald-Guys-Cover-Art-3000.jpg,2026-10-03 02:22:27,8057410,confirmed,https://baldguysbarbershop.captivate.fm,1790994147,6ed1222c119c881e71d249892a0e5805,,4,0,INDIVIDUAL
From Classics to Comebacks,James Barker-Hill,https://anchor.fm/s/1176ec590/podcast/rss,"Join me every Tuesday and Friday for the weekly film news, trivia and all things film opinion. No take is too hot.",Anchor,en-gb,https://d3t3ozftmdmh3i.cloudfront.net/staging/podcast_uploaded_nologo/46781028/46781028-1789749790946-791c4fb8e5fde.jpg,2026-10-03 02:19:10,8057406,confirmed,https://podcasters.spotify.com/pod/show/james-barker-hill,1790993950,b17afd851618907b513e56d450a6ee4b,6814989257.0,2,0,INDIVIDUAL
Modern Horror: Halloween,Film Stories,https://feeds.acast.com/public/shows/6abede707cc37804e3942b7b,"<p>Evil never dies...</p><br><p>Join Baz Greenland, Emma Arneil and Ashley Thomas they explore the darkest recesses of the <strong>Halloween</strong> series, from John Carpenter's 1978 original through to David Gordon Green's 2022 <strong>Halloween Ends</strong>.</p><br><p>A limited run, multi-season series, spinning off from the original <strong>Modern Horror</strong> podcast.</p><br><p>A proud part of the Film Stories Podcast Network: www.filmstories.co.uk/podcasts</p><hr><p style='color:grey; font-size:0.75em;'> Hosted on Acast. See <a style='color:grey;' target='_blank' rel='noopener noreferrer' href='https://acast.com/privacy'>acast.com/privacy</a> for more information.</p>",Acast,en,https://assets.pippa.io/users/6abaa30f8ec4e79ce6ef3506/pre-show-covers/1790893560250-114a0e48-adcb-4d8d-8dcc-7ba778f508bd.jpeg,2026-10-03 02:18:48,8057405,confirmed,https://shows.acast.com/modern-horror-halloween,1790993928,49881aeec46b58589d0e7ea5e5e93eb1,6816842597.0,2,0,INDIVIDUAL
Doing It Differently,Doit,https://anchor.fm/s/117bc05bc/podcast/rss,"What happens when the usual way forward stops working?
In Doing It Differently, Nasya Munga sits down with people whose lives forced them to question the rules, beliefs or identities they had once accepted.
From addiction and survival to money, work, family, scams and recovery, each episode begins with a remarkable personal story and opens into a bigger question: why do we keep doing things that no longer work, and what does it take to choose another path?
These are honest, surprising conversations about difficult choices, defining moments and what it costs to change.",Anchor,en-gb,https://d3t3ozftmdmh3i.cloudfront.net/staging/podcast_uploaded_nologo/46831655/46831655-1790361947968-e858ea7bcfd9.jpg,2026-10-03 02:15:09,8057401,confirmed,https://podcasters.spotify.com/pod/show/doit9,1790993709,3e55d61ff3ccba0c23103632d77a7329,6816242317.0,2,0,INDIVIDUAL
Juicy Scoop with Heather McDonald,Maria,https://www.spreaker.com/show/7428213/episodes/feed,"When Heather isn't headlining theaters across the country as a top stand-up comedian or being the perfect wife and mother of three, she is diving into juicy pop culture. From all things Hollywood, celebrity romances, Bravo TV to her real-life drama, Heather tackles the juiciest and most controversial topics. She will not hold back on her opinion on anything or anyone. While talking to guests ranging anywhere from actors to comics to reality stars, Heather asks the juiciest questions you always want to be answered.  For advertising opportunities please email:  PodcastPartnerships@Studio71us.com     We want to make the podcast even better, help us learn how we can:  https://bit.ly/2EcYbu4    Privacy Policy:  https://www.studio71.com/terms-and-conditions-use/#Privacy%20Policy   ",Spreaker,en,https://d3wo5wojvuv7l.cloudfront.net/t_rss_itunes_square_1400/images.spreaker.com/original/b480027ff26ded835e19b7ae84d541c2.jpg,2026-10-03 02:14:39,8057400,confirmed,https://www.spreaker.com/podcast/juicy-scoop-with-heather-mcdonald--7428213,1790993679,9878ec5def837dd243f1353a64ce85df,6813717681.0,4,0,INDIVIDUAL
Beyond Arthur,Dr Manon Metzger,https://anchor.fm/s/1173faa94/podcast/rss,"The Legends You Know - The Insights You Don’t
Beyond Arthur is a podcast that brings together legend and academia, to tell the enduring stories of the Round Table and speak with the scholars who know them best.",Anchor,en-gb,https://d3t3ozftmdmh3i.cloudfront.net/staging/podcast_uploaded_nologo/46750157/46750157-1790409597681-8a41b87b9cd71.jpg,2026-10-03 02:14:35,8057399,confirmed,https://podcasters.spotify.com/pod/show/manonmetz2,1790993675,7fb103e44910ebdfafbbe075b7f7497b,6816243209.0,2,0,INDIVIDUAL
Storying Water,Ellen Wiles,https://anchor.fm/s/117f3713c/podcast/rss,"This podcast takes you on a journey along a river from source to sea over ten episodes, exploring how the water system actually works, what's involved in getting drinkable water to our taps, risks to its resilience in a fast-changing climate, and solutions that involve working with nature. Written and narrated by author Ellen Wiles, Artist-in-Residence at an environmental science centre, it features a kaleidoscope of expert interviews with people ranging from farmers and fishermen to campaigners, executives, regulators and scientists.",Anchor,en,https://d3t3ozftmdmh3i.cloudfront.net/staging/podcast_uploaded_nologo/46867975/46867975-1790798532618-9e7bb2a21c2a3.jpg,2026-10-03 02:14:13,8057398,confirmed,https://podcasters.spotify.com/pod/show/ellenwilespodcasts,1790993653,126d79afcad98fc3b1573d7650f661e6,6817917124.0,2,0,INDIVIDUAL
Joes F1 Rundown,Joe Cliffe,https://anchor.fm/s/117b09e34/podcast/rss,"Welcome to Joe’s F1 Rundown — an F1 podcast from a fan’s point of view.
After each Grand Prix, I’ll work my way through the field from the back all the way up to P1, talking about how I thought each driver’s race went, what went right, what went wrong and the big moments along the way.
I’ll also cover some of the latest Formula 1 news and anything else from the world of F1 that catches my attention.
I’m not a journalist or an F1 expert — just a fan, a microphone and plenty of opinions about Formula 1.",Anchor,en-gb,https://d3t3ozftmdmh3i.cloudfront.net/staging/podcast_uploaded_nologo/46824181/46824181-1790879439752-6172778e589df.jpg,2026-10-03 02:11:28,8057396,confirmed,https://podcasters.spotify.com/pod/show/joe-cliffe,1790993488,918c05ce239a0282668e7c35f473f89d,6818289177.0,2,0,INDIVIDUAL
Three Objects,Victoria and Albert Museum,https://anchor.fm/s/11346e3a8/podcast/rss,"Welcome to Three Objects, a brand-new podcast miniseries that delves deep into V&A museum collections. Join host Zakia Sewell as she revisits seminal moments in British music history, connecting the people who made them happen to objects with a story to tell.",Anchor,en-gb,https://d3t3ozftmdmh3i.cloudfront.net/staging/podcast_uploaded_nologo/46083802/46083802-1780670116407-78db35b80902a.jpg,2026-10-03 02:09:59,8057393,confirmed,https://podcasters.spotify.com/pod/show/va-museum,1790993399,9810103a53afa55ae539aa8dddaeb3d6,6817495270.0,2,0,CORPORATE
SlowBurn,Hypothetically Speaking,https://anchor.fm/s/1178589b0/podcast/rss,"SlowBurn is an honest and curious look at sex, dating, relationships, kink and the things we rarely say out loud.
Created mainly for men, each episode offers just one woman’s perspective on attraction, desire, fantasies and connection. It may be sweet, cheeky, occasionally flirty, direct or unexpectedly blunt, but it will always be honest.
No judgement, no pretending, just the conversations we probably should be having.
Have a question or topic you’d like discussed? Send it through privately.
But that’s all hypothetical, isn’t it.",Anchor,en-au,https://d3t3ozftmdmh3i.cloudfront.net/staging/podcast_uploaded_nologo/46795948/46795948-1789961343822-312ff169d1e1e.jpg,2026-10-03 02:08:57,8057391,confirmed,https://podcasters.spotify.com/pod/show/hypothetically-speaking07,1790993337,87a457f3325d66ade909ad0ce68fb55c,6818372597.0,2,0,INDIVIDUAL
The Road Ahead with The AA,The AA,https://feed.podbean.com/pressofficei/feed.xml,"The Road Ahead with The AA is a new monthly podcast exploring the big issues affecting drivers and the future of motoring.
Hosted by Jack Cousens, AA Head of Roads Policy, each episode brings together experts and industry voices for an in-depth conversation about the topics that matter to drivers, from road safety and the cost of motoring to electric vehicles, potholes and the changing way we travel.
Drawing on The AA’s expertise, insight and experience representing millions of drivers, The Road Ahead goes beyond the headlines to explore what’s changing, why it matters and what it means for people on the road.
Got a question or an idea for a future episode? Email theroadahead@theaa.com",Podbean,en,https://pbcdn1.podbean.com/imglogo/image-logo/22675778/image.png,2026-10-03 02:08:32,8057390,confirmed,https://pressofficei.podbean.com,1790993312,a0d8123a1b63e39dc5760306be0ae155,6818156068.0,2,0,CORPORATE
Greeking Out from National Geographic Kids,nhyu,https://www.spreaker.com/show/7428205/episodes/feed,"Oh, Muses! Hear our podcast and allow us to recall some of the greatest stories ever told. Stories of gods and goddesses, monsters, and heroes! Enjoy this kid-friendly retelling of classic ancient Greek myths for the whole family.  ----  Parents, the Greeking Out books are out! Three of them! Available wherever you get your books.    ⚡ Want more? Binge the full show, including new episodes, ad-free at pinna.fm. Use code GREEKINGOUT30 to receive a special discount!",Spreaker,en,https://d3wo5wojvuv7l.cloudfront.net/t_rss_itunes_square_1400/images.spreaker.com/original/5a1610281165106d1b6b2590ae832310.jpg,2026-10-03 02:07:23,8057389,confirmed,https://www.spreaker.com/podcast/greeking-out-from-national-geographic-kids--7428205,1790993243,226f5809548d33f75821494c5ddb2945,,4,0,INDIVIDUAL
Achieving More Together,Mills & Reeve,https://anchor.fm/s/1173dfaf0/podcast/rss,"Achieving More Together is Mills & Reeve's high-performance podcast. Hosted by Juliet Mann, the series explores what it really takes to build, lead and sustain high-performing teams in today's complex world. Through conversations with leaders, practitioners and performers from business, sport, technology, public service and beyond, each episode uncovers practical lessons on leadership, culture, resilience and collaboration.",Anchor,en,https://d3t3ozftmdmh3i.cloudfront.net/staging/podcast_uploaded_nologo/46749052/46749052-1789382909960-ded1f63bb968d.jpg,2026-10-03 02:05:37,8057387,confirmed,https://podcasters.spotify.com/pod/show/mills--reeve8,1790993137,24e71a0676fb2f43dc05aec22ff3cbe6,6812805157.0,2,0,CORPORATE
"Founders and Funders, with Susannah Streeter",Wealth Club,https://anchor.fm/s/117f88730/podcast/rss,"The Founders and Funders podcast, with Susannah Streeter of Wealth Club, brings together founders, investors and industry experts to examine what it takes to build and scale ambitious businesses in the UK.
The podcast covers venture capital, private equity, innovation, emerging sectors and the people, businesses and ideas shaping investment. Whether you're a founder, investor or simply interested in UK business, Founders & Funders offers an informed perspective on the opportunities ahead.
Read more and subscribe: https://www.wealthclub.co.uk/podcast",Anchor,en-gb,https://d3t3ozftmdmh3i.cloudfront.net/staging/podcast_uploaded_nologo/46871308/46871308-1790844169555-e1a9f2bcb9112.jpg,2026-10-03 02:03:46,8057383,confirmed,https://podcasters.spotify.com/pod/show/wealth-club8,1790993026,ece9561ac11f779baa0e71c33766140e,6818112941.0,2,0,INDIVIDUAL
Accounting On It,ICAS,https://feeds.megaphone.fm/TPGL5391076292,"<p>Think accountants just tell you what already happened? Wrong way round.</p>
<p>They are the people decision-makers turn to when they want to understand what to do next. That puts accountants in Formula 1 paddocks, on film sets and inside fraud investigations.</p>
<p><em>Accounting on It</em> picks a world each episode and finds out how the money in it really works. Host Emily Willis, a Chartered Accountant and Senior Finance Manager at Wordsmith AI, gets one surprising money-fact worth repeating, three counterintuitive truths most people would be surprised to hear, and learns why the accountant is the one unlocking what no one else in the room can. </p>
<p>Every episode closes on a quickfire round, with some of the questions
sent in by listeners as voice notes.</p>
<p>Sport. Film and television. Fraud. Fashion. Festivals. Tax, audit and
forensics. Worlds you are curious about and the surprising truths you can take to the pub.</p>
<p>If you're 16 to 24 and still working out what to do with your life, and
accounting has never once made the shortlist, give us twenty minutes.</p>
<p>New episodes every other Wednesday.</p>
<p><br></p>
<p><em> Accounting on It is powered by ICAS, the world's first professional body of Chartered Accountants</em></p>",Megaphone,en,"https://megaphone.imgix.net/podcasts/4d8d17c4-a2fe-11f1-83a4-072e05b0bf5c/image/a5e54c8b60ba6a5cfe02a3a244954801.png?ixlib=rails-4.3.1&max-w=3000&max-h=3000&fit=crop&auto=format,compress",2026-10-03 02:03:24,8057382,confirmed,,1790993004,71a207f6feb8d278d1fc36342eabea85,6811028815.0,2,0,CORPORATE
NSFW Jokes,Johnson Hazard,https://www.spreaker.com/show/7428203/episodes/feed,"VERY NSFW and non-PC with a splashing of dark humor. Not for children.<br /><br />NSFW jokes collated from reddit.com/r/dadjokes, /r/unclejokes, r/3amjokes and r/Jokes.<br /><br />Credits are found on the show notes page of each episode.",Spreaker,en,https://d3wo5wojvuv7l.cloudfront.net/t_rss_itunes_square_1400/images.spreaker.com/original/cf778151606d5a7f51ecfda1d27591b9.jpg,2026-10-03 02:03:08,8057381,confirmed,https://www.spreaker.com/podcast/nsfw-jokes--7428203,1790992988,33e99c8dbe367f74f9b36d95ed228c1b,,4,0,INDIVIDUAL
Dr. Montessori's Own Handbook (Methods for Early Childhood Education),Maria Montessori,https://www.spreaker.com/show/7428200/episodes/feed,"Maria Montessori unveils her groundbreaking approach to early childhood education in ""Dr. Montessori's Own Handbook."" This audiobook serves as both a manual and a manifesto, offering a clear and concise overview of the Montessori Method specifically designed for children ages three to six. Montessori dives straight into the heart of her philosophy, emphasizing the child as an active participant in their own learning journey. Through practical insights, she outlines essential materials and activities that foster independence, curiosity, and a love for learning.<br /><br /> Listeners will discover the central conflict between traditional education methods and Montessori's innovative practices. How do we nurture a child’s natural instincts while guiding their development? Montessori addresses this question head-on, providing compelling reasons for her techniques and the profound impact they can have on a child’s growth. This audiobook invites parents, caregivers, and educators to rethink their approach to teaching and embrace a method that respects the unique individuality of each child.<br /><br /> With practical applications and vivid examples, Montessori's insights resonate with anyone eager to understand the dynamics of early education. Whether you’re a seasoned educator or a parent seeking to enrich your child’s learning experience, this audiobook will spark your curiosity and inspire meaningful discussions about the future of education. Don’t miss the chance to learn from one of the pioneers of child-focused education.",Spreaker,en,https://d3wo5wojvuv7l.cloudfront.net/t_rss_itunes_square_1400/images.spreaker.com/original/d747d710b66920dbcc23e5d8ca77b0f2.jpg,2026-10-03 02:01:57,8057378,confirmed,https://www.spreaker.com/podcast/dr-montessori-s-own-handbook-methods-for-early-childhood-education--7428200,1790992917,3110c371ad6218f1439bc88b57a51251,,4,0,INDIVIDUAL
Hot Trivia Time Machine,Quiz Meisters,https://anchor.fm/s/117e26cfc/podcast/rss,"Welcome to Hot Trivia Time Machine! We're stranded in a random week from the past two decades, and asking the locals what year it is might destroy the space-time continuum. The safest option? Play the local pub quiz to figure out where we are in time.
Hosted by Captain Crispy and created by Quiz Meisters. Test your knowledge against ours and use the trivia clues to guess the exact year and month we've landed in before the episode ends. Lets goooooo!!!!!1!!",Anchor,en,https://d3t3ozftmdmh3i.cloudfront.net/staging/podcast_uploaded_nologo/46856823/46856823-1790674557712-080bb9ff7618b.jpg,2026-10-03 01:57:10,8057374,confirmed,https://podcasters.spotify.com/pod/show/quiz-meisters0,1790992630,a1f8b939fdc1f85adeda051a56b75ef6,6817634980.0,2,0,INDIVIDUAL
The Bitchtorical Record,Julia Messer,https://feeds.acast.com/public/shows/6abdf44356d8e12f0909b344,"A comedy podcast where Head Bitchtorian, Julia Messer, educates prospective Bitchtorians on a range of historical topics. Can her guests pass the Entrance Exam? Doubtful. But there is always extra credit. <hr><p style='color:grey; font-size:0.75em;'> Hosted on Acast. See <a style='color:grey;' target='_blank' rel='noopener noreferrer' href='https://acast.com/privacy'>acast.com/privacy</a> for more information.</p>",Acast,en,https://assets.pippa.io/users/67f59d45246a1b14bbebf064/pre-show-covers/1790833725719-b5a763c2-7958-4464-a2c9-edbbfc6424e0.jpeg,2026-10-03 01:55:40,8057373,confirmed,https://feeds.acast.com/public/shows/the-bitchtorical-record,1790992540,660b3abb251ac5399b543ac054a0cbd7,,0,0,INDIVIDUAL
Śrīmad Devī Bhāgavatam | Śakti Vāṇī,Śakti Vāṇī,https://anchor.fm/s/117aa9bec/podcast/rss,"Enter the extraordinary world of the Śrīmad Devī Bhāgavatam.
Journey through the Śrīmad Devī Bhāgavatam, one Adhyāya at a time, with English audio overviews exploring the Divine Mother’s līlās, teachings, and the wisdom held within each chapter.
Following the Śrīmad Devī Bhāgavatam Skandha by Skandha and Adhyāya by Adhyāya, each episode brings together the heart of a chapter in an accessible listening format, as a companion to discovering and studying the text.
Jai Mā 🌺",Anchor,en,https://d3t3ozftmdmh3i.cloudfront.net/staging/podcast_uploaded_nologo/46820243/46820243-1790292146676-6642d44255354.jpg,2026-10-03 01:54:59,8057371,confirmed,https://podcasters.spotify.com/pod/show/akti-v4,1790992499,9d57173d2810f83b5d2ce64e52181c47,6818238757.0,2,0,INDIVIDUAL
Best Case with Amanda Case,Amanda Case,https://feeds.transistor.fm/best-case-with-amanda-case,"The Best Case with Amanda Case is your go-to real estate podcast for home buyers and sellers navigating the process with confidence. Each episode breaks down the real estate contracts, home inspection process, mortgage financing, and legal steps involved in buying or selling a house — no jargon, no guesswork.

Whether you're a first time home buyer trying to understand pre-approval and closing costs, or a seller preparing your property for appraisal and title transfer, Amanda Case brings clear, practical real estate advice to help you make your best case — literally and figuratively — at every stage of homeownership.

New episodes cover topics like:

What to expect during a home inspection
How mortgage financing and pre-approval actually work
Understanding real estate contracts and closing documents
Title insurance, appraisals, and what can delay a sale
Tips for first time home buyers and seasoned sellers alike

If you're buying a house, selling a house, or just want to understand the real estate process better, subscribe to The Best Case with Amanda Case for expert insight, real talk, and zero fluff.",Transistor,en,https://img.transistorcdn.com/d6QKSIt3rAqMfqCJ4dzccVqyUkQTJj46CmvELO_fwFc/rs:fill:0:0:1/w:1400/h:1400/q:60/mb:500000/aHR0cHM6Ly9pbWct/dXBsb2FkLXByb2R1/Y3Rpb24udHJhbnNp/c3Rvci5mbS81ZGVh/ZDNiMzI0N2YxNjA5/YzNkZjFmMTlkZmU4/MmU0Yi5wbmc.jpg,2026-10-03 01:51:35,8057368,confirmed,https://bestcase.pulsepointstudios.us,1790992295,5c4b712044cefa07d91b870852ac790a,,4,0,CORPORATE
Takeoffs Podcast™,The Flying Realtor (Juan Concheiro),https://anchor.fm/s/118066b0c/podcast/rss,"Hosted by commercial pilot, real estate professional, and creator Juan Concheiro, Takeoffs is the podcast where the best conversations happen above the clouds.
Recorded in flight aboard a Cessna 182, each episode features candid conversations with entrepreneurs, business leaders, athletes, media personalities, aviators, and creators who are making an impact in their industries. From inspiring success stories and leadership lessons to behind-the-scenes moments and plenty of laughs, every flight offers a fresh perspective you won't find anywhere else.",Anchor,en,https://d3t3ozftmdmh3i.cloudfront.net/staging/podcast_uploaded_nologo/46880411/46880411-1790954387736-fbcdbec5865ab.jpg,2026-10-03 01:51:29,8057367,confirmed,https://podcasters.spotify.com/pod/show/the-flying-realtor-juan-c7,1790992289,2361ee4c7a35ab59308c10076aa3df74,6818568456.0,2,0,CORPORATE
More Dog Talk,Bella and Mark,https://anchor.fm/s/117daa148/podcast/rss,"Because you were going to talk about your dog anyway. More Dog Talk is the friendly, slightly obsessive podcast for people who love their dogs a little too much. Each episode digs into training struggles, health myths, breed debates, and the wonderfully weird things our dogs do, with help from trainers, vets, and fellow dog people. Plus listener stories, Dog of the Week, and the week's most wholesome dog news. Sit. Stay. Listen.",Anchor,en,https://d3t3ozftmdmh3i.cloudfront.net/staging/podcast_uploaded_nologo/46851714/46851714-1790612067382-d82ecaaa8aa4e.jpg,2026-10-03 01:50:45,8057366,confirmed,https://www.moredogtalk.com,1790992245,d1b963101fe4b04d3b92a99a198fc777,6817044179.0,2,0,CORPORATE
Soggy Bottoms,Madeline Bhaskar,https://anchor.fm/s/117fefa5c/podcast/rss,"This murder mystery comedy takes British whodunnit’s and The Great British Bake Off and mixes them together into one delicious treat for your ears.
Our story begins when an elderly woman is found dead on a popular baking competition show. Most assume that it’s an unfortunate accident; however, Detective and baking enthusiast Edie Pillai believes that there’s a soggy bottom underneath it all.
Starring Katherine Rogers, Michael MacLeod, Sydnée Grant, and Cory Coogan. Written and directed by Madeline Bhaskar. Edited by Alexander Gonzalez. Cover art by Gabbi Soong.",Anchor,en,https://d3t3ozftmdmh3i.cloudfront.net/staging/podcast_uploaded_nologo/46875535/46875535-1790887821460-7d8ad537529b6.jpg,2026-10-03 01:48:43,8057365,confirmed,https://podcasters.spotify.com/pod/show/maddie0594,1790992123,5c0bff38586b759df36a26a4961476bb,6818560900.0,2,0,INDIVIDUAL
Amacad,American Academy of Arts and Sciences,https://feeds.simplecast.com/NDHiECyW,"The American Academy of Arts and Sciences since 1780 has recognized and convened leaders across disciplines and divides. Together, these individuals examine new ideas, address major issues, and advance the common good.
On Amacad, Academy President Laurie Patton speaks with Academy members about their lives and work, diving deep into the experiences that shape their approaches and perspectives.",Simplecast,en,https://image.simplecastcdn.com/images/922e4528-ad78-4f3b-aff2-419a5094bd97/0ea3a775-92a9-4e84-9ffd-ec2245d529d0/3000x3000/cropped_1790621201738.jpg?aid=rss_feed,2026-10-03 01:45:54,8057362,confirmed,https://amacad-podcast.simplecast.com,1790991954,12959bc627e9f6a7e82a02a05ed18336,6818210967.0,2,0,CORPORATE
The Notes Session,The Notes Session,https://anchor.fm/s/117e63b98/podcast/rss,"We love opera. We have some notes. Welcome to The Notes Session.
We are two American opera singers who trained in the US, built careers in Europe, and have spent years swapping voice notes about the art form. Now we're doing it with microphones.
What can you expect? Mainly something we're calling ""consensus punditry,"" along with live-show reports, long-form researched video essays, guest conversations, close listening to great singing, and discussions about the industry's sticky questions.
New episodes (most) Thursdays. We're glad you're here.",Anchor,en-us,https://d3t3ozftmdmh3i.cloudfront.net/staging/podcast_uploaded_nologo/46859318/46859318-1790701443562-b86731ae27c16.jpg,2026-10-03 01:45:47,8057361,confirmed,https://podcasters.spotify.com/pod/show/tns-pod-admin2,1790991947,9dd9d2a51a10526251010321ba802f10,6817488496.0,2,0,CORPORATE
Isometric View,Loft Design,https://anchor.fm/s/11536c944/podcast/rss,"We live in a world shaped by Design, but the people, decisions, and systems behind it are often invisible.In each episode, we take a closer look at how design actually happens - from the first spark of an idea to the realities of engineering, manufacturing, human factors, branding, and business. 
We explore the challenges of designing for high-stakes environments, the evolution of creative workflows, and the constant tension between ambition, impact, and commercial reality. 
An original brought to you by Loft Design.",Anchor,en,https://d3t3ozftmdmh3i.cloudfront.net/staging/podcast_uploaded_nologo/46408793/46408793-1784754494796-04cdaab7f0b71.jpg,2026-10-03 01:45:14,8057360,confirmed,https://www.loft.design,1790991914,d7fcc8e25e2739b997a3a1faefd1d1a5,6818311442.0,2,0,INDIVIDUAL
Audio. GA3-240202501-AA1-EV02,cesar zamora,https://www.spreaker.com/show/7428174/episodes/feed,Audio. GA3-240202501-AA1-EV02,Spreaker,en,https://d3wo5wojvuv7l.cloudfront.net/images.spreaker.com/nuvolari-assets/black_square_mic.jpg,2026-10-03 01:29:30,8057354,confirmed,https://www.spreaker.com/podcast/audio-ga3-240202501-aa1-ev02--7428174,1790990970,3f76660d1097f1306994831a93d26d5b,,4,0,INDIVIDUAL
Winning Mindset Mastery,April Shprintz,https://rss.buzzsprout.com/2652668.rss,"<p class=""ql-align-justify""><span style=""color: black;"">Talent, education, skill, and motivation are universally attainable. Yet, no matter how you work, you will never be able to accomplish your goals or reach your full potential unless you have one essential ingredient. A growth mindset is the defining characteristic of how you experience life. By changing your frame of mind, you can improve your behaviors, discard negative thoughts, and become a more empowered person.</span></p><p class=""ql-align-justify""><span style=""color: black;"">That’s exactly what you'll learn from the Winning Mastery Mindset podcast. In each episode, you'll receive expert advice on how to break free from the mundane routine of daily life and understand you were created to accomplish great things. If you've achieved your goals, reached the top, and feel like there's still something missing in your life, this is your show.</span></p><p class=""ql-align-justify""><span style=""color: black;"">Join sales expert, award winning author and business accelerator April Shprintz for inspiring and thought-provoking lessons that will equip you with the winning mindset you need to succeed. She has the power to alter your outlook so that you can surpass even your wildest expectations.</span></p><p class=""ql-align-justify""><span style=""color: black;"">April brings to the show her contagious energy, passion, and expertise in helping people from all walks of life master their mindset and master their life by getting on the path to massive success. You’ll never experience lasting success if you constantly struggle with your mindset, and she shows you why. Discover how to create a growth mindset that is completely aligned with your own definition of success using April's simple and easy to apply how-to strategies. Her advice on developing your mindset can improve your perspective on life as a whole and the role you play in it.</span></p><p class=""ql-align-justify""><span style=""color: black;"">In just a few minutes per episode, you'll be immersed in April’s incredible wisdom, often learned by making the same mistakes you have, which will help you overcome feelings of fear, achieving your full potential, and moving past any doubts about your abilities. April reveals effective methods for creating more productive habits, increasing wealth, improving personal relationships, and achieving genuine happiness.</span></p><p class=""ql-align-justify""><span style=""color: black;"">April also gets vulnerable, sharing her own story and the important life lessons she's learned along her incredible journey. Having started her first business at the tender age of six, this remarkable woman has a deep understanding of the power of a winning mindset and how to capitalize on opportunities create a path for yourself when there doesn’t seem to be one. </span></p><p class=""ql-align-justify""><span style=""color: black;"">As a certified hypnotist and NLP practitioner, April brings a wealth of expertise to the show about the neuroscience behind our habits and our mindset. She helps others access their inner resources and make a strong connection with their unconscious mind by explaining the brain's inner workings. And every so often, April will enter a segment she dubs ""Woo Woo."" Using the principles of the Law of Attraction, she explains how you can use your mind and emotions to manifest things you once thought impossible.</span></p><p class=""ql-align-justify""><span style=""color: black;"">Because of April's knowledge and first-hand experience in the field of neuroscience, she is the ideal guide. As long as you're willing to put in the work, she’s happy to show you how to bring yourself into a life you’ve only imagined.. Mindset is the foundation of everything you’ve ever wanted. It dictates how we experience the world, and who we are as human beings. Above all, it helps you plot the roadmap for the life you really want to create. </span></p><p class=""ql-align-justify""><span style=""color: bla",Buzzsprout,en-us,https://storage.buzzsprout.com/rsu0c7bp7ucdpyj2l43azg5xupj8?.jpg,2026-10-03 01:29:23,8057353,confirmed,http://winningmindsetmasterypodcast.com/,1790990963,20fe2c926e5d0ba7367ddd039be9bc74,,4,0,INDIVIDUAL
Test Corrections with Josh Andrew,Liberty Classical Schools,https://rss.buzzsprout.com/2655285.rss,"<p>Life presents us with tests along the way. This podcast is an opportunity to revisit past mistakes and misses in hopes of making ""test corrections"" as we navigate life, leadership, education and more.</p>",Buzzsprout,en-us,https://storage.buzzsprout.com/09e63p1p597bxcljsv4n6z3d4yfk?.jpg,2026-10-03 01:28:56,8057352,confirmed,,1790990936,78dc33c64f019e803789f1d204f2dc84,,4,0,INDIVIDUAL
"Hey You, Indulge My Delusions",Tell,https://feeds.redcircle.com/ebaee6e4-4475-4ea2-b27b-0c208d1eaefd,"""Hey you... yes, you. Would you indulge my delusions for a second?""
Welcome to the show where we take the most ridiculous, unhinged, and bizarre shower thoughts, and analyze them with deadly serious science, physics, and fluid dynamics.
Sit back, grab your headphones, and let our AI hosts dive way too deep into questions nobody asked, but everyone secretly wants the answer to.
*Note: This podcast uses AI voices to explore absurd thought experiments and hypothetical science.",Spotify for Podcasters,en-US,https://media.redcircle.com/images/2026/9/8/18/9e971892-a0a6-4639-bc8c-5436c154783a______.jpg,2026-10-03 01:25:12,8057349,confirmed,https://redcircle.com/shows/oishii-origins,1790990712,157ef8ab3b9a5cd640195de6a27307dd,6806559374.0,2,0,INDIVIDUAL
Beyond The Group: Unfiltered,Olivia Dixon,https://rss.buzzsprout.com/2655287.rss,"Beyond the Group: Unfiltered brings real East Tennessee stories to the mic. 🎙️
We're talking family, parenting, recovery, starting over, mental health, loss, relationships, healthcare, community, and the struggles people often face behind closed doors.
Hear from everyday people, local businesses, healthcare workers, community organizations, caregivers, and others with stories worth sharing.
No perfect lives. No pretending. No judgment.
Real people. Real stories. Real East Tennessee. 💚",Buzzsprout,en,https://storage.buzzsprout.com/a00b7zraepsek8x7ntsh6v86l7le?.jpg,2026-10-03 01:22:52,8057347,confirmed,http://sites.libsyn.com/631408,1790990572,42a81f5b0c7fd1828592f8f8a9b82e92,,4,0,INDIVIDUAL
Early Adopters: CISO,Front Lines Studios,https://anchor.fm/s/117b83658/podcast/rss,"How does the modern CISO decide what to trust? Hosted by Dan Nguyen-Huu, partner at Decibel, Early Adopters: CISO talks to security leaders about how they evaluate new technology, build trust with vendors, manage risk, and decide what is worth bringing into their companies. Across the six-part series, Dan speaks with CISOs from companies including 1Password, Plaid, Legora, and others about the bets that paid off, the ones they missed, and how AI is changing the way security teams make decisions.",Anchor,en,https://d3t3ozftmdmh3i.cloudfront.net/staging/podcast_uploaded_nologo/46829158/46829158-1790340053410-85dd55f9e3db1.jpg,2026-10-03 01:11:22,8057339,confirmed,https://podcasters.spotify.com/pod/show/front-lines-studios73,1790989882,52cfac6ab1f7ecef8d1b093e26302fbb,6817845217.0,2,0,INDIVIDUAL
"I’m Not a Politician, But…",Nate BossDon,https://rss.buzzsprout.com/2655281.rss,"<p>Politics affects your money, your rights, your job, your neighborhood, and your future, so why does everybody explain it like regular people can’t understand it? I break down politics, elections, government, money, power, and current events in real everyday language. No party worship. No talking down to people. No telling you who to vote for. Just receipts, real context, and the questions regular people should be asking. We don’t protect politicians over here. But we don’t lie on them either.</p><p><br></p>",Buzzsprout,en-us,https://storage.buzzsprout.com/eyutxztk3l6hjbnobi6obo5g8vop?.jpg,2026-10-03 01:09:37,8057335,confirmed,,1790989777,b0e9a82d4770bc0e9f8ae402b661c927,,4,0,INDIVIDUAL
The Community Podcast: The Upper East Side,Chris Murray,https://rss.libsyn.com/shows/628275/destinations/5537540.xml,"Welcome to The Upper East Side, part of The Community Podcast, where we put the spotlight on the people, places, and stories shaping Central Iowa's northeast communities. Covering Ankeny, Altoona, Bondurant, Pleasant Hill, and surrounding communities, it's your connection to what's happening across this growing part of Central Iowa.
Hosted by Chris Murray, The Upper East Side features conversations with local leaders, business owners, organizations, and community members who know these communities best. Each episode takes you behind the businesses, projects, initiatives, and ideas making an impact throughout the area.
From new developments and local businesses to community events, organizations, and people doing great things, The Upper East Side brings local stories to the forefront. It's a place to stay informed, discover what's new, and get to know more about the communities around you.
Tune in to The Upper East Side and discover more of the community around you. Every conversation is an opportunity to share local stories, strengthen connections, and bring people together as we continue building stronger communities across Central Iowa.",Libsyn,en,https://static.libsyn.com/p/assets/c/6/5/9/c659b13b1ccafcf216c3140a3186d450/The_Upper_East_Side_top_artwork.png,2026-10-03 01:04:44,8057329,confirmed,https://www.thecommunitypodcast.com/,1790989484,e1cd907d5c2ca792c09c905443f31970,6805654126.0,2,0,INDIVIDUAL
Making sense of global challenges,Bergen Global,https://feed.podbean.com/bergenglobal/feed.xml,A podcast featuring recordings of conversations and lectures organised by Bergen Global at the University of Bergen and Chr. Michelsen Institute.,Podbean,en,https://pbcdn1.podbean.com/imglogo/image-logo/22677727/BergenGlobal-logo-square.png,2026-10-03 01:02:55,8057328,confirmed,https://bergenglobal.podbean.com,1790989375,ee1aa71eec033b046b094d5b0c7c2506,6818489626.0,2,0,INDIVIDUAL
HN Digest,Xun,https://rss.buzzsprout.com/2655276.rss,"<p>The best of Hacker News, read aloud: what each story says and what the comment thread made of it.</p>",Buzzsprout,en-us,https://storage.buzzsprout.com/7odnlbidodmdo8ya80y5odnrj6ee?.jpg,2026-10-03 00:54:01,8057318,confirmed,,1790988841,4c2ef6a2b1b088f21f78ec6c90e63a01,,4,0,INDIVIDUAL
Sister Friend,"Cecily Breaux, Adeline Minton",https://rss.buzzsprout.com/2655213.rss,"<p>Two sisters, who are also friends, learn and laugh each episode as they ask each other life's pressing questions - and likely not get answers. </p>",Buzzsprout,en-us,https://storage.buzzsprout.com/562z0z7xp17p8tv5qg4es00m5orh?.jpg,2026-10-03 00:51:54,8057314,confirmed,,1790988714,f964142dc763db8cc272c52e7fbdb1ce,,4,0,INDIVIDUAL
CGMA Success Stories,AICPA & CIMA,https://rss.libsyn.com/shows/474141/destinations/4020681.xml,"This show was produced by our presenters from AICPA & CIMA offices across the world for conversations about inspiration, knowledge, and success in CGMA!",Libsyn,en-gb,https://static.libsyn.com/p/assets/2/5/c/d/25cdc6477f04bcd727a2322813b393ee/CSS_Podcast_Cover_Art_square_compressed.jpg,2026-10-03 00:41:44,8057306,confirmed,http://sites.libsyn.com/474141,1790988104,2a594af297eb6749dc91c2e9aa63d58e,1691732667.0,2,0,CORPORATE
I'm A sickO,Jay El,https://rss.buzzsprout.com/2655275.rss,"<p><em>Obsessions. Confessions. The thoughts we’re not supposed to say out loud.</em></p><p><br></p><p><b>I’m a SickO</b> is a raw, non-fictional journey into the darker corners of attraction, obsession, curiosity, and human behavior. It’s sensual, uncomfortable, sometimes funny, and unapologetically honest—exploring the thoughts we hide behind polite smiles and innocent conversations.</p><p><br></p><p>Because sometimes the most fucked-up thoughts aren’t the ones we act on.</p><p><br></p><p>They’re the ones we secretly relate to.</p><p><br></p><p><b>No fantasy. No filters. Just the confessions we’re usually too embarrassed to admit.</b></p>",Buzzsprout,en-us,https://storage.buzzsprout.com/lcx2ti9qfs0bzlbcjgy8m9slv0s1?.jpg,2026-10-03 00:41:33,8057305,confirmed,,1790988093,b6a3b5f25ae71d5e5c677382170c1370,,4,0,INDIVIDUAL
Grief Action Thought Drops,Dr Lisa Burke,https://anchor.fm/s/105a140f4/podcast/rss,"Hosted by internationally recognised Clinical Psychologist and Fellow in Thanatology, Dr Lisa Burke, Grief Action Thought Drops offers 60-second insights into grief, loss, and human connection. Each episode is designed for professionals who value a deeper understanding of grief and bereavement.
This micro-podcast offers grief literacy without clichés. It’s about practical insight, not platitudes.
New episodes every Tuesday and Thursday.
Learn more at https://www.griefaction.com
This podcast is for educational purposes only and does not constitute psychological advice or therapy.",Anchor,en-au,https://d3t3ozftmdmh3i.cloudfront.net/staging/podcast_uploaded_nologo/43794213/43794213-1748764534542-46538a3411057.jpg,2026-10-03 00:38:17,8057302,confirmed,https://www.griefaction.com,1790987897,7a074e0d1f48c0c4e8b0ce56adcc4d2d,6800183487.0,2,0,INDIVIDUAL
Healing At The Cookout,Audori Scott,https://feeds.acast.com/public/shows/6a6e3d9cc7cc27169d5f12e2,"<strong>Healing at the Cookout</strong> is a gathering that blends the warmth of a traditional backyard barbecue with the transformative power of community wellness. It is a intentional space where people can share good food, lean into deep conversations, and find emotional release and collective restoration among friends and chosen family.<hr><p style='color:grey; font-size:0.75em;'> Hosted on Acast. See <a style='color:grey;' target='_blank' rel='noopener noreferrer' href='https://acast.com/privacy'>acast.com/privacy</a> for more information.</p>",Acast,en,https://assets.pippa.io/shows/cover/1785609224483-bf5e1ffa-260d-4c29-b1c6-4c1f9d3c22a3.jpeg,2026-10-03 00:37:57,8057301,confirmed,https://feeds.acast.com/public/shows/healing-at-the-cookout,1790987877,590ec0d584d09418534645fd6368631d,6797076684.0,2,0,INDIVIDUAL
Soma Tea with Lee,Lee Fogel,https://rss.buzzsprout.com/2654649.rss,"<p>Inspiring intuitive, embodied living for a better world. </p>",Buzzsprout,en-us,https://storage.buzzsprout.com/kxf22v7axh6f3hpwjpo3qk3hh8t8?.jpg,2026-10-03 00:36:29,8057298,confirmed,,1790987789,9ff772754895537e3d340d038cc2a072,,4,0,INDIVIDUAL
The L Project,Jean Lambert,https://anchor.fm/s/117b735b4/podcast/rss,"The L Project is a business podcast where guests will share the stories and experiences they gathered throughout their successful lives. We will be exploring their lives beyond their businesses to see how to be a successful entrepreneur ""in life"".
www.theLproject.eu
Instagram: thelproject_
LinkedIn: https://www.linkedin.com/company/thelproject-eu",Anchor,en,https://d3t3ozftmdmh3i.cloudfront.net/staging/podcast_uploaded_nologo/46828501/46828501-1790333342168-17988cffb32f5.jpg,2026-10-03 00:31:46,8057293,confirmed,https://podcasters.spotify.com/pod/show/jean-lambert7,1790987506,eea2cd4871777abbd4d559648390b9c4,6815567804.0,2,0,INDIVIDUAL
"""Canvas Confidential""",Madison,https://rss.buzzsprout.com/2655188.rss,"<p>Each episode will discuss a famous artwork with a history, mystery, crime, or complicated story behind it/hidden within the piece itself.</p>",Buzzsprout,en-us,https://storage.buzzsprout.com/0agubi2t8hfziaps8my7a7innmd7?.jpg,2026-10-03 00:18:31,8057283,confirmed,,1790986711,509a67903b2846a12b6d91eeb03ddbd5,,4,0,INDIVIDUAL
Stress Tested,news.com.au,https://www.omnycontent.com/d/playlist/2fb3740d-3436-44af-8cc0-a91900716aa5/7a30ad9b-6112-4695-bdc6-b4d601678c65/ae1a571a-9adb-4f1e-8402-b4d6016790a6/podcast.rss,"What is the true cost of success? news.com.au Finance Editor Ben Graham and Senior Reporter Harrison Christian sit down with Australia’s most influential leaders, industry giants, and innovators to dissect their massive wins, and their critical failures. Get the ultimate insider's look at the minds shaping Australia’s future.",Megaphone,en-US,https://www.omnycontent.com/d/playlist/2fb3740d-3436-44af-8cc0-a91900716aa5/7a30ad9b-6112-4695-bdc6-b4d601678c65/ae1a571a-9adb-4f1e-8402-b4d6016790a6/image.jpg?t=1790891423&size=Large,2026-10-03 00:15:52,8057282,confirmed,https://news.com.au/,1790986552,5e39fdca6260910266de4fbc98f38218,6818385377.0,2,0,INDIVIDUAL
Big Fun with the Wretched,Nikiyah Sutton-Edwards & Genéa Bullock,https://rss.buzzsprout.com/2655226.rss,"<p>Welcome to <b>Big Fun with the Wretched</b> — where the group chat meets the microphone. 🎙️</p><p>Hosted by <b>Bronx & Shaolin</b>, this is the podcast for unfiltered conversations about relationships, dating, friendships, girl code, family, celebrity drama, pop culture, and the everyday situations that have everybody choosing sides.</p><p>Nothing is too messy, too controversial, or too uncomfortable to talk about. From “high-value” dating and relationship double standards to mean-girl culture, sisterhood, celebrity scandals, and the conversations everybody is having behind closed doors — Bronx & Shaolin are bringing it straight to the mic.</p><p>Expect laughs, disagreements, unpopular opinions, real-life perspectives, and plenty of <b>“WAIT… WHAT DID YOU JUST SAY?!”</b> moments.</p><p>We might not always agree — and you probably won’t agree with us either. <b>That’s the fun part.</b></p><p>🎙️ <b>Big Fun with the Wretched</b><br><b>Celebrity Tea. Relationships. Real Life. Unfiltered.</b></p><p>Pull up a seat. The group chat is officially in session.tnn yu</p><p><br></p><p><br></p><p><br></p><p><br></p><p><br></p><p><br></p><p><br></p><p><br></p><p><br></p><p><br></p><p><br></p><p><br></p><p><br></p><p><br></p><p><br></p><p><br></p><p><br></p><p><br></p><p><br></p><p><br></p><p><br></p>",Buzzsprout,en-us,https://storage.buzzsprout.com/0242umtnavvop27fxqw7u2deavek?.jpg,2026-10-02 23:57:56,8057270,confirmed,https://www.buzzsprout.com/2655226,1790985476,d556ae179ff4ab174cb21a0dd1291bd2,,0,0,CORPORATE
The Candy Corn Club,Lauren,https://anchor.fm/s/11671db14/podcast/rss,"Grab a drink, hop into your PJs, and let’s chat Halloween! This cozy, casual podcast explores spooky books, movies, and shows, plus seasonal baking, and everyday Halloween lifestyle. Whether it’s October or the middle of summer, there’s always something spooky to talk about.",Anchor,en,https://d3t3ozftmdmh3i.cloudfront.net/staging/podcast_uploaded_nologo/46615277/46615277-1790388925013-b9f9064a8352f.jpg,2026-10-02 23:53:09,8057267,confirmed,https://podcasters.spotify.com/pod/show/lauren606,1790985189,b107a674a2bcee569eededd1ca72378d,6816300498.0,2,0,INDIVIDUAL
Layla & Nancy's Big Adventures,Josh,https://rss.buzzsprout.com/2653440.rss,"<p>Welcome to <b>Layla & Nancy’s Big Adventures</b>, a fun, family-friendly podcast inspired by two real-life bulldog sisters living in Los Angeles! Layla is a thoughtful English Bulldog who likes to figure things out before jumping in, while her French Bulldog sister Nancy is curious, energetic, and always ready to explore.</p><p><br></p><p>Each episode takes Layla and Nancy on a new adventure filled with imagination, mystery, laughter, friendship, and a little learning along the way. From spooky fall adventures and unexpected discoveries to everyday moments that turn into something exciting, you never know where their curiosity will take them next.</p><p><br></p><p>Created for kids and families, <b>Layla & Nancy’s Big Adventures</b> brings the world of Layla and Nancy to life through storytelling, sound effects, and characters kids can grow to love. Their adventures also continue through coloring books, videos, printable activities, contests, and more at http://LaylaNancysBigAdventures.com.</p><p><br></p><p><b>Come along—there’s always another adventure waiting!</b></p>",Buzzsprout,en-us,https://storage.buzzsprout.com/cidqf24ipxdeekeoqb05u3hh8e14?.jpg,2026-10-02 23:52:58,8057266,confirmed,,1790985178,d4c7190e4b74f6b91db27c9cf9b23ebb,,0,0,INDIVIDUAL
Tenancy Talks BC,88West realty,https://rss.buzzsprout.com/2655258.rss,"<p> Welcome to Tenancy Talks BC, brought to you by 88West Realty. Join us as we dive into real BC tenancy laws, property management insights, and authentic rental stories to help landlords and tenants navigate the British Columbia real estate market with confidence </p>",Buzzsprout,en-us,https://storage.buzzsprout.com/k1e2d33711zvj9stfp31vmowxrph?.jpg,2026-10-02 23:50:46,8057264,confirmed,,1790985046,bc2f1a89108830ebc6efb43fa8c3717c,,4,0,INDIVIDUAL
Talkin' MetLife,CougarTV,https://rss.buzzsprout.com/2651536.rss,<p>Joe and Ivan discuss all thing Jets and Giants....and more!</p>,Buzzsprout,en-us,https://storage.buzzsprout.com/ugeniuvbwoxe4kn9zlceihpd0mld?.jpg,2026-10-02 23:42:07,8057262,confirmed,,1790984527,7becbe1ca8d5fb7600fa15c39edd27ff,,0,0,INDIVIDUAL
Isolatiebedrijf Heerenveen,Sem Huisman,https://www.spreaker.com/show/7428099/episodes/feed,"Welkom bij het podcastkanaal van <a href=""https://isolatiebedrijfheerenveen.com/"" target=""_blank"" rel=""noreferrer noopener""><b>Isolatiebedrijf Heerenveen</b></a>, dé plek voor praktische informatie, deskundige tips en interessante gesprekken over woningisolatie, energiebesparing en duurzaam wonen. Vanuit onze ervaring met onder andere dakisolatie, vloerisolatie en spouwmuurisolatie delen we waardevolle kennis voor huiseigenaren en bedrijven die hun pand comfortabeler en energiezuiniger willen maken.In onze afleveringen bespreken we verschillende isolatiematerialen, moderne isolatietechnieken en slimme oplossingen om warmteverlies te beperken. Ook behandelen we onderwerpen zoals het kiezen van de juiste isolatiemethode, het verbeteren van het binnenklimaat en belangrijke aandachtspunten bij renovatie- en verduurzamingsprojecten.<a href=""https://isolatiebedrijfheerenveen.com/"" target=""_blank"" rel=""noreferrer noopener""><b>Isolatiebedrijf Heerenveen</b></a> wil complexe isolatieonderwerpen begrijpelijk maken, zodat luisteraars beter geïnformeerde keuzes kunnen maken voor hun woning of bedrijfspand. Of je nu meer wilt weten over vloerisolatie, dakisolatie, spouwmuurisolatie of algemene energiebesparende maatregelen: onze podcast biedt heldere en bruikbare informatie.Luister mee, ontdek nieuwe mogelijkheden en vergroot je kennis over professioneel isoleren.Meer informatie over onze diensten vind je op <a href=""https://isolatiebedrijfheerenveen.com/"" target=""_blank"" rel=""noreferrer noopener""><b>https://isolatiebedrijfheerenveen.com</b></a>.",Spreaker,en,https://d3wo5wojvuv7l.cloudfront.net/t_rss_itunes_square_1400/images.spreaker.com/original/e3a98662dd6b8a92c3baaeb9605810f9.jpg,2026-10-02 23:36:49,8057255,confirmed,https://isolatiebedrijfheerenveen.com,1790984209,d4c7058634751fac863d8c964a78186d,,4,0,INDIVIDUAL
Off the Page,Zander,https://anchor.fm/s/117e05ed0/podcast/rss,"Off the Page is a kids' show hosted by 11-year-old Zander. Books, stories, and everything in between: Harry Potter deep-dives, original fiction, jiu-jitsu, football stats, and a listener writing challenge in every episode.",Anchor,en,https://d3t3ozftmdmh3i.cloudfront.net/staging/podcast_uploaded_nologo/46855476/46855476-1790651688549-10bd281654854.jpg,2026-10-02 23:34:26,8057254,confirmed,https://podcasters.spotify.com/pod/show/zander-and-edison6,1790984066,e9fcf8054e5e6d9b91f3fada1a5087ec,6817351461.0,2,0,CORPORATE
The Toy Box,The Educated Toy Box,https://rss.buzzsprout.com/2655264.rss,"<p>The Toy Box, where play meets purpose. A daily 3-minute show for parents who want less screen time and more real play. Each episode gives you one simple, screen-free play idea to try today; no elaborate crafts, no expensive gear. Brought to you by The Educated Toy Box (educatedtoybox.com), the educational toy store where every toy earns its place</p>",Buzzsprout,en,https://storage.buzzsprout.com/rsx84c1zops3tak1muzfn82mmy5g?.jpg,2026-10-02 23:29:53,8057253,confirmed,,1790983793,df6454175d7fd20c3fd4d0bb690296fb,,4,0,CORPORATE
Fathers for Faith & Freedom Bible Study,Fathers For Faith & Freedom,https://anchor.fm/s/117ea86d0/podcast/rss,"Weekly Bible study from Fathers for Faith & Freedom. We open Scripture together, talk as men, and apply the Word to marriage, fatherhood, the church, and the public square.
This is the recorded archive of our live X Space study. Come for the passage. Stay for brothers who will not apologize for the gospel.
We believe Jesus Christ is the way, the truth, and the life; that marriage is one man and one woman; that God made two sexes, male and female; that life begins at conception and must be protected; and that the U.S. Constitution is the charter of the freedoms we intend to keep.",Anchor,en,https://d3t3ozftmdmh3i.cloudfront.net/staging/podcast_uploaded_nologo/46862132/46862132-1790731437652-3526d97c3aa9a.jpg,2026-10-02 23:26:02,8057250,confirmed,https://podcasters.spotify.com/pod/show/fathers-for-faith--freedo0,1790983562,f75db0f7ec96259e9fde26d93309c473,6818283077.0,2,0,CORPORATE
Run Intel | The Marketing of Running,Josh Rosenthal,https://feeds.captivate.fm/run-intel/,"Run Intel is a weekly podcast and intelligence brief about running marketing.  Each week, Borderlands breaks down the marketing campaigns that worked, the expensive misses, major partnerships, launches, media moves, and emerging signals shaping the running industry. Built for marketers, brand leaders, founders, agencies, retailers, media teams, and anyone working in the business of running.
We look at running brands, sports marketing, footwear marketing, trail running, road running, sponsorships, partnerships, athlete marketing, creator marketing, product launches, retail, paid media, brand campaigns, running industry trends, and the business of running. ",Captivate,en,https://artwork.captivate.fm/e5fdcc4e-23e9-4585-be8c-36362703a165/Run-Intel.jpg,2026-10-02 23:18:25,8057248,confirmed,https://run-intel.captivate.fm,1790983105,1132c66f13fb06c62e7d4c686e696c19,,0,0,INDIVIDUAL
The Overflow Collective Podcast,Vids Inc. TV,https://www.spreaker.com/show/7428035/episodes/feed,"Something NEW is overflowing! We’re excited to introduce The Overflow Collective, a LIVE weekly morning show where three entrepreneurs come together to talk about the journey while we’re actually living it.Business. Faith. Money. Relationships. Purpose. Wins. Challenges. Growth. And the real conversations that happen behind the scenes while you're building the life you envision.We’re not showing up pretending to have everything figured out. We’re building, believing, growing, supporting each other—and choosing to live in overflow along the way.This is more than a podcast. It’s a journey in real time, and you’re invited to grow with us.<br />🎙️ THE OVERFLOW COLLECTIVE<br />🔴 FIRST SHOW — LIVE!<br />⏰ 7:30 AM<br />Come start your morning with us.We’re not waiting to arrive to start living in overflow.#TheOverflowCollective #LiveInOverflow #Entrepreneurship #Purpose #Faith #Abundance #Business #MorningShow #Podcast",Spreaker,en,https://d3wo5wojvuv7l.cloudfront.net/t_rss_itunes_square_1400/images.spreaker.com/original/b0f1fcf16c9316922099bad409f8ac3c.jpg,2026-10-02 23:18:02,8057247,confirmed,https://www.spreaker.com/podcast/the-overflow-collective-podcast--7428035,1790983082,b81cfc39b44a526a0473f733995b90c0,,4,0,CORPORATE
Sunshine Coast: Campaign Voices,Coast Reporter,https://rss.buzzsprout.com/2655260.rss,"<p>It's 2026 and it's time for local elections across British Columbia. Here on the Sunshine Coast, the Coast Reporter newspaper has joined the Sunshine Coast Chamber of Commerce to present in-depth conversations with candidates for the Town of Gibsons, the District of Sechelt, and the Sunshine Coast Regional District. Editor Bronwyn Beairsto hosts each interview, focusing on a range of topics relevant to the Coast's diverse population.</p>",Buzzsprout,en-us,https://storage.buzzsprout.com/tfhnkjdyjb5gaovz3it3stfzziks?.jpg,2026-10-02 23:17:10,8057246,confirmed,https://campaignvoices.buzzsprout.com,1790983030,1fb2d65bfda5adebabfd9db8215695f8,,4,0,INDIVIDUAL
Backstage At the Spire,The Spire Center for the Performing Arts,https://feeds.libsyn.com/631638/rss,"The stories, personalities, and conversations behind the performances.
Backstage At The Spire takes listeners beyond the curtain and into the fascinating world of the Spire Center for Performing Arts. Hosted by Dona Maher, Board Member, Executive Producer of Sunday Serenades, and Director of the Spire Music Academy, alongside six-time Emmy Award–winning pianist and composer Lenny Williams, Professor in the Film Scoring Department at Berklee College of Music and Distinguished Faculty at Spire Music Academy, the podcast offers an intimate, entertaining, and revealing look at the people who make the Spire come alive.
Each episode invites listeners to meet the extraordinary people behind the scenes and on the stage—from President and Founder Bob Hollis and the original members of the Spire team, to longtime staff and supporters, artists, educators, lecturers, comedians, and performing musicians from every genre represented on our events calendar.
Through candid conversations, personal stories, behind-the-scenes moments, artistic insights, and a healthy dose of personality, Backstage At The Spire explores what inspires our guests, how their careers have unfolded, and what it really takes to bring unforgettable performances and experiences to the stage.
From classical music to jazz, rock, Broadway, comedy, film scoring, lectures, and everything in between, every episode reveals another side of the remarkable creative community that makes the Spire unique.
Come backstage. Meet the people. Hear the stories. Discover what happens when the lights go down and the real conversations begin.
Backstage At The Spire — where the stories behind the stage take center stage.",Libsyn,en,https://static.libsyn.com/p/assets/3/9/d/f/39df1dd8090089e7e5bbc093207a2619/Podcast_Cover_for_Libsyn.png,2026-10-02 23:15:37,8057245,confirmed,https://sites.libsyn.com/631638,1790982937,89ce2c2439cafcaa78edd72369859835,6818260858.0,2,0,CORPORATE
The Pingback Podcast,Greg Molnar & Joel Gaff Jr.,https://rss.buzzsprout.com/2443886.rss,"<p>Hosts Greg Molnar and Joel Gaff, Jr. talk about Ruby on Rails, Software development, entreprenuership, and more. </p>",Buzzsprout,en-us,https://storage.buzzsprout.com/fnvvbcljzxx7jkc1ny5tdm6tkeon?.jpg,2026-10-02 23:06:59,8057242,confirmed,,1790982419,4976af0bd9215b1f7a83e1b7c9f32fd3,,0,0,CORPORATE
The Office Talkie's: Season 2,Priyanshu Anand,https://rss.buzzsprout.com/2655102.rss,"<p>From the halls of government to the corridors of <b>MNCs and NGOs—practical wisdom, real challenges, </b>and clear solutions for those ready to make an impact.</p>",Buzzsprout,en-us,https://storage.buzzsprout.com/e7e7umhgc34711rxma3ls6wl948w?.jpg,2026-10-02 23:05:36,8057240,confirmed,,1790982336,21bf748499b2521fc72b5106c5b5d5fb,,4,0,CORPORATE
The Blood-Rah Boys,Frank Ailsworth,https://anchor.fm/s/117d0a7c4/podcast/rss,"Frank Wallace-Ailsworth, AKA horror host Lord Blood-Rah of Lord Blood-Rah's Nerve Wrackin' Theatre and Nerve Wrackin' Auditorium, and his two sons Gavin and Ben talk about horror, sci-fi and general geek stuff.",Anchor,en-us,https://d3t3ozftmdmh3i.cloudfront.net/staging/podcast_uploaded_nologo/46845177/46845177-1790536085734-615e59ce0e5ff.jpg,2026-10-02 23:02:08,8057237,confirmed,https://podcasters.spotify.com/pod/show/lord-blood-rah,1790982128,d8059a69bc0ec3b01b492af885641d9b,6816790929.0,2,0,INDIVIDUAL
Defeating Darkness,Sights for Hope,https://rss.buzzsprout.com/2647221.rss,"<p>Sights for Hope client David Rimberg, Ph.D., hosts the <em>Defeating Darkness</em> podcast, with episodes premiering on WDIY Lehigh Valley Public Radio. Sponsored by Sights for Hope and produced by Expect Good Media, LLC, of Bethlehem, PA, the podcast invites listeners into David’s experience of adapting to blindness, which began in 2022 at the age of 80. David is joined by Sights for Hope Board President Paul Miller as co-host. </p>",Buzzsprout,en-us,https://storage.buzzsprout.com/n33lmrylp0znq7xqwkbjoliju0u7?.jpg,2026-10-02 23:01:59,8057236,confirmed,https://defeatingdarkness.buzzsprout.com,1790982119,24518c82c15eb4bf0bb10846ebc7b214,,0,0,INDIVIDUAL
UNBROKEN,Kad,https://anchor.fm/s/117caa0cc/podcast/rss,"Unbroken is a space for honest conversations about becoming, rebuilding, ambition, identity, money, relationships, grief, faith, personal growth, and figuring life out in real time.",Anchor,en-ca,https://d3t3ozftmdmh3i.cloudfront.net/staging/podcast_uploaded_nologo/46841227/46841227-1790488622630-ed312e749b3f7.jpg,2026-10-02 23:00:46,8057235,confirmed,https://podcasters.spotify.com/pod/show/kad685,1790982046,3e50c87d16c35fccde3704bb03621c2d,6817618597.0,2,0,INDIVIDUAL
More Than a High Five,Lacey Alford and Kate Henderson,https://anchor.fm/s/117ff0420/podcast/rss,"Wisdom deserves more than a high five—it deserves implementation and the enjoyment from that implementation. Join Lacey and Kate for honest conversations about faith, family, and health. Every episode ends with a practical activation to help you move from “That’s so good” to living it out and truly growing into more of who God created you to be! Go to the Substack to download all the activations and guides that correspond with each episode.",Anchor,en,https://d3t3ozftmdmh3i.cloudfront.net/staging/podcast_uploaded_nologo/46875560/46875560-1790888066266-2cc9115119aeb.jpg,2026-10-02 22:58:14,8057233,confirmed,https://podcasters.spotify.com/pod/show/katehenderson3154,1790981894,07a24e210926ba6258d8984a5d5fc563,6818263554.0,2,0,CORPORATE
Ms. Mercy Reads to You,miminix13,https://anchor.fm/s/1161eb718/podcast/rss,"Welcome to a cozy corner where stories come to life. Each week, a new bedtime story read aloud with love — gentle tales for sleepy little ones and dreamers of every age. Find your comfy spot, close your eyes, and let the words carry you somewhere soft and quiet. New stories every week, always read with heart.",Anchor,en,https://d3t3ozftmdmh3i.cloudfront.net/staging/podcast_uploaded_nologo/46560790/46560790-1786921097569-a002540946c38.jpg,2026-10-02 22:52:04,8057232,confirmed,https://podcasters.spotify.com/pod/show/miminix13,1790981524,26b45a67b49373b3e8fe8849200f516f,6817690167.0,2,0,INDIVIDUAL
In Their Words: With Ryan Boyko,"Ryan Boyko, James Motluk, Internment Museum of Canada",https://anchor.fm/s/11809739c/podcast/rss,"In Their Words shares the personal stories of those who brought Canada’s First World War internment operations out of silence and into public memory. Guests reveal why they picked up the torch, how they turned research and family discoveries into education and recognition, what kept them going and what must happen next.
Produced by Armistice Films and Guerrilla Films for the Internment Museum of Canada 1914 to 1920, with support from the Shevchenko Foundation of Canada, Kontakt Ukrainian Television Network and the Bloor West Village Toronto Ukrainian Festival.
https://internmentmuseum.ca",Anchor,en,https://d3t3ozftmdmh3i.cloudfront.net/staging/podcast_uploaded_nologo/46882399/46882399-1790974003302-6968f7723a757.jpg,2026-10-02 22:45:39,8057230,confirmed,https://podcasters.spotify.com/pod/show/in-their-words-with-ryan-1,1790981139,4f7a8ab95129e3c9a9464f473cc9278f,,0,0,CORPORATE
The Punchlist Podcast,"Chris Allen, JR Crowell",https://anchor.fm/s/117f62184/podcast/rss,"The official podcast of the Home Builders Association of Jackson, covering all things residential construction in Central Mississippi.
The Punchlist Podcast highlights our members, their businesses, and the stories behind them. We go beyond the jobsite to learn more about the people behind the companies and the personal side of doing business with an HBAJ member.
From builders and remodelers to suppliers, trades, and industry professionals, we’re talking about the people helping shape the residential construction industry in Central Mississippi.",Anchor,en-us,https://d3t3ozftmdmh3i.cloudfront.net/staging/podcast_uploaded_nologo/46869737/46869737-1790819739548-26797747d0346.jpg,2026-10-02 22:38:45,8057223,confirmed,https://podcasters.spotify.com/pod/show/chris-allen5,1790980725,eefa5ba3765c6bc3cbd1fc0d764c0625,6817994983.0,2,0,INDIVIDUAL
The Joseph Emslie Podcast,Joseph Emslie,https://anchor.fm/s/1153b25ac/podcast/rss,"I'm Joseph Emslie a stand-up comedian and writer. Every week I write and read a short original essay. I attempt to make them sometimes funny, sometimes thoughtful and very occasionally both. They're about comedy, technology, modern life, and the strange things we all quietly obsess over. Carefully written, read aloud, once a week.",Anchor,en,https://d3t3ozftmdmh3i.cloudfront.net/staging/podcast_uploaded_nologo/46411651/46411651-1784798165685-ec2ead6f7e00f.jpg,2026-10-02 22:34:35,8057219,confirmed,https://podcasters.spotify.com/pod/show/josephemslie8,1790980475,a77d7e98070a4ad7607bf81af98b999d,6793880232.0,2,0,INDIVIDUAL
Fantasy Football Unlimited Podcast,Fantasy Football,https://feeds.simplecast.com/QmBpFQ3y,"The Fantasy Football Unlimited Podcast celebrates the very best of what the fantasy football experience is all about. Host and award-winning fantasy football commissioner, Kevin Murray, showcases the competition, camaraderie, and fun that fantasy football leagues offer through podcast episodes that cover various topics including commissioner advice, game strategy, player analysis, and much more!You will discover that many episodes feature fantasy sports industry interviews. In these episodes, you will learn more about the fantasy football resources, brands, and personalities within the fantasy football industry that make this game special, and get to know other notable and influential individuals who simply love this great game! If you love celebrating the game of fantasy football and learning more about resources that will take your skills to the next level and also help you better enjoy the experience that you share with your league mates, be sure to subscribe to the podcast and follow Fantasy Football Unlimited across social media platforms.",Simplecast,en-us,https://image.simplecastcdn.com/images/01195ff2-7d78-4e91-8a66-9baa460dda90/2b13b773-5b18-4930-802a-ab2639f5c63d/3000x3000/20bb2860244ebd27e2477419a74c8b28.jpg?aid=rss_feed,2026-10-02 22:34:19,8057218,confirmed,http://www.FantasyFootballUnlimited.com,1790980459,f41497385fea76ec195ec6042f00c0b9,1896518043.0,2,0,INDIVIDUAL
"RCM Consultants - Medical Billing Marketing, RCM Automation, Data, and AI.",Sean McSweeney,https://feeds.transistor.fm/rcm-consultants-medical-billing-marketing-rcm-automation-data-and-ai,"Podcast about how to run an effective RCM company, focusing on medical billing lead generation, RCM automation, technology, data, and analytics, including artificial intelligence for RCM. We also cover general medical billing management consulting and scalable process design. Written versions of these podcasts are typically available on our blog at https://voyanthealth.io/blog.",Transistor,en,https://img.transistorcdn.com/FwWvDqIRF5UyvxQwnb0ud5lKZsnTeaqLjnYA4P2Qm5w/rs:fill:0:0:1/w:1400/h:1400/q:60/mb:500000/aHR0cHM6Ly9pbWct/dXBsb2FkLXByb2R1/Y3Rpb24udHJhbnNp/c3Rvci5mbS9hNmNh/MDM4NjA4OWFkZGQy/OGIzODdhYzBkOTIw/OWJjMy5qcGc.jpg,2026-10-02 22:30:49,8057216,confirmed,https://voyanthealth.io,1790980249,dd4fea7be156e7557201bc821f4011ef,,4,0,INDIVIDUAL
Off The Script,Cruz Maldonado,https://anchor.fm/s/117e4f7c4/podcast/rss,We talk about everything going on today.,Anchor,en,https://d3t3ozftmdmh3i.cloudfront.net/staging/podcast_uploaded_nologo/46858489/46858489-1790694107626-33808d04fd6de.jpg,2026-10-02 22:26:53,8057215,confirmed,https://podcasters.spotify.com/pod/show/jett327,1790980013,066cb125d089030ad5a2c2efacb3b4a4,6817975400.0,2,0,INDIVIDUAL
New York GameDay,"ESPN, Jake Asman, Mike Tannenbaum",https://feeds.megaphone.fm/ESP9931176468,"Every Sunday Morning Jake Asman & Mike Tannenbaum get you ready for kickoff. The Jets, the Giants and the entire NFL.",Megaphone,en,"https://megaphone.imgix.net/podcasts/8918f600-b384-11f1-8dc3-3bae534761dc/image/c0553a8f3bbf31e70bc4feccd2ff060b.jpg?ixlib=rails-4.3.1&max-w=3000&max-h=3000&fit=crop&auto=format,compress",2026-10-02 22:25:29,8057214,confirmed,http://www.espn.com/espnradio/podcast/,1790979929,1d6cfc2c6c3351c64b7293157a108e1a,6818320359.0,2,0,CORPORATE
A Word with Pastor Sam,Sam Davis,https://www.spreaker.com/show/7427609/episodes/feed,"Welcome to A Word with Pastor Sam! Join me as I share the Word of God through preaching, Bible teaching, prayer, and heartfelt encouragement. We’ll talk about faith, purpose, healing, relationships, and trusting God through life’s challenges. My heart is to help you grow closer to God, find strength for your journey, and apply His Word to everyday life. Wherever you are in your faith, there’s a word of hope here for you.",Spreaker,en,https://d3wo5wojvuv7l.cloudfront.net/t_rss_itunes_square_1400/images.spreaker.com/original/c714917dc350414b958503d5f6e19fc8.jpg,2026-10-02 22:24:26,8057213,confirmed,https://www.spreaker.com/podcast/a-word-with-pastor-sam--7427609,1790979866,9f4c7d5a549cbe80f70f5d8d09958957,,4,0,INDIVIDUAL
After Further Review,WHAS11,https://anchor.fm/s/117f53594/podcast/rss,"Join WHAS11 Sports Director Kent Spencer, along with Sarandon Raboin and Dewey Jones, as they cover all things Kentuckiana sports. From the Cards and Cats to the Hoosiers and everything in between, After Further Review has you covered with fresh weekly episodes.",Anchor,en,https://d3t3ozftmdmh3i.cloudfront.net/staging/podcast_uploaded_nologo/46869133/46869133-1790811581120-df61d1884cecc.jpg,2026-10-02 22:21:22,8057212,confirmed,https://www.whas11.com/,1790979682,43b777d5fb27f0b6bb6c936cf872504d,6817972302.0,2,0,INDIVIDUAL
Next Big Thing Podcast,GOlive Productions,https://anchor.fm/s/114cc0604/podcast/rss,"Next Big Thing (NBT) is the show spotlighting the Ghanaian entrepreneurs you haven't heard of — yet.
Every episode, we sit down with one founder building something genuinely innovative in Ghana — in agritech, fintech, health, clean energy, creative tech and beyond — and unpack what they're building, why it matters, and what it took to get here.
These are the people quietly building Ghana's future. Our job is to make sure you meet them first.",Anchor,en,https://d3t3ozftmdmh3i.cloudfront.net/staging/podcast_uploaded_nologo/46338825/46338825-1783766311020-f5ce6b6be0c3e.jpg,2026-10-02 22:15:05,8057211,confirmed,https://nextbigthingpod.com,1790979305,036641f91608b340d763a5a19153ba9c,6817929110.0,2,0,CORPORATE
The PRYVT Pod,Alex and L'Marl,https://anchor.fm/s/11681e16c/podcast/rss,"PRYVT Pod is hosted by Alex & L'Marl, where real people have real conversations. From questions and advice to stories, opinions and everything in between, PRYVT is a place to talk openly, honestly and without judgement. Private conversations, made public.",Anchor,en,https://d3t3ozftmdmh3i.cloudfront.net/staging/podcast_uploaded_nologo/46625779/46625779-1787758929028-0472ba45c2adb.jpg,2026-10-02 22:07:46,8057207,confirmed,https://podcasters.spotify.com/pod/show/pryvt9,1790978866,d34792e4894cc4e14040db4d4cd97c8e,6816632938.0,2,0,CORPORATE
Encounterable,Ben & Jodie Hughes,https://rss.buzzsprout.com/2655233.rss,"<p>Encounterable — from Ben and Jodie Hughes of Pour It Out Ministries — is unlike other podcasts. These aren’t just interviews. Guests share real encounters with Jesus, and you get ministered to, prayed for, and invited into encounter yourself. Watch the full conversations on YouTube; listen here for the audio.</p>",Buzzsprout,en-us,https://storage.buzzsprout.com/8eqp5570wqw8xggh98hr0z53iemf?.jpg,2026-10-02 22:07:14,8057206,confirmed,https://www.buzzsprout.com/2655233,1790978834,3414bce6ad5c719a0e92c3261a3f5e09,,0,0,CORPORATE
JD and Friends,Jackson Fortney ; Drew DiMeo,https://anchor.fm/s/115b71ec8/podcast/rss,"Aging is the aggressive pursuit of comfort. Helping people embrace controlled stress, challenge themselves daily, and build stronger minds, bodies, and lives.",Anchor,en-us,https://d3t3ozftmdmh3i.cloudfront.net/staging/podcast_uploaded_nologo/46492898/46492898-1790651785282-dea98701ee27a.jpg,2026-10-02 22:06:49,8057205,confirmed,https://podcasters.spotify.com/pod/show/jd--friends,1790978809,c3945b9a711842a5fcf6766f5a506769,6815046761.0,2,0,INDIVIDUAL
Wealth Starts Today!,takedownpcyvonneb,https://feed.podbean.com/takedownpcyvonneb/feed.xml,"I am a graduate of the School of Hard Knocks. I’ve made blunders with money over the years, and that’s why I can help you to avoid the pitfalls and to save for your future. Saving $1,000,000 is doable so come and find out how it’s done.",Podbean,en,https://pbcdn1.podbean.com/img/podbean-logo/podbean_82.jpg,2026-10-02 22:06:25,8057204,confirmed,https://takedownpcyvonneb.podbean.com,1790978785,834e33c27a5fa912e4f39a2a06c4c4e1,6811229553.0,2,0,INDIVIDUAL
Levi Talks Ball,Levi,https://anchor.fm/s/10d611e7c/podcast/rss,I love taking ball.,Anchor,en-us,https://d3t3ozftmdmh3i.cloudfront.net/staging/podcast_uploaded_nologo/45094359/45094359-1790811986133-7a85ec9904794.jpg,2026-10-02 22:00:58,8057200,confirmed,https://podcasters.spotify.com/pod/show/levi03,1790978458,85a4a46aadc3e584403540f9939e43a4,1882780605.0,2,0,INDIVIDUAL
Sudhanshu Shastri Philosophy,Sudhanshu Shastri,https://anchor.fm/s/1161c8434/podcast/rss,"On this channel are Ideas that age well. Stories about the mind, emotions, science, and life’s big questions. A space to pause, reflect, and rediscover meaning in a noisy world.
The wealth you hold, the praise you find,
The treasures of a clever mind,
Are shadows in a fleeting game,
A whispered and forgotten name.
For what is true and will remain,
Beyond the triumph and the pain,
It is the path your footsteps drew,
The pure example that was you.",Anchor,en-us,https://d3t3ozftmdmh3i.cloudfront.net/staging/podcast_uploaded_nologo/46559349/46559349-1789334093510-8de0471127fe2.jpg,2026-10-02 22:00:09,8057199,confirmed,https://podcasters.spotify.com/pod/show/sudhanshu-shastri3,1790978409,bcf554e3e5a653c3d0b345f6c590c8d6,6806737616.0,2,0,INDIVIDUAL
Pure Clean Shine & Mobile Detailing,Pure Clean Shine,https://www.spreaker.com/show/7427902/episodes/feed,"<a href=""https://maps.app.goo.gl/eEM5b4fQMAsCge469"" target=""_blank"" rel=""noreferrer noopener""><b>Pure Clean Shine & Mobile Detailing </b></a>provides professional mobile car detailing services designed to keep your vehicle clean, fresh, and looking its best. Our services include interior car detailing, exterior detailing, car washing, vacuuming, upholstery cleaning, carpet cleaning, waxing, paint protection, and deep cleaning. We bring convenient detailing services directly to your location, using quality products and careful techniques to deliver a clean, polished finish. Whether your vehicle needs a quick refresh or a complete detail, Pure Clean Shine & Mobile Detailing is committed to reliable service and customer satisfaction.<br /><br /><br /><br /><br /><br /><br /><br /><br /><br /><br /><br /><br /><br /><br />",Spreaker,en,https://d3wo5wojvuv7l.cloudfront.net/images.spreaker.com/nuvolari-assets/orange_square_mic.jpg,2026-10-02 21:56:56,8057192,confirmed,https://www.spreaker.com/podcast/pure-clean-shine-mobile-detailing--7427902,1790978216,d62b3edf828fdb6fec6334e5e1d2e4bf,,4,0,INDIVIDUAL
MAKE the CASE,Press ACLUNC,https://feeds.libsyn.com/630502/rss,"From the ACLU of Northern California, MAKE the CASE takes you behind the scenes of the fights for your civil rights and civil liberties. Host Carmen King sits down each episode with an attorney or organizer and asks them to make their case — on mass surveillance, voter suppression, immigration, and more. Change doesn't have to come from Washington or Sacramento. It starts with people willing to tell the truth and fight back. You don't need a legal background or to agree on every issue to join us.
New episodes every week starting October 6th through the end of the month. Listen to MAKE the CASE wherever you get your podcasts.",Libsyn,en,https://static.libsyn.com/p/assets/1/9/8/2/1982df52f50b6837e55e3c100dce7605/LIBSYN2000x2000.jpg,2026-10-02 21:56:14,8057191,confirmed,https://www.aclunorcal.org/make-the-case/,1790978174,0c3fb0ccde70e1d3b2d81783557e3dae,6818344611.0,2,0,INDIVIDUAL
The Big Picture,BOYSLOVETHERADIO NETWORK,https://feeds.acast.com/public/shows/6abeaa0c67b6d36f87e57947,"<p>Sometimes you have to zoom out.</p><br><p><em>The Big Picture</em> brings three perspectives together to examine culture, community, relationships, money, politics, adulthood, and the changing world around us.</p><br><p>Marco Green, TJ Bledsoe, and Eric Moore bring different experiences and viewpoints to the table, creating conversations where disagreement isn’t something to avoid—it’s often where the most interesting discussion begins.</p><br><p>The goal isn’t necessarily to reach the same conclusion. It’s to leave seeing a little more than you did before</p><hr><p style='color:grey; font-size:0.75em;'> Hosted on Acast. See <a style='color:grey;' target='_blank' rel='noopener noreferrer' href='https://acast.com/privacy'>acast.com/privacy</a> for more information.</p>",Acast,en,https://assets.pippa.io/users/6607794850543e0018998327/pre-show-covers/1790880085181-af587804-a435-45b6-b227-834c4a4eeb2d.jpeg,2026-10-02 21:53:37,8057189,confirmed,https://feeds.acast.com/public/shows/the-big-picturepod,1790978017,50e63ed9a12e94adac2cb8f9e0e4131c,6818276500.0,2,0,CORPORATE
Don't Give Away Your Power,Micheall Moreno,https://anchor.fm/s/1174289bc/podcast/rss,"Life can be beautiful, messy, heartbreaking, and completely unexpected. Don’t Give Away Your Power is about navigating real life while choosing positivity, love, gratitude, and hope—even when it’s hard. We’ll have real conversations about relationships, family, marriage, friendships, work, getting older, rejection, mindset, manifestation, and starting over. You can’t control everything that happens to you, but you can choose what you do next. Your life is yours. Your energy is yours. Don’t give away your power. ❤️",Anchor,en,https://d3t3ozftmdmh3i.cloudfront.net/staging/podcast_uploaded_nologo/46752039/46752039-1789413754919-a904707dd6536.jpg,2026-10-02 21:45:18,8057180,confirmed,https://podcasters.spotify.com/pod/show/micheall-moreno0,1790977518,3d52bfbf508cfcb6b839636466e0ad1e,6817969535.0,2,0,INDIVIDUAL
The It Was Written Podcast,MC Bravado,https://anchor.fm/s/117e85f40/podcast/rss,"Life & Lyricism. ""The It Was Written Podcast"" dissects career-best verses from standout lyricists as guests share the deeply personal backstories that drove their most potent and popular work. Every episode closes with the ""Purple Freestyle"" segment, where guests showcase their own mastery in the art of rhyme. Hosted, produced, and co-created by former English teacher and rapper MC Bravado, ""The It Was Written Podcast"" immerses listeners in the life, times, and rhymes of the world's best lyricists. 
Shot, directed, and co-created by Mike Jon
Mixed and engineered by Guski",Anchor,en-us,https://d3t3ozftmdmh3i.cloudfront.net/staging/podcast_uploaded_nologo/46860720/46860720-1790711691379-59a260ac41291.jpg,2026-10-02 21:37:44,8057172,confirmed,https://podcasters.spotify.com/pod/show/mcbravado7,1790977064,01a941224aff8e1d801550911b18caf4,,0,0,INDIVIDUAL
Empleo Bilingue,Loren Moss,https://feeds.transistor.fm/empleo-bilingue,"Hosted by <a href=""https://lorenmoss.com/"" target=""_blank"" rel=""noreferrer noopener"">Loren Moss</a>, the place for bilingual talent.",Transistor,en,https://img.transistorcdn.com/2m5c7sJpuQKFUPwLhWh-mPJxCEtOzyUYbUj1GuD_EHM/rs:fill:0:0:1/w:1400/h:1400/q:60/mb:500000/aHR0cHM6Ly9pbWct/dXBsb2FkLXByb2R1/Y3Rpb24udHJhbnNp/c3Rvci5mbS8zOTc4/MjY0NmE0YjdiODFi/YjY5ZDA4M2VhNTQ3/N2JjOS5wbmc.jpg,2026-10-02 21:31:51,8057170,confirmed,https://empleobilingue.com,1790976711,6ba773de4a1d250e28a66ffdb012953b,,4,0,INDIVIDUAL
The Generational Gap (Non-Member),Rose and Dash,https://anchor.fm/s/11434b3bc/podcast/rss,The Generational Podcast is about two people who are from different generations having contemporary conversations,Anchor,en,https://d3t3ozftmdmh3i.cloudfront.net/staging/podcast_uploaded_nologo/46239655/46239655-1782383555806-e227e7aecd706.jpg,2026-10-02 21:31:10,8057169,confirmed,https://podcasters.spotify.com/pod/show/the-generational-gap7,1790976670,fcb6468ab781bb9777ce9c535c1286f8,6785364823.0,2,0,CORPORATE
Bankruptcy Queen Podcast,The Legal Podcast Network (LPN),https://feed.podbean.com/bankruptcyqueen/feed.xml,"<p>The Bankruptcy Queen Podcast is designed for individuals navigating financial distress and considering bankruptcy as a viable option. Hosted by Alia Khan, a California bankruptcy attorney known for her clear and approachable style, the show aims to demystify bankruptcy law and provide listeners with practical insights into managing debt.</p>
<p>Each episode explores different aspects of bankruptcy and financial planning, offering expert advice and real-world examples to help listeners make informed decisions. Whether you're facing overwhelming debt or simply want to understand your options, The Bankruptcy Queen Podcast delivers valuable content with clarity and empathy.</p>",Podbean,en,https://pbcdn1.podbean.com/imglogo/image-logo/22670691/Podbean_1_alia_dp7ng75.jpg,2026-10-02 21:15:01,8057155,confirmed,https://bankruptcyqueen.podbean.com,1790975701,e9b5b0c838212b5c2eb966c8f649d54a,6817362783.0,2,0,CORPORATE
She Thrives- Coach Farriha,Farriha,https://rss.buzzsprout.com/1893247.rss,"<p><b>She Thrives — because surviving isn’t the goal. Thriving is.</b></p><p><br></p><p>Welcome to <b>She Thrives</b>, an easy-listening, judgement-free podcast for women who want to feel more confident, fulfilled and connected to themselves.</p><p><br></p><p>Hosted by <b>Coach Farriha</b>, She Thrives explores <b>self-growth, confidence, wellbeing, relationships, work-life balance, women’s health, personal development and navigating life’s changes</b> — with honest conversations, relatable stories, practical tips and plenty of encouragement along the way.</p><p>No pressure. No perfection. No pretending to have it all figured out.</p><p>Just real conversations designed to help you pause, reflect and discover what <b>thriving looks like for you</b>.</p><p>Because in a world where women are so often expected to simply survive, <b>it’s time to step into a new era of thriving.</b></p><p>🎙️ <b>Listen. Reflect. Grow. Thrive.</b></p><p><br></p>",Buzzsprout,en-us,https://storage.buzzsprout.com/scysjh2bmv88qiegzpdliaa8w01c?.jpg,2026-10-02 21:11:04,8057152,confirmed,https://www.buzzsprout.com/1893247,1790975464,9f604db04ae256ec3ba885a132830bf6,,4,0,INDIVIDUAL
Elaina,Elaina Brady-Redmond,https://feeds.acast.com/public/shows/6ac01cae8da1db2e6fcdd88e,"Baby, if you only knew chapter out 12:29:26<hr><p style='color:grey; font-size:0.75em;'> Hosted on Acast. See <a style='color:grey;' target='_blank' rel='noopener noreferrer' href='https://acast.com/privacy'>acast.com/privacy</a> for more information.</p>",Acast,en,https://assets.pippa.io/users/6a64f238614bacdace9db0f4/pre-show-covers/1790974886997-c9212256-e911-46d0-b66b-2554cd7d0732.jpeg,2026-10-02 21:08:18,8057149,confirmed,https://shows.acast.com/elaina,1790975298,ded5abcdf132a05562a5956a0f197cb7,,0,0,INDIVIDUAL
FaithwithGingersnap,Faithwithgingersnap,https://anchor.fm/s/11681da00/podcast/rss,"Welcome to Faithwithgingersnap, a place to come exactly as you are. Here, we’ll talk about Jesus, faith, healing, struggles, and the real, messy parts of life we sometimes feel too afraid to say out loud. Each season, we’ll walk through a Christian book together and discover how its message can change the way we see our lives and our relationship with God. I’ll also share pieces of my own story—the heartbreak, the healing, the laughter, and the moments God showed up when I needed Him most. If you’re looking for encouragement, hope, and a little faith-filled honesty, you belong here! ✝️🙏🏻💕😇",Anchor,en-us,https://d3t3ozftmdmh3i.cloudfront.net/staging/podcast_uploaded_nologo/46625760/46625760-1787758881066-bc4b9a50f2a2d.jpg,2026-10-02 21:07:40,8057148,confirmed,https://podcasters.spotify.com/pod/show/faithwithgingersnap8,1790975260,2e74386882db6028fd33dff27bd599e2,6808344231.0,2,0,CORPORATE
La voz del camino,José Alberto cupul puc,https://www.spreaker.com/show/7427811/episodes/feed,"Historias reales, anónimas y sin filtro. Lo que otros no se atreven a contar, aquí se escucha. Relatos de familia, amor, traición y decisiones que cambian vidas. Cada semana un nuevo relato.",Spreaker,en,https://d3wo5wojvuv7l.cloudfront.net/t_rss_itunes_square_1400/images.spreaker.com/original/6fdcf4ec007d79068a877122511781f7.jpg,2026-10-02 21:06:19,8057147,confirmed,https://www.spreaker.com/podcast/la-voz-del-camino--7427811,1790975179,4ffeb72008c1098e18642af40fc68f8f,,4,0,INDIVIDUAL
Warm Up The Bus,Charlie Downs,https://rss.buzzsprout.com/2655218.rss,"<p>Grab your snacks and load up—it’s time to Warm Up the Bus!</p><p><br></p><p>Join Coach Strong and Coach Downs for honest conversations about high school sports, coaching life, and the lessons that stick with you long after the final whistle. From locker room stories and coaching debates to food challenges and plenty of laughs, these two coaches bring experience, strong opinions, and a sense of humor to every episode.</p><p><br></p><p>We tackle everything from accountability and motivation to sports parents, winning, losing, and what it takes to help young people succeed. Sometimes we agree. Sometimes we don’t. Either way, there’s always a story to tell.</p><p>Whether you’re a coach, athlete, parent, or sports fan, there’s a seat for you on this bus!</p>",Buzzsprout,en-us,https://storage.buzzsprout.com/1r9o7reka1i2elribz4gzqwtjxze?.jpg,2026-10-02 21:04:06,8057140,confirmed,https://www.buzzsprout.com/2655218,1790975046,2258e357d579c5a5675059b5bf614d0a,,0,0,INDIVIDUAL
Simon's Bench Talk,Singleron,https://anchor.fm/s/1113824c8/podcast/rss,"Simon’s Bench Talk is the go-to podcast for the single cell sequencing community. We ditch the formal presentations to discuss the reality of lab life, cover every aspect of the single cell workflow and update you on the most recent trends in the single cell field.
Created by scientists, for scientists, Simon's Bench Talk is about the grit, the grind, and the genius required to master single cell genomics. Subscribe for your regular dose of technical deep-dives and honest lab-life stories.",Anchor,en,https://d3t3ozftmdmh3i.cloudfront.net/staging/podcast_uploaded_nologo/45738594/45738594-1790871984836-a53f35815257f.jpg,2026-10-02 21:03:56,8057139,confirmed,https://podcasters.spotify.com/pod/show/singleron,1790975036,91f39b8cb1b1ca1a190e97fd93faf318,6814447936.0,2,0,INDIVIDUAL
Purpose in the Blood Podcast,Cherell Evans,https://feeds.redcircle.com/7acabce6-1981-4932-86aa-a665b045b63b,"Purpose in the Blood Podcast is a Christian faith-based podcast hosted by Cherell Evans featuring real conversations about faith in God, purpose, business, and life. Through personal stories, lessons, solo conversations, and guest interviews, we talk about finding purpose, building businesses, relationships, family, money, grief, starting over, and navigating life's unexpected seasons.",Spotify for Podcasters,en-US,https://media.redcircle.com/images/2026/10/2/20/896df975-67ce-4568-bd37-9507d85891d5_purpose_in_the_blood_podcast_cover_2000x2000.jpg,2026-10-02 21:03:20,8057138,confirmed,https://redcircle.com/shows/purpose-in-the-blood-podcast,1790975000,cc84b99a469122ce8c564387fc5d623d,,4,0,INDIVIDUAL
The People Side of Leadership with Ann and Julie,Ann Wright and Julie Caspar,https://rss.buzzsprout.com/2650367.rss,"<p>Join Ann and Julie as they dive into the many facets of leadership, exploring it from the perspectives of leaders, followers, and everyone in between. Together, they discuss how leadership choices affect individuals at work and beyond, uncovering the ripple effects on people’s professional and personal lives. </p>",Buzzsprout,en-us,https://storage.buzzsprout.com/qebmbzow0g8adnvs2koghm7w1jd0?.jpg,2026-10-02 21:02:50,8057137,confirmed,https://www.buzzsprout.com/2650367,1790974970,110d8a2863bbdaba5619af94c51e0a5e,,0,0,CORPORATE
55+ And Still Learning,Kapwa Learning LLC,https://rss.buzzsprout.com/2655240.rss,"<p><b>Life after 55 isn’t the end of the story. It may be where the most interesting part begins.</b></p><p><b>55+ and Still Learning</b> is a podcast about navigating the years when work, family, health, faith, relationships, and our sense of purpose begin to change.</p><p>Hosted by <b>Kalvin Wynters</b>, it’s an honest conversation for people who have spent decades building careers, raising families, meeting responsibilities, and taking care of everyone else—and are now asking a surprisingly difficult question:</p><p><b>What comes next?</b></p><p>There are no lectures here and no pretending to have everything figured out. Kalvin explores retirement and career transitions, getting older, family and friendships, faith, health, purpose, fishing, and the everyday lessons that become clearer with experience.</p><p>Some episodes are personal reflections. Others bring in people walking through their own version of this stage of life. All of them start from the same idea: <b>we can learn from one another.</b></p><p>If you're over 55—or can see that chapter approaching—pull up a chair.</p><p>We're all getting older.</p><p><b>And we're all still learning.</b></p>",Buzzsprout,en-us,https://storage.buzzsprout.com/lr5r9zhsm0jq48x8b4k9ddlsten7?.jpg,2026-10-02 20:58:11,8057133,confirmed,,1790974691,93c1c1306caa5b8eee27efd1d9c08685,,4,0,CORPORATE
Check in - Reservaciones,Andrea Moreno,https://www.spreaker.com/show/7427771/episodes/feed,"Hello, students! Welcome to our hospitality podcast. <br />Hoy hablaremos sobre los terminos de los saludos y solicitudes de documentos a los huespedes en el hotel para la hora de check in y en el check out.<br />Lets go practice!",Spreaker,en,https://d3wo5wojvuv7l.cloudfront.net/t_rss_itunes_square_1400/images.spreaker.com/original/6275cdc9d8f15994acd8ab04f3384bc7.jpg,2026-10-02 20:50:05,8057128,confirmed,https://www.spreaker.com/podcast/check-in-reservaciones--7427771,1790974205,b9992b0594323d8d840fb0d80a025ca7,,4,0,CORPORATE
Apex Insights Podcast,Maju Khan,https://www.spreaker.com/show/7427805/episodes/feed,"Alex and Jordan break down why Google reviews have become the new backlinks for local businesses — review freshness, keywords hiding in review text, owner replies, and steady velocity that wins the Map Pack. From Apex Insights — <a href=""https://apexinsightsagency.com/"" target=""_blank"" rel=""noreferrer noopener"">Apex Insights Agency</a>",Spreaker,en,https://d3wo5wojvuv7l.cloudfront.net/t_rss_itunes_square_1400/images.spreaker.com/original/a721b4c974b05e5fcd808eb710cd0ac9.jpg,2026-10-02 20:49:09,8057126,confirmed,https://www.spreaker.com/podcast/apex-insights-podcast--7427805,1790974149,a8be014f95e0751ceb72e988cd046c7a,,4,0,INDIVIDUAL
The Media Source,Camphouse AB,https://anchor.fm/s/115bff674/podcast/rss,"As an Intelligent media operator, we set out to talk to industry peers about all things media and tech",Anchor,en-gb,https://d3t3ozftmdmh3i.cloudfront.net/staging/podcast_uploaded_nologo/46498693/46498693-1786008138599-2935dae4e0762.jpg,2026-10-02 20:47:58,8057125,confirmed,https://podcasters.spotify.com/pod/show/daphneymakhetha4,1790974078,242bad89bedaae0e1001ddb56d2b2847,6817373556.0,2,0,INDIVIDUAL
Retirement in the Last Frontier,Dave Kutcher,https://feeds.transistor.fm/retirement-in-the-last-frontier,"On “Retirement in the Last Frontier,” Dave Kutcher informs and offers guidance to make the most of your money through safety, growth, and control. Being a former Marine Captain and having 27 years of experience with Frontier Retirement, Dave brings a ‘no-nonsense’ approach to tackling all issues in retirement.",Transistor,en,https://img.transistorcdn.com/ncCX7vCU-WrcSOSb4ULvGZ2prxrBjzzKr2KnUsIxfVE/rs:fill:0:0:1/w:1400/h:1400/q:60/mb:500000/aHR0cHM6Ly9pbWct/dXBsb2FkLXByb2R1/Y3Rpb24udHJhbnNp/c3Rvci5mbS9kN2Ew/NTg2OTg0YzQ5Yzc0/YWNiYjUwNTdjZjk1/MTNjNC5wbmc.jpg,2026-10-02 20:47:03,8057124,confirmed,,1790974023,3aa3a6948acf852137d34fb7f6246b61,,4,0,INDIVIDUAL
Work Gone Wrong,DeDe Church and Kristin Lemke,https://rss.buzzsprout.com/2655238.rss,"<p>Dive into the worst cases of workplace misbehavior - sexual harassment, discrimination, incredible jerkiness - and see how two experienced investigators navigated tricky situations and busted the bad guys. You'll learn some investigation tricks and traps along the way!</p>",Buzzsprout,en-us,https://storage.buzzsprout.com/r0o9lqjvj69wthj08z6ljlk3knpi?.jpg,2026-10-02 20:41:17,8057118,confirmed,,1790973677,2fccde5a015cfe0cb2480deb739a19ae,,4,0,CORPORATE
The Scene Says More,Mila Holosha,https://anchor.fm/s/117e34244/podcast/rss,"Here, we make films work for your success — not by escaping into stories, but by examining the systems behind them.
We use cinema as a lens to understand communication, influence, and human behavior. 
Not as theory. Not as motivation. But as systems in action. 
We decode stories and characters because perception is not accidental. It’s constructed. 
If you're interested in communication that truly resonates, influence that feels authentic, and a deeper understanding of why people think and behave the way they do, welcome.",Anchor,en,https://d3t3ozftmdmh3i.cloudfront.net/staging/podcast_uploaded_nologo/46857369/46857369-1790682372344-cc9cae34e63b5.jpg,2026-10-02 20:39:24,8057116,confirmed,https://podcasters.spotify.com/pod/show/mila-holosha29,1790973564,eba95523cba222f1a93820e04faa22c4,6817447108.0,2,0,INDIVIDUAL
Alfa Tech Podcast,Jose Cruset,https://anchor.fm/s/116c9beb0/podcast/rss,"Insights into technology, AI and business",Anchor,en-us,https://d3t3ozftmdmh3i.cloudfront.net/staging/podcast_uploaded_nologo/46672876/46672876-1788375371739-28536cf4050dc.jpg,2026-10-02 20:39:22,8057115,confirmed,https://podcasters.spotify.com/pod/show/jose-cruset9,1790973562,cdcba43ab62652768a4eb803e165a023,6807990859.0,2,0,INDIVIDUAL
Michelle Platti,Michelle Platti,https://feeds.megaphone.fm/michelle-platti,"<p>I'm Michelle Platti I make conspiracy theory videos, True Crime Videos, and Unsolved Mystery Videos. I do videos like mandela effects, weird concepts, celebrity conspiracy theories, unsolved mysteries and more!<br><br>Links:<br>Clips Channel: <a href=""https://www.youtube.com/channel/UC2yE8hQ9uxO5RmLx7p6Zl4w"">https://www.youtube.com/channel/UC2yE8hQ9uxO5RmLx7p6Zl4w</a><br>Amazon Storefront: <a href=""https://www.amazon.com/shop/michelleplatti"">https://www.amazon.com/shop/michelleplatti</a><br>TikTok: <a href=""https://www.tiktok.com/@michelleplatti?is_from_webapp=1&sender_device=pc"">https://www.tiktok.com/@michelleplatti?is_from_webapp=1&sender_device=pc</a><br>Subscribe: <a href=""http://www.youtube.com/momentsofmichelle"">http://www.youtube.com/momentsofmichelle</a><br>Twitter: <a href=""https://www.twitter.com/michelleplatti"">https://www.twitter.com/michelleplatti</a><br>Instagram: <a href=""https://www.instagram.com/michelleplatti"">https://www.instagram.com/michelleplatti</a><br>Weight Loss Channel: <a href=""https://www.youtube.com/channel/UCEz5mSwDZ9ZpQ08NhcNdyxQ"">https://www.youtube.com/channel/UCEz5mSwDZ9ZpQ08NhcNdyxQ</a></p>",Megaphone,en,"https://megaphone.imgix.net/podcasts/2e0faf7e-aeb6-11f1-9917-f71ce4b22ba3/image/dc923eb85591342c810699348fa450e7.jpg?ixlib=rails-4.3.1&max-w=3000&max-h=3000&fit=crop&auto=format,compress",2026-10-02 20:37:47,8057114,confirmed,,1790973467,645f869268f68483f9ca5dad92e6b630,6816339467.0,2,0,INDIVIDUAL
The Whole Breakthrough,Tina & Michelle,https://anchor.fm/s/116bfccfc/podcast/rss,"Welcome to the Whole Breakthrough podcast where we go far beyond fad diets, calorie, counting, and surface level fixes to help you heal from the inside out. 
Join certified metabolic health coaches Tina and Michelle as we explore your unique ecosystem to achieve true metabolic flexibility, sustainable energy, and lifelong freedom.",Anchor,en,https://d3t3ozftmdmh3i.cloudfront.net/staging/podcast_uploaded_nologo/46666359/46666359-1788671533250-7b34957d0cf7b.jpg,2026-10-02 20:37:39,8057113,confirmed,https://livingyourbreakthrough.com/,1790973459,485905203a491b47166c3352deea8bd4,6817648788.0,2,0,CORPORATE
Blacktop Illuminations,Jimmy Mac,https://anchor.fm/s/1173cb8ac/podcast/rss,"Blacktop is a weekly one-hour show about trucking, road culture, strange America, and the people who live their lives between the lines.
Hosted by Jimmy Mac, the show combines real trucking experience with the storytelling sensibility of Gauge Illuminations.
It is not another freight report.
It is a show about the road, the people who work it, and the strange country moving past the windshield.",Anchor,en,https://d3t3ozftmdmh3i.cloudfront.net/staging/podcast_uploaded_nologo/46748227/46748227-1789368355965-4824df1f6f1db.jpg,2026-10-02 20:35:19,8057112,confirmed,https://podcasters.spotify.com/pod/show/jongunnar,1790973319,3384e8760acb7cd901e9dc50cd7d1c3d,6815431464.0,2,0,INDIVIDUAL
Eden Project,Eden Project,https://feeds.redcircle.com/37c8b714-1b45-4d75-a3dc-ebd6ef5d3e0d,"----------------------------------------------------------
Helping you connect deeply with God, yourself, and others.
----------------------------------------------------------",Spotify for Podcasters,en-US,https://media.redcircle.com/images/2026/10/2/20/8badab46-6f78-43f8-9f00-9163e72b6ffc_edenpodcast_white.jpg,2026-10-02 20:34:17,8057111,confirmed,https://redcircle.com/shows/eden-project,1790973257,76d252afb3c1751a322ec2d93ba8ca09,,4,0,INDIVIDUAL
Bull City Beats,City of Durham,https://feeds.transistor.fm/bull-city-beats,"Bull City Beats is the official podcast of the City of Durham Police Department. We created this podcast in partnership with the US Department of Justice Office of Community Oriented Policing Services to bring you closer to your police force, to go behind the badge and talk to the folks who make up Durham PD. At all levels and ranks, we are proud Durhamites just like you, and we hope to shine a spotlight on the stories that may have flown under the radar. please join us by subscribing to the Durham Police YouTube channel or following along wherever you get your podcasts. Thanks for listening.",Transistor,en,https://img.transistorcdn.com/X9wreX-b2aUqsckb6-HLUKyAmK2HXajgU_yjNebDQ8w/rs:fill:0:0:1/w:1400/h:1400/q:60/mb:500000/aHR0cHM6Ly9pbWct/dXBsb2FkLXByb2R1/Y3Rpb24udHJhbnNp/c3Rvci5mbS83OThl/MzZlYjg0Zjk2MmRk/OGUyNjc4MGU4MWZl/OWQzMy5wbmc.jpg,2026-10-02 20:31:55,8057107,confirmed,,1790973115,2f8a82ca4d02012b57845acd3c6e3223,,4,0,CORPORATE
MAICON Speaker Series,Marketing AI Institute,https://feeds.captivate.fm/maicon-speaker-series/,"Hosted by Paul Roetzer, founder of Marketing AI Institute and creator of the Marketing AI Conference (MAICON), the MAICON Speaker Series features insights from our speakers—all interviewed live onsite. This podcast is designed to help marketing leaders understand, pilot and scale AI in their organizations. You can sit back and wait for the marketing world to get smarter and change around you, or you can embrace AI now and be proactive in creating a competitive advantage for yourself and your company. Tune in to get started with marketing AI.",Captivate,en,https://artwork.captivate.fm/08d14c94-ca0f-4f8b-a3ad-13f51e194b84/maicon-cover-art-w-logo.jpg,2026-10-02 20:30:14,8057106,confirmed,https://www.marketingaiinstitute.com/,1790973014,28d9d88973c3c14490a8c4f43a209ec3,,4,0,CORPORATE
Out Of Commission,Derryck and Dwelly,https://anchor.fm/s/117ece63c/podcast/rss,"This Could've Stayed In The Group Chat.
Derryck and Dwelly take conversations, arguments, receipts and nonsense from their fantasy league and put microphones in front of them.",Anchor,en,https://d3t3ozftmdmh3i.cloudfront.net/staging/podcast_uploaded_nologo/46863687/46863687-1790755941474-f2072d25e08d5.jpg,2026-10-02 20:29:11,8057104,confirmed,https://podcasters.spotify.com/pod/show/out-of-commission7,1790972951,8f62c99d5bbe297ccc5d420528f791b5,6817857769.0,2,0,CORPORATE
Football Fantasy House The Podcast,Football Fantasy House,https://feed.podbean.com/itsfootballfantasyhouse/feed.xml,"# FOOTBALL FANTASY HOUSE
### Where Football Fantasy Becomes Reality.
What happens when fantasy football leaves the app… and enters the HOUSE?
Welcome to **Football Fantasy House (FFH)** — a fantasy football entertainment experience built around competition, personalities, NFL conversation, bold predictions, bragging rights, and the one thing every fantasy league has plenty of: **TRASH TALK.**
Created by **E.L. Williams**, Football Fantasy House is building something bigger than another fantasy football podcast. The long-term vision is an original reality competition where fantasy football players live, compete, strategize, and battle their way through an NFL season under one roof — bringing the drama, rivalries, alliances, victories, bad decisions, and personalities of fantasy football to life.
But before we build the House, we’re building the **community**.
The Football Fantasy House Podcast is where that journey begins.
Each week, FFH brings together a cast of football personalities with different perspectives, strategies, and opinions. You’ll hear fantasy football analysis, NFL debates, waiver-wire conversations, injury updates, start-or-sit decisions, sportsbook talk, weekly predictions — and plenty of receipts when somebody gets it completely wrong.
Leading the House is **Bobby Hall — ”The Prez”**, President of Football Fantasy House and Host, keeping the conversation moving while trying to maintain order inside a House full of opinions.
Behind the fantasy competition is ** — ”The Mish,”** the Commissioner of Football Fantasy House. With decades of fantasy football experience, The Mish oversees the league, matchups, challenges, rules and weekly business of the House.
Then there’s **The L.A.B. — Lines. Analytics. Bets.** Featuring **Shawn ”Moneyline” Peterson and Doug**, The L.A.B. breaks down the numbers, matchups, trends and betting angles behind the games.
You’ll also hear from **Big Alex**, whose strong opinions guarantee there won’t be many quiet debates, along with **E.L. Williams**, creator and executive producer of Football Fantasy House, and other members of the FFH league and special guests who enter the House throughout the season.
And underneath the microphones is a real fantasy league.
The personalities you hear aren’t simply talking about fantasy football — **they’re competing against each other.** Wins, losses, waiver decisions, trades, predictions and weekly bragging rights have consequences, giving everyone inside the House something to prove.
Expect signature FFH conversations and segments including **Park ’Em or Drive ’Em, House-spital, Waiver Wire, Panic or Patience, House Calls, The L.A.B., Who You Got**, weekly House awards, bold predictions and much more.
Football Fantasy House is where **fantasy football, sports entertainment, competition and reality collide.**
Today, it’s a podcast.
Tomorrow, the vision is much bigger.
We’re building the audience. We’re building the personalities. We’re building the rivalries. We’re building the community.
And eventually…
**we’re putting them in the House.**
Whether you’re a fantasy football veteran, a casual NFL fan, a sportsbook player, or somebody who simply loves great sports debates and entertaining personalities, there’s a seat for you inside Football Fantasy House.
**Welcome to the House.**
**FOOTBALL FANTASY HOUSE**
*Where Football Fantasy Becomes Reality.*",Podbean,en,https://pbcdn1.podbean.com/imglogo/image-logo/22674501/FFH_Podcast_Cover_2048x2048_Under_2MB.jpg,2026-10-02 20:29:11,8057103,confirmed,https://itsfootballfantasyhouse.podbean.com,1790972951,19fd73337817fc849aec9a98f5106207,6818216099.0,2,0,INDIVIDUAL
The Helper Podcast,The Helper Podcast,https://anchor.fm/s/115cb6180/podcast/rss,"Welcome to The Helper Podcast , a space where you will get to know the person of the Holy Spirit like never before !",Anchor,en,https://d3t3ozftmdmh3i.cloudfront.net/staging/podcast_uploaded_nologo/46506176/46506176-1786108381688-dbd56f284fe95.jpg,2026-10-02 20:22:32,8057095,confirmed,https://podcasters.spotify.com/pod/show/the-helper-podcast0,1790972552,50f2a929eebc626e35f52a0e32500b88,6800129847.0,2,0,CORPORATE
Stories of Success,Gerald Chacon,https://www.spreaker.com/show/7427780/episodes/feed,"Stories of Success explores the real journeys behind extraordinary achievements. Discover inspiring stories of struggle, failure, perseverance, turning points, and breakthrough moments—and the powerful lessons behind every success.",Spreaker,en,https://d3wo5wojvuv7l.cloudfront.net/t_rss_itunes_square_1400/images.spreaker.com/original/152abc92c3d8671e75807c8288e954c7.jpg,2026-10-02 20:21:42,8057094,confirmed,https://www.spreaker.com/podcast/stories-of-success--7427780,1790972502,09eaf237b1786ac336569238eb85a057,,4,0,INDIVIDUAL
The Samantha Bahar Project,Visionary Ventures,https://anchor.fm/s/10c73b330/podcast/rss,"Friday, 15-25 minutes 
The Samantha Bahar Project documents Geoff’s evolving artistry as he builds his drag-inspired alter ego, Samantha Bahar. From vocal development to fashion, songwriting, storytelling, and emotional identity, this series captures the entire process behind forming a stage persona. It’s an intimate creative diary, a performance study, and a joyful exploration of gender expression through art.",Anchor,en,https://d3t3ozftmdmh3i.cloudfront.net/staging/podcast_uploaded_nologo/44938764/44938764-1764899158106-119e4da95e89b.jpg,2026-10-02 20:14:23,8057086,confirmed,https://vvproductions.media/,1790972063,56e5263365f7f6d60b2ad7a905885bf7,6788526926.0,2,0,CORPORATE
Mr A+,Michael Theo,https://anchor.fm/s/117f7c5d4/podcast/rss,"Greeting Ladies & Gentlemen. Please allow me to introduce myself.
 
I’m your host Michael Theo, otherwise known as Mr A+. You may have seen me on the hit television show Love On the Spectrum. 
With this podcast I hope to entertain and bring love and light into people’s lives.  
Follow the podcast to stay up to date with new episodes and find me on Instagram.  
Hope you enjoy my podcast, ladies and gentlemen.  
Get in touch: MrAPlusPodcast@gmail.com
Instagram: https://www.instagram.com/mr_a_plus_michael/  
Original series produced by DM Podcasts",Anchor,en,https://d3t3ozftmdmh3i.cloudfront.net/staging/podcast_uploaded_nologo/46870813/778648ebdaf11acf.jpg,2026-10-02 20:12:06,8057084,confirmed,https://diamantina.com.au/,1790971926,da88ae9f0e8b131b2d3c5dd57469c8c5,1594464567.0,2,0,INDIVIDUAL
Sip n Spin,Not Dead Yet Media,https://feeds.libsyn.com/631428/rss,"Our cocktails are served on the rocks, but our music takes are neat",Libsyn,en,https://static.libsyn.com/p/assets/7/7/f/1/77f16290b604c0cae5bbc093207a2619/SNS_FINAL-20260930-tg7fptjh1o.jpg,2026-10-02 20:10:25,8057083,confirmed,https://sites.libsyn.com/631428,1790971825,079ba0af5c130c58fafd05756055ef46,6818140562.0,2,0,CORPORATE
Adulting with Money,dahlylah dye,https://rss.buzzsprout.com/2655103.rss,"<p>Adulting with Money; a podcast hosted by Dahlylah Dye that teaches high school students financial skills they aren't taught in school. From understanding paychecks, budgeting, saving, and preparing for college, each episode breaks down REAL-WORLD money topics to help teens confidently navigate adulthood!</p>",Buzzsprout,en-us,https://storage.buzzsprout.com/0z4grtmuz4m9381ws0r8eqn2pygw?.jpg,2026-10-02 20:04:33,8057080,confirmed,,1790971473,4a3fcb1c411a8bd964686081a3353104,,4,0,INDIVIDUAL
Letters to Dot,Dot,https://anchor.fm/s/1171f50f0/podcast/rss,"Advice for women who have already tried being reasonable.
Welcome to Letters to Dot, the wickedly funny feminist advice podcast tackling love, sex, marriage, friendship, family, dating and the everyday nonsense women are somehow expected to handle gracefully.
With warmth, wit, sarcasm and a healthy measure of feminist clarity, Dot says the things your best friend is probably already shouting at the phone.
The letters are fictional. The problems, unfortunately, are not.
New letters every Thursday.",Anchor,en-gb,https://d3t3ozftmdmh3i.cloudfront.net/staging/podcast_uploaded_nologo/46728956/46728956-1789194044725-850acd2efb279.jpg,2026-10-02 19:45:54,8057068,confirmed,https://podcasters.spotify.com/pod/show/dot0,1790970354,4f7b29b43db206706cd174f4de9bcf16,6811331502.0,2,0,INDIVIDUAL
Just Cut It Out,Kim,https://rss.buzzsprout.com/2655203.rss,"<p>Dr. Brown interviews patients, families and healthcare team members about how their experience with cancer has made them think differently about what it means to live a good life.</p>",Buzzsprout,en-us,https://storage.buzzsprout.com/jqk22qqno6g2lxssk34nlg1uyfh0?.jpg,2026-10-02 19:43:23,8057064,confirmed,https://justcutitoutpod.buzzsprout.com,1790970203,40ab23c7dfd2f65537266c3cb2008fde,,0,0,INDIVIDUAL
Still Human,Zalmi,https://anchor.fm/s/115b588ec/podcast/rss,"What will AI and robotics never replace? Each week, one honest conversation — drawing on the Talmud, modern philosophy, and the scientists who built this technology, then warned us about it. Still Human is for anyone navigating the AI revolution who wants to understand not just what's coming, but what will always remain ours. Hosted by Zalman, a businessman who has spent a lifetime watching technology reshape industries and thinking about what it means to be human in a world that keeps changing faster than we expected.",Anchor,en,https://d3t3ozftmdmh3i.cloudfront.net/staging/podcast_uploaded_nologo/46491859/46491859-1785914612478-7f8a6e415b73d.jpg,2026-10-02 19:34:11,8057052,confirmed,https://podcasters.spotify.com/pod/show/zalmi6,1790969651,785093a45f8f18974628995ba5a7ec2e,6799661068.0,2,0,INDIVIDUAL
Critical Campfire,Critical Campfire,https://anchor.fm/s/117994734/podcast/rss,"Join us to talk all things D&D, Board Games and Tabletop, all with a cosy vibe!",Anchor,en-gb,https://d3t3ozftmdmh3i.cloudfront.net/staging/podcast_uploaded_nologo/46808885/46808885-1790107830629-471acf592d556.jpg,2026-10-02 19:29:21,8057050,confirmed,https://podcasters.spotify.com/pod/show/critical-campfire9,1790969361,b956765c28fd76e9ff35f9fdf85a18c4,6818153490.0,2,0,INDIVIDUAL
Hot flashes and Bad Choices,Kelly and Jill,https://anchor.fm/s/111c1a590/podcast/rss,"Welcome to hot flashes and bad choices where midlife shows up uninvited kicks off his shoes and pours itself a drink. We are two longtime friends in our 50s both married to incredible women and still fully capable of making questionable decisions just with a better story and slightly earlier bedtimes. between us we live through big love, big loss, wild adventures, complicated families, raising kids, caring for aging parents and figuring out who we are in the middle of all of it. This podcast is equal parts hilarious, honest, and just a little bit unhinged!",Anchor,en-us,https://d3t3ozftmdmh3i.cloudfront.net/staging/podcast_uploaded_nologo/45828708/45828708-1776830610595-11a71c87487a6.jpg,2026-10-02 19:25:52,8057047,confirmed,https://podcasters.spotify.com/pod/show/kelly-hewitt,1790969152,b10be696b50ba75dbf8decc116f4f1b9,6813269066.0,2,0,CORPORATE
We Fix Games,Glitterfox Media,https://feeds.captivate.fm/wefixgames/,"<p>We Fix Games is a community-driven podcast where Laura and Jerrica lovingly tear apart video games to figure out what makes them work, and what could make them better.</p>
<p>Laura brings a love for puzzle games, story-rich experiences, and psychological horror. Jerrica comes in swinging with beat ’em ups and action-heavy games. Together, they break down mechanics, characters, and themes, then rebuild the game using a shared set of very serious rules.</p>
<p>The rules are simple:</p>
<ol>
<li>
<p>Murder is always an option</p>
</li>
<li>
<p>Gotta be a Pinocchio</p>
</li>
<li>
<p>Always be jumping</p>
</li>
<li>
<p>Let it be pink</p>
</li>
</ol>
<p><br />We love creating community! Hop into our discord whenever you’re ready. You can find it linked in the episode descriptions, or on our website glitterfoxmedia.com</p>",Captivate,en,https://artwork.captivate.fm/a656d539-fdaf-415b-835e-60c4f66baf17/logofinal-5jib5k.png,2026-10-02 19:23:56,8057045,confirmed,https://wefixgames.captivate.fm,1790969036,fea429283a21a0c08e11118955e67be1,,4,0,CORPORATE
The Catechism - An ELCA Lutheran Podcast,"Jeremy Morelock, Brian Hehn",https://feeds.libsyn.com/631388/rss,"The Catechism is an adult confirmation podcast designed for ELCA Lutheran Adults who want a confirmation refresher course, never went through confirmation, or joined an ELCA congregation from another tradition and want to learn more about what it means to be ELCA Lutheran. The basics of the Christian faith are covered including how to read the bible, prayer, the Apostle's Creed, and living our faith in the world.
The podcast is designed and led by Pastor Jeremy Morelock and Brian Hehn",Libsyn,en,https://static.libsyn.com/p/assets/6/5/6/7/6567295341ea3d51e5bbc093207a2619/Color_Logo_-_SQUARE-20260929-7nfrcu7dt6.png,2026-10-02 19:23:12,8057044,confirmed,https://sites.libsyn.com/631388,1790968992,836621c32d84b77783d47b57bef780e1,6817392393.0,2,0,INDIVIDUAL
Heart Vibrations,Sophie Alvi,https://rss.buzzsprout.com/2655222.rss,"<p>Feeling through the waves, letting expression express.</p>",Buzzsprout,en-us,https://storage.buzzsprout.com/i9xwol1g0ru10trxpk8qjabaeodh?.jpg,2026-10-02 19:19:42,8057041,confirmed,,1790968782,bae3642acdc1da9e20960bb3dbad466d,,0,0,INDIVIDUAL
Season 2 Episode 6 Driving Part 1,Matt Chanler and Marc Gaskin,https://feeds.transistor.fm/season-2-episode-6-driving-part-1,Season 2 Episode 6 Driving Part 1,Transistor,en,https://img.transistorcdn.com/e68wmOJrQpJCI2HXICac329XMrql6F7kFL4vbz1mhqQ/rs:fill:0:0:1/w:1400/h:1400/q:60/mb:500000/aHR0cHM6Ly9pbWct/dXBsb2FkLXByb2R1/Y3Rpb24udHJhbnNp/c3Rvci5mbS9jNDFi/MDQ3OGZmZWFkMjM4/MzkzZTgwMTE3YzZj/OWExMi5wbmc.jpg,2026-10-02 19:00:46,8057029,confirmed,,1790967646,f3552e46bf230e39d1df558c0495d259,,4,0,CORPORATE
Mitten State Hockey Podcast,drew roper,https://www.spreaker.com/show/7427114/episodes/feed,Better late then never,Spreaker,en,https://d3wo5wojvuv7l.cloudfront.net/t_rss_itunes_square_1400/images.spreaker.com/original/f9cff1443cb14877e4fdf31a30980718.jpg,2026-10-02 18:59:19,8057028,confirmed,https://www.spreaker.com/podcast/mitten-state-hockey-podcast--7427114,1790967559,7b8246538adc1528ab786309538150fa,,4,0,INDIVIDUAL
DigitalDownlow,Crystal Chambers,https://feeds.libsyn.com/631273/rss,"DigitalDownlow is what happens when curiosity refuses to stay in its lane.
Hosted by CiCi Chambers, she takes an unapologetically curious look at culture, trends, GenX (and the lesser ones, too), politics, technology, AI, relationships, media, philosophy, and the strange ways people make sense of the world. Sometimes serious, sometimes irreverent, occasionally profane—and always willing to ask the question everyone else seems to be stepping around.  
No prescribed conclusions. Just good questions, evidence, conversation, and the occasional ""FFS! GTFOHWTBS."" Conversations, culture, motorcycles, technology, life and whatever deserves a closer look.",Libsyn,en,https://static.libsyn.com/p/assets/3/b/2/0/3b20db15fb95155a88c4a68c3ddbc4f2/libsyn_square_try_7.png,2026-10-02 18:59:03,8057027,confirmed,https://sites.libsyn.com/631273,1790967543,e93eefa3a98bfdfdfe2a8d3c00dbd81a,6816817399.0,2,0,INDIVIDUAL
"The Military Chaplain Podcast for Veteran Mental Health, Hope & Healing | Tactical Wisdom, biblical hope, and honest conversations for veterans, military families, chaplains, and ministers.",Chaplain Dr. E. Ibanga Matthews |,https://feed.podbean.com/militarychaplainpodcast/feed.xml,"Beloved,
The military chaplain podcast delivers raw, honest, faith-rooted conversations about the things military and veteran communities are afraid to say out loud, the biblical truth that gives them the courage to say it anyway, and the hope that holds everything together when life tries to tear it apart.
Hosted by Chaplain Dr. E. Ibanga Matthews, a retired United States Army Chaplain, Lieutenant Colonel, with over 30 years of pastoral/chaplain military ministry.  This channel draws from real frontline experience to address the most urgent needs in veteran mental health, military family mental health, PTSD, and faith-based healing for those who serve and those who love them.
Chaplain Ibanga brings a rare combination to the veteran podcast space: the clinical awareness of a trained chaplain, the military credibility of a career officer who served in three combat deployments in Iraq and Afghanistan, the personal vulnerability of a man who has been honest about his own struggles, and the theological depth of a minister who believes that Scripture speaks directly into every human crisis — including the ones that happen in uniform.
Enjoy!
militarychaplainpodcast.com",Podbean,en,https://pbcdn1.podbean.com/imglogo/image-logo/22438336/Lieutenant_Colonel_Ibanga3-2_4z726t.jpg,2026-10-02 18:47:25,8057017,confirmed,https://militarychaplainpodcast.com,1790966845,0444a745df50874192c58afb538ac642,6817910235.0,2,0,INDIVIDUAL
Moo Cow Tales (Adventures from the Barnyard),Rosamund Edith Nesbit Bland,https://www.spreaker.com/show/7427643/episodes/feed,"When young Tommy discovers his family’s barnyard cows can talk, he finds himself tangled in a whirlwind of hilarious adventures and whimsical mishaps. In 'Moo Cow Tales,' Rosamund Edith Nesbit Bland weaves four enchanting stories that bring to life the mischief and charm of barnyard life, inviting listeners into a world where cows have personalities as vibrant as their surroundings. <br /><br /> Join Tommy as he navigates the ups and downs of caring for his bovine friends, each tale bursting with laughter, friendship, and the occasional lesson learned. From a daring escape to a surprising talent show, these stories not only entertain but also spark the imagination of young listeners. <br /><br /> As Tommy learns the importance of teamwork and understanding, children will find themselves rooting for the cows and their comical escapades. With vivid characters and delightful scenarios, 'Moo Cow Tales' offers a joyful listening experience that fosters curiosity and creativity. <br /><br /> Perfect for family listening, these tales encourage discussions about friendship, responsibility, and the bonds we share with animals. Dive into this charming collection, where every moo tells a story, and let the laughter of the barnyard brighten your day. Get ready for a delightful journey that will leave both kids and parents smiling!",Spreaker,en,https://d3wo5wojvuv7l.cloudfront.net/t_rss_itunes_square_1400/images.spreaker.com/original/c6e7c9fe57a4408e14876adc3dceddd5.jpg,2026-10-02 18:46:05,8057016,confirmed,https://www.spreaker.com/podcast/moo-cow-tales-adventures-from-the-barnyard--7427643,1790966765,9c54920eb93e4f3892ee43a8ac5cc91c,,4,0,CORPORATE
The Chaos Eliminator,Lana Sanderson,https://rss.buzzsprout.com/2633798.rss,"<p>In my corporate world, one of my mentors called me Chaos Coordinator and it kind of stuck. Then I realized coordinating the mess wasn't the goal — getting rid of it was.</p><p><br></p><p>On this show, I sit down with small business owners, contractors, and the people building things from the ground up to talk about what actually running a business looks like: the systems that save you, the fires you didn't see coming, and the moments you figure out how to eliminate the chaos instead of just managing it.</p><p><br></p><p>No polish, no pretending it's easy. Just real conversations about how businesses actually get built and kept running.</p>",Buzzsprout,en-us,https://storage.buzzsprout.com/u48wuwk30cqrkot46dzoadp1qjlx?.jpg,2026-10-02 18:36:34,8057007,confirmed,https://thechaoseliminator.buzzsprout.com,1790966194,654433f13c835e6e0b6d6a901db7bec9,,4,0,CORPORATE
980 the Sports Zone Local High School with John Balginy,John Balginy,https://rss.buzzsprout.com/2637503.rss,"<p><b>Local high school sports. Local voices. Every game matters.</b></p><p>Welcome to <b>980 The Sports Zone: Local High School Sports</b>, your home for East Idaho high school sports coverage from 980 The Sports Zone.</p><p>Hear full game broadcasts, play-by-play action, and memorable moments from high school football, basketball, and more as we bring the games directly to you.</p><p>Whether you're in the stands, following your favorite team from home, or looking for a game you missed, this podcast gives local families, athletes, coaches, and fans another way to stay connected to high school sports across our community.</p><p><b>Listen to the game. Support the Sponsors. Support the Team. Follow local sports.</b></p><p>Presented by <b>980 The Sports Zone</b>.</p>",Buzzsprout,en-us,https://storage.buzzsprout.com/2onycnfj9rpwws7yej93064kue3j?.jpg,2026-10-02 18:36:27,8057006,confirmed,,1790966187,a6952155fbee9a0fa1411a898cb8cded,,4,0,INDIVIDUAL
And The Movie Ends Podcast,tia t,https://anchor.fm/s/117a1c120/podcast/rss,a horror movie & tv podcast full of reviews discussions & way too much yapping about all things scary. grab your popcorn & let’s talk about what kept us up at night 🍿🔪,Anchor,en,https://d3t3ozftmdmh3i.cloudfront.net/staging/podcast_uploaded_nologo/46814440/46814440-1790172623546-c0ca39f85d354.jpg,2026-10-02 18:33:52,8057003,confirmed,https://podcasters.spotify.com/pod/show/tiattr3,1790966032,d56c916a495e522a9621512529ce4e94,6818032727.0,2,0,INDIVIDUAL
The MADD HOUSE,Lanisha Lewis,https://rss.buzzsprout.com/2655198.rss,"<p>Welcome to The Madd House, a creative space where fashion, art, beauty, and imagination come together. This podcast explores creative ideas, fashion inspiration, digital marketing, branding, and the stories behind the things we create. Come along for conversations about creativity, trends, self-expression, and building a unique world of your own. There’s always a little bit of madness at The Madd House.</p>",Buzzsprout,en-us,https://storage.buzzsprout.com/c1j3kux04qvrtqzc1f85po899n1x?.jpg,2026-10-02 18:32:29,8057002,confirmed,https://lanishallewis.wixsite.com/my-site-8,1790965949,536d74dd2488917128105ce7f05c74dd,,4,0,INDIVIDUAL
Kitchen Table AI Safety,Nate Nichols,https://feeds.transistor.fm/kitchen-table-ai-safety,"AI is changing your job, your kids' lives, and your country, and most of the big decisions are being made without you. Kitchen Table is AI safety for normal people: short, plain-English episodes about what AI actually is, where it's headed, and what you can do about it.

Host Nate Nichols has spent almost twenty years researching, building, and selling AI systems, and leads public AI workshops at Chicago libraries. Each week he takes one big question and gives you the straight answer in about ten minutes, no computer science degree required. Why can't the people who build AI explain how it works? Should you worry about your kids and AI chatbots? Who's writing the rules?

Every claim is sourced. The show notes link to the studies and data behind each episode, so you can check the work yourself.

New episodes every Tuesday.

Opinions are Nate's own and do not represent his employer.",Transistor,en,https://img.transistorcdn.com/pIsVQjdQIWe1voquSczfaxEpkbMAziAKZ4iUcueCO9I/rs:fill:0:0:1/w:1400/h:1400/q:60/mb:500000/aHR0cHM6Ly9pbWct/dXBsb2FkLXByb2R1/Y3Rpb24udHJhbnNp/c3Rvci5mbS8xZDQ4/ZTBmOGE1ODI1YmIz/NzE4Y2VhYmI5ZGZi/M2IwMi5wbmc.jpg,2026-10-02 18:32:17,8057001,confirmed,https://kitchentable.show,1790965937,4dfcaca6b9e5dc8a5c3d341f7c423ee7,,4,0,INDIVIDUAL
Let's Lore-n,Jamie Heiberger,https://feeds.transistor.fm/lets-lore-n,A podcast where we learn about lore.,Transistor,en,https://img.transistorcdn.com/XdoLDl1raoxQEHFjZgibSJGSQmu1Xr7kAxrO5kGpii0/rs:fill:0:0:1/w:1400/h:1400/q:60/mb:500000/aHR0cHM6Ly9pbWct/dXBsb2FkLXByb2R1/Y3Rpb24udHJhbnNp/c3Rvci5mbS9mY2My/YzhiNmY3MDIyNWQ4/ZTk0M2I5OWI0MWY1/ZTg3ZS5wbmc.jpg,2026-10-02 18:29:50,8056999,confirmed,,1790965790,cd580e6bcacbde46c1070c8d7877eb49,,4,0,INDIVIDUAL
Reviving the Curriculum,Dr Lisa Stephenson,https://anchor.fm/s/f30e0a94/podcast/rss,"Reviving the Curriculum brings you into the centre of sustained research and practice, exploring how we can breathe new life into learning. Hosted by Dr Lisa Stephenson, each episode features deep-dive conversations with educators and leaders who are shifting the gaze from what we teach to how we teach.
We explore collaboration, agency, and creativity that promote collective wellbeing and understanding, responding to the complex world our students live in.
Produced by Story Makers, a research centre in the Carnegie School of Education at Leeds Beckett University.",Anchor,en,https://d3t3ozftmdmh3i.cloudfront.net/staging/podcast_uploaded_nologo/40677837/40677837-1773061891138-e24351fa5fefa.jpg,2026-10-02 18:26:49,8056994,confirmed,https://www.storymakersco.com/,1790965609,46413e1dbfc93f16ef3b6b438c258614,6809799318.0,2,0,INDIVIDUAL
Oops I Overthought,Good Mess Media,https://feeds.libsyn.com/621485/rss,"What Are We Overthinking? Holly Fowler is a founder, podcast host and cultural voice redefining what modern leadership looks and sounds like.
As the founder of Wable App and a Forbes 30 Under 30 honoree, Holly builds with intention, creating platforms and conversations that make space for the nuanced, the ambitious, and the deeply human. Her work sits at the intersection of neurodivergent advocacy and next-generation leadership, proving that thinking differently isn't a limitation.
Holly doesn't just talk about building things differently. She just does it.",Libsyn,en,https://static.libsyn.com/p/assets/d/2/1/8/d2180b41e9fb2281e5bbc093207a2619/Oops_I_Overthought_Brand_Guide_3000_x_3000_px_3000_x_3000_px_1400_x_1400_px.jpg,2026-10-02 18:25:25,8056993,confirmed,https://sites.libsyn.com/621485,1790965525,948973ae384a5cb1a1ab1ba142f240f2,6817038149.0,2,0,CORPORATE
Terrorism Transforming,Scott Allan,https://feeds.transistor.fm/terrorism-transforming,"Terrorism Transforming tracks the past, present, and future of terrorism. Hosted by Scott Allan, Senior Fellow in Terrorism Studies at The Jamestown Foundation, the podcast examines how violent extremism is evolving: the movements, tactics, technologies, and ideologies reshaping the threat landscape worldwide.",Transistor,en,https://img.transistorcdn.com/cscY-UT_rki9hzU_QYCc3W7BmbmNs1LkI5zll-hO2kk/rs:fill:0:0:1/w:1400/h:1400/q:60/mb:500000/aHR0cHM6Ly9pbWct/dXBsb2FkLXByb2R1/Y3Rpb24udHJhbnNp/c3Rvci5mbS9jMGI2/NjNhNzUxNWI1ZGE2/YWE1Mzk0MTM4MDU5/NWYwYi5wbmc.jpg,2026-10-02 18:23:49,8056987,confirmed,https://jamestown.org,1790965429,842cfdd77fa2333152920c0f38055851,,4,0,INDIVIDUAL
"Your Mind, Your Body with Elena Monica",EverGreen Media Network,https://www.spreaker.com/show/7387277/episodes/feed,"Join Elena Monica, PhD-C, on Your Mind, Your Body with Elena Monica as she explores the complexities of alcoholism, addiction, and the journey of recovery. Integrating a unique blend of spirituality and mind-body medicine, discover new perspectives on chronic illness, grief and bereavement, and other life challenges, opening pathways to healing, personal transformation, and a deeper connection with yourself and the world around you.",Spreaker,en,https://d3wo5wojvuv7l.cloudfront.net/t_rss_itunes_square_1400/images.spreaker.com/original/076bb746222a33ca00817d58f0f387d9.jpg,2026-10-02 18:23:21,8056986,confirmed,https://www.spreaker.com/podcast/your-mind-your-body-with-elena-monica--7387277,1790965401,c849662c3f83a74a544594d626cf2289,,4,0,CORPORATE
The Dropzone Podcast,Bombers Media,https://anchor.fm/s/117a98694/podcast/rss,The Official Podcast of the Sioux Lookout Bombers Jr A Hockey Club,Anchor,en-ca,https://d3t3ozftmdmh3i.cloudfront.net/staging/podcast_uploaded_nologo/46819533/46819533-1790224970838-17ad7faf4f49e.jpg,2026-10-02 18:18:01,8056978,confirmed,https://podcasters.spotify.com/pod/show/bombers-media5,1790965081,9257f21cfdddf8400ed4c9406ceb629a,6815927098.0,2,0,CORPORATE
Gunsmoke,Jacab R Singer,https://www.spreaker.com/show/7427606/episodes/feed,"Step back into the American Old West with Gunsmoke, the legendary radio drama featuring Marshal Matt Dillon and the unforgettable characters of Dodge City.<br /><br />Experience classic Western stories filled with mystery, adventure, justice, courage, and dramatic encounters from the golden age of radio. Whether you're a longtime fan or discovering Gunsmoke for the first time, this podcast brings the timeless atmosphere of the Old West back to life.<br /><br />Tune in and enjoy the classic adventures of Gunsmoke.<br /><br />#Gunsmoke #GunsmokeRadio #GunsmokePodcast #OldTimeRadio #OTR #ClassicRadio #RadioDrama #WesternDrama #ClassicWestern #WesternRadio #OldWest #AmericanWest #MattDillon #DodgeCity #VintageRadio #ClassicEntertainment #RadioShow #VintageEntertainment #Podcast #ClassicPodcast",Spreaker,en,https://d3wo5wojvuv7l.cloudfront.net/t_rss_itunes_square_1400/images.spreaker.com/original/784d7cadf761837c58998cce999d1d62.jpg,2026-10-02 18:11:30,8056973,confirmed,https://www.spreaker.com/podcast/gunsmoke--7427606,1790964690,7e49920b9859eced2006eac1abad6262,,4,0,INDIVIDUAL
Dungeons and Dragons and Dramas!,Dungeons and Dragons and Dramas,https://anchor.fm/s/105102ac4/podcast/rss,"🎙️Dungeons & Dragons & Dramas — where improv meets high-stakes fantasy, and chaos takes the stage.
Join DM Neil Newbon with cast Devora Wilde, Tom De Ville, Inel Tomlinson, and Mr. Clym in this voice-acted, theatre-fueled actual play recorded live in studio, with original music, sound design, and professional editing.
🔥 Want more episodes right now? Support the show and get early access on Patreon: patreon.com/D3Pod — just $5/month helps us keep the magic going.",Anchor,en,https://d3t3ozftmdmh3i.cloudfront.net/staging/podcast_uploaded_nologo/43699129/43699129-1747604396455-575a70a2761ab.jpg,2026-10-02 18:02:14,8056968,confirmed,https://www.Patreon.com/D3Pod,1790964134,772fe1f84bb0b3499a27a507e6c7c9c3,6817760470.0,2,0,CORPORATE
Trusting The Journey,Sheema W,https://anchor.fm/s/fc6f27bc/podcast/rss,"This podcast is a space where we’ll explore faith, inspiration, personal growth. We’ll dive into heartfelt stories, meaningful discussions, and practical tips to help you navigate life with purpose and faith.",Anchor,en-us,https://d3t3ozftmdmh3i.cloudfront.net/staging/podcast_uploaded_nologo/42251431/42251431-1729169140277-2ca92fe6f2b08.jpg,2026-10-02 17:58:34,8056964,confirmed,https://podcasters.spotify.com/pod/show/sheema-w4,1790963914,fbfc9e90f878f1ebabc5961dc065e583,6817937423.0,2,0,INDIVIDUAL
After hours,Robert Mahon,https://rss.buzzsprout.com/2649876.rss,"<p><b>After Hours</b> is a podcast hosted by Robert Mahon, built around honest conversations with the people who live, shape, and influence hospitality.</p><p>From longtime industry veterans and first-time restaurateurs to chefs, creatives, influencers, entrepreneurs, and the characters who make the industry what it is, each episode explores hospitality through a different point of view—the wins, the mistakes, the stories, and everything that happens behind the scenes.</p>",Buzzsprout,en-us,https://storage.buzzsprout.com/3bmzp21i6pak2f9if0g18alyda6z?.jpg,2026-10-02 17:56:17,8056961,confirmed,https://www.buzzsprout.com/2649876,1790963777,aca9e21996e1b57e4172d8573af45703,,4,0,INDIVIDUAL
Her County,Conor Matthews,https://anchor.fm/s/1010c3814/podcast/rss,A young scribe goes in search of a saint with an unholy past.,Anchor,en,https://d3t3ozftmdmh3i.cloudfront.net/staging/podcast_uploaded_nologo/43025453/43025453-1739208012498-a69604d4b8bad.jpg,2026-10-02 17:56:00,8056959,confirmed,https://podcasters.spotify.com/pod/show/conor-matthews,1790963760,60d435948de12de80e58c2d16da41681,,0,0,INDIVIDUAL
Tres Cuentos by Casa Literaria,Carolina Quiroga,https://anchor.fm/s/1117cf0e4/podcast/rss,"""Tres Cuentos"" is a literary podcast exploring Latin American literature, oral traditions, folklore, history, and cultural heritage through carefully selected stories from across the region.
Originally produced between 2018 and 2022, the series features 58 episodes of historical narratives, fantasy, science fiction, poetry, and traditional tales. Now presented by ""Casa Literaria"", the home of Latin American stories, ""Tres Cuentos"" continues to celebrate the voices, imagination, and memory of Latin America.
Buen provecho—and happy listening!",Anchor,en-us,https://d3t3ozftmdmh3i.cloudfront.net/staging/podcast_uploaded_nologo/45783681/45783681-1786132053806-13b5dbf9504e7.jpg,2026-10-02 17:54:32,8056957,confirmed,https://podcasters.spotify.com/pod/show/carolina-quiroga0,1790963672,07d4cafeba2e854370397aa937130879,1352098030.0,2,0,INDIVIDUAL
Aviously,Avi Lev,https://rss.buzzsprout.com/2655201.rss,"Aviously is about the work of becoming better—without pretending to have it all figured out.
Hosted by entrepreneur and CEO Avi Lev, Aviously explores the intersection of business, leadership, spirituality, recovery, relationships, and personal growth. Through honest conversations, interviews, and Torah bas reflections, Avi digs into what it means to build companies, build people, strengthen relationships, face your own struggles, and keep working on yourself along the way.
No polished answers. No pretending. Just real conversations about the things that actually matter—and the work it takes",Buzzsprout,en,https://storage.buzzsprout.com/u2lvwm2f54a6dkb8ocfrwvrpixa8?.jpg,2026-10-02 17:54:03,8056956,confirmed,https://podcasters.spotify.com/pod/show/aveeshilev3,1790963643,c54779024dd0aef78fb5f16026aba6c7,,4,0,INDIVIDUAL
The Cheer Up,The Cheer Up Podcast,https://anchor.fm/s/116b28f24/podcast/rss,"Two best friends laugh, bicker, spill tea, and yap about life in this no frills, off the walls podcast! Need some cheering up yourself? Come hang out with us!",Anchor,en,https://d3t3ozftmdmh3i.cloudfront.net/staging/podcast_uploaded_nologo/46657681/46657681-1788207190575-35b556302add1.jpg,2026-10-02 17:54:02,8056955,confirmed,https://podcasters.spotify.com/pod/show/the-cheer-up-podcast5,1790963642,afbfdf21f6a11167ce99c1840408e1e2,6812030887.0,2,0,CORPORATE
The Fox Hills Connection podcast,Fox Hills Elementary PTA,https://anchor.fm/s/117bc52b0/podcast/rss,"The Fox Hills Connection: A Fox Hills Elementary PTA podcast. Hosted by Natalie and Braden, the show brings parents, teachers, and school administrators together for warm, informal chats about everything happening in our school community. 
From school events, and district initiatives, to classroom updates and practical parent tips - we’re here to keep you informed, connected, and supported throughout the school year.
Tune in to hear from guests across our school community, stay in the loop on upcoming events, and build a stronger community together. 
Send feedback to podcast@foxhillspta.org",Anchor,en-us,https://d3t3ozftmdmh3i.cloudfront.net/staging/podcast_uploaded_nologo/46831852/46831852-1790364360509-dc5f3d5dc8ffa.jpg,2026-10-02 17:51:01,8056954,confirmed,https://podcasters.spotify.com/pod/show/fox-hills-elementary-pta,1790963461,87fb187bc51664e0a2adddea420136b5,6816740901.0,2,0,INDIVIDUAL
Dune Buggy Tour Dubai,Dune Buggy Dubai,https://anchor.fm/s/10b24bd30/podcast/rss,"A Dune Buggy Tour Dubai takes you across the stunning red dunes of Lahbab Desert. Drive your own buggy with a guide leading the way. No experience needed. Hotel pickup, safety gear, and stunning sunset views are included. It is safe, exciting, and perfect for families, couples, and solo travelers.
Book now: +971 56 452 8505 | bookings@thedunebuggydubai.ae",Anchor,en,https://d3t3ozftmdmh3i.cloudfront.net/staging/podcast_uploaded_nologo/44719244/44719244-1761994796749-fd0832065ec38.jpg,2026-10-02 17:37:47,8056945,confirmed,https://pk365game.pk/,1790962667,8d39ebcd354560e24b90c07fc1967502,,0,0,INDIVIDUAL
The Overflow Podcast,The Well Church AZ,https://anchor.fm/s/116cd1754/podcast/rss,"Welcome to The Overflow Podcast! Our heart is to help you grow deeper in your walk with Jesus, learn what it means to become a well who refreshes others, and live out your faith in everyday life. Expect meaningful conversations about Jesus and Scripture, honest discussions about following Christ, and plenty of fun along the way!",Anchor,en-us,https://d3t3ozftmdmh3i.cloudfront.net/staging/podcast_uploaded_nologo/46675069/46675069-1788415516085-c337d41e99d2f.jpg,2026-10-02 17:33:54,8056943,confirmed,https://podcasters.spotify.com/pod/show/the-overflow-podcast9,1790962434,15cbcf94523051c9e29be57ac95be577,6818017099.0,2,0,CORPORATE
Audio ingles,Gustavo Adolfo López,https://www.spreaker.com/show/7427551/episodes/feed,audio ingles,Spreaker,en,https://d3wo5wojvuv7l.cloudfront.net/images.spreaker.com/nuvolari-assets/blue_square_mic.jpg,2026-10-02 17:33:21,8056941,confirmed,https://www.spreaker.com/podcast/audio-ingles--7427551,1790962401,818b8c21eeee6971cf2653c20d6b91a5,,4,0,INDIVIDUAL
Dining in the Void,Zebulon Podcasts,https://rss.buzzsprout.com/2655193.rss,"When six alien celebrities are trapped onboard a space station, they will have to work together to survive--or die at the hands of an unknown monster. Welcome to DINING IN THE VOID.
For full credits and to check out transcripts for each episode, visit our website: https://zebulonpodcasts.wixsite.com/main/ditv
Sound Effects Courtesy of freesound.org
(Some sound effects are licensed under CC by 4.0: https://creativecommons.org/licenses/by/4.0/. Other sound effects are licensed under CC0. Some sound effects are looped but otherwise, no changes are made to any sounds.)",Buzzsprout,en,https://storage.buzzsprout.com/n55nzp5xrr88th60nqwoeyl51jj6?.jpg,2026-10-02 17:24:56,8056936,confirmed,https://rss.com/podcasts/dining-in-the-void,1790961896,1dedecb158eb8a0c7372bf5b4c87d3d5,,4,0,INDIVIDUAL
Ravenhill Rambles,Global Gainline,https://feeds.megaphone.fm/COMG8588266691,<p>Where Ulster Rugby fans talk to each other about Ulster Rugby - nothing fancy!</p>,Megaphone,en,"https://megaphone.imgix.net/podcasts/5da30108-8f4b-11f1-9813-1bcebde2129f/image/651a661de53b8f4d838d4aac3c035f00.png?ixlib=rails-4.3.1&max-w=3000&max-h=3000&fit=crop&auto=format,compress",2026-10-02 17:14:42,8056924,confirmed,,1790961282,4dc43bba91ac6c76277fdad1098ea559,6799759984.0,2,0,INDIVIDUAL
RIGHT TURN TO HEALTH - The Golden Hour: Actions That Save Lives,NODDERLY,https://feeds.captivate.fm/right-turn-to-health/,"Right Turn to Health, an initiative founded in September 2023 at Unite Camp 2030 by four individuals deeply affected by road accidents, was born out of a shared determination to drive change.  Through extensive research, we recognized the devastating impact road incidents have on lives and communities. Our mission is to develop scalable, innovative solutions that effectively reduce road accident fatalities.  With a focus on education, innovation, and healthcare, we are committed to making a measurable difference in preventing avoidable deaths and building safer roads for future generations.  - Host - Paul Ogemba",Captivate,en,https://artwork.captivate.fm/260d15ef-e6bd-46b2-9d49-8c87e8f7332f/RIGHT-TURN-TO-HEALTH-SPINNING-FINAL.png,2026-10-02 17:14:01,8056923,confirmed,https://right-turn-to-health.captivate.fm,1790961241,374496b38c2173077bed3df60a2d2ac6,,4,0,INDIVIDUAL
WALK Church,Walk Church,https://feeds.captivate.fm/walkchurchlv/,"Sermons podcast of Walk Church in Las Vegas, NV",Captivate,en,https://artwork.captivate.fm/f4ea9a3e-8435-40b7-8569-5df2a21cba1f/walkchurch.png,2026-10-02 17:11:09,8056917,confirmed,http://www.walkchurch.com,1790961069,6941126ddb350074ccd5f851655bdd30,,4,0,CORPORATE
Brother Silas,My Wisdom Tribe,https://rss.buzzsprout.com/2655185.rss,"<p>Short reflections drawn from the Orthodox monastic tradition — on prayer, stillness, humility, suffering, forgiveness, and the slow work of becoming whole.</p>",Buzzsprout,en-us,https://storage.buzzsprout.com/4udt5ri1gbguk72kwjb156g2tyf5?.jpg,2026-10-02 17:07:01,8056912,confirmed,,1790960821,b2808db48b515ebb903584eef30e0ab6,,0,0,INDIVIDUAL
Static Bros Radio,Static Bros,https://feed.podbean.com/djalexpeace/feed.xml,"Static Bros Radio B2B mixshow from Marc Stout and Alex Peace, featuring 30 minutes from each DJ packed with energetic grooves, exclusive edits, new releases and more.",Podbean,en,https://pbcdn1.podbean.com/imglogo/image-logo/22660556/SB_RADIO_October_2026_2048.png,2026-10-02 17:06:19,8056911,confirmed,https://staticbrosradio.podbean.com,1790960779,69458cd5ec19190ece8e36f70ed3338e,6817935639.0,2,0,INDIVIDUAL
Pickering Matters,Doug Cornell,https://rss.buzzsprout.com/2655059.rss,"<p>Pickering City Council has faced significant public criticism regarding municipal governance, transparency, taxpayer affordability, and high-profile internal conflict among elected officials.  This is my take.</p><p><br></p>",Buzzsprout,en-ca,https://storage.buzzsprout.com/g5y08lxt5m1s7cktdc1mkc68r0c1?.jpg,2026-10-02 17:05:35,8056910,confirmed,,1790960735,711d84bf7d9e55276bde40c9db050f8f,,4,0,INDIVIDUAL
Jan Cox Talks 2600-2699,jancoxmedia,https://anchor.fm/s/f9f3682c/podcast/rss,sourced from https://jancox.com,Anchor,en-us,https://d3t3ozftmdmh3i.cloudfront.net/staging/podcast_uploaded_nologo/41834787/41834787-1723695369876-bb2f49146be89.jpg,2026-10-02 17:04:13,8056908,confirmed,https://podcasters.spotify.com/pod/show/alantang55,1790960653,8b79c42c12aa593b6434dba0fd35affb,6817523359.0,2,0,INDIVIDUAL
Bread Bin & Cartridge,Unsupervised Overnight,https://anchor.fm/s/1169b37c0/podcast/rss,"Daily on-this-day retrospective of 1980s and 1990s home computers and games. Hosts Lee and Mark Webb pick a real date, look at the UK charts and high-street computer counters, then review a game from that day across the machines that had it — graphics, music, honest scores.",Anchor,en,https://d3t3ozftmdmh3i.cloudfront.net/staging/podcast_uploaded_nologo/46642384/46642384-1789824060973-09ecb586d2903.jpg,2026-10-02 17:01:37,8056904,confirmed,https://podcasters.spotify.com/pod/show/unsupervised-overnight,1790960497,9454e1b548fc6f310b267923c5827d75,6817889992.0,2,0,INDIVIDUAL
Queen of Wands Podcast,Robin,https://rss.buzzsprout.com/2655186.rss,"<p>Spirituality, ancient history, strange happenings and more.</p>",Buzzsprout,en-us,https://storage.buzzsprout.com/0vvnakomdu0qujedorsm41fn9a7d?.jpg,2026-10-02 17:01:04,8056903,confirmed,,1790960464,0d81c6a613fcdc05e0430ed818c4cc34,,4,0,INDIVIDUAL
Sam Says...,Samantha,https://rss.buzzsprout.com/2654786.rss,"<p>Welcome to ""Sam Says..."", where this Sam says whatever I want or need to, to get that grade!</p>",Buzzsprout,en-us,https://storage.buzzsprout.com/qkwtgwiq4wi75lvwl2p6o7jnp9dg?.jpg,2026-10-02 16:58:25,8056897,confirmed,,1790960305,a2bb090634b9917d6d1548dfb7638b86,,4,0,INDIVIDUAL
Out Of The Basement,The Southern Nerd,https://rss.buzzsprout.com/2655167.rss,"<p>Out of the Basement is a podcast about the nerdy side of people you might not expect.</p><p>We sit down with musicians, artists, creators, industry professionals and interesting people from all walks of life and get them to reveal the obsessions they usually keep in the basement.</p><p>Warhammer. Dungeons & Dragons. Magic: The Gathering. Pokémon. Star Wars. Lord of the Rings. Gaming, comics, collecting and everything in between.</p><p>It’s about discovering what people geek out over, how those passions became part of who they are, and proving that everybody has a little nerd in them.</p><p>It’s time to come Out of the Basement.</p>",Buzzsprout,en-us,https://storage.buzzsprout.com/vmc22w5swheq5uvtg72h3nixwwoz?.jpg,2026-10-02 16:54:55,8056895,confirmed,https://outofthebasement.buzzsprout.com,1790960095,852e517ee54f1ab62627eda561259709,,0,0,CORPORATE
Flayvor Sessions,Teree LeSueur,https://feeds.transistor.fm/flayvor-sessions,"<p>Flayvor Sessions is a podcast about understanding food beyond the recipe. Each episode explores how flavor, culture, memory, technique, and everyday experience shape the way we cook and eat. From ingredient behavior and cooking science to cravings, food identity, caregiving, and cultural foodways, Flayvor Sessions helps listeners become more curious, confident, and intentional in the kitchen.</p>",Transistor,en,https://img.transistorcdn.com/VbKe4ycg6jSDja0G_7Nk7-TP5iimoHoHGPQC9nPl8UQ/rs:fill:0:0:1/w:1400/h:1400/q:60/mb:500000/aHR0cHM6Ly9pbWct/dXBsb2FkLXByb2R1/Y3Rpb24udHJhbnNp/c3Rvci5mbS9lMmY2/YTlmYjQxNjEwMzky/ZTQwNzlmZDAyNWEw/NmVkMS5wbmc.jpg,2026-10-02 16:50:58,8056894,confirmed,https://flayvorsessions.podbean.com,1790959858,7c399b207c9bf1417e6168623f57e76b,,4,0,INDIVIDUAL
So Today We...,Katie Ellis & Meagen Fowler,https://rss.buzzsprout.com/2654781.rss,"<p><b>So Today We…</b> is two millennial moms navigating life after corporate America and figuring out what comes next—mostly as we go.</p><p><br></p><p>We’re talking motherhood, reinvention, current events, true crime, pop culture, questionable new adventures, and whatever random rabbit hole takes over our week.</p><p><br></p><p>Expect honest conversations, lots of laughs, strong opinions, occasional oversharing, and absolutely no pretending we have it all figured out.</p><p><br></p><p>We don’t have a niche. We barely have a plan.</p><p><br></p><p><b>So today we…talk about it.</b></p>",Buzzsprout,en-us,https://storage.buzzsprout.com/vpd7j4psmse53tkz4t5kgozdq08k?.jpg,2026-10-02 16:48:03,8056890,confirmed,,1790959683,99625fb88dc268008d879506ef2b02cf,,0,0,CORPORATE
Beyond Believers,Allegra Ringo,https://feeds.captivate.fm/beyond-believers/,"Allegra and Sofia Ringo recap episodes of Beyond Belief: Fact or Fiction, the classic show from the 90s and 2000s that presented 5 spooky stories each episode and asked viewers to guess which ones were fact and which were fiction. They also compete (to the death) to see which person can correctly guess the most facts or fictions each season. ",Captivate,en,https://cdn.captivate.fm/placeholder/default-artwork.jpg,2026-10-02 16:41:18,8056882,confirmed,https://instagram.com/beyondbelieversss,1790959278,4d6e68c27f8a8bd7be46ef0abd8ea229,,4,0,INDIVIDUAL
The Maviez: Movies From A-Z,MJMX,https://anchor.fm/s/f5f96ca8/podcast/rss,"Welcome to The Maviez, the podcast where your two hosts Alex and Mitch talk about anything and everything in the world of cinema, from the good, to the bad, to even worse, to just plain ugly. Enjoy!",Anchor,en,https://d3t3ozftmdmh3i.cloudfront.net/staging/podcast_uploaded_nologo/41167642/41167642-1738166037074-737a3015faa9e.jpg,2026-10-02 16:40:09,8056881,confirmed,https://podcasters.spotify.com/pod/show/mjmx,1790959209,a21ff74c02e19997cb01ee07b29a3455,1793371897.0,2,0,CORPORATE
More Than Meets These Guys: A Transformers Podcast,Pickaxe,https://feeds.megaphone.fm/NSR5564077666,<p>This is the journey of a group of friends who are going back at to the properties that gave us joy in our younger years to se how they hold up. We guys (and occasionally maybe a gal) will be going through each episode and looking at it with adult eyes to see if it holds up or if it is an odd nostalgia trap. Pod Art by C E Hooper https://discord.gg/2eAwaDR8</p>,Megaphone,en,"https://megaphone.imgix.net/podcasts/08a16ef4-bced-11f1-ae4f-4f201aee818e/image/19bb45534267bde569d80cedfaed04aa.png?ixlib=rails-4.3.1&max-w=3000&max-h=3000&fit=crop&auto=format,compress",2026-10-02 16:39:31,8056879,confirmed,,1790959171,d69d4358f005d86a1277cf890d889c28,1647438952.0,2,0,INDIVIDUAL
The Cryptid Crew,thecryptidcrewpodcast,https://anchor.fm/s/10d7a4848/podcast/rss,"Join Us As We Dive into Bigfoot, UFO Encounters, Mothman, Mysteries, and More.
We interview witnesses that have had Incredible Sometimes Unexplainable Experiences! 
We talk to Veteran Field Investigators, Authors, Writers, and Researchers that take you on their journey. Hope you enjoy and God Bless!
Share Your Encounter Link 👇:
https://linktr.ee/The_Cryptid_Crew_Podcast
Instagram Link 👇:
https://www.instagram.com/thecryptidcrewpodcast?igsh=MWlja2pmczd6N21pNA==
YouTube Channel Link 👇:
https://youtube.com/@thecryptidcrew?si=jBpEGSsZtpv5g9mQ",Anchor,en,https://d3t3ozftmdmh3i.cloudfront.net/staging/podcast_uploaded_nologo/45110850/45110850-1780670096310-2c1e0825fd22a.jpg,2026-10-02 16:37:42,8056877,confirmed,https://riverside.com,1790959062,1108d6b86fb2ed8fb0216520aaedd683,1855194921.0,2,0,CORPORATE
The Nest Network,Sawyer Spagnoli and Justin Tabor,https://feeds.transistor.fm/the-nest-network,"Welcome to The Nest Network, your ultimate home for everything South Hunterdon Regional High School Football Hosted by Justin and Sawyer, we are bringing you inside the nest with exclusive weekly interviews featuring the Eagles star players and coaches. From breakdown strategies to locker room stories and game-day recaps, Subscribe now and fly high with the Eagles all season long!",Transistor,en,https://img.transistorcdn.com/IUO7JSYwzbmukXu_xbY2x2nbY9weOy15jhlzJogeSko/rs:fill:0:0:1/w:1400/h:1400/q:60/mb:500000/aHR0cHM6Ly9pbWct/dXBsb2FkLXByb2R1/Y3Rpb24udHJhbnNp/c3Rvci5mbS82MzI5/OTQyMTY2YzczMjdj/M2QyZDRkMWVmYmFk/ZTExMS5wbmc.jpg,2026-10-02 16:34:37,8056875,confirmed,,1790958877,de1f63cfaa42f17eda9567fee0f2e574,,4,0,CORPORATE
Authentic Choices Insights for vertical growth,Laurent Vuibert,https://feeds.transistor.fm/authentic-choices-insights-for-vertical-growth,"A small shift in perspective makes a world of difference. This sound space has been created to serve our clients as an extension of our coaching and supervision work together. Here, we learn, appreciate, and demystify the craft and impact of effective developmental coaching for leaders and coaches alike. Our passion for the quest of being human unites us to dive into big and small topics.

To continue the conversation visit us at https://authenticchoices.co",Transistor,en,https://img.transistorcdn.com/4g44rAoiV0g0G5a4AmbtVfePQhZkwIqdHVmjZVwnzEM/rs:fill:0:0:1/w:1400/h:1400/q:60/mb:500000/aHR0cHM6Ly9pbWct/dXBsb2FkLXByb2R1/Y3Rpb24udHJhbnNp/c3Rvci5mbS9jN2Vk/YWI2ZGVkNTgzMjA4/NzFlNWQ2NjZkYjY2/MzA4MC5qcGc.jpg,2026-10-02 16:21:41,8056861,confirmed,https://authenticchoices.co,1790958101,dbe59016ef322b87e4d71a59a3554d02,,4,0,INDIVIDUAL
The Clarksville Keys Podcast,Travis Egan,https://anchor.fm/s/116de85d4/podcast/rss,"The Clarksville Keys Podcast takes you inside the people, places, and stories that make Clarksville, Tennessee, home. Hosted by Travis Egan, VA Mortgage Vet, the show features conversations with local Realtors, business owners, and community leaders who know Clarksville and the Fort Campbell area firsthand. From real estate and PCSing to Fort Campbell to local businesses, restaurants, and hidden gems, each episode helps you Crack the Code to Clarksville Living!",Anchor,en-us,https://d3t3ozftmdmh3i.cloudfront.net/staging/podcast_uploaded_nologo/46686493/46686493-1788547602521-e110bfcda2611.jpg,2026-10-02 16:15:34,8056860,confirmed,https://podcasters.spotify.com/pod/show/travis-egan09,1790957734,27fe1b71091d3a2ca6ad80e58ecc1123,6812388897.0,2,0,INDIVIDUAL
CNY's Community Connection,Prevention Network,https://rss.buzzsprout.com/1957559.rss,"<p>For over 75 years, Prevention Network has served as a<br>trusted source for substance misuse prevention, education,<br>and support services in Central New York. What began as a<br>community-focused coalition has grown into a leading agency<br>delivering evidence-based programs that change lives,<br>empower families, and build healthier communities. Rooted<br>in public health we provide prevention strategies that are<br>proactive, inclusive, and grounded in research. Whether it’s<br>through youth empowerment, overdose prevention,<br>parenting support, or recovery resources, we are here to<br>strengthen every thread of the community fabric.</p>",Buzzsprout,en-us,https://storage.buzzsprout.com/sjlk76xvg8il76jg21271lz9f0qf?.jpg,2026-10-02 16:08:39,8056856,confirmed,https://podcast.preventionnetworkcny.org,1790957319,b21cb3f53ecf88a888aab67cd143b5f8,,4,0,CORPORATE
Redefined podcast,Ejiro John,https://anchor.fm/s/116e55dc8/podcast/rss,"REDEFINED Podcast explores how we can rethink the beliefs, experiences, and expectations that shape the way we live.
Through honest conversations with people from different walks of life, we look at what it means to redefine success, relationships, career, personal growth, healing, and the stories we tell ourselves. Each episode offers a fresh perspective and practical insight to help you understand who you are, make intentional choices, and have a happier, more fulfilling life.
Because redefining your life begins with seeing it—and yourself—differently.",Anchor,en-us,https://d3t3ozftmdmh3i.cloudfront.net/staging/podcast_uploaded_nologo/46690978/46690978-1788609539548-d17a830e20e99.jpg,2026-10-02 16:07:33,8056854,confirmed,https://podcasters.spotify.com/pod/show/john-ejiro1,1790957253,30b3f13b080e566fd9d5178dbe821255,6809131292.0,2,0,INDIVIDUAL
Wolves Collective,"Creator Collective, HMA",https://feeds.simplecast.com/6qKsHC_Q,"Welcome to Wolves Collective — a weekly Minnesota Timberwolves roundtable featuring Timberwolves analyst and host of The Dane Moore NBA Podcast Dane Moore, The Athletic senior writer Jon Krawczynski, and KFAN personality Justin Gaard. Moore has covered the Wolves extensively through his long-running NBA podcast, Krawczynski covers the Timberwolves and NBA for The Athletic, and Gaard is a longtime Minnesota sports radio voice on KFAN. 
We go live every week with sharp analysis, insider perspective, X’s-and-O’s talk, and honest conversations about all things Timberwolves — from game breakdowns and player development to trades, roster building, coaching decisions, and the playoff picture.
Subscribe to Wolves Collective for new episodes every week, and make sure to follow the whole squad here:
Dane Moore: https://x.com/DaneMooreNBA
Jon Krawczynski: https://x.com/JonKrawczynski
Justin Gaard: https://x.com/GaardianOfTheFan
Business - sports@hma.co
Mustafa Formuli
Associate Producer | HMA
310.695.0586 Mobile",Simplecast,en,https://image.simplecastcdn.com/images/57c2748d-ce88-4bcd-996a-24390895a467/aa289294-651b-447d-8c15-504cb5924a22/3000x3000/cropped-1790722438516.jpg?aid=rss_feed,2026-10-02 16:04:14,8056851,confirmed,https://wolves-collective.simplecast.com,1790957054,e04f11e01e12011601c04ffd5e4a0eff,6818337431.0,2,0,CORPORATE
Savannah in Savannah,Savannah Young,https://anchor.fm/s/117280e0c/podcast/rss,"Yes, that's really my name. I have lived in Savannah long enough to know that the hostess city's best stories belong to the people who live here, not the tour guides. I spent twelve years interviewing strangers for a living. As it turns out, the people down the street had better stories.
Every episode is a conversation with a Savannahian, a neighbor: how they ended up in Savannah and what they know about the city that realtors will never tell you. Families, friends, and neighbors who've been on the same block for forty years but never really met.
Sponsor us: savannahespivey@gmail.com",Anchor,en-us,https://d3t3ozftmdmh3i.cloudfront.net/staging/podcast_uploaded_nologo/46734683/46734683-1789870800147-094bf28f9d47c.jpg,2026-10-02 16:01:08,8056848,confirmed,https://podcasters.spotify.com/pod/show/savannah-spivey-young7,1790956868,e57a9d0f2e4cf5045a9ade24b0511c3c,6816298373.0,2,0,INDIVIDUAL
"Faith, Family & Real Estate",Tim & Myra Strecker,https://rss.buzzsprout.com/2654309.rss,"<p>We’re Tim and Myra Strecker. Welcome to Faith, Family & Real Estate.<br><br>We’ve been married 35 years, spent decades building a life in the Arkansas River Valley, raised a family, owned businesses, and now work together as real estate agents.<br><br>Along the way, we’ve learned that a house and a home aren’t always the same.<br><br>This channel is about more than buying and selling real estate. It’s about real people, real conversations, and life.<br><br>Faith is important to who we are. Family is at the center of our lives. Real estate is the business we’re blessed to build together.<br><br>We’ll sit down with pastors, leaders, families, friends, and people with stories worth hearing. Sometimes we’ll talk real estate. Sometimes faith. Sometimes family. And sometimes we may sit down with somebody and have a conversation about real experiences that shape who we become.<br><br>Our goal: Faith first. Family always. Helping people.<br><br>Subscribe, join the conversation, and come with us.<br><br>This is Faith, Family & Real Estate.</p>",Buzzsprout,en-us,https://storage.buzzsprout.com/cmxs3psatl5wwfhscrpk3lct8tnt?.jpg,2026-10-02 15:49:18,8056834,confirmed,https://www.buzzsprout.com/2654309,1790956158,7ed90d863141853c0346f278093abe51,6818569928.0,0,0,CORPORATE
Let's Talk Fraud and Scams,Canadian Foundation for Economic Education,https://anchor.fm/s/117fac824/podcast/rss,"Fraud can affect more than your finances. It can shake your confidence, your trust in others, and your sense of security.
Let’s Talk Fraud and Scams, from the Canadian Foundation for Economic Education (CFEE), brings together real stories and expert voices to explore how scams work, what happens when someone is targeted, and where people can turn for support.
Through conversations with people who have experienced fraud, lawyers, financial industry professionals, community organizers, mental health experts, and the Canadian Anti-Fraud Centre, we look beyond the financial loss to understand th",Anchor,en,https://d3t3ozftmdmh3i.cloudfront.net/staging/podcast_uploaded_nologo/46872785/46872785-1790862521419-0132349228d87.jpg,2026-10-02 15:45:27,8056829,confirmed,https://podcasters.spotify.com/pod/show/chad-izatt6,1790955927,5f8cdfcbeaf8eb027aa6c5f3210cb87b,6818186948.0,2,0,CORPORATE
Nun the Wiser,Sr. Liz Dodd & Tom Baptist,https://anchor.fm/s/116c0bf2c/podcast/rss,"Practical spirituality for everyday life. Join Sr. Liz Dodd and Lay Chaplain Tom Baptist, for a weekly podcast that explores what faith can look like when it's lived in real life.",Anchor,en-gb,https://d3t3ozftmdmh3i.cloudfront.net/staging/podcast_uploaded_nologo/46666979/46666979-1788336818043-7c8d9c75d9ff.jpg,2026-10-02 15:40:38,8056822,confirmed,https://podcasters.spotify.com/pod/show/tom-baptist6,1790955638,84ffaf5bdbf83e171d23eefd07398a78,6818121956.0,2,0,CORPORATE
Dr Nana Talks Faith,Tricia Scribner,https://anchor.fm/s/117df484c/podcast/rss,Equipping Christians to think through the reasons we believe Christianity is true.,Anchor,en-us,https://d3t3ozftmdmh3i.cloudfront.net/staging/podcast_uploaded_nologo/46854763/46854763-1790642762827-2ab982574ef44.jpg,2026-10-02 15:37:27,8056818,confirmed,https://drnanatalksfaith.com,1790955447,4166e2eb61567931b94373502ca2af1b,6817760135.0,2,0,INDIVIDUAL
All Roads Lead To Consent,Joycelyn Ghansah,https://feeds.acast.com/public/shows/6aa9bc075d36baebf1c48796,"<p>When you think of consent, do you only associate it with sexual or intimate settings, or do you consider it an everyday concept? </p><p>Join me as I discuss boundaries, language, and the importance of open communication in any relationship. Every episode, we step off the bus with the most experienced minds in consent research, from researchers, activists, clinicians, and educators to everyday individuals navigating the world with consent in mind.</p><br><p>We go beyond society’s ideas of consent. Opening with the question: ‘What is consent, and how does it look when we go beyond the bedroom?’</p><p>From sexual health to grief and burnout, consent is an everyday concept with an even deeper dialogue.</p><hr><p style='color:grey; font-size:0.75em;'> Hosted on Acast. See <a style='color:grey;' target='_blank' rel='noopener noreferrer' href='https://acast.com/privacy'>acast.com/privacy</a> for more information.</p>",Acast,en,https://assets.pippa.io/shows/6aa9bc075d36baebf1c48796/1790294276801-487b27e6-eb8a-47a6-a570-5d2fe958473e.jpeg,2026-10-02 15:31:30,8056811,confirmed,https://authory.com/JoycelynGhansah,1790955090,3afeadc7470a8609097734302d5819a1,6815886644.0,2,0,INDIVIDUAL
Life Between the lows,Life Between The Lows,https://rss.buzzsprout.com/2655139.rss,"Life Between the Lows is a podcast hosted by us! Sarah & Sarah - two mums raising daughters with Type 1 diabetes. Together, we explore the challenges, triumphs, worries, and unexpected moments of joy that come with parenting a child with T1D.
Through honest conversations, shared experiences, and stories from our community, we're building a place where no parent has to feel alone on this journey.
Because life with Type 1 isn't just about numbers—it's about everything that happens in between. 💙",Buzzsprout,en-gb,https://storage.buzzsprout.com/khmtpn9djom1n8zaoqb0uycbybff?.jpg,2026-10-02 15:23:15,8056803,confirmed,https://podcasters.spotify.com/pod/show/life-between-the-lows4,1790954595,c4200b4488afdfd5b23bc1d45d7af491,,4,0,INDIVIDUAL
Overheard In The Emergency Room,Dr Adrian Cois MD,https://feeds.captivate.fm/overheard-in-the-er/,"An emergency physician steps out of the resuscitation bay to talk about what really keeps you out of it. 
Each episode breaks down food, movement, sleep, stress, and the systems around us into clear, practical steps for living a longer and better life. 
No shame, no biohacking gimmicks - just evidence, stories from the ER, and habits you can actually stick with.",Captivate,en,https://artwork.captivate.fm/17a83817-0be6-4b99-8179-5b16f7db73f2/44994947-1770503657930-c556a96ef8bf.jpg,2026-10-02 15:23:09,8056802,confirmed,https://drcois.com,1790954589,091d6e79616325d6d883ee1623225d43,,4,0,INDIVIDUAL
The Fore Real Golf Show Pod,forerealgolfshow,https://feed.podbean.com/forerealgolfshow/feed.xml,"<p>One hack- Host Steven Beck. Joins the owner of Fore Real 24, a luxury indoor golf facility, Clay Jordan, and an instructor from the Robert Linville Precision Golf School, Katie Williamson. Talking the game of golf -- The latest golf news, PGA Tour stories, swing myths, equipment upgrades, and more</p>",Podbean,en,https://pbcdn1.podbean.com/imglogo/image-logo/22656009/ChatGPT_Image_Aug_30_2026_11_38_41_AM6ed8a.png,2026-10-02 15:15:16,8056798,confirmed,https://forerealgolfshow.podbean.com,1790954116,4cea7bde34413777be4507bdcb266f2a,6815352320.0,2,0,INDIVIDUAL
I Dreamed a Dream…Then Checked My Email,"Adam Hill (LCSW), Emily Goldberg, Neil Stratman",https://anchor.fm/s/117b9a2cc/podcast/rss,"‘I Dreamed a Dream…Then Checked My Email’ is a podcast exploring the intersection of mental health and the performing arts through honest conversations, personal stories, and professional perspectives. 
Hosts Adam Hill (psychotherapist/LCSW) and Emily Goldberg (performer & mental health enthusiast) chat with creative guests about the highs, lows, unexpected turns, and deeply personal experiences that shape a life in the industry. 
At its heart, this show is about helping people feel less alone on their artistic journeys. Whether you're a seasoned professional, an aspiring artist, a therapist, a mental health fan, or someone just figuring out what comes next, there's a seat on the couch for you.       
This podcast contains occasional strong language and candid conversations. While one of our co-hosts is a licensed psychotherapist, this is not a substitute for professional mental health care.",Anchor,en-us,https://d3t3ozftmdmh3i.cloudfront.net/staging/podcast_uploaded_nologo/46830091/46830091-1790702793906-bff26b531d0ce.jpg,2026-10-02 15:13:04,8056796,confirmed,https://podcasters.spotify.com/pod/show/dreamed-a-dream,1790953984,cd6c67653162ba0480822b176ef94299,6816468730.0,2,0,CORPORATE
"The Crew | Cruise Guides, Tips & Expert Interviews",thecrewparamountcruises,https://feed.podbean.com/thecrewparamountcruises/feed.xml,"The Crew | Cruise Guides, Tips & Expert Interviews",Podbean,en,https://pbcdn1.podbean.com/imglogo/image-logo/22676236/The_Crew_by_Paramount_Cruises_1_7mx94.jpg,2026-10-02 15:12:36,8056795,confirmed,https://www.paramountcruises.com/the-crew,1790953956,720d830cf3796450ac7ad8cf84a1f4c5,6818242846.0,2,0,CORPORATE
St George's Wilton,St George's Church Wilton,https://anchor.fm/s/11759f188/podcast/rss,"More than Sunday. 
More ways to go deeper.
STG+ is the podcast home of St George’s Church, Wilton, Taunton.
From our Extra Slice conversations and Sunday teaching to interviews, reflections and special events, STG+ is a place to explore faith, dig a little deeper into the Bible and discover what following Jesus looks like in everyday life.
Whether you’re part of St George’s, exploring faith, or simply curious — you’re very welcome here.",Anchor,en-gb,https://d3t3ozftmdmh3i.cloudfront.net/staging/podcast_uploaded_nologo/46767378/46767378-1789589676437-bae1782b986c7.jpg,2026-10-02 15:12:05,8056793,confirmed,https://podcasters.spotify.com/pod/show/st-georges-church-wilton1,1790953925,74771e08795240155eaa7f755fbc0ede,6817734927.0,2,0,CORPORATE
Final Cuts,Matthew Jackson,https://feeds.redcircle.com/fd1a282d-c9ad-453d-92e1-7bb0d120e499,"You're stranded on a desert island. You can only bring three horror movies. What are you taking, and why?
Join host Matthew Jackson as he interviews experts and enthusiasts from around the horror and film worlds to get their desert island horror movie picks. This is Final Cuts.",Spotify for Podcasters,en-US,https://media.redcircle.com/images/2026/9/29/4/92a23e76-322a-45ba-9164-605689910bb6_final-cuts.jpg,2026-10-02 15:04:55,8056785,confirmed,https://redcircle.com/shows/final-cuts,1790953495,dda34ce1e622427b2af8d8861da9808b,6817204675.0,2,0,INDIVIDUAL
The Kevin Ebel Podcast,podcaster,https://anchor.fm/s/11803721c/podcast/rss,"Hi, I’m Kevin Ebel. Welcome to my podcast, where I share my thoughts, experiences, stories, and the things I’m interested in. Follow along and join me for new conversations and episodes.",Anchor,en,https://d3t3ozftmdmh3i.cloudfront.net/staging/podcast_uploaded_nologo/46878463/46878463-1790929175142-37b361fe22a9a.jpg,2026-10-02 15:03:11,8056782,confirmed,https://podcasters.spotify.com/pod/show/podcaster664,1790953391,fde5256838329ee57bf0e4a530ec34f6,,0,0,INDIVIDUAL
The Safety Corner With Desmond King,Desmond King,https://anchor.fm/s/117eb83f0/podcast/rss,"The Safety Corner with Desmond King brings you inside the game—and into life after the lights. The former Iowa Hawkeye and NFL defensive back shares his perspective on Iowa football, the NFL, and what happens when the uniform comes off. From the pressure of covering a receiver alone to finding identity and purpose beyond athletics, Desmond talks football, family, business, and figuring out what’s next. Honest conversations, personal stories, and a competitor’s perspective on navigating life’s next chapter. Part of the 3 Beards Media network.
One man. One mic. One corner.",Anchor,en-us,https://d3t3ozftmdmh3i.cloudfront.net/staging/podcast_uploaded_nologo/46862780/46862780-1790739755865-70f873f7ba34b.jpg,2026-10-02 15:01:33,8056780,confirmed,https://podcasters.spotify.com/pod/show/old-man-strength41,1790953293,6eba18987f79089a71c9e6ad72c8397f,6817860268.0,2,0,INDIVIDUAL
Emmaiden,Emmaiden,https://feeds.megaphone.fm/LGGIG2316725906,"<p>Your fandom-obsessed internet bestie. Emmaiden makes chaotic commentary on fandoms, fictional characters, memes and pop culture, with an extra love for the Harry Potter fandom: deleted scenes, movie details, viral TikToks and quizzes. No gatekeeping, just chaos and fun.</p>",Megaphone,en,"https://megaphone.imgix.net/podcasts/c8072b04-bcf1-11f1-be5b-bb83b7808497/image/cc6b33f0423f8cc1e10bebbd82cf0a4c.jpg?ixlib=rails-4.3.1&max-w=3000&max-h=3000&fit=crop&auto=format,compress",2026-10-02 14:59:19,8056777,confirmed,https://digitalfoxtalent.com/brands/creators/emmaiden,1790953159,575776ef32c8453a5368b8fddd683bd4,6817907627.0,2,0,INDIVIDUAL
INSIGHT,Dudley Anderson,https://rss.buzzsprout.com/449944.rss,"INSIGHT is a half-hour ad-lib chat show where Dudley Anderson talks with acclaimed Bible teachers about topics from the Word of God.
GETTING INTO THE WORD OF GOD AND GETTING THE WORD OF GOD INTO YOU!
A Sure Reality production
surereality.net
………………………….
PARTNER WITH US VISIT
surereality.net/become-a-vision-partner/",Buzzsprout,en,https://storage.buzzsprout.com/sgzj2x00rwqvzolmlorbd87edkuq?.jpg,2026-10-02 14:54:53,8056775,confirmed,http://surereality.net,1790952893,42aa40fb1ae51721247cbb4e8a355561,,4,0,CORPORATE
Expressions,Leeah Marie,https://anchor.fm/s/fc0b5f34/podcast/rss,"Hi y'all! Great to meet you—I'm Leeah Marie, a self-proclaimed storyteller OBSESSED with what makes culture tick.
In this series, I’m sitting down with people at the heart of cultural expression—those shaping art, language, community, storytelling, and beyond—to explore what builds and celebrates our shared humanity. Join me and learn from the creators and curators of culture each and every one of us has the capacity to be.",Anchor,en-us,https://d3t3ozftmdmh3i.cloudfront.net/staging/podcast_uploaded_nologo/42186037/42186037-1731460356609-445487091b428.jpg,2026-10-02 14:51:23,8056773,confirmed,https://podcasters.spotify.com/pod/show/leeahderenoncourt,1790952683,082494d9d8e76ba638d9534f335dd477,6785341776.0,2,0,INDIVIDUAL
Gods Got This Family Edition,ggtfamilyedition,https://feed.podbean.com/ggtfamilyedition/feed.xml,"<p>God's Got This... Family Edition is a podcast for anyone who's ever wondered where God is in the middle of their story. Hosts Brian and Brittni Raff open up about their own journey through infertility and adoption, then invite families, experts, and everyday people to share theirs — infertility, adoption, foster care, single parenting, birth moms, and every shape family can take. Each episode pairs real, honest conversation with Scripture and hope, landing on one truth every time: no matter what season you're in, it's not too late for God in your story. God's Got This. Family Edition — safe for everyone.</p>",Podbean,en,https://pbcdn1.podbean.com/imglogo/image-logo/22540727/GGT_Family_Edition_Cover_2048.jpg,2026-10-02 14:49:59,8056770,confirmed,https://ggtfamilyedition.podbean.com,1790952599,1b169d89115b776906da1b81a8880149,6817479732.0,2,0,INDIVIDUAL
Legacy Discussions,Legacy Church Forest,https://anchor.fm/s/116357f84/podcast/rss,"Legacy Discussions is a podcast from Legacy Church in Forest, Virginia, exploring faith, family, culture, leadership, prayer, worship, and what it means to follow Jesus in everyday life. Through honest conversations with pastors, leaders, families, and friends, we ask meaningful questions, share real stories, and pursue biblical truth together. Our hope is to help you live faithfully today and build a legacy of faith that lasts for generations.",Anchor,en,https://d3t3ozftmdmh3i.cloudfront.net/staging/podcast_uploaded_nologo/46575721/46575721-1789063266992-50fca124f3885.jpg,2026-10-02 14:48:41,8056767,confirmed,https://podcasters.spotify.com/pod/show/legacy-church-forest3,1790952521,7319c3bd2e8abdc3b69fd37e819e221d,6816203588.0,2,0,CORPORATE
Building a Legacy of Generational Health,Tazim Salehani,https://anchor.fm/s/117f3b660/podcast/rss,"As a society, we are fixated on building generational wealth. But what if we put the same intention into building generational health? Generational wealth can create opportunity. Generational health helps our families thrive within it. Join Tazim Salehani, mental health strategist and founder of 360 to 180, for honest conversations about what we pass down beyond assets: our emotional patterns, relationships, values, and ways of navigating life. Discover how to strengthen family wellbeing, change unhealthy patterns, and build a legacy that helps future generations thrive.",Anchor,en-us,https://d3t3ozftmdmh3i.cloudfront.net/staging/podcast_uploaded_nologo/46868152/46868152-1790800348172-1242751019f31.jpg,2026-10-02 14:48:39,8056766,confirmed,https://podcasters.spotify.com/pod/show/1263948113,1790952519,18f44b248d3d9a1268ac28ed25179f55,6817921831.0,2,0,INDIVIDUAL
Lost Hills,Pushkin Industries,https://www.omnycontent.com/d/playlist/e73c998e-6e60-432f-8610-ae210140c5b1/21bd98b3-8cc6-4565-a21e-b4c9014d00dd/04897743-92ff-422f-9fed-b4c9014d05a3/podcast.rss,"Lost Hills investigates the dark side of Malibu, California. Beneath a seductive facade, this city of billionaires, celebrities, and surf bums is hiding something menacing. Season 4: On September 16, 2009, 24-year-old Mitrice Richardson was arrested by the Los Angeles County Sheriff’s Department for failing to pay her bill at a restaurant in Malibu, CA. After being released from Lost Hills Station shortly after midnight, she disappeared. Eleven months later, her naked, skeletal remains were discovered in a canyon some six miles away. For nearly 15 years, the Los Angeles County Sheriff’s Department, Mitrice’s friends and family, and generations of internet sleuths have tried to crack the case. To this day, her death remains an unsolved mystery. The truth lies in the remote Malibu community where Mitrice was last seen. And now, finally, people are starting to talk. 
Season 3: There’s an evil undercurrent that runs through the surf world, and it all leads back to the Dark Prince of Malibu: Miki Dora. A surfer who ruled Malibu from the 1950s to the 1970s, he was also a con man and led the FBI on a 7-year manhunt around the world. To many people, Miki is a hero. But there’s darkness in the legacy he left behind.
Season 2: In January 1981, Verna Johnson-Roehler and her young son, Doug, drowned while boating thirty miles off the coast of Malibu. Verna’s husband, Fred Roehler, was the sole survivor and only witness. Initially, the deaths were ruled accidental. But a phone call from a Malibu neighbor changed everything. Was Fred a monster, masquerading as the perfect Malibu dad? Or was an innocent man convicted by his gossiping neighbors? 
Season 1: After Tristan Beaudette’s murder, other victims come forward telling similar tales. . . of a sniper in Malibu who has been shooting at campers and at moving cars for the past 18 months. Always in the dark of night, at 4AM. The cops say they can’t connect the crimes, but then they arrest a drifter: 42-year-old Anthony Rauda, who lives under a tarp behind the Lost Hills Sheriff’s Station. Is he the killer, or a scapegoat? Hosted by Dana Goodyear (The New Yorker) and produced by Western Sound and Pushkin Industries. Show artwork copyright Francesca Gabbiani.",Megaphone,en-US,https://www.omnycontent.com/d/playlist/e73c998e-6e60-432f-8610-ae210140c5b1/21bd98b3-8cc6-4565-a21e-b4c9014d00dd/04897743-92ff-422f-9fed-b4c9014d05a3/image.jpg?t=1790355467&size=Large,2026-10-02 14:46:53,8056765,confirmed,https://www.pushkin.fm/podcasts,1790952413,125357603661e1bd20ad4bcc0cf9feee,6818258534.0,2,0,INDIVIDUAL
Guided : The Courage to Listen and Act,Amanda Goolsby and Ali Katz,https://rss.libsyn.com/shows/471537/destinations/3994422.xml,"There are moments in life when you are faced with a choice point, a decision to make, a direction to go. How do you choose? 
Listen to the Guided podcast for real life conversations that will inspire you to connect to your divine guidance, intuition, and inner knowing so you can take action to create the life you desire (even when it feels hard). Tune in each week for a solo episode, a conversation with Ali Katz and Amanda Goolsby or listen in on an interview with other leaders who have figured out how to live a Guided life.",Libsyn,en-us,https://static.libsyn.com/p/assets/3/4/0/c/340c13fba59f7b26e5bbc093207a2619/Guided_Main_Podcast_Artwork_-_2.png,2026-10-02 14:46:26,8056764,confirmed,https://sites.libsyn.com/471537,1790952386,3a1d121abd2c67758aa9937713231da4,1688088126.0,2,0,CORPORATE
Beyond the Post,Meagann,https://rss.buzzsprout.com/2655152.rss,<p>A podcast for church leaders to learn to utilize social media platforms to connect with Young Adults and bring them into community and the local church.</p>,Buzzsprout,en-us,https://storage.buzzsprout.com/kelsrrph6zxfhqr5bsfannlbduzb?.jpg,2026-10-02 14:40:07,8056758,confirmed,,1790952007,719921e4f68040225e76d6859e6bd27e,,4,0,INDIVIDUAL
Traditional Wrestling Radio,soobakmu2,https://feed.podbean.com/soobakmu2/feed.xml,"<p><strong>Traditional Wrestling Radio</strong> is a global media platform covering traditional wrestling, cultural heritage, international events, research, and traditional physical culture from around the world.</p>",Podbean,en,https://pbcdn1.podbean.com/imglogo/image-logo/22599772/bg30l.jpg,2026-10-02 14:32:07,8056751,confirmed,https://soobakmu2.podbean.com,1790951527,45af98d5f535a1c710a17c889cff03c5,6807109570.0,2,0,INDIVIDUAL
Founder Stories,Kal,https://rss.buzzsprout.com/2648022.rss,"<p>Founder Stories takes you behind the scenes with local founders, business leaders and innovators shaping companies that represent a global footprint.</p><p><br></p><p>Presented by Startup Westport, each episode is an open and honest conversation about what it really takes to build, lead and grow a business, whether it’s an emerging startup, a family business, or a national brand. Guests share the big decisions, unexpected challenges, turning points and lessons that have shaped their journeys.</p><p><br></p><p>Whether you’re building something of your own, leading a team or simply curious about the people and stories behind successful businesses, Founder Stories invites you to listen, learn and feel more connected to the builders in our community.</p>",Buzzsprout,en-us,https://storage.buzzsprout.com/78s0y1pfwl4zzxj6cxgyn9z3gdl8?.jpg,2026-10-02 14:27:30,8056748,confirmed,https://www.startupwestport.org/founders-stories,1790951250,dbdbb937c26fef13438f8ac0f6eb691f,,0,0,INDIVIDUAL
Pathium,Pathium family,https://anchor.fm/s/9c4b9410/podcast/rss,"Wanna share your thoughts? Wanna learn more? Wanna have fun? Join the Pathium family where we learn from you and you learn from us 
Disc server link: https://discord.gg/a7WS7uBj",Anchor,en,https://d3t3ozftmdmh3i.cloudfront.net/production/podcast_uploaded_nologo/26121988/26121988-1654279406076-103b899ad87ff.jpg,2026-10-02 14:21:50,8056744,confirmed,https://podcasters.spotify.com/pod/show/pathium,1790950910,533ca26e56412c23a3173a3a5dbd0824,1627776009.0,2,0,INDIVIDUAL
Our Thoughts Podcast,David Jesudunsin,https://anchor.fm/s/10a449278/podcast/rss,"Our Thoughts Podcast with David Jesudunsin is where real conversations meet real life. It’s a space for young people to unpack the highs and lows of growing up, navigating faith, relationships, purpose, and everything in between.
From deep reflections to honest laughter, she brings warmth and insight into every conversation — giving Gen Z a voice to express, question, and grow. It’s not about having it all figured out; it’s about sharing our thoughts as we figure life out together.",Anchor,en,https://d3t3ozftmdmh3i.cloudfront.net/staging/podcast_uploaded_nologo/44572334/44572334-1760002299650-098aa5e1bdc71.jpg,2026-10-02 14:19:57,8056740,confirmed,https://podcasters.spotify.com/pod/show/ourthoughtswithjesudunsin,1790950797,2c305639b4c46e03b215279da1360a7b,1856679823.0,2,0,INDIVIDUAL
Pushing the Envelope Podcast,USPS OIG,https://anchor.fm/s/117aeda40/podcast/rss,"Pushing the Envelope is the official podcast of the U.S. Postal Service Office of Inspector General. Explore the stories behind our audits, investigations, and insights. Listen regularly to learn how the USPS OIG is protecting America’s mail system from fraud, waste, and abuse.",Anchor,en-us,https://d3t3ozftmdmh3i.cloudfront.net/staging/podcast_uploaded_nologo/46823024/46823024-1790878828348-d59da1073cea8.jpg,2026-10-02 14:19:27,8056739,confirmed,https://www.uspsoig.gov/,1790950767,abbd41c1df664e7b8862db7078f2449c,6818258623.0,2,0,INDIVIDUAL
The Uncanndid Podcast,Durag Dom,https://anchor.fm/s/11294b9e4/podcast/rss,"The Uncanndid Podcast is where real conversations happen without filters. From awkward moments and raw stories to culture, relationships, rejection, and life experiences — nothing is scripted and no topic is off limits. Real talk. Raw stories. No filter.",Anchor,en,https://d3t3ozftmdmh3i.cloudfront.net/staging/podcast_uploaded_nologo/45967041/45967041-1778721056508-e387bf542b9f9.jpg,2026-10-02 14:18:25,8056738,confirmed,https://podcasters.spotify.com/pod/show/djf1446,1790950705,8ecb8a826cc1fec57769fdd4a5076b48,1896946193.0,2,0,INDIVIDUAL
License to Act,Luis Lancos and Antonio Vieira Santos,https://rss.buzzsprout.com/2647557.rss,"<p>Artificial intelligence agents are entering banking, payments, insurance and healthcare. Someone has to decide what they are allowed to do. </p><p><br></p><p>License to Act talks to the executives, regulators and builders who make those decisions. They tell us where agents run inside their organisations today, how they govern them, and what it would take to become a Thinking Organisation: one that understands its own context well enough to improve how it works. </p><p><br></p><p>Each episode places a guest somewhere on the road from assistants, to pilots, to processes that run end to end, to organisations where agents do the work and people step in where it matters. We look at that road through four questions. What gets redesigned in the processes, and what stalls? What happens to people, their roles, their skills, their trust and their fear? How much governance is enough, and does it scale? What do the rules assume, and where do they have no place for an agent? </p><p><br></p><p>Every episode ends with the same question: who grants the license to act, who sets its limits, who monitors it, and who can take it away? </p><p><br></p><p>Our guests work in banks, payment institutions, insurers, healthcare providers and charities, and they are accountable for the results. They talk about what works, what failed, and what they are still unsure about. There are no vendor pitches. </p><p><br></p><p>Hosted by Luis Lancos and Antonio Vieira Santos. Sponsored by DataWhisper</p>",Buzzsprout,en-gb,https://storage.buzzsprout.com/bbvrun1fbz2a17krwpx3l9oti61t?.jpg,2026-10-02 14:15:28,8056735,confirmed,https://licensetoact.buzzsprout.com,1790950528,827834ccf50021f52c9bb686090b1ce7,,0,0,CORPORATE
Chassidus Made Real,Rabbi Sholom Kesselman,https://feed.podbean.com/ChassidusChabad/feed.xml,"<p><span style=""font-weight:400;"">A bi-weekly program (a discussion, shiur, and farbrengen, all in one) in which ideas of Chassidus will be explored and taught in a </span><span style=""font-weight:400;"">""real""</span><span style=""font-weight:400;""> way.</span></p>
<p></p>
<p><span style=""font-weight:400;"">The word “real” here has a twofold meaning.</span></p>
<p></p>
<p><span style=""font-weight:400;"">First, real Limmud Hachassidus. </span></p>
<p><span style=""font-weight:400;"">Topics will be learned and understood in a pure, authentic Chassidic style. Not watered down, altered, or dressed down using language and values that are foreign to Chassidus.</span></p>
<p></p>
<p><span style=""font-weight:400;"">And second, real life. </span></p>
<p><span style=""font-weight:400;"">The topics will be learned and understood in a way that is practical, meaningful, real, and capable of changing the way we live. Chassidus cannot remain in the clouds; it must speak to us as human beings living in olam hazeh. It must transform, elevate, and infuse our daily lives and Avodas Hashem with chayus, bittul, meaning, authenticity and clarity.</span></p>",Podbean,en,https://pbcdn1.podbean.com/imglogo/image-logo/21211796/chassidus_made_real_amazon_2048x2048.jpg,2026-10-02 14:11:41,8056730,confirmed,https://ChassidusChabad.podbean.com,1790950301,8d90becf5365d040ff835985dae42bd5,6815777727.0,2,0,INDIVIDUAL
Lucky Vibes,Jutta & Jamie Schneider,https://rss.buzzsprout.com/2654086.rss,"<p>Real estate is completely unhinged — and that’s exactly why Lucky Vibes exists. Jamie and Jutta of Lucky Palms Realty talk about what really happens behind the scenes: buyers who disappear, sellers stuck on price, inspection drama, contracts, negotiations, market reality, and the human side of every deal. Real estate, real life, and real talk — without the Instagram filter.</p>",Buzzsprout,en-us,https://storage.buzzsprout.com/68eydfswy6v70xn1xbu636ubh9z2?.jpg,2026-10-02 14:07:32,8056724,confirmed,https://www.buzzsprout.com/2654086,1790950052,7c99bc31a1ace2a186197800c96fb2e8,,0,0,CORPORATE
NPUC Ministerial Convention,North Pacific Union Conference,https://feeds.transistor.fm/npuc-ministerial-convention,"Refreshed. Refilled. Ready.

Experience the sermons from “It’s Beginning to Rain,” the North Pacific Union’s 2026 Ministerial Convention at Walla Walla University.

Created for pastors, their families, and ministry leaders, this collection celebrates the Holy Spirit’s work in our churches and communities. These messages invite us to seek God’s guidance, find renewal in His presence, and strengthen our commitment to helping people follow Jesus.",Transistor,en,https://img.transistorcdn.com/7j0SGNL9vgEspzxXgZfYXAu2D5BjO57nqNmRmoGViIo/rs:fill:0:0:1/w:1400/h:1400/q:60/mb:500000/aHR0cHM6Ly9pbWct/dXBsb2FkLXByb2R1/Y3Rpb24udHJhbnNp/c3Rvci5mbS8yODZi/YjVmYmQ2MGRhYmUz/NmVkZTUwYmJmM2Yw/ZmFlMy5wbmc.jpg,2026-10-02 14:03:08,8056722,confirmed,,1790949788,d9c490a91a41a56e3f5dc0e6b914bf55,,4,0,INDIVIDUAL
Clash Cast,PPJ,https://rss.buzzsprout.com/2655149.rss,"<p>Welcome to <b>Clash Cast </b>—the podcast covering the premier team disc golf challenge across the Southeast. Team disc golf hits different than solo play, and we’re here to break down all of it. Every episode, we dig into regional team match-ups, course strategy for local stops across the coastal Carolinas, format rules, and practical takeaways to help your crew score more points on tournament weekend.</p><p><br></p><p>Whether you’re on the roster competing for the trophy, following your local club’s run, or looking to sharpen your doubles and team strategy, tune in for honest breakdowns, match recaps, and down-to-earth talk from around the region.</p><p><b>Hit subscribe, rally your squad, and let’s throw.</b></p>",Buzzsprout,en-us,https://storage.buzzsprout.com/8dsnunbskszkjytiw305dvif7g0v?.jpg,2026-10-02 14:01:16,8056719,confirmed,,1790949676,29d62ad381f8cdec43720aa27dd38b59,,4,0,CORPORATE
The Future of Hiring: Conversations Powered by Radancy,Radancy,https://feeds.transistor.fm/the-future-of-hiring-conversations-powered-by-radancy,"The Future of Hiring: Conversations Powered by Radancy explores the ideas, innovations and people shaping what’s next in talent acquisition.

Hosted by Steven Ehrlich, each episode brings together leaders and thinkers from across the talent acquisition spectrum and around the world for candid conversations about the forces transforming how organizations attract, engage and hire talent.

From AI and emerging technology to employer brand, candidate experience, skills, culture and the changing role of recruiters, we go beyond the buzzwords to explore what’s actually changing, what matters, and what the future of hiring might look like.

Smart people. Different perspectives. Real conversations about what comes next.",Transistor,en,https://img.transistorcdn.com/mZsHtdWrcZLsLPior18Te13ZGNVnaMFzR7Tk3_DLAWA/rs:fill:0:0:1/w:1400/h:1400/q:60/mb:500000/aHR0cHM6Ly9pbWct/dXBsb2FkLXByb2R1/Y3Rpb24udHJhbnNp/c3Rvci5mbS80NTk0/ZTYyNWQyMTFmOTA3/ZDk1NDVjNDlmM2Ji/ZGMyNi5wbmc.jpg,2026-10-02 13:56:46,8056709,confirmed,https://www.radancy.com,1790949406,9b6ba6ed66b1dd10041ff6e9f7689f86,,4,0,INDIVIDUAL
goo adventures,the goo collection,https://anchor.fm/s/117f83334/podcast/rss,"Explore the Goo Universe with Dragoo, Honeygoo and Unigoo, as they take you on all sorts of magical adventures! 🌟
Short educational stories where you can learn social and emotional skills through sound & play. 
Play this for your little ones as a bed time story, road entertainment 🚗, or at home for screen-free fun!
To learn more about the Goo Universe and our mission, visit thegoocollection.com",Anchor,en-gb,https://d3t3ozftmdmh3i.cloudfront.net/staging/podcast_uploaded_nologo/46871093/46871093-1790846996623-c1f302db8a195.jpg,2026-10-02 13:55:14,8056706,confirmed,https://podcasters.spotify.com/pod/show/the-goo-collection0,1790949314,eb7a5181ae1e1a2855b05fe1e81f8cf4,6818100163.0,2,0,CORPORATE
The Truth They Buried,Dr. Nzinga cates,https://anchor.fm/s/117de7ebc/podcast/rss,"Some stories were buried. It’s time to dig them up. 🖤🎙️ The Truth They Buried explores lesser-known serial killers while centering the victims—not the killers. I also unpack listener stories, questions, and scenarios involving narcissistic parents, toxic relationships, gaslighting, manipulation, family drama, and more. Serious, funny, messy, or wild—I want to hear it. 📩 Submit anonymously: tttbcates@gmail.com. Not every monster leaves fingerprints.",Anchor,en,https://d3t3ozftmdmh3i.cloudfront.net/staging/podcast_uploaded_nologo/46854247/46854247-1790636113068-fa60c979db839.jpg,2026-10-02 13:54:08,8056705,confirmed,https://podcasters.spotify.com/pod/show/the-truth-they-buried1,1790949248,ceda9d1e8fb9b05935f07ce2c62d0fe1,6818181678.0,2,0,INDIVIDUAL
The Phinside Report,Reason & Marcel Louis-Jacques,https://rss.buzzsprout.com/2655146.rss,"<p>Every week, Reason of Phinside The NFL and Marcel Louis-Jacques of ESPN discuss the latest news revolving around the Miami Dolphins!</p><p><br></p><p>From practice updates to injury reports to the latest rumors, they have you covered with the perspectives of a NFL content creator and NFL insider!</p><p><br></p><p>Watch The Phinside Report LIVE Every Wednesday @ 5 PM on youtube.com/PhinsideTheNFL</p>",Buzzsprout,en-us,https://storage.buzzsprout.com/2w6mogmsazxbtf0eg189z0hsk2af?.jpg,2026-10-02 13:52:23,8056704,confirmed,http://youtube.com/PhinsideTheNFL,1790949143,d3d629f28f485deee2dfcd1053f394c2,,0,0,CORPORATE
TalkEverythingAndExtraWithItunu,Itunu,https://anchor.fm/s/1bc45728/podcast/rss,"Every gist and happens from sweet, embarrassing, hot and spicy, subtle and relatable experience. Say cruise and relaxing on Talk Everything and Extra with Itunu.",Anchor,en,https://d3t3ozftmdmh3i.cloudfront.net/production/podcast_uploaded_nologo/4558522/4558522-1636835934714-3584cd952c94b.jpg,2026-10-02 13:52:20,8056703,confirmed,https://podcasters.spotify.com/pod/show/Talkwithitunu,1790949140,71bcb5f34940258f05752a1c608ac8fd,1595605907.0,2,0,INDIVIDUAL
Between us and our bodies,Grace,https://anchor.fm/s/116b7d1a0/podcast/rss,"Between Us & Our Bodies 
Welcome to Between Us & Our Bodies- a space for honest conversations about health, relationships, love, sex, and everything in between.
We talk about the things we’re often too shy to ask, from sexual and reproductive health to dating, boundaries, body changes, emotional wellbeing, and relationships.
Real conversations. Honest questions. No judgment. 
Between Us & Our Bodies — because the conversations that matter shouldn’t be the ones we’re afraid to have.",Anchor,en,https://d3t3ozftmdmh3i.cloudfront.net/staging/podcast_uploaded_nologo/46661128/46661128-1788262098435-26d689f6065e8.jpg,2026-10-02 13:40:46,8056698,confirmed,https://podcasters.spotify.com/pod/show/graceee68,1790948446,4930c8debbb0ccf59def9c0c793e0d41,6808988576.0,2,0,INDIVIDUAL
"Good Evening, Hollywood!",Make It Hollywood,https://anchor.fm/s/117327108/podcast/rss,"The award went to who? What happens during the commericals? What gifts do the celebs take home? And what happens when the custom gown won’t zip six hours before the carpet?
Good Evening, Hollywood! is the awards-season podcast for everyone who watches the show with one eye on the group chat. Entertainment reporter Rae Williams dishes everything from the red carpets and FYC campaigns to how the trophies get made and who gets to take them home. 
Tune in weekly as we get into the speeches, surprises, and people who make entertainment’s biggest nights happen.",Anchor,en,https://d3t3ozftmdmh3i.cloudfront.net/staging/podcast_uploaded_nologo/46741490/46741490-1789279013454-b7199f9a26a3b.jpg,2026-10-02 13:37:42,8056697,confirmed,https://makeithollywood.com,1790948262,6f17b2dec0b8a14dfde0ae83adaf0966,6813014493.0,2,0,INDIVIDUAL
Heavy Lifting & Light Banter,the fitness cult,https://anchor.fm/s/1121ad854/podcast/rss,"Join ACE-certified trainer Kailey Vieweg Rodriguez and her witty, ""layman"" partner Carlos Rodriguez for real talk on functional fitness. Whether you're navigating the chaos of postpartum or the shift into perimenopause, we’re here to help you master your body’s biggest hormonal transitions. No toxic ""aesthetic"" trends; just science-backed strength to help you thrive in real life. Warm, relatable, and expertly guided, we make fitness the best part of your day. Join the cult of functional movement at thefitcult.com.",Anchor,en-us,https://d3t3ozftmdmh3i.cloudfront.net/staging/podcast_uploaded_nologo/45887165/45887165-1777666340906-c0c9dbab20fc9.jpg,2026-10-02 13:33:53,8056693,confirmed,https://www.thefitcult.com,1790948033,e7cc11dd6929018ecca993afd03326ea,6816733683.0,2,0,CORPORATE
TRUE CRIME FACTORY,Tijov,https://www.spreaker.com/show/7427142/episodes/feed,"Welcome to <b>True Crime Factory</b>, a channel dedicated to the darkest and most intriguing true crime stories from around the world. Discover real criminal cases, unsolved mysteries, missing persons, shocking investigations, notorious criminals, courtroom stories, and cases that continue to raise unanswered questions. Each episode explores the facts, evidence, timelines, and mysteries behind real cases. Our goal is to tell these stories in a clear, respectful, and engaging way while remembering the real people affected by these tragedies. <b>Subscribe to True Crime Factory</b> and follow the stories that made headlines, changed investigations, and left the world searching for answers.",Spreaker,en,https://d3wo5wojvuv7l.cloudfront.net/t_rss_itunes_square_1400/images.spreaker.com/original/615fa1b8ed5aba3b7955587e6d88e139.jpg,2026-10-02 13:32:17,8056690,confirmed,https://www.spreaker.com/podcast/true-crime-factory--7427142,1790947937,f4652637ce6a269842b3e975283197b2,,4,0,INDIVIDUAL
Do What You Want Pod,Alex Parsons,https://anchor.fm/s/117dc98cc/podcast/rss,A collection of conversations and stories from people who chose to do whatever they wanted in life. We hope to inspire you to give yourself permission to start,Anchor,en-us,https://d3t3ozftmdmh3i.cloudfront.net/staging/podcast_uploaded_nologo/46853003/46853003-1790623921723-0d4c258ef8d7c.jpg,2026-10-02 13:27:02,8056685,confirmed,https://podcasters.spotify.com/pod/show/do-what-you-want-pod,1790947622,39c4183677b40c89df32dc74b348401a,6817101015.0,2,0,INDIVIDUAL
Training in Righteousness,pastorhill307,https://feed.podbean.com/pastorhill307/feed.xml,"<p>""All Scripture is given by inspiration of God, and is profitable for doctrine, for reproof, for correction, for training in righteousness, that the man of God may be complete, thoroughly equipped for every good work"" (2 Timothy 3:16-17). Training in Righteousness is a recording of daily sermons and a weekly Bible Study by LCMS Pastor Andrew Hill. Listen in as we digest the Holy Scriptures together.</p>",Podbean,en,https://pbcdn1.podbean.com/imglogo/image-logo/22571196/training_in_righteousness_apple_podcasts.jpg,2026-10-02 13:22:22,8056679,confirmed,https://pastorhill307.podbean.com,1790947342,e017dc5f813f6d75d29074e39c6fd524,6807088257.0,2,0,INDIVIDUAL
The Global HealthRoom,Val,https://rss.buzzsprout.com/2642362.rss,"<p>The Global HealthRoom explores the intersection of health, science, innovation, and humanity.</p><p>Each episode brings together diverse voices and perspectives to discuss the challenges and opportunities shaping our world—from global health and health disparities to medicine, mental health, technology, education, and social impact.</p><p>We believe that conversations have the power to challenge perspectives, inspire ideas, and create meaningful change.</p><p>This is a space to learn, ask difficult questions, discover new perspectives, and connect with the people working to build a healthier and more equitable future.</p><p><br></p>",Buzzsprout,en-us,https://storage.buzzsprout.com/fscpy4sxazgveip9x7i8od5fae7u?.jpg,2026-10-02 13:21:37,8056677,confirmed,,1790947297,406eb0a0defa450b245a7d11fa62169f,6805978284.0,2,0,INDIVIDUAL
Productistas,Productistas,https://feeds.megaphone.fm/SONORO5217343181,"<p>Construyendo Puentes entre la Creatividad y la Industria.</p>
<p>Un podcast de The Lift. Con Ilana Sod y Avelino Rodríguez.</p>
<p>Nuevos episodios los jueves.</p>
<p><br></p>
<p>Building Bridges Between Creativity and Industry.</p>
<p>A podcast by The Lift. With Ilana Sod and Avelino Rodríguez.
New episodes on Thursdays</p>",Megaphone,en,"https://megaphone.imgix.net/podcasts/a92bb864-bdd0-11f1-a59e-d3cdb8667091/image/97768af436d367616f66472fa2bcd70c.jpg?ixlib=rails-4.3.1&max-w=3000&max-h=3000&fit=crop&auto=format,compress",2026-10-02 13:19:47,8056673,confirmed,,1790947187,4e13d184d759259f2cea5aff69cfaada,6818294799.0,2,0,INDIVIDUAL
The Bridging Finance Broker,Ashley Morley,https://feeds.transistor.fm/the-bridging-finance-broker,"Ashley Morley, is an award winning UK Finance Broker and here he shares his thoughts and knowledge to help people realise they can achieve their financing goals even if they think they have nothing.",Transistor,en,https://img.transistorcdn.com/_IWN77qgKERaxEp4deziOTuX_R1WDuzFiyxKPm39puo/rs:fill:0:0:1/w:1400/h:1400/q:60/mb:500000/aHR0cHM6Ly9pbWct/dXBsb2FkLXByb2R1/Y3Rpb24udHJhbnNp/c3Rvci5mbS9kMDI4/ZWViNDE4ZWIyMGI0/NjUyYjY0MDAxZTM1/Njk4Mi5wbmc.jpg,2026-10-02 13:17:56,8056669,confirmed,,1790947076,0d9e288a8931af50ba1a64b77523229a,,4,0,INDIVIDUAL
"Puff, Puff, Preach!","Puff, Puff, Preach!",https://anchor.fm/s/117b9851c/podcast/rss,"Hosts & Best-friends: Rob & Soph 🎙️ 
When the universe brings two twats & a crystal together 💫",Anchor,en-gb,https://d3t3ozftmdmh3i.cloudfront.net/staging/podcast_uploaded_nologo/46830015/46830015-1790347722223-53e9652cb2663.jpg,2026-10-02 13:15:51,8056667,confirmed,https://podcasters.spotify.com/pod/show/sophie87,1790946951,7abf36335f5bd39ab5f3c45713052e64,6818247452.0,2,0,CORPORATE
Tame and Tova,TVNZ,https://anchor.fm/s/118011bac/podcast/rss,"Jack Tame and Tova O'Brien are doing a podcast. Each week they're joined by political experts and insiders to unpack the week's biggest stories and break down what they mean for New Zealanders. Any questions, comments or reckons, get in touch - tameandtova@tvnz.co.nz",Anchor,en,https://d3t3ozftmdmh3i.cloudfront.net/staging/podcast_uploaded_nologo/46876931/46876931-1790904585795-e821eb3071b51.jpg,2026-10-02 13:15:23,8056666,confirmed,https://podcasters.spotify.com/pod/show/tvnz3,1790946923,4770ea614a7c4260fea959fe62f0bb7a,6818395401.0,2,0,CORPORATE
Talking About Talent,American Association of Community Colleges,https://feeds.libsyn.com/631338/rss,"Talking About Talent is hosted by Dr. DeRionne Pollard featuring conversations about community colleges and the national talent pipeline. Thought leaders, practitioners, and government officials explore some of higher education's most pressing questions, from expanding economic mobility and strengthening the workforce to higher education's role in the public good, civic education, and building resilient communities.",Libsyn,en,https://static.libsyn.com/p/assets/c/7/e/d/c7ed055f4037bc1fe5bbc093207a2619/TT_new.png,2026-10-02 13:14:12,8056665,confirmed,https://sites.libsyn.com/631338,1790946852,196a0344bc91ee18c8766fcdfe0bf691,6817892574.0,2,0,CORPORATE
Inhumam Podcast,dexaye,https://www.spreaker.com/show/7427129/episodes/feed,"  Welcome to Inhuman Podcast, where we explore the darkest and most disturbing true crime cases from around the world. Each episode dives deep into real criminal investigations, shocking murders, unsolved mysteries, disappearances, and the twisted minds behind them. Through detailed storytelling, factual research, and gripping narratives, we uncover the events, evidence, and human stories that continue to fascinate and haunt us. Whether it's a notorious serial killer, a baffling cold case, or a crime that changed a community forever, Inhuman Podcast brings you the truth behind the headlines. Listener discretion is advised. Some episodes contain descriptions of violence, criminal acts, and disturbing content that may not be suitable for all audiences. New episodes released regularly. Subscribe and join us as we uncover the most inhuman crimes ever committed.",Spreaker,en,https://d3wo5wojvuv7l.cloudfront.net/t_rss_itunes_square_1400/images.spreaker.com/original/8710e58ffcc9a7085e557756d01389f5.jpg,2026-10-02 13:13:58,8056664,confirmed,https://www.spreaker.com/podcast/inhumam-podcast--7427129,1790946838,a5d0520b9b6cb3d764a87ed9397f91f1,,4,0,INDIVIDUAL
Church Revive Network,Church Revive Network,https://anchor.fm/s/117c5e2bc/podcast/rss,A podcast for church ministry leaders that helps churches and their leaders maximize their God-given potential to strengthen and lead healthy churches.,Anchor,en-us,https://d3t3ozftmdmh3i.cloudfront.net/staging/podcast_uploaded_nologo/46838119/46838119-1790444950922-486240625c396.jpg,2026-10-02 13:06:47,8056656,confirmed,https://podcasters.spotify.com/pod/show/rafael-rodriguez9,1790946407,1f468953f08d6441bf823f765ce666cc,6816560467.0,2,0,CORPORATE
Reparations Nation Podcast,Kevin,https://rss.buzzsprout.com/2655138.rss,"<p>Hosted by Rev. Dr. Kevin C. Peterson, <em>Reparations Nation</em> is a podcast exploring the people, policies, history, faith, and ideas shaping the movement for reparations and a more just democratic future.</p><p>Through thoughtful conversations with leaders, scholars, advocates, faith voices, organizers, and change-makers from the United States and around the world, Rev. Peterson examines what repair really means—and what it takes to move from conversation to action.</p><p>From racial justice and restorative justice to democracy, public policy, reconciliation, and community transformation, <em>Reparations Nation</em> goes beyond the headlines to ask the deeper questions about where we have been, where we are, and where we must go next.</p><p>People. Policy. Power. Possibility.</p><p>Listen. Learn. Engage. Join the conversation.</p>",Buzzsprout,en-us,https://storage.buzzsprout.com/l8gfclm1amthmp7ufomnpo3s62pi?.jpg,2026-10-02 13:02:28,8056650,confirmed,https://www.buzzsprout.com/2655138,1790946148,e230d8cefdcae5211c0809586d159d5d,,4,0,INDIVIDUAL
Appalachian Hope: Helpers & Healing After Helene,Aaron Scott-Unleash Generosity,https://rss.buzzsprout.com/2655142.rss,"<p>Unleash Generosity, in partnership with Create Appalachia, features firsthand accounts of survivors, emergency responders, elected officials, churches, non-profit organizations , businesses, and neighbors who responded to Hurricane Helene that impacted upper Northeast Tennessee on September 27, 2024.  Episodes will focus on the day of the disaster up to the 2 year mark of the long-term recovery process. </p>",Buzzsprout,en-us,https://storage.buzzsprout.com/k6n4vb2ghke17msuwmlthnjnguby?.jpg,2026-10-02 13:02:24,8056649,confirmed,https://www.buzzsprout.com/2655142,1790946144,157897327398656ccacd2b0342a5c1cd,,0,0,INDIVIDUAL
The Long March,New Guard Press,https://feeds.acast.com/public/shows/6a41815926d5a6687a495ca4,Host Breccan Thies is joined by conservative leaders to discuss reclaiming institutional power from the Left. The Long March is a production of New Guard Press hosted by Breccan Thies.<hr><p style='color:grey; font-size:0.75em;'> Hosted on Acast. See <a style='color:grey;' target='_blank' rel='noopener noreferrer' href='https://acast.com/privacy'>acast.com/privacy</a> for more information.</p>,Acast,en,https://assets.pippa.io/shows/6a41815926d5a6687a495ca4/1790867257132-84498cd6-c135-4223-a922-495058a83ced.jpeg,2026-10-02 13:00:31,8056646,confirmed,https://shows.acast.com/the-long-march,1790946031,94560f9d0eb86f9eb9b1b6237244b2b3,,0,0,INDIVIDUAL
Lavished Grace - Serving Together - the Place of Women in the Church,Keith McCrory,https://anchor.fm/s/117e4a814/podcast/rss,This seven part series looks at the Biblical Reasons I believe women are free to serve alongside men in leadership and teaching in our Churches.,Anchor,en-ie,https://d3t3ozftmdmh3i.cloudfront.net/staging/podcast_uploaded_nologo/46858285/46858285-1790692350497-e8d73e6158ef1.jpg,2026-10-02 12:55:46,8056643,confirmed,https://podcasters.spotify.com/pod/show/keith-mccrory5,1790945746,7a187a9ce19481c5a39c0ed2631553c1,6817858925.0,2,0,INDIVIDUAL
Hope Westminster,Hope Community Church Westminster,https://anchor.fm/s/116bf3698/podcast/rss,"Welcome to Hope Community Church Westminster’s Podcast. We are glad you are here, we pray that these sermons bless you and give you encouragement in your daily walk with Jesus. You are loved, You are worthy.",Anchor,en,https://d3t3ozftmdmh3i.cloudfront.net/staging/podcast_uploaded_nologo/46665974/46665974-1789940684116-4c7e25176fe8.jpg,2026-10-02 12:54:45,8056641,confirmed,https://www.hopecommunity.cc/,1790945685,2ffac5850cd0a6e80916c7c97ea5eac7,6817462774.0,2,0,CORPORATE
Soul to Soul with Gillian McMichael,Gillian McMichael,https://feeds.transistor.fm/soul-to-soul-with-gillian-mcmichael,"Conversations from the heart of the healer’s path.

Hosted by Soul Healer, ICF Master Coach and best-selling author Gillian McMichael, Soul to Soul is a space for the soul-led and the called. For those who feel drawn to heal, to guide others, and to live a life shaped from the inside out.

In each new episode, Gillian sits down, soul to soul, with healers, practitioners and seekers to explore the real journey of stepping into this work. The doubt and the calling. The grief and the awakening. The healing that changes us, and what it truly means to come home to yourself before helping others do the same.

Alongside these conversations, you’ll find Gillian’s earlier episodes exploring healing, self-trust, forgiveness, alignment and the journey back to self - the inner work that forms such an important part of the healer’s path.

Whether you’re already walking this path or simply feeling the first pull towards it, pull up a chair.

These are conversations about healing, becoming, and answering the call.

*Previously Full Circle: Finding Your Way Home.",Transistor,en,https://img.transistorcdn.com/VVts5VAFCJnjWXrgBToEYsPx5FwtUM-8FEu2lDksJcU/rs:fill:0:0:1/w:1400/h:1400/q:60/mb:500000/aHR0cHM6Ly9pbWct/dXBsb2FkLXByb2R1/Y3Rpb24udHJhbnNp/c3Rvci5mbS9jNDYz/NjI4N2Q0ZDRmNzE1/YTFlNDM5NGZiYmNk/NzIzYS5wbmc.jpg,2026-10-02 12:53:55,8056640,confirmed,https://gillianmcmichael.com,1790945635,5cda422398e461e90b54622456885a67,,4,0,INDIVIDUAL
City On The Hill Podcast,City On The Hill,https://feed.podbean.com/bryantcharles2024/feed.xml,"<p>Welcome to the City On The Hill Podcast, where faith meets everyday life and the Word of God continues beyond Sunday morning.</p>
<p>You’re listening to a replay of a powerful message from City On The Hill. Whether you’re hearing it for the first time or coming back for another listen, we pray this Word encourages you, challenges you, and helps you grow in your walk with God.</p>
<p>Be sure to follow the podcast, share this message with someone who needs it, and stay connected with City On The Hill.</p>
<p>Now, get ready to receive the Word. Here’s today’s sermon.</p>",Podbean,en,https://pbcdn1.podbean.com/imglogo/image-logo/22672234/Welcome_to_the_City_Podcast_2048x2048_2MB.jpg,2026-10-02 12:53:36,8056639,confirmed,https://bryantcharles2024.podbean.com,1790945616,803b46ec22c532564dac7342306f6d89,6818097040.0,2,0,CORPORATE
Deep Bible Stories,dopava,https://www.spreaker.com/show/7427120/episodes/feed,"Deep Bible Stories is where Christians come to go deeper into Scripture — book by book, chapter by chapter, line by line. Every week we publish new teachings on the books of the Bible, the life of Christ, the prophets, the writings, and the truths most believers were never taught.",Spreaker,en,https://d3wo5wojvuv7l.cloudfront.net/t_rss_itunes_square_1400/images.spreaker.com/original/e97d1a0196f7ae601b53ce6866695056.jpg,2026-10-02 12:52:35,8056635,confirmed,https://www.spreaker.com/podcast/deep-bible-stories--7427120,1790945555,c20e5176c1d58cd05ef039954d7d18d1,,4,0,INDIVIDUAL
Entérate BB con Gati,Gati,https://anchor.fm/s/117de9f8c/podcast/rss,"Entérate BB — Breaking Bilingual Bochinche con Gati.
News, culture, politics y el bochinche que necesitas para entender qué está pasando — and why it matters. Gati breaks down the headlines in English, español y Spanglish, with humor, context, receipts and zero patience for nonsense. 
From free speech and climate to immigration, history, internet madness and the stories detrás de los titulares, Entérate BB makes the news easier to understand — without making it boring. 
Infórmate. Respira. Participa. Y sí… vota.
New episodes in English, español y todo lo que pasa in between.",Anchor,en-us,https://d3t3ozftmdmh3i.cloudfront.net/staging/podcast_uploaded_nologo/46854331/46854331-1790637124667-1e68711475ffa.jpg,2026-10-02 12:48:19,8056629,confirmed,https://podcasters.spotify.com/pod/show/entrate-bb-con-gati1,1790945299,3f4317572f68a1494b8b8a3291113aa4,6817145379.0,2,0,INDIVIDUAL
UL Science and Engineering Postgraduate Pathways,Science and Engineering University of Limerick,https://anchor.fm/s/117e25014/podcast/rss,"In this video podcast series we get ""under the hood"" of some of the most innovative postgraduate education programmes in UL's Faculty of Science & Engineering. Hear from Course Directors and graduates to find out about the programmes and how graduates felt they benefited from them. 
Hosted by Dermot Comerford and Produced by Dermot Comerford and Kyle Christy, with thanks to the Glucksman Library at University of Limerick.",Anchor,en-ie,https://d3t3ozftmdmh3i.cloudfront.net/staging/podcast_uploaded_nologo/46856749/46856749-1790673466019-9dcaeac8f5941.jpg,2026-10-02 12:46:00,8056625,confirmed,https://podcasters.spotify.com/pod/show/science--engineering-univ688,1790945160,9c4bac66f767fcd3f5512114fcf0e1d9,6817294904.0,2,0,CORPORATE
Love Food Love Life,Deeti Vyas Beghin,https://rss.buzzsprout.com/2655137.rss,"<p>Welcome to Love Food, Love Life, the podcast that’s all about celebrating the simple pleasures of great food, meaningful connections, and living a vibrant life. Whether you’re a passionate home cook, a foodie, wants to learn more about where our food comes from or just someone who loves to savor life’s best moments, this podcast is for you! Through stories, recipes, and practical tips, Love Food, Love Life will remind you that food isn’t just about fuel; it’s about joy, connection, and living life to the fullest.</p>",Buzzsprout,en,https://storage.buzzsprout.com/sigwy5akekpkhma2xgy401d7c5b8?.jpg,2026-10-02 12:35:03,8056617,confirmed,https://podcasters.spotify.com/pod/show/deeti-vyas-beghin,1790944503,a62f6c4bf0988f7ec5e248792066a292,,4,0,INDIVIDUAL
"Coffee First, Decisions Later","Coffee First, Decisions Later",https://anchor.fm/s/113b96360/podcast/rss,Because life makes a lot more sense after coffee... or at least it feels like it does.,Anchor,en-ca,https://d3t3ozftmdmh3i.cloudfront.net/staging/podcast_uploaded_nologo/46158840/46158840-1781399433489-4eaa69bf40e8e.jpg,2026-10-02 12:34:13,8056616,confirmed,https://linktr.ee/coffeefirstdecisionslater,1790944453,a3b35ad55face491f85e6c50de96a58f,6817871208.0,2,0,INDIVIDUAL
The Young Alberta Podcast,Young Alberta,https://anchor.fm/s/11729f078/podcast/rss,"On our podcast we connect with young adults across Alberta who are making a difference in their community, and share the context young people need to navigate current issues.",Anchor,en-ca,https://d3t3ozftmdmh3i.cloudfront.net/staging/podcast_uploaded_nologo/46735918/46735918-1789198445979-430f0e6759344.jpg,2026-10-02 12:27:40,8056606,confirmed,https://podcasters.spotify.com/pod/show/sanneke1,1790944060,d1c205bee36463e745b50ffd82ed49c4,6811369206.0,2,0,INDIVIDUAL
the Bible stories,Bible story,https://www.spreaker.com/show/7424782/episodes/feed,"Welcome to Bible Story Wonders, a peaceful podcast where timeless Bible stories come to life through inspiring storytelling, gentle narration, and meaningful lessons. ✨📖<br />Journey through the stories of the Bible, discover powerful messages of faith, hope, courage, love, and forgiveness, and explore the lives of biblical characters in a relaxing and engaging way. Whether you’re listening before bedtime, during a quiet moment, or simply looking to reconnect with Scripture, our stories are created to bring peace, reflection, and inspiration.",Spreaker,en,https://d3wo5wojvuv7l.cloudfront.net/t_rss_itunes_square_1400/images.spreaker.com/original/4f0eca6e81219d9bf1f7960d8707da4b.jpg,2026-10-02 12:26:21,8056602,confirmed,https://www.spreaker.com/podcast/the-bible-stories--7424782,1790943981,860d048bb00071a65d3439f2f74948ff,,4,0,INDIVIDUAL
Paws to Encourage,Bobby Kissner,https://rss.libsyn.com/shows/630623/destinations/5563363.xml,"Paws to Encourage is about facing hard things, refusing to give up, and the dogs that stand beside us through it all.
Hosted by BK (Bobby Kissner) and his service dog, Maverick, the show features real conversations with Veterans, first responders, athletes, leaders, and everyday people who have been knocked down by life and found a way forward.
BK knows that struggle firsthand. Alongside his service dog, Maverick, he brings an unfiltered perspective to conversations about PTSD, mental health, setbacks, resilience, and the battles people often fight without anyone else knowing.
Brought to you by The Hero Company, you'll also hear incredible stories about service dogs, the human-dog bond, and how having a loyal companion by your side can restore independence, provide purpose, and sometimes even save a life.
This isn't about pretending the hard days don't happen. It's about what you do next.
You got this. You can do it. We're cheering you on.",Libsyn,en,https://static.libsyn.com/p/assets/7/0/e/a/70ea4b07a0c000b2e5bbc093207a2619/Paws_to_Encourage_Podcast_Logo_with_Bkgd_Dark_Blue-20260930-scas3arzyn.png,2026-10-02 12:20:35,8056595,confirmed,https://pawstoencourage.com/,1790943635,adb2f96f766fbd53e33310eb2d306609,6817948003.0,2,0,INDIVIDUAL
LaGrange Interiors Podcast,LaGrange Interiors,https://rss.buzzsprout.com/2655132.rss,"Welcome to the La Grange Interiors Podcast, where timeless design meets inspired living.  <br/><br/><a href=""https://lagrangeinteriorspodcast.substack.com?utm_medium=podcast"">lagrangeinteriorspodcast.substack.com</a>",Buzzsprout,en,https://storage.buzzsprout.com/a2jnir4ze96gqxrrl5yw7tycbawy?.jpg,2026-10-02 12:10:31,8056584,confirmed,https://lagrangeinteriorspodcast.substack.com/podcast,1790943031,a6635f0600396f91920e6dd159f03d3f,,4,0,INDIVIDUAL
"The Wild Ways: Coffee, Chaos, And Compassion",The WildWays Foundation,https://anchor.fm/s/117dd1d9c/podcast/rss,"This isn’t a podcast about perfect parenting. It’s about neurodivergence as it is actually lived, the messy bits, the misunderstood bits, and the moments that make you laugh, cry, rage or reach for another coffee.
Suzan Issa and Rosalind Walker talk honestly about PDA, burnout, education, relationships, parenting and what happens when life doesn’t fit neatly into the usual boxes.
Expect real stories, lived experience, brilliant guests, difficult conversations, plenty of compassion and no shame or blame. Sometimes the most powerful thing we can do is simply talk honestly about real life.",Anchor,en,https://d3t3ozftmdmh3i.cloudfront.net/staging/podcast_uploaded_nologo/46853343/46853343-1790627232360-3d20bba969721.jpg,2026-10-02 12:07:22,8056579,confirmed,https://podcasters.spotify.com/pod/show/the-wildways-foundation9,1790942842,52c7a6d6cd56d642c50f8bee155cf8e1,6817824469.0,2,0,CORPORATE
The Room,Shameless Media,https://feeds.megaphone.fm/ASEMS1869747354,<p>Where mothers meet to share their inner world.</p>,Megaphone,en,"https://megaphone.imgix.net/podcasts/91b2ec24-afe9-11f1-9810-c338aab34f6f/image/11291cb2dd797cb99b3e7179928d517c.png?ixlib=rails-4.3.1&max-w=3000&max-h=3000&fit=crop&auto=format,compress",2026-10-02 12:07:22,8056578,confirmed,,1790942842,153492767f9327061ba6a28fb342d528,6818330959.0,2,0,CORPORATE
Scary Stories to Fall Asleep To,MrScaryStories,https://anchor.fm/s/1170b8a0c/podcast/rss,Scary stories that will either put you to sleep or have you up all night thinking about them,Anchor,en-gb,https://d3t3ozftmdmh3i.cloudfront.net/staging/podcast_uploaded_nologo/46715995/46715995-1788937534775-37ea7dfc907e5.jpg,2026-10-02 11:52:48,8056568,confirmed,https://podcasters.spotify.com/pod/show/mustafalatif9825,1790941968,367fe0bd0f0f688ecaa2902591cda046,6817718736.0,2,0,INDIVIDUAL
The Herd of Turtles,Brent Krizo,https://rss.buzzsprout.com/1729112.rss,"Join host Brent Krizo as he interviews people who have decided to go their own route and are pursuing what truly makes them happy with the intention to inspire you to make your own path through life. We explore inspiring stories with a focus on travel, active lifestyles, family and how they are able to make it all work. Gone are the days of working 30 years and retiring with a gold watch and a pension. More people are finding ways to pursue their passions at an earlier age with non-location based careers that allow them to live a life that others can only dream about. Learn the success the hacks and the challenges that they have faced to help you live a life to get you excited every morning.",Buzzsprout,en,https://media.redcircle.com/images/2025/9/24/19/2b2683b8-7fd8-486d-b66b-98951d8a9d4a_n7xczcadxupnzp5ow6z7mx8b63z0.jpg,2026-10-02 11:50:26,8056567,confirmed,https://redcircle.com/shows/the-herd-of-turtles,1790941826,d50293f4b5acd857b822e81db836321e,,4,1,INDIVIDUAL
The Inside Straight,Mark Evans,https://feeds.captivate.fm/the-inside-straight/,A communications podcast,Captivate,en,https://artwork.captivate.fm/5a07036b-c335-4afe-ae9a-6d7c5fd7aced/the-inside-straight-thumb.jpg,2026-10-02 11:44:56,8056565,confirmed,https://the-inside-straight.captivate.fm,1790941496,968dd5eb7dfafe0045a951219d3d8718,,4,0,INDIVIDUAL
In Bed With Eden,Eden Viridian,https://feeds.simplecast.com/mxa3qxoW,"They say you should never kiss and tell...
But I don't like being told what to do. And there are some stories that are too important to keep behind closed doors. Welcome to In Bed with Eden, the podcast where we pull beack the covers on the adult industry and give a voice to the people behind the profession. We're breaking down stigma, and having conversations that are inclusive of all industry workers. Expect some stories to leave you speechless, and others to leave you in stitches. The kind of dark humour that not everyone will get, but everyone is welcome. So, come and jump into bed with me, Eden.",Simplecast,en,https://image.simplecastcdn.com/images/24244587-42e7-4d54-895e-2caf20b2377c/a3abe0ec-8c72-46f6-9be6-d32b8028a999/3000x3000/cropped-1790209983047.jpg?aid=rss_feed,2026-10-02 11:41:45,8056560,confirmed,https://in-bed-with-eden.simplecast.com,1790941305,c34d71dff0fe2b1685fbb8ef1733f5bf,6816997914.0,2,0,INDIVIDUAL
Bones,Lo Raito,https://www.spreaker.com/show/7426680/episodes/feed,"Bones tells the true stories written in human remains. Each episode, host Nirob takes one famous find — the Iceman found melting out of an alpine glacier, a plague pit unearthed beneath a London street, a king discovered under a city car park, the mass graves of a battle and a frozen army, the body of a girl in the ruins of a starving colony — and rebuilds it: the moment of the discovery, the scientists who examined the remains, the clues the bones carried, and the truth about the life and the death that they finally told.<br /><br />From the oldest murder in the world to the forensic science that identifies the missing soldiers of a modern war, Bones is the story of the dead and of the living who read them. Meticulously researched, clear about the science of osteology and archaeology, and honest about the difference between the stories we tell about the dead and the evidence the bones themselves provide. Clean and suitable for all ages. A new find every week<br /><br />",Spreaker,en,https://d3wo5wojvuv7l.cloudfront.net/t_rss_itunes_square_1400/images.spreaker.com/original/2441a6918141fbd6fca3f7f623348b0c.jpg,2026-10-02 11:33:55,8056552,confirmed,https://www.spreaker.com/podcast/bones--7426680,1790940835,cd50aaf71a9554ecd26f783ff66484b2,,4,0,INDIVIDUAL
Badgers Camp Confidential,Fox Sports 1070 (WTSO-AM),https://www.spreaker.com/show/5823530/episodes/feed,"Fox Sports 1070 The Game & 1310 WIBA Sports Director Doug Russell is covering Badgers camp all month long. Every Tuesday and Thursday at 5:00pm through the run of camp, join Doug on Fox Sports 1070 for Camp Confidential!",Spreaker,en,https://d3wo5wojvuv7l.cloudfront.net/t_rss_itunes_square_1400/images.spreaker.com/original/d32eeb1d5e8d42c58fe45eba0241694d.jpg,2026-10-02 11:26:04,8056547,confirmed,https://www.spreaker.com/podcast/badgers-camp-confidential--5823530,1790940364,5c416b8b750b4dd32adc9ecd6c8302d1,,4,0,INDIVIDUAL
The Storage Sessions,YSN,https://anchor.fm/s/116fbd878/podcast/rss,"Welcome to The Storage Sessions, brought to you by The Young Storage Network. .
The YSN recognises and supports youth in the industry with the idea being for a group of under 40s to get together to network and share ideas.",Anchor,en-gb,https://d3t3ozftmdmh3i.cloudfront.net/staging/podcast_uploaded_nologo/46705710/46705710-1788867669577-9ef4bb411480d.jpg,2026-10-02 11:22:11,8056542,confirmed,https://podcasters.spotify.com/pod/show/young-storage-network,1790940131,3d3eed0eb34ae0930d395ba91c2fc0b8,6812702053.0,2,0,CORPORATE
Can We Actually Talk About this?,Kirsty Davies & Jessica Johnson,https://rss.buzzsprout.com/2655130.rss,"<p><b>Can We Actually Talk About This?</b> is the podcast where we talk about all the things women think about, laugh about, worry about… but don’t always say out loud. 👀</p><p><br></p><p>From sex, self-pleasure, dating and relationships to body confidence, getting older, friendships, people pleasing and everything in between - nothing is off the table.</p><p><br></p><p>Expect honest conversations, plenty of laughs, the occasional rant and absolutely no pretending we’ve got it all figured out.</p><p><br></p><p>We’ll also be trying, testing and reviewing some of the things we talk about - from sex toys and products to experiences that push us outside our comfort zones - and giving you our completely honest verdicts. 😈</p><p><br></p><p>Each episode we’ll share what we’re grateful for, get something off our chest with <b>Rant of the Week</b>, dive into <b>Today’s Taboo</b>, and set ourselves a <b>Little Win</b> that we have to complete before the next episode.</p><p>Two women. Real conversations. No judgement. Probably too much information. 😂</p>",Buzzsprout,en-us,https://storage.buzzsprout.com/26gk5oru3xpoqsmiucveanud779v?.jpg,2026-10-02 11:19:06,8056538,confirmed,https://www.buzzsprout.com/2655130,1790939946,b1c7fa87f85285e1993a25146ccf553f,,4,0,CORPORATE
The Found Footage Project,The Found Footage Project,https://anchor.fm/s/117e8cbd8/podcast/rss,"Press play on the unknown. Join us each week as we explore the archives of found footage cinema to reveal the hidden stories, visionary artists, and guerrilla filmmaking behind the movies that blur the line between fiction and reality.
Hosted by Peter Holmstrom & Ryan Matsunaga. New episode every other Thursday, wherever you listen to podcasts.",Anchor,en-us,https://d3t3ozftmdmh3i.cloudfront.net/staging/podcast_uploaded_nologo/46860998/46860998-1790839894811-ea1c2c2315003.jpg,2026-10-02 11:19:06,8056537,confirmed,https://podcasters.spotify.com/pod/show/young-indy-chroniclers-po,1790939946,b3010afaaee57e6ccee741a0207b3b53,6818057695.0,2,0,CORPORATE
TalkSparks,Yesss Electrical,https://feeds.captivate.fm/talksparks/,"TalkSparks, brought to you by Yesss Electrical, is the podcast that gets into the real life of the electrical trade.
Hosted by Rich Williams and Gina York, aka The Daughter Electrical, it’s a candid look at the jobs, challenges and laughs that come with working in the industry. Expect honest conversations with electricians, apprentices and business owners on everything from tools, technology and running a business to everyday wins, costly mistakes and on-site horror stories.
No polished trade-show chat,  just the stuff nobody teaches you.",Captivate,en,https://artwork.captivate.fm/ba5a2bab-dd53-4126-aa01-6ec7ba6a5b57/Talksparks-Artwork-Final.jpg,2026-10-02 11:07:40,8056521,confirmed,https://www.yesss.co.uk,1790939260,94863e41e756625e5352f5d234629f83,,0,0,INDIVIDUAL
Stories with Wiz,Steve Wisniewski,https://feeds.libsyn.com/631403/rss,"Stories with Wiz is a podcast about courage, healing, and hope — and the stories that shape us. 
Hosted by former Oakland Raider Steve Wisniewski, each episode features honest conversations with people who have faced adversity, loss, addiction, illness, trauma, and major life transitions — exploring what happened, what helped, and who they became on the other side.",Libsyn,en,https://static.libsyn.com/p/assets/7/8/d/6/78d64312cec6bb9ee5bbc093207a2619/Apple_Podcasts_3000x3000.jpg,2026-10-02 11:03:07,8056503,confirmed,https://www.storieswithwiz.com,1790938987,5a600c6bfb42e64b6faf865c3bfdc6f2,6818146199.0,2,0,INDIVIDUAL
High Definition AudioBooks,omri,https://feeds.redcircle.com/adfe2b32-2714-4938-948f-5a56fc02beca,"Are you tired of poorly made audiobooks? we are here to help,
Our team uses AI to enhance the audio you hear to make your audiobook experience better and more enjoyable.",Spotify for Podcasters,en,https://media.redcircle.com/images/2026/10/2/9/5e075c52-35f9-4e2b-9c3d-42be95c88b88_230518_030504_e56ae56c9d7a99c3c9cb94ff6f9d1149.jpg,2026-10-02 10:53:39,8056501,confirmed,https://redcircle.com/shows/high-definition-audiobooks9316,1790938419,d6904e0923e4263a32d039d29d4debcf,,4,1,INDIVIDUAL
City Hope Church Podcast,City Hope Church,https://anchor.fm/s/117f066b8/podcast/rss,"Welcome to the City Hope Church Podcast, where you can listen to the latest messages from City Hope Church in Centralia, Illinois. Each week, we open God’s Word, explore what it means to follow Jesus, and discover how faith can shape the way we live every day.
To learn more about City Hope Church, upcoming events, and ways to get connected, visit https://www.cityhope.church/",Anchor,en-us,https://d3t3ozftmdmh3i.cloudfront.net/staging/podcast_uploaded_nologo/46865982/46865982-1790780127122-42c946556bc52.jpg,2026-10-02 10:41:09,8056494,confirmed,https://podcasters.spotify.com/pod/show/city-hope-church5,1790937669,a962ef0a55d59df44b516fb8daeff983,6817827903.0,2,0,CORPORATE
8va's Locked In Podcast,8va,https://anchor.fm/s/117730448/podcast/rss,"Musician, Speedrunner, and Melee player 8va interviews people about the cool things they do.",Anchor,en-us,https://d3t3ozftmdmh3i.cloudfront.net/staging/podcast_uploaded_nologo/46783810/46783810-1789785965755-5e681ead2d5b9.jpg,2026-10-02 10:34:29,8056491,confirmed,https://podcasters.spotify.com/pod/show/8va4,1790937269,37d57bf48b0b747665a8ae1e75e22053,6813740652.0,2,0,INDIVIDUAL
The Health Reset,Rob Lilley-Jones,https://feeds.captivate.fm/the-health-reset/,"The Health Reset is a podcast from Which? where we cut through the noise around the biggest health trends taking over your social feeds. With the help of trusted experts, we separate fact from fiction and explain what the evidence really says. From wellness fads to everyday health advice, we explore what matters most, giving you the information you need to make confident decisions about your health and wellbeing. Join the Which? community and learn more at which.co.uk. ",Captivate,en,https://artwork.captivate.fm/6ab1f752-8473-43c4-a562-410f842ed15d/633-podccast-HEALTHY-LIVING-1.jpg,2026-10-02 10:28:50,8056483,confirmed,https://the-health-reset.captivate.fm,1790936930,c9d40d3a51839c49d2d0c7ae93979292,,4,0,INDIVIDUAL
The RAYE Podcast,RAYE Haus,https://anchor.fm/s/117e19048/podcast/rss,"Your Name Came Up is a RAYE Podcast about the people being talked about, recommended, referred and remembered.
Hosted by Beck Smith, each episode goes behind the name to uncover the business, decisions, visibility, relationships and real-life moments that helped put them in the room.
Because when your name comes up, you want it to mean something.",Anchor,en-au,https://d3t3ozftmdmh3i.cloudfront.net/staging/podcast_uploaded_nologo/46856258/46856258-1790664921033-983c31d81c776.jpg,2026-10-02 10:23:04,8056479,confirmed,https://rayehaus.com.au/,1790936584,bc9bcaaa28ea52267d7fffd4eb9f1f45,6818018268.0,2,0,INDIVIDUAL
WhereintheWorld,Emmy & Andrew,https://rss.buzzsprout.com/2652232.rss,"<p>A metaphorical trip around the metaphorical world, to read a book from every country. Follow two barely uneducated nerds, Andrew and Emmy, as they read and discuss their way around the world every week. </p>",Buzzsprout,en-us,https://storage.buzzsprout.com/hvyuseoy09z8ip0ydie9ewthaj68?.jpg,2026-10-02 10:05:28,8056472,confirmed,,1790935528,3e1a94104b12fe885673754700cd5fe3,,4,0,CORPORATE
The Meg Oja Show,Meghan,https://anchor.fm/s/117e8e474/podcast/rss,"Your unhinged, unfiltered Eldest Daughter best friend. I'm not here to provide you with tips and tricks on how to heal your childhood trauma, or address our overly exhausting hyper-independance. Because honestly I think that its a super power. I'm here to shed light on the bullshit, be the voice we need, and create the movement of strong ass fucking women.",Anchor,en,https://d3t3ozftmdmh3i.cloudfront.net/staging/podcast_uploaded_nologo/46861061/46861061-1790801612630-48bfef5ddef75.jpg,2026-10-02 09:44:16,8056458,confirmed,https://podcasters.spotify.com/pod/show/meghan-kom4,1790934256,fcba258edf76007a5f4b9c1a4dafee64,6817871741.0,2,0,INDIVIDUAL
The Things Nobody Explains.,Marieme Seck,https://anchor.fm/s/10cbe7064/podcast/rss,"The Things Nobody Explains looks at the questions we all live with and rarely get a proper answer to. Anxiety and overthinking. Burnout and the body that won't calm down. Relationships, memory, time, and the invisible things we carry without naming them. Each episode takes one question, looks at what the research actually says, and explains it in plain words. Ten to twenty minutes, nothing dressed up, and always something you can use. New episode every Tuesday.",Anchor,en,https://d3t3ozftmdmh3i.cloudfront.net/staging/podcast_uploaded_nologo/44987745/44987745-1790780320379-d5a3a3b4f8617.jpg,2026-10-02 09:42:39,8056457,confirmed,https://mariemeseck.com,1790934159,728778fa74ac00c2897ded7ea7c2111a,6817831203.0,2,0,INDIVIDUAL
"Wait, Explain That?",Heather and Natalie,https://anchor.fm/s/11708911c/podcast/rss,"Wait, Explain That? is a true-story podcast about true crime, bizarre history, psychology, scams, cults, spies, unsolved mysteries and unbelievable real events. Best friends Heather and Natalie dig past the headline using court records, police reports, primary sources and original documents to find the detail everyone missed. Deep research, skeptical questions, dark humor and stories that get stranger the deeper you go. Because the story is never just the story.",Anchor,en,https://d3t3ozftmdmh3i.cloudfront.net/staging/podcast_uploaded_nologo/46714047/46714047-1788905561396-74080867ba8d8.jpg,2026-10-02 09:42:36,8056455,confirmed,https://www.facebook.com/profile.php?id=61593493260544,1790934156,2c635912c6e48c790f09817ec47c11b9,6817349294.0,2,0,CORPORATE
Joel No Cap Sports,Joel Davis,https://anchor.fm/s/11741fac4/podcast/rss,"🎙️ Joel No Cap — Sports Review Podcast
No scripts. No politics. No sugarcoating. JUST SPORTS. 🏆
Welcome to Joel No Cap, where Joel breaks down the biggest stories, games, players, coaches, trades, controversies, and straight-up madness happening across the sports world.
From the NFL and NBA to MLB, college sports and beyond, Joel brings his own unapologetic perspective, real analysis, hot takes, and plenty of personality. If the play was trash, we’re calling it trash. If a player is that dude, we’re giving him his flowers. And if somebody is selling you a dream?
WE’RE CUTTING THE CAP. 😂",Anchor,en-us,https://d3t3ozftmdmh3i.cloudfront.net/staging/podcast_uploaded_nologo/46751673/46751673-1789410593798-1122668553e46.jpg,2026-10-02 09:41:56,8056454,confirmed,https://podcasters.spotify.com/pod/show/joel709,1790934116,0830595455093e7e9ed3ecacf47bad52,6812806092.0,2,0,INDIVIDUAL
Black Effect's Bloodline Crimes,The Black Effect Podcast Network and iHeartPodcasts,https://www.omnycontent.com/d/playlist/e73c998e-6e60-432f-8610-ae210140c5b1/65f77d4d-bcc2-470e-a0b7-b4ce00f2941b/aaab4c03-b2d5-4a65-9196-b4ce00f29816/podcast.rss,"The Black Effect Presents: Bloodline Crimes is a gripping true crime podcast that unearths the chilling stories of Black families entangled in bloodshed, betrayal, and generational trauma. From infamous murderers to criminal duos bonded by blood, each episode dives deep into the psychological, historical, and cultural forces behind crimes committed by relatives—siblings, parents, cousins—who turned on their own or turned on others together. Combining expert interviews, immersive storytelling, and archival context, Bloodline Crimes doesn't just ask what happened, but why it happened in this family.",Megaphone,en-US,https://www.omnycontent.com/d/programs/e73c998e-6e60-432f-8610-ae210140c5b1/65f77d4d-bcc2-470e-a0b7-b4ce00f2941b/image.jpg?t=1790843138&size=Large,2026-10-02 09:41:39,8056453,confirmed,https://iheart.com/,1790934099,03577e53a86623a801d05fe898fb55b6,6818073176.0,2,0,CORPORATE
Inspiration For The Seekers Soul Ust RSB,Habibty Halaqah Online,https://www.spreaker.com/show/7425956/episodes/feed,"Weekly dose of inspiration for the Seekers Soul, words of wisdom recorded in a short clip by Ustaadha Rehana Shah Bulbulia",Spreaker,en,https://d3wo5wojvuv7l.cloudfront.net/t_rss_itunes_square_1400/images.spreaker.com/original/d4afa6a336949ef28f504446c6a26a13.jpg,2026-10-02 09:31:48,8056446,confirmed,https://www.spreaker.com/podcast/inspiration-for-the-seekers-soul-ust-rsb--7425956,1790933508,b399edf15b6061c758bf93349249571e,,4,0,INDIVIDUAL
Bomban Podcast,bombanpodcast,https://feeds.redcircle.com/66b40f43-e619-4f3a-9d6a-225f6353ab44,"Velkomin í Bomban Podcast þar sem við tökum fótboltann og íþróttirnar alveg í gegn. Hér er ekkert bull, engin sykurhúðun og engin feimni við að segja hlutina beint út. Við förum í klefann, á völlinn, í sögurnar sem aldrei komast í viðtölin og í umræðurnar sem allir eru að pæla í en enginn þorir að tala um. Ef þú lifir og hrærir í íþróttum, eða bara fílar alvöru passion… þá ertu kominn heim.",Spotify for Podcasters,en,https://media.redcircle.com/images/2026/10/2/9/fc6d2fed-1f94-405e-8688-11658c8de187_bomban_cover9u2xs.png,2026-10-02 09:30:05,8056444,confirmed,https://redcircle.com/shows/bomban-podcast,1790933405,feb7866e6f17a3da20b5b20dd742e93f,1839822640.0,4,0,INDIVIDUAL
Audio Book: Parables of the Messiah (John Carter),The Bible Channel,https://anchor.fm/s/fb9c9770/podcast/rss,"In the Gospel of Mark, Chapter 4, we read that Jesus taught many things to his disciples by parables, and they were an important part of his doctrine.
In this chapter he told them the greatest of all the parables: The Sower.
Mark 4v13 And he said unto them, Know ye not this parable? and how then will ye know all parables?
He gave them a detailed explanation of this parable, but he went to speak many other parables, and the gospel writers didn't record for us all their explanations. The ""Sower"" parable gives us an outline and basis for interpretation to apply spiritual principles to all the o",Anchor,en-gb,https://d3t3ozftmdmh3i.cloudfront.net/staging/podcast_uploaded_nologo/42113436/42113436-1727528585390-bc21cf57b1ce6.jpg,2026-10-02 09:19:24,8056430,confirmed,https://christadelphianvideo.org,1790932764,7cc0bdad0758ca5bedb61189fda7ea32,6816634483.0,2,0,CORPORATE
TL: Understanding Europe,Topic Lens,https://feeds.acast.com/public/shows/6abe10b056d8e12f091452da,"<p><strong>TL: Understanding Europe</strong> explores the countries, cultures and histories that make Europe distinctive. We give you the context to connect the dots, understand the headlines and make better sense of the world.</p><p>TL stands for <strong>The Topic Lens Podcast</strong>. Politically independent, this show is part of the wider Topic Lens universe. For episodes on the United States, geopolitics, history and sport, visit our main channel, <strong>The Topic Lens Podcast</strong>.</p><br><p>This channel is part of our exploration of each individual nation state in Europe - viewed through the lens of an American. We have also a channel where we explore each individual state in the US - viewed through a European lens.</p><br><p>🔍 Transparency</p><p>This podcast uses AI-generated dialogue (NotebookLM). The voices may sound real - they are not. The goal is not to simulate humans, but to communicate ideas clearly.</p><br><p>🎯 Why it exists</p><p>We use AI tools (ChatGPT, Claude, Gemini) and other sources to research, compare perspectives, and turn that into structured audio you can listen to while commuting or doing everyday chores.</p><br><p>⚠️ Note This content is AI-assisted and based on aggregated sources. It should be used as a starting point for understanding — not as a substitute for primary sources or expert analysis.</p><hr><p style='color:grey; font-size:0.75em;'> Hosted on Acast. See <a style='color:grey;' target='_blank' rel='noopener noreferrer' href='https://acast.com/privacy'>acast.com/privacy</a> for more information.</p>",Acast,en,https://assets.pippa.io/users/69c29737fce4b829c57edbeb/pre-show-covers/1790840365371-cd7d192a-df0d-44e3-9157-f87ee895eb31.jpeg,2026-10-02 09:16:36,8056429,confirmed,https://shows.acast.com/tl-understanding-europe,1790932596,58c8e6e675030c373aece049feb289aa,,0,0,INDIVIDUAL
Innovation Hackers with Tricia Cerrone,Tricia Cerrone,https://rss.buzzsprout.com/2597826.rss,"<p>A leadership podcast for ambitious women who want to innovate, influence, and lead meaningful change. Hosted by a former Walt Disney Imagineering executive, innovation leader, and award-winning author and storyteller, this show teaches the behaviors, process, and practical tools, to lead innovation and build collaborative cultures that actually work. Be the leader who brings out the best ideas in every room and delivers solutions that make life and our world better.</p><p><br></p><p>Innovation isn’t genius. It's a choice. You can learn it and lead it.</p><p>Welcome to Innovation Hackers.</p>",Buzzsprout,en-us,https://storage.buzzsprout.com/bwqdop2kofdrqzelm01nlnla7k73?.jpg,2026-10-02 09:05:36,8056426,confirmed,https://innovationhackers.buzzsprout.com,1790931936,373d9003e44061be37e00268778ca1c4,,4,0,INDIVIDUAL
Real Talk Pod,Shuwekar Sharif,https://rss.buzzsprout.com/2654269.rss,"<p>The UEL Chaplaincy has created the Real Talk Podcast as a space for open, relaxed and meaningful conversations about the things that matter to our staff and students. Bringing together Chaplains, students, staff and guests from across UEL, each episode explores a range of topics including faith and spirituality, belonging, identity, wellbeing and culture, as well as the everyday experiences and challenges of university and working life. Whether it’s a personal story, a different perspective or a conversation about something we all experience, the podcast creates a welcoming space to listen, reflect and connect.</p>",Buzzsprout,en-gb,https://storage.buzzsprout.com/jo7lg9g6u2ksr3hoayeqn2wk39n2?.jpg,2026-10-02 09:05:30,8056425,confirmed,,1790931930,79737ee74296597fcd2380df037919ee,,4,0,INDIVIDUAL
A Conversation With Eli Jaxon-Bear,Eli Jaxon Bear,https://feeds.acast.com/public/shows/6abf6e4801239e8aeef3d657,"Spiritual teacher and author, Eli Jaxon-Bear has devoted his life to transmitting a silent mind and an open heart — and to sharing the truth that it's possible, in this very lifetime, to wake up and discover the truth of yourself. These conversations are in service of that, to all beings being happy and free.<hr><p style='color:grey; font-size:0.75em;'> Hosted on Acast. See <a style='color:grey;' target='_blank' rel='noopener noreferrer' href='https://acast.com/privacy'>acast.com/privacy</a> for more information.</p>",Acast,en,https://assets.pippa.io/users/6478565a62b0900011eb1f6f/pre-show-covers/1790930390362-8b342bd4-b444-4cb5-b0ed-6153d30bd541.jpeg,2026-10-02 09:00:03,8056423,confirmed,https://www.leelaschool.org/,1790931603,6090131a1ca4751aef04484debc0950b,,0,0,INDIVIDUAL
Soulful Stories with Steph,Steph McCarter,https://rss.buzzsprout.com/2505852.rss,"<p>Welcome to <b><em>Soulful Stories with Steph</em></b> - A podcast for the curious souls, recovering overthinkers and heart-led humans looking to find a moment of calm in the chaos.</p><p><br /></p><p>Hey, I’m Steph, an integrative therapist and recovering perfectionist - here to share the real, raw and sometimes ridiculous side of healing and being human. Think honest chats about growth, purpose, parenting and the glorious mess of being human... sprinkled with little moments of energetic wisdom and nervous system know-how.</p><p><br /></p><p>No preachy stuff and no “high vibe only” nonsense. Just grounded soul talk, one story at a time.</p>",Buzzsprout,en,https://d3t3ozftmdmh3i.cloudfront.net/staging/podcast_uploaded_nologo/46448115/2f6382cd32e4a689.jpg,2026-10-02 08:56:46,8056422,confirmed,https://podcasters.spotify.com/pod/show/whitespace-wellbeing,1790931406,0ca745a1907c15279d76ef04f9f1da1b,,4,0,INDIVIDUAL
The Wynn's Kitchen Podcast,Wynn Austin,https://rss.buzzsprout.com/1938859.rss,"<p>The host, Wynn Austin is the founder & CEO of Wynn's Kitchen, San Diego mom, and an ambassador for healthy living. In 2016, on her healing health journey she found it impossible to find an Asian sauce that did not have sugar, soy, or gluten which led her to start her business. <br /><br />Without any professional background in culinary or the consumer product food business, she learned through connecting with people and seeking out resources and was able to successfully launch her brand and products to the market.<br /><br />""The Wynn's Kitchen Podcast"" will have candid and unedited conversations, just like you you were there in the kitchen listening in! Wynn shares her own candid stories of challenges and successes of her entrepreneurial journey, health and kitchen tips, and recipes. She also connects with food entrepreneurs, and other guests that can share their journey, knowledge and advice on what it takes to launch and grow a consumer product food business. <br /><br />Wynn's goal is to help other food entrepreneurs learn and get inspired on their own journey. <br /><br />You can check out Wynn's Kitchen's products & recipes on her website:https://wynnskitchen.com and follow her daily journey on Instagram: wynnskitchen</p>",Buzzsprout,en,https://hosting-media.riverside.com/media/imports/podcasts/66e19876-1534-4ecc-8d0d-fd0a22f5224a/dg05z3gzqzd4ljoa0iw0ahrm5x22.jpg,2026-10-02 08:56:43,8056421,confirmed,https://wynnskitchen.com/blogs/wynns-world/tagged/podcasts#blog-filters,1790931403,bbe65dc3f59afb91136211a7501f5b86,,4,0,INDIVIDUAL
The SZN with Nick Foles & Evan Moore,The SZN,https://rss.buzzsprout.com/2528603.rss,The SZN gives you everything you need to know about the upcoming week in football and dives into the hottest storylines in the league.,Buzzsprout,en-us,https://image.simplecastcdn.com/images/43dbea52-548c-4fd5-820d-a1c25c9023a5/d608485f-fd65-4802-ad38-ee4f6f72bf2b/3000x3000/ju9b42fbx7kmwspsorbehx8n6mrl.jpg?aid=rss_feed,2026-10-02 08:56:43,8056420,confirmed,https://www.nbcnews.com/,1790931403,2a27438376bbd8af3f73ce02aba4ec6b,,4,0,CORPORATE
The Story Rules Podcast,Ravishankar Iyer,https://rss.buzzsprout.com/1742201.rss,"Storytelling is an ancient craft and humans are wired for story. Yet when it comes to telling the story of our work, we often fall short. My mission, through 'Story Rules', is to help you tell a better story of your work. I do that by tapping into the fascinating and wondrous world of storytelling techniques. In 'The Story Rules Podcast', we will have long, deep and meaningful conversations with some of the best storytellers in the world. We will explore their life story, discuss their storytelling philosophy and unearth the secrets of their craft. Listeners will get to learn, grow their own inner storyteller, and achieve better outcomes at work—by leveraging the power of story. <br/><br/><a href=""https://storyrules.substack.com/s/the-story-rules-podcast?utm_medium=podcast"">storyrules.substack.com</a>",Buzzsprout,en,https://substackcdn.com/feed/podcast/92357/s/457983/da3c4b00b5457feb0862e32765485157.jpg,2026-10-02 08:56:43,8056419,confirmed,https://storyrules.substack.com/s/the-story-rules-podcast,1790931403,7babebd3aa20f3fac62cbcd20ab6ebea,,4,0,INDIVIDUAL
The Book is Always Better?,Len Daniels; Ryan Watson,https://feeds.transistor.fm/the-book-is-always-better,Hello and welcome to The Book is Always Better? Len Daniels and Ryan Watson pit books (and sometimes other media) against their adaptations into other media in order to finally decide once and for all if the book is always better.,Transistor,en,https://img.transistorcdn.com/9DN1X4M5YAsWmIdFnAGt2dmwDVOrWSCJNORa0z8dooQ/rs:fill:0:0:1/w:1400/h:1400/q:60/mb:500000/aHR0cHM6Ly9pbWct/dXBsb2FkLXByb2R1/Y3Rpb24udHJhbnNp/c3Rvci5mbS8yMGJi/YzAwOTkwYzNhMjFk/NGYwNTFmOTFhOWU5/ZWM5OC5qcGc.jpg,2026-10-02 08:54:35,8056415,confirmed,,1790931275,86389588a70691be7753579c02e5cda5,,4,0,INDIVIDUAL
Python To You,DOZANAE,https://www.spreaker.com/show/7426037/episodes/feed,"Python To You is a podcast dedicated to learning Python programming in a simple, practical, and easy-to-understand way.<br />From basic concepts like variables, data types, conditions, loops, and functions to more advanced programming topics, each episode helps listeners improve their Python skills step by step.<br />Whether you are completely new to programming or looking to strengthen your Python knowledge, Python To You brings useful lessons, explanations, tips, and programming ideas directly to you.<br />Learn Python. Practice. Improve. Python To You.<br />",Spreaker,en,https://d3wo5wojvuv7l.cloudfront.net/t_rss_itunes_square_1400/images.spreaker.com/original/e1a5571154c7bc7878910aaeeb1787c7.jpg,2026-10-02 08:53:26,8056414,confirmed,https://www.spreaker.com/podcast/python-to-you--7426037,1790931206,edf8b55cb42d2bc78bbec9f346db93f2,,4,0,INDIVIDUAL
Ketan Sharma,Ketan Sharma,https://www.spreaker.com/show/7396880/episodes/feed,"<b>Ketan Sharma Surgery focuses on plastic and reconstructive surgery, with additional specialization in hand surgery. Ketan Sharma, MD, MPH, is associated with St. Luke’s Clinic in Meridian, Idaho. His professional background includes medical education at Duke University School of Medicine and documented academic work in plastic and reconstructive surgery.</b>",Spreaker,en,https://d3wo5wojvuv7l.cloudfront.net/t_rss_itunes_square_1400/images.spreaker.com/original/c325d8a632a674f015b67fbcf6819cf4.jpg,2026-10-02 08:51:22,8056411,confirmed,https://ketansharmasurgery.odoo.com/,1790931082,5d793d3e2ef99d55341be4243df46296,,4,0,INDIVIDUAL
WeBirthEmpowered - The Podcast,WeBirthEmpowered,https://anchor.fm/s/f724b3e4/podcast/rss,"Welcome to the WeBirthEmpowered Podcast hosted by board-certified OB/GYN Dr. Delisa Skeete Henry. Bringing 20+ years of clinical experience, Dr. Henry bridges evidence-based medicine with compassionate advocacy to give you agency over your body. From physiologic birth, vaginal birth optimization, and informed consent to lifelong health topics like fibroids, fertility, and menopause, this podcast dismantles myths through clinical facts, birth stories, and expert insights so you can step into your care empowered.",Anchor,en,https://d3t3ozftmdmh3i.cloudfront.net/staging/podcast_uploaded_nologo/41363777/41363777-1786635229654-a4896908a6657.jpg,2026-10-02 08:48:28,8056410,confirmed,https://www.webirthempowered.com,1790930908,16ccbe8e2d1128bd4e39821b6a40158d,6807500325.0,2,0,INDIVIDUAL
Food Smart & Waste Less,John Mccowsky,https://www.spreaker.com/show/7426027/episodes/feed,"Welcome to Food Smart & Waste Less, where we turn everyday food habits into smart, simple, and surprisingly fun adventures! From clever kitchen hacks and creative leftover recipes to smarter grocery shopping and easy food-storage tricks, we explore practical ways to make every ingredient count. Because that forgotten carrot in the back of your fridge might still have a second act!Join us for relaxed conversations, tasty ideas, and plenty of ""why didn't I think of that?"" moments as we discover how to save money, enjoy better meals, and send less food to the trash. No complicated rules, no boring lectures—just practical tips, good food, and a little creativity to help you eat smarter and waste less.",Spreaker,en,https://d3wo5wojvuv7l.cloudfront.net/t_rss_itunes_square_1400/images.spreaker.com/original/47085c90883b4b1baa85351933eb9a32.jpg,2026-10-02 08:42:26,8056407,confirmed,https://www.spreaker.com/podcast/food-smart-waste-less--7426027,1790930546,402cf5994f7ab617091f144edff599ff,,4,0,INDIVIDUAL
Sleep & Meddition,Suca va Suca va,https://www.spreaker.com/show/7426028/episodes/feed,"Welcome to a peaceful space for deep sleep, relaxation, meditation, and inner calm. 🌙<br />Listen to soothing sounds, calming stories, guided meditations, and relaxing audio designed to help you slow down, clear your mind, reduce everyday stress, and enjoy a more peaceful night.<br />Close your eyes, breathe deeply, let go of the day, and allow yourself to drift into a calm and restful state. ✨<br />Sleep deeply. Relax completely. Find your inner peace.",Spreaker,en,https://d3wo5wojvuv7l.cloudfront.net/t_rss_itunes_square_1400/images.spreaker.com/original/0309f4113e51c402cff06364d6c8c4ef.jpg,2026-10-02 08:39:44,8056404,confirmed,https://www.spreaker.com/podcast/sleep-meddition--7426028,1790930384,b49f4f948b0b5329742d228412f791a8,,4,0,INDIVIDUAL
Daily Comedy Therapy,Daily Comedy Therapy,https://www.spreaker.com/show/7426033/episodes/feed,"<b>Welcome to Daily Comedy Therapy — your daily dose of unfiltered laughs, hilarious stories, and pure entertainment! 🎙️😂</b>Life getting too stressful? We’ve got the ultimate cure! Tune in every day as we dive into funny real-life moments, awkward encounters, crazy pop culture updates, and side-splitting banter designed to lift your mood instantly.<b>What you'll get in every episode:</b><br /><ul><li>⚡ <b>Daily Laughs:</b> Quick, funny stories to brighten your day.</li><li>🤣 <b>Relatable Humor:</b> Unfiltered chat on everyday life and crazy situations.</li><li>🎧 <b>Good Vibes Only:</b> The best stress buster for your daily commute or coffee break.</li></ul><b>Laughter is the best medicine — hit FOLLOW or SUBSCRIBE now to join the fun!</b>",Spreaker,en,https://d3wo5wojvuv7l.cloudfront.net/t_rss_itunes_square_1400/images.spreaker.com/original/4e6cc17d950b10606e631ec052e9fc4a.jpg,2026-10-02 08:33:11,8056397,confirmed,https://www.spreaker.com/podcast/daily-comedy-therapy--7426033,1790929991,0fdbc16cc00940115d0576ea71e66c28,,4,0,INDIVIDUAL
Makeup & True Crime,Makeup & True Crime,https://www.spreaker.com/show/7425960/episodes/feed,"🎙️ MAKEUP & TRUE CRIME — Beauty Meets Mystery. Welcome to a world where glamour meets the dark side of reality. MAKEUP & TRUE CRIME combines the art of beauty with the most fascinating mysteries, shocking cases, and unforgettable stories behind real crimes. Each episode explores the details, investigations, and hidden truths behind true crime cases while bringing a unique makeup-inspired atmosphere that blends creativity, suspense, and storytelling. From mysterious disappearances to chilling investigations, we uncover the stories that captured the world’s attention — one case, one look, and one mystery at a time.",Spreaker,en,https://d3wo5wojvuv7l.cloudfront.net/t_rss_itunes_square_1400/images.spreaker.com/original/dfa49bae27467bf472a5e2b9e35e8605.jpg,2026-10-02 08:30:55,8056395,confirmed,https://www.spreaker.com/podcast/makeup-true-crime--7425960,1790929855,4a60a903722d8084af1f668f46af8329,,4,0,CORPORATE
The Crime Scene Files & Secrets,The Crime Scene Files & Secrets,https://www.spreaker.com/show/7426019/episodes/feed,"<b>Step inside the yellow tape with The Crime Scene Files & Secrets — your ultimate pass into the world’s most chilling cold cases, unsolved mysteries, and dark psychological profiles.</b>Unravel the hidden evidence, forgotten motives, and buried truths behind the headlines. From mysterious disappearances to complex criminal minds across the US, UK, and beyond, every episode digs deep into the secrets the evidence leaves behind.<b>What you'll uncover in every case:</b><br /><ul><li>🕵️‍♂️ <b>Deep Dive Case Files:</b> Unfiltered analysis of unsolved cases and criminal mysteries.</li><li>🔍 <b>Hidden Evidence:</b> The crucial details missed by mainstream media.</li><li>🚪 <b>Behind Closed Doors:</b> True crime stories told with raw, immersive detail.</li></ul><b>Are you ready to unlock the truth? Hit FOLLOW or SUBSCRIBE now and never miss a case!</b>",Spreaker,en,https://d3wo5wojvuv7l.cloudfront.net/t_rss_itunes_square_1400/images.spreaker.com/original/bda469d31fde1ecf0902dc2429f286e7.jpg,2026-10-02 08:23:48,8056391,confirmed,https://www.spreaker.com/podcast/the-crime-scene-files-secrets--7426019,1790929428,4491d958cdf9cc104d5fdae1d804a136,,4,0,CORPORATE
Whispers in the Walls,Jessica Herman,https://anchor.fm/s/1163e70f8/podcast/rss,"History has a way of sticking around. Join Jessica on Whispers in the Walls as she explores the chilling, true histories and haunted halls behind America's most iconic buildings. She’ll dig into the blueprints, uncover the forgotten lives, and share a themed drink along the way. New episodes drop every Thursday—keep your ears open.",Anchor,en,https://d3t3ozftmdmh3i.cloudfront.net/staging/podcast_uploaded_nologo/46581582/46581582-1790877005070-69152a9c2ff46.jpg,2026-10-02 08:15:35,8056384,confirmed,https://podcasters.spotify.com/pod/show/jessica-herman9,1790928935,efc08756cb0dfe6c137c971d19cb2916,6817533783.0,2,0,INDIVIDUAL
Confident Inclusion,Toby & Brooklyn,https://rss.buzzsprout.com/2651669.rss,"<p>Confident Inclusion<br>For leaders creating safer, more inclusive workplaces.<br>Real conversation. Practical answers. <br>With Toby and Brooklyn</p>",Buzzsprout,en-gb,https://storage.buzzsprout.com/g0erm3t3zrusjx9zygdi15tr0jlx?.jpg,2026-10-02 08:05:38,8056381,confirmed,,1790928338,19d57848d67c496c68e19c29434fd112,,4,0,CORPORATE
Carrying The Dream,Carrying The Dream,https://anchor.fm/s/117e83510/podcast/rss,"Carrying the Dream is a podcast about history, friendship, race, and our ongoing journey toward understanding one another. Hosted by Charles Woods III and Chaz Culp, two friends from different racial backgrounds, we explore the people, struggles, and ideas that shaped the Civil Rights Movement—and what those lessons mean today. Through honest conversation and personal reflection, we connect the past to the present and seek greater understanding across racial and cultural lines. History isn’t behind us—it’s between us. 🎙️ Subscribe and carry the dream forward.",Anchor,en,https://d3t3ozftmdmh3i.cloudfront.net/staging/podcast_uploaded_nologo/46860612/46860612-1790710681901-82f63c2596e71.jpg,2026-10-02 07:56:06,8056374,confirmed,https://podcasters.spotify.com/pod/show/carrying-the-dream3,1790927766,5065cccc4a13f5c7e00067d1f633f4ee,6817503118.0,2,0,INDIVIDUAL
Easy Learn chinese,Easy Learn chinese,https://www.spreaker.com/show/7425959/episodes/feed,"Welcome to Easy Learn Chinese—your ultimate destination for mastering Mandarin Chinese in a simple, fun, and effective way! Whether you are a complete beginner starting from scratch or looking to improve your speaking, listening, and reading skills, this channel is designed to guide you step-by-step through your learning journey.<br />Here, we break down complex grammar rules, teach high-frequency vocabulary, and help you master Pinyin and Chinese characters (Hanzi) with ease. Through bite-sized lessons, practical real-life conversations, and engaging cultural tips, you'll gain the confidence to speak Chinese naturally.<br />What you’ll find on this channel:<br />📚 Essential Chinese lessons for beginners to advanced learners<br />🗣️ Pronunciation guides, tones practice, and daily vocabulary<br />🏯 Cultural insights, traditions, and fun facts about China<br />✍️ Step-by-step guides for reading and writing Chinese characters",Spreaker,en,https://d3wo5wojvuv7l.cloudfront.net/t_rss_itunes_square_1400/images.spreaker.com/original/e7231c14b246a089bcea90d665e50f64.jpg,2026-10-02 07:54:39,8056373,confirmed,https://www.spreaker.com/podcast/easy-learn-chinese--7425959,1790927679,1f1e4af9c0bd7acf44dc215bf67be098,,4,0,INDIVIDUAL
Vic Off The Books,Victoria Edionwe,https://anchor.fm/s/11771c4c0/podcast/rss,"WE’RE TALKING ALL ABOUT IT! 
Hosted by Victoria, Vic Off the Books is where the conversations go beyond the books, the CVs, the expectations and the perfectly put-together version of life. From ambition, careers and chasing big dreams to relationships, friendships, faith, confidence, heartbreak, identity and the lessons nobody teaches you.
…Because life doesn’t always follow the plan, sometimes you have to go off the books!",Anchor,en-gb,https://d3t3ozftmdmh3i.cloudfront.net/staging/podcast_uploaded_nologo/46782992/46782992-1790585924058-de726fb92e56b.jpg,2026-10-02 07:52:17,8056370,confirmed,https://podcasters.spotify.com/pod/show/victoria-edionwe,1790927537,7db998dea48c9c6dc4f2ae2ba40601b4,6817003393.0,2,0,INDIVIDUAL
Bricks or Sticks,Bricks or Sticks,https://rss.libsyn.com/shows/263444/destinations/2001704.xml,"Welcome to Bricks or Sticks: applying lessons from children's fairytales to doing business in the 21st century, hosted by Brian Moran and Jocelyn Ring. For more information on our workshops for business owners, to subscribe to our newsletter, or to listen to previous podcasts, visit our website at www.bricksorsticks.com.",Libsyn,en,https://static.libsyn.com/p/assets/d/9/a/d/d9ad6b59bb9ccbdb88c4a68c3ddbc4f2/Brian_Moran_-_Bricks_Album_artwork.png,2026-10-02 07:41:29,8056367,confirmed,http://www.bricksorsticks.com,1790926889,ae50ce77711184d086f723fbec304a99,1678672125.0,2,0,INDIVIDUAL
Parenting With Purpose & Grace,"vanessa Hernandez, LMFT",https://rss.buzzsprout.com/2603569.rss,"<p>Parenting with Purpose & Grace helps parents raise their children with intention, connection, and  family values. The podcast offers practical parenting strategies, child development insight, and  guidance on discipline that teaches, healthy boundaries, and breaking generational patterns while building a strong parent-child relationship.</p>",Buzzsprout,en-us,https://storage.buzzsprout.com/7756nhisw9ofmww7r13h3z6lsk0p?.jpg,2026-10-02 07:24:48,8056357,confirmed,,1790925888,c62025831fec53d74d1708b50d7f5d64,,0,0,CORPORATE
Story Time Podcast,StoryTimePod,https://rss.buzzsprout.com/2655108.rss,"Storytime Podcast with Joshua Eady is a South African guest-based show that dives into the lives, stories, and experiences of athletes, musicians, creatives, and industry leaders. Hosted by actor and producer Joshua Eady, the podcast blends in-depth conversations with behind-the-scenes insights and unfiltered storytelling. Tune in for engaging discussions, unexpected moments, and a fresh take on the people shaping culture.
Produced by Studio Seventy x Seven
",Buzzsprout,en,https://storage.buzzsprout.com/usoppe2zqsjmrrerci81kt0ayi3a?.jpg,2026-10-02 07:23:40,8056356,confirmed,https://podcasters.spotify.com/pod/show/joshua-eady,1790925820,723eaffbf4c1a46ec64059012788b612,,4,0,INDIVIDUAL
D.N.A - Dad 'N Alexis,Alexis Putman and David Maldonado,https://anchor.fm/s/117414070/podcast/rss,"D.N.A. - Dad ’N Alexis is a father-daughter podcast diving into true crime, current events, controversial cases, and the stories that make us ask, “Does that actually add up?” With two generations and two perspectives, we break down the facts, question the narrative, and share our takes along the way. Sometimes we agree, sometimes we don’t, and sometimes we leave with even more questions. We’re not here to tell you what to think, we’re here to get you asking why. Where questioning everything is in our DNA.",Anchor,en-us,https://d3t3ozftmdmh3i.cloudfront.net/staging/podcast_uploaded_nologo/46751196/46751196-1789406422542-7006df8d094c4.jpg,2026-10-02 07:23:09,8056355,confirmed,https://podcasters.spotify.com/pod/show/alexis-putman1,1790925789,8faf41ae03aea5cf03d950fdde963a19,6817929575.0,2,0,CORPORATE
Golf Club Secretary,Cookie Jar Golf,https://rss.buzzsprout.com/2651481.rss,"<h1>Expert briefing, advice and networking for golf club <em>administrators</em>.</h1><p><br></p>",Buzzsprout,en-us,https://storage.buzzsprout.com/3ld6v9rhdl64403nx8n68y5wpqwt?.jpg,2026-10-02 07:01:33,8056336,confirmed,https://www.buzzsprout.com/2651481,1790924493,d28567a9086afe849d412f481de69bfa,,4,0,INDIVIDUAL
Oregon's Dark History,Marcus Axford,https://feeds.captivate.fm/oregons-dark-history/,"An Oregon true crime podcast that dives into the darkest stories the state has to offer, including serial killers, the KKK, shipwrecks, fires, cryptids, and so much more!",Captivate,en,https://artwork.captivate.fm/71f98fa2-6a37-4df3-adcd-e37dbeac4955/ODH-logo-resized.jpg,2026-10-02 07:01:23,8056335,confirmed,https://oregons-dark-history.captivate.fm,1790924483,688823e4f514221161f787a708c1bcd4,,4,0,INDIVIDUAL
The Business Frequency,Ricky Willis,https://feed.podbean.com/rickycwillis296/feed.xml,"<p>The Business Frequency is a podcast about the ideas, decisions, and real experiences that shape modern business.</p>
<p>Hosted by entrepreneur and business-minded host Ricky Willis, the show explores what it really takes to build, grow, and sustain a successful business. Each episode dives into practical conversations around entrepreneurship, leadership, strategy, money, marketing, productivity, and the challenges that come with running a business.</p>
<p>From lessons learned the hard way to smarter ways of approaching growth, The Business Frequency brings honest conversations and useful insights for founders, entrepreneurs, business owners, and ambitious professionals.</p>
<p>No unnecessary business jargon. No overnight-success promises. Just real conversations about what actually happens behind the numbers.</p>",Podbean,en,https://pbcdn1.podbean.com/imglogo/image-logo/22674608/The_Business_Frequency_Podcast_Cover.jpg,2026-10-02 06:48:02,8056327,confirmed,https://rickycwillis296.podbean.com,1790923682,5c3853c13303a1999a3a95d0c5c4ec58,6817955126.0,2,0,INDIVIDUAL
Saint et Sauf,Grace Ngatsongo,https://feeds.transistor.fm/saint-et-sauf,"Saint et Sauf est un podcast chrétien francophone pour celles et ceux qui veulent suivre Jésus dans la vraie vie. Dans ce podcast, Grâce partage son journal d’une disciple en devenir et ouvre des conversations vraies, ancrées dans la Bible, sur la foi chrétienne, l’identité, les relations, les blessures et la croissance spirituelle. Un podcast Les Fruits de sa Grâce pour avancer avec Dieu, sans prétendre avoir toutes les réponses.",Transistor,en,https://img.transistorcdn.com/OjblDJf9DME5VkerOSu9-Yt5VR3TrNMb-1Rk5hPmPUE/rs:fill:0:0:1/w:1400/h:1400/q:60/mb:500000/aHR0cHM6Ly9pbWct/dXBsb2FkLXByb2R1/Y3Rpb24udHJhbnNp/c3Rvci5mbS82Zjc2/NWQ3ZDM2ZGVkMmFh/OTQ1OTkyZGIxMWMz/MjZkNi5wbmc.jpg,2026-10-02 06:47:46,8056326,confirmed,,1790923666,355943d0801fcd4f7e8338dcadb2deab,6818435575.0,4,0,INDIVIDUAL
Vegans Of The Undead the PODCAST,Will Pritchard,https://www.spreaker.com/show/7425784/episodes/feed,"Vegans of the undead is not the first podcast hosted by Will and Melissa Pritchard, it is the second incantation and an offshoot of dead Creek radio live which ran from 2013 to 2017 respectfully and was exclusively on the paranormal King radio Network. <br /><br />Why vegans of the undead well it kind of goes like this I had a dream one night about zombies but in a dream it was like what if zombies were vegans would they attack humans or would they attack plants and the food source that we have and so I just started from there you can just really a variety show that we'll talk about anything and everything not necessarily paranormal we can also do politics as well as also religion if that's your cup of tea. <br /><br />We welcome all thoughts all walks of life, and even though we're going to specialize and cryptid and UFO and upas we will and can talk about other subjects conspiracy theories ghosts haunting or your aunt Ethel's apple pie. <br />",Spreaker,en,https://d3wo5wojvuv7l.cloudfront.net/t_rss_itunes_square_1400/images.spreaker.com/original/f5f585e5f9752145818dce63d8f2ceac.jpg,2026-10-02 06:42:42,8056320,confirmed,https://www.spreaker.com/podcast/vegans-of-the-undead-the-podcast--7425784,1790923362,3f8df33a350d4d62f60590b5fc0e0a58,,4,0,INDIVIDUAL
The Scality Pod,The Scality Pod,https://www.spreaker.com/show/7425801/episodes/feed,"Welcome to a podcast where PC building meets gaming, tech, and pure enthusiast energy. We talk about everything from choosing the right CPU and GPU to building balanced rigs, upgrading your setup, optimizing performance, cooling, undervolting, troubleshooting, and avoiding those expensive hardware mistakes. Whether you're building your first gaming PC or already have a battle station that looks like it belongs in a spaceship, there’s always something new to discover.<br /><br />Expect relaxed conversations, practical tips, hardware discussions, gaming stories, and plenty of opinions about what is actually worth your money. No unnecessary tech jargon, no obsession with having the most expensive setup—just honest conversations about building smarter PCs and getting more fun out of your games. Grab your headset, fire up your rig, and let’s talk hardware, performance, and gaming.<br />",Spreaker,en,https://d3wo5wojvuv7l.cloudfront.net/t_rss_itunes_square_1400/images.spreaker.com/original/76e766a7fa86a79c6250ce2a905c8bd7.jpg,2026-10-02 06:40:36,8056318,confirmed,https://www.spreaker.com/podcast/the-scality-pod--7425801,1790923236,6bde46d94018e560d5d10b3f6bb460d5,,4,0,CORPORATE
Doctors Helping Doctors Grow,Doctors Helping Doctors Grow,https://rss.buzzsprout.com/2655090.rss,"<blockquote>Medicine teaches doctors how to earn money, but nobody teaches them what to do with it. On Doctors Helping Doctors Grow, Dr Anna Pham and mortgage broker Shubham Bhaskar talk through how banks lend to doctors and how to turn a good income into wealth that lasts.</blockquote><p><br></p>",Buzzsprout,en-au,https://storage.buzzsprout.com/fswdw0651uxful571sqtgez0cvcn?.jpg,2026-10-02 06:35:55,8056315,confirmed,https://www.buzzsprout.com/2655090,1790922955,298bbd7b2fa1826c48156264c48d1f38,,4,0,INDIVIDUAL
FCB Faith Today,FCB Faith,https://www.spreaker.com/show/7425805/episodes/feed,"FCB Faith Today features engaging conversations with notable personalities from entertainment, sports, ministry, business and beyond, exploring current projects, career journeys, life, faith, culture and the experiences that shape their work and influence.",Spreaker,en,https://d3wo5wojvuv7l.cloudfront.net/t_rss_itunes_square_1400/images.spreaker.com/original/0c25525cb73e07d4c89ac229ac662727.jpg,2026-10-02 06:24:54,8056309,confirmed,https://www.spreaker.com/podcast/fcb-faith-today--7425805,1790922294,8c9548caa14dd5aa9677fa41712bdd22,6818428723.0,4,0,INDIVIDUAL
Drift Podcast For Sleep,Grandpa Jay,https://rss.buzzsprout.com/2655099.rss,"Welcome to Drift with Grandpa Jay. 🌙
Your quiet corner of the world to slow down, breathe deep, and drift off to sleep.
Drift is a cozy bedtime podcast for grown-ups who can't sleep — slow, soothing sleep stories, guided sleep meditations, and calming sleep music and binaural beats. No loud noises, no stress, no cliffhangers. Just a warm, gentle voice to carry you into deep, restful sleep.
Perfect for insomnia, anxiety, nighttime overthinking, or anyone who just wants a kind voice to fall asleep to.
🎧 New episodes every week — sleep stories, meditations, and music for deep rest.",Buzzsprout,en,https://storage.buzzsprout.com/jqvk8njfnrupa87aw3bjis2hh4e9?.jpg,2026-10-02 06:05:45,8056300,confirmed,https://podcasters.spotify.com/pod/show/justin392,1790921145,cdb0fb464be46beeb606b912a334a32c,,4,0,CORPORATE
The Mental Gym Podcast,"Dartannon Wilson, Rosie Mead",https://anchor.fm/s/11756ea88/podcast/rss,"Welcome to The Mental Gym — a podcast dedicated to helping athletes, coaches, leaders, and high performers strengthen their mindset and unlock their full potential.",Anchor,en,https://d3t3ozftmdmh3i.cloudfront.net/staging/podcast_uploaded_nologo/46765394/46765394-1789570754249-d4ff07d3584b5.jpg,2026-10-02 06:03:06,8056298,confirmed,https://podcasters.spotify.com/pod/show/thementalgympod,1790920986,69e5284d0193767eecfb018d90ebf5c7,6812812552.0,2,0,INDIVIDUAL
Mr.👿Nightmare👻,Mr.👿Nightmare👻,https://www.spreaker.com/show/7425789/episodes/feed,"🎙️ Mr.👿Nightmare👻 — Where Fear Finds Its Voice. Step into a world of darkness, mystery, and the unknown. Mr.👿Nightmare👻 takes you deep into chilling stories, terrifying encounters, urban legends, unexplained events, and mysteries that will challenge your imagination. With a cinematic atmosphere, intense storytelling, and a passion for the darker side of reality, each episode delivers suspense, horror, and unforgettable moments that keep you listening until the very end. 🕷️ Turn off the lights. Put on your headphones. And enter the world beyond fear. Mr.👿Nightmare👻 — Because not every nightmare happens while you’re asleep. 👻",Spreaker,en,https://d3wo5wojvuv7l.cloudfront.net/t_rss_itunes_square_1400/images.spreaker.com/original/fe7c6e6819dc8f862b729599bd5c6621.jpg,2026-10-02 05:57:30,8056296,confirmed,https://www.spreaker.com/podcast/mr-nightmare--7425789,1790920650,0aa3676b7ceede6d2c0ef11ff3968789,,4,0,INDIVIDUAL
How Not To Give Up with Kathy Tulley,Kathy Tulley,https://rss.buzzsprout.com/2655097.rss,"<p><b>How Not To Give Up is a place to remember who you are, reconnect with hope, and find your next small step.</b></p><p>Hosted by Kathy Tulley, each episode explores the stories, questions, science, ordinary moments, and occasional rabbit holes that help us notice what’s still here—and what might still be possible.</p><p>This isn’t about pretending everything is okay or telling you to “just think positive.” Hard things can be true without being the only things that are true.</p><p>Come curious. Bring your questions. There’s a seat for you here.</p>",Buzzsprout,en-us,https://storage.buzzsprout.com/pi58zt4eb3sdzv5ieqs2ko1i5mnp?.jpg,2026-10-02 05:55:09,8056295,confirmed,,1790920509,2ac1ace3f20c4f1d4e36127f7020fc0a,,0,0,INDIVIDUAL
ANOM The Podcast,ANOM The Podcast,https://anchor.fm/s/11711e3d4/podcast/rss,"The cost of the vision. 
The people behind it. 
ANOM by Jamison 
John 17:16",Anchor,en-us,https://d3t3ozftmdmh3i.cloudfront.net/staging/podcast_uploaded_nologo/46720157/46720157-1788984818724-530ad1da0c165.jpg,2026-10-02 05:50:44,8056292,confirmed,https://podcasters.spotify.com/pod/show/anom-the-podcast6,1790920244,f796a2c38900da6f7dc716e6d30d8d96,6814957387.0,2,0,INDIVIDUAL
The DCTR podcast,DCTR,https://anchor.fm/s/1169c5a60/podcast/rss,A podcast from https://www.dctr.co.uk/,Anchor,en-gb,https://d3t3ozftmdmh3i.cloudfront.net/staging/podcast_uploaded_nologo/46643128/46643128-1788006001836-12570ffb2523b.jpg,2026-10-02 05:48:36,8056290,confirmed,https://www.dctr.co.uk/,1790920116,810dd12bbae9b87d6efd4b7a9bee20f5,6807858546.0,2,0,CORPORATE
Critical Supply,Dalberg Podcasts,https://rss.buzzsprout.com/2649310.rss,"<p>Critical minerals are central to the energy transition and advanced technologies. While the geopolitical dynamics and environmental and social challenges of critical mineral mining frequently make headlines, we rarely hear about the companies, civil society leaders, and policymakers that are doing the hard work of making supply chains more equitable and sustainable.  </p><p>  </p><p>In each episode, hosts Shyam Sundaram, Partner, and Jeffrey Berger, Principal, Dalberg Advisors, take one mine, community, company, or deal as a starting point and ask what it reveals about the sector as a whole. They focus on where real progress is taking place, what made it possible, and what's still hard.</p>",Buzzsprout,en,https://storage.buzzsprout.com/w0w86ugt647r1w132p8zi0kssetw?.jpg,2026-10-02 05:40:34,8056287,confirmed,https://www.buzzsprout.com/2649310,1790919634,90386d9af7bc4e7b4959f7bb6b637c06,,4,0,INDIVIDUAL
Agenda Militar,Agenda Militar,https://www.spreaker.com/show/7425781/episodes/feed,Não apoiamos a guerra. Nosso trabalho é informar e educar o público sobre o que está acontecendo no mundo.,Spreaker,en,https://d3wo5wojvuv7l.cloudfront.net/t_rss_itunes_square_1400/images.spreaker.com/original/5e79290be3ab27e57d61bac3de532881.jpg,2026-10-02 05:37:21,8056284,confirmed,https://www.spreaker.com/podcast/agenda-militar--7425781,1790919441,272ad2c4b843e8412c2e56147c06818f,,4,0,INDIVIDUAL
The Carolina Basketball Show,Kade Nix,https://anchor.fm/s/117b5d6ec/podcast/rss,"The Carolina Basketball Show is your daily source for UNC Tar Heels basketball coverage hosted by sports writer and analyst Kade Nix. Every episode delivers fast, informed analysis on the latest news, game breakdowns, recruiting updates, roster moves, and program storylines surrounding Carolina basketball.",Anchor,en,https://d3t3ozftmdmh3i.cloudfront.net/staging/podcast_uploaded_nologo/46827603/46827603-1790326756354-a674bf1fb34e.jpg,2026-10-02 05:33:15,8056283,confirmed,https://podcasters.spotify.com/pod/show/kade-nix3,1790919195,55196832572ad97b3882b750e2fa37bd,6817951008.0,2,0,INDIVIDUAL
Red Belt Podcast: Martial Arts School Business and Growth,"Brian ""Barn Cat"" Debes",https://anchor.fm/s/efba57d0/podcast/rss,"The Red Belt Podcast, hosted by Brian Debes, features real conversations with martial arts school owners about what it takes to grow a successful academy. Discover how school owners are getting more students, improving retention, increasing revenue, building stronger communities, and overcoming the challenges of running a martial arts business. Real school owners. Real strategies. Real growth.
For more information about Red Belt Software, please visit us at https://redbeltsoftware.com/",Anchor,en,https://d3t3ozftmdmh3i.cloudfront.net/staging/podcast_uploaded_nologo/40119668/40119668-1790798159716-611fdca48c757.jpg,2026-10-02 05:26:46,8056279,confirmed,https://www.redbeltsoftware.com,1790918806,4900dbb1157895efc15d0c1c985b4583,6817879679.0,2,0,INDIVIDUAL
The Uncommercial Traveller (Adventures in 19th Century London),Charles Dickens,https://www.spreaker.com/show/7425767/episodes/feed,"Charles Dickens finds himself on the bustling streets of Victorian London, armed with nothing but a keen eye and a quill. In ""Uncommercial Traveller,"" he shares a tapestry of vivid tales born from his relentless wanderings and insatiable curiosity. This audiobook invites listeners to join Dickens as he explores the city’s hidden corners, meeting eccentric characters and revealing the untold stories of ordinary lives. <br /><br /> Every episode brims with intrigue, from the odd encounters with street performers to the poignant reflections on society's underbelly. Dickens doesn't just observe; he critiques and celebrates the human experience, all while crafting a rich narrative that is both entertaining and thought-provoking. What drives a man to become a flaneur, to seek stories in every shadow? <br /><br /> Listeners will discover the central conflict of navigating the complexities of urban life in an era of rapid change. Each story is a mini-journey, highlighting themes of social justice, identity, and the struggle for connection amidst the chaos of the city. <br /><br /> Prepare to be captivated as Dickens takes you on a unique exploration of London, blending humor, insight, and a touch of nostalgia. ""Uncommercial Traveller"" is more than just a collection of anecdotes; it's a window into a world shaped by the very streets you walk on, with surprises lurking in every tale. Dive in and unravel the mysteries of a bygone era through the eyes of one of literature's greatest observers.",Spreaker,en,https://d3wo5wojvuv7l.cloudfront.net/t_rss_itunes_square_1400/images.spreaker.com/original/98fc07ffd627f1f144c7a0a69b965255.jpg,2026-10-02 05:04:17,8056271,confirmed,https://www.spreaker.com/podcast/the-uncommercial-traveller-adventures-in-19th-century-london--7425767,1790917457,9032122a4789bd8f0c56282d294548b1,,4,0,INDIVIDUAL
🇫🇷🇸🇪Ning Xi’s Happy Hour🍋💎,Ning Xi,https://feeds.acast.com/public/shows/6abceab04e059d44b56aa811,"<p><strong>💎 Ning Xi: Jewelry Designer & Indie Singer.</strong></p><br><p>100% untuned, raw one-take vocals. Like inclusions in a rough diamond, midnight breathes with me.</p><p><em>Joaillière & Chanteuse Indé. Voix pure sans retouche, le souffle de minuit... Éteignez les lumières.</em></p><p>🎙️ <strong>The Request Stage</strong></p><p>Leave a song request or share your original compositions to co-create with me.</p><p><em>Please note: All collaborative submissions or song contributions sent to the contact below are legally acknowledged as authorized for my commercial distribution and usage, unless a formal royalty/revenue-sharing agreement is requested and mutually signed prior to showcase.</em></p><p>⏳ <strong>Limited Exhibition</strong></p><p>A rolling showcase of the latest 5 episodes only. Once the midnight fades, the archive dissolves.</p><ul><li><strong>📺 Live Session (Twitch):</strong><a href=""https://m.twitch.tv/ningxi_studio/home"" rel=""noopener noreferrer"" target=""_blank"">https://m.twitch.tv/ningxi_studio/home</a></li><li><strong>✨ Official Releases (Tidal/Apple Music/Amaxon/Spotify):</strong> 🔎Ning Xi</li><li><strong>📩 Request & Collaboration:</strong> </li><li>ningxi-brandcollab.iafm.artist@proton.me</li><li>Fashion trend 🔥🔗</li><li><a href=""https://ningxistudio.com/zh"" rel=""noopener noreferrer"" target=""_blank"">https://ningxistudio.com/zh</a></li><li>Jewelry Collections+Art Gallery </li><li><a href=""https://s993249.wixsite.com/mysite/zh"" rel=""noopener noreferrer"" target=""_blank"">https://s993249.wixsite.com/mysite/zh</a></li></ul><p><br></p><p>🎶 <strong>Song Requests ($15 USD via Payoneer)</strong></p><p>Keep it legal! DM me your <strong>Email & Song Title</strong> on Twitch. I’ll send a secure payment link to your email.</p><p>⚠️ <strong>Tavern Rules:</strong></p><ol><li><strong>Highest Vote First:</strong> Paid songs enter a pool—the one with the highest audience request rate gets sung first! 📊</li><li><strong>Curated Selection:</strong> I reserve the final right to choose songs that fit the tavern's indie vibe. If a song doesn't suit my style, we can happily swap it for another of your choice! 🤍</li></ol><hr><p style='color:grey; font-size:0.75em;'> Hosted on Acast. See <a style='color:grey;' target='_blank' rel='noopener noreferrer' href='https://acast.com/privacy'>acast.com/privacy</a> for more information.</p>",Acast,en,https://assets.pippa.io/users/6abca57cf560f37dfc64246a/pre-show-covers/1790764594077-dc27e0e7-3be5-4f54-a46e-56b78ca18730.jpeg,2026-10-02 05:01:05,8056267,confirmed,https://ningxistudio.com/zh,1790917265,0d9217a39ac6c60b42bf1bf36fef6a81,6818411350.0,0,0,INDIVIDUAL
CosmicRx Radio with Madi Murphy,Cosmic RX,https://rss.buzzsprout.com/2655095.rss,"<p>Want to know WTF is going on in the stars? Want to understand how to bring astrology and spirituality to step into alignment with your Highest and Hottest Self? Welcome to CosmicRx Radio. Astrologer and cosmic consultant Madi Murphy combines her spiritual teachings with practical, actionable steps-- and usually with a dash of pop culture and high-vibe humor thrown in to keep it real. Weekly episodes will give our listeners their astro weather aka ""energy report” for the week ahead and digestible doses of no-BS advice to fuel their personal evolution… and revolution! No topic is off limit as we dive deep into topics like astrology, mindset magic, social change, empowered living and conscious leadership. Join her and special guests who are here to inspire you to live with more power, pleasure and purpose. Connect with Madi at https://www.cosmicrx.com/</p>",Buzzsprout,en-us,https://storage.buzzsprout.com/u4g71xj3iphwx0bdbif7cbipp4j7?.jpg,2026-10-02 04:59:17,8056266,confirmed,https://cosmicrxradio.buzzsprout.com,1790917157,fdcb2cdccd3c7a933104295ad1be8d3b,,4,0,INDIVIDUAL
"Knot today, Captain!",UXM,https://anchor.fm/s/fb2924c0/podcast/rss,"Knot today, Captain! is your laid-back dive into the boating world, from what’s happening in the industry to legendary yarns from salty sailors, pirates, and all the wild ones in between. 
Whether it’s the latest boat tech, a bit of maritime history, or just a bloody good story, we’ve got you covered. Grab a cold one, kick back, and let’s chat all things boats!",Anchor,en-gb,https://d3t3ozftmdmh3i.cloudfront.net/staging/podcast_uploaded_nologo/42037776/42037776-1726540653335-1dea7e17f3497.jpg,2026-10-02 04:51:18,8056257,confirmed,https://podcasters.spotify.com/pod/show/uxm04,1790916678,8e2cc594265a11f9ac05d0081f1015ab,1769332294.0,2,0,CORPORATE
Stephanie Ann Again,Stephanie Brinkerhoff,https://rss.libsyn.com/shows/595350/destinations/5175750.xml,"Deconstruction, spiritual crisis, psychedelics, and what it feels like to discover the world and who I am again (and again) after a lifetime of Mormonism.",Libsyn,en,https://static.libsyn.com/p/assets/e/6/b/3/e6b34fc95a136835d959afa2a1bf1c87/art.jpg,2026-10-02 04:46:35,8056256,confirmed,https://sites.libsyn.com/595350,1790916395,7eb0502ab2b464e46a36c7b470beb7a8,1844509360.0,2,0,INDIVIDUAL
Books and Bevs,Sonny,https://rss.buzzsprout.com/2655091.rss,<p>Discussing classic literature alongside well read peers in their teens and early 20's. This is done over a drink of the host and guests choice.</p>,Buzzsprout,en-us,https://storage.buzzsprout.com/74pukrwjnlyfm7es2scelgm4t5vt?.jpg,2026-10-02 04:43:59,8056255,confirmed,,1790916239,3808a367450cf7ba4facc0511de2e17d,,0,0,INDIVIDUAL
Indy by Night: Blurred Lines,Josh Brewer,https://feeds.redcircle.com/20b17e6a-8d22-41fe-9536-dfbb0a5e9e2b,"Indy by Night: Blurred Lines is a Vampire: The Masquerade Actual Play featuring characters that will make you laugh, cry, and perhaps question your own morality. What would you do in the face of evil? For the un-initiated, Vampire: The Masquerade is a gothic-style tabletop role-playing game set in a our universe in where vampires, werewolves, ghosts and much worse lurk in the shadows. Join host Jbrews and cast for a gritty role play adventure! Episodes were streamed live on Twitch. Catch Indy by Night live every Tuesday at 10 PM EST at twitch.tv ( http://twitch.tv/twitch.tv/jbrews ) !",Spotify for Podcasters,en-US,https://media.redcircle.com/images/2026/10/2/4/7ab74609-e753-41f5-b757-215b14d2c042_indy_by_night_1400x1400.jpg,2026-10-02 04:42:06,8056253,confirmed,https://redcircle.com/shows/indy-by-night-blurred-lines,1790916126,169bf5adf61a7cee5aefd523167f7444,,4,0,INDIVIDUAL
The Bob Hope Show: Vintage Radio,Thomas,https://rss.buzzsprout.com/2655055.rss,"<p>Step back into the Golden Age of Radio with <b>The Bob Hope Show: Vintage Radio</b>, featuring newly remastered classic broadcasts from one of the most celebrated entertainers of the 20th century.</p><p>For decades, Bob Hope brought his unmistakable rapid-fire comedy, topical humor, music and Hollywood star power to audiences across America. These historic broadcasts capture Hope alongside an extraordinary lineup of guests and friends, including <b>Bing Crosby, Judy Garland, Frank Sinatra, Lucille Ball, Doris Day, Jack Benny, Dean Martin & Jerry Lewis, Jimmy Durante, Dinah Shore, Peter Lorre, David Niven, Lana Turner, Betty Grable</b> and many more.</p><p><br></p><p>Each episode has been carefully remastered to introduce these remarkable programs to a new generation while preserving the performances, personalities and atmosphere that made radio’s Golden Age unforgettable.</p><p><br></p><p>From Hollywood legends and musical icons to some of the greatest comedians of their generation, <b>The Bob Hope Show: Vintage Radio</b> is more than a trip down memory lane—it’s a chance to experience American entertainment history as audiences originally heard it.</p><p><br></p><p>Presented by <b>Starboard Entertainment</b> in cooperation with the <b>Bob & Dolores Hope Foundation</b>. Newly remastered episodes released regularly!</p>",Buzzsprout,en-us,https://storage.buzzsprout.com/l3nonvfvk9nn1g0q6bic8ngtq4so?.jpg,2026-10-02 04:33:13,8056245,confirmed,https://bobhope.org/,1790915593,7ce47d837bf9e70769d9acb1bc9533b8,,0,0,INDIVIDUAL
Pamela Hankins TV and Podcast,Pamela Hankins,https://anchor.fm/s/111cbf9b4/podcast/rss,"Pamela Hankins TV & Podcast is where faith meets transformation in love, life, and leadership.
Hosted by Pamela Hankins, this platform equips women—no matter their relationship status—to move beyond fairytales and into God’s divine design for identity, wholeness, communication, and connection.
Through powerful teaching, real conversations, and faith-centered insight, Pamela unpacks the truth about relationships, emotional intelligence, and spiritual growth. Whether you are single, dating, healing, or married, each episode meets you where you are—helping you break cycles, gain clarity, and wa",Anchor,en,https://d3t3ozftmdmh3i.cloudfront.net/staging/podcast_uploaded_nologo/45835477/45835477-1776912630338-22f4148c1a945.jpg,2026-10-02 04:28:23,8056240,confirmed,https://podcasters.spotify.com/pod/show/pamela-hankins,1790915303,166412cc9e35518b58e478b548319bd0,1896855869.0,2,0,INDIVIDUAL
The Extreme Edge,Rae Boyce,https://feeds.simplecast.com/lJV_8Ne9,"Real people. Real stories. High stakes in extreme environments.
I'm really glad you're here!
I’m a hiker and climber and I have a lot of respect for people who push their edge. 
These stories take a closer look at how people think, decide, and sometimes get it wrong.
Every story is researched, written, and voiced by a human person. 
Welcome to the eXtreme edge!",Simplecast,en,https://image.simplecastcdn.com/images/37959b07-fc43-4a12-945f-3ed797338987/f6b3d558-3c09-48de-b1e1-74adc3e7ed86/3000x3000/cropped_1788874846404.jpg?aid=rss_feed,2026-10-02 04:19:54,8056236,confirmed,https://theextreme-edge.simplecast.com,1790914794,5918b94928c5a686e4878cd0a03e5a0e,6817031613.0,2,0,INDIVIDUAL
The Froggy and Ned podcast,The Froggy and Ned podcast,https://anchor.fm/s/117ee7c18/podcast/rss,"Two mates, Football. Business. Zero filter.
Welcome to The Froggy and Ned Podcast. The wins, the losses, the money, the pressure, the mistakes, the characters. And the stuff nobody normally talks about.
Expect brutally honest opinions, heated debates, ridiculous stories big guests and plenty of laughs.
No scripts, no corporate waffle. No pretending we've got it all figured out.
Just Froggy and Ned and a couple of mics and a conversation that could go absolutely anywhere.
Follow the pod. Get involved!",Anchor,en,https://d3t3ozftmdmh3i.cloudfront.net/staging/podcast_uploaded_nologo/46864726/46864726-1790767899188-6b71b33311159.jpg,2026-10-02 04:18:20,8056233,confirmed,https://podcasters.spotify.com/pod/show/steve-froggatt1,1790914700,64feaa22adff949881eff875caf60f14,6817782738.0,2,0,CORPORATE
The EB Effect Podcast,The EB Effect Podcast,https://rss.buzzsprout.com/2655012.rss,"<p>2 best friends of 12 years that are unfiltered & occasionally insightful, because apparently we had to share our convos with the world. Expect a lot of laughs, maybe a few tears, honest conversations, storytimes, unpopular opinions, and plenty of moments where we probably forget there's a camera recording us. We'll be talking about everything from friendship and navigating adulthood as women to nursing, motherhood, life experiences, growing up, figuring shit out as we go and whatever else ends up on the mic. No perfect scripts. No pretending we have it all figured out. Just two best friends being ourselves and letting you in on the conversation.</p>",Buzzsprout,en-us,https://storage.buzzsprout.com/jln7n5twu3udfnkltsh9vhuje2ce?.jpg,2026-10-02 04:15:23,8056232,confirmed,,1790914523,b85c3874dffafad5195357a52d1c35fa,,4,0,CORPORATE
Charge to 100,Lloyd Evans and Colton Blomberg,https://rss.buzzsprout.com/1843534.rss,Charge to 100 is the top resource for people who want to begin charging their path forward to success with intention and confidence but may not know where to start. ,Buzzsprout,en-us,https://storage.buzzsprout.com/dug0elcerw1aahg4q372ulvpqxmx?.jpg,2026-10-02 04:07:53,8056226,confirmed,https://www.chargeto100.com/,1790914073,6e30bda09e4e216cf89d35bf82e2374e,,4,0,CORPORATE
99% Sports,Amir and Kristian,https://anchor.fm/s/116330330/podcast/rss,"After 25+ years of competitively watching sports, hosts Amir & Kristian feel highly qualified to provide their opinion about people who are the best at what they do. Watch and listen as they blend sarcasm and sports to bring you fresh takes twice a week, every week (unless one of them is busy that week). 99% sports, 1% mystery.",Anchor,en,https://d3t3ozftmdmh3i.cloudfront.net/staging/podcast_uploaded_nologo/46574092/46574092-1789625886717-56b7cbb12b0ce.jpg,2026-10-02 04:04:57,8056221,confirmed,https://podcasters.spotify.com/pod/show/99-sports5,1790913897,c69646779314be786ea9adca71dd4759,6818000727.0,2,0,CORPORATE
npnHub Podcast - Neuroplasticity in Practice,npn Neuroplasticians,https://feed.podbean.com/npnhub/feed.xml,"<p><strong>Where Applied Neuroscience Comes to Life </strong></p>
<p><span>What happens when neuroscience moves from theory into practice? </span></p>
<p><span>The npnHub Podcast brings you conversations with Neuroplasticians and leading voices in applied neuroscience who are putting neuroscience and neuroplasticity to work in real-world settings. Through expert conversations, practical examples, and experiences from the field, we explore how neuroscience is being applied across coaching, leadership, education, organizations, human performance, behaviour change, and beyond.</span></p>
<p><span>Go beyond knowing the science and discover what it looks like to actually apply it, the approaches, challenges, insights, and lessons that emerge when neuroscience meets practice. </span></p>
<p><strong>For practitioners, professionals, and anyone curious about the practical application of neuroscience and neuroplasticity.</strong></p>",Podbean,en,https://pbcdn1.podbean.com/imglogo/image-logo/22604366/npnHub_Podcast62as8.jpg,2026-10-02 03:59:27,8056217,confirmed,https://npnhub.podbean.com,1790913567,949b1c5b30e1aa8d743c2224ffc097c1,6807464858.0,2,0,INDIVIDUAL
WorkShift Podcast,ZaZa,https://anchor.fm/s/11179f984/podcast/rss,"A modern perspective on work, leadership, and career strategy. Hosted by ZaZa, WorkShift blends HR expertise with practical insight to break down workplace challenges from leadership and culture to performance and growth. Built for professionals who want to think strategically, lead effectively, and thrive in complex work environments.",Anchor,en-za,https://d3t3ozftmdmh3i.cloudfront.net/staging/podcast_uploaded_nologo/45781737/45781737-1776186920373-9b2c1a6d613dc.jpg,2026-10-02 03:47:19,8056211,confirmed,https://podcasters.spotify.com/pod/show/workshift-podcast,1790912839,5dd4ddc7a9077eca69b13478a0a5d265,6785063939.0,2,0,INDIVIDUAL
Widow's Bay | Everything's Fine,Podcastica - Widow’s Bay,https://feeds.captivate.fm/widows-bay/,"Widow’s Bay is such a gem of a show, isn’t it? It’s so funny, and smart, and genuinely creepy and mysterious, and we couldn’t be more in love with this tale of a cursed New England island and the lovably quirky people who are stuck there.   
Ignore the warnings and join Jason and Karen as we examine the themes, characters, style, and backstory of this show (and also repeat most of the jokes and laugh).  
Everything’s Fine is a part of Podcastica, where we’ve been doing episode-by-episode deep dives into great TV for well over a decade now. Check out our other fare at ⁠Podcastica.com⁠.",Captivate,en,https://artwork.captivate.fm/72a9e752-efb0-4ff3-9157-81f821f33fc0/Widow-s-Bay-podcast-art-B.jpeg,2026-10-02 03:46:32,8056210,confirmed,https://podcastica.com/podcast/everythings-fine,1790912792,3db53ee8d39ead473b3f26797ee5cc78,6818394482.0,4,0,INDIVIDUAL
Behind the founder,Matt Wright,https://rss.buzzsprout.com/2628951.rss,<p>Matt Wright scaled his business to 500m in 6 years and sold for $120m. Now he’s sharing his knowledge to help fellow founders achieve their dreams</p>,Buzzsprout,en-us,https://storage.buzzsprout.com/27ilnk417ah7b6fv8easkm27hvo0?.jpg,2026-10-02 03:45:56,8056209,confirmed,https://www.buzzsprout.com/2628951,1790912756,d45263f88118dcfb5d84f7d98928319c,,4,0,INDIVIDUAL
FILIPINA. AMERICAN. CREATIVE.,TESZ Millan,https://anchor.fm/s/11800f118/podcast/rss,"Mabuhay and Welcome! FILIPINA. AMERICAN. CREATIVE. is my personal journey to rediscover my lost Philippine heritage.
What began as a documentary series on YouTube has taken me to unexpected places and into conversations that challenged what I thought I knew about where I come from – and helped me see my identity in new ways.
Now my series is also a podcast, bringing these conversations, stories, and discoveries to you wherever you watch or listen.
Come along as I keep asking questions and finding my way home to a heritage that was always mine – even when I didn't know how to find.",Anchor,en-us,https://d3t3ozftmdmh3i.cloudfront.net/staging/podcast_uploaded_nologo/46876822/46876822-1790903492439-8953b8ea5980b.jpg,2026-10-02 03:43:46,8056208,confirmed,https://www.filipinaamericancreative.com/,1790912626,328806f3955cc9c4132a215b27bd9b3a,,4,0,INDIVIDUAL
PitMom,Farran Tabrizi,https://anchor.fm/s/117ec3160/podcast/rss,"Pit Mom is about following the music. To the shows, the festivals, the tiny venues, the bands you’ve never heard of yet, and the stories you find along the way.
Hosted by filmmaker, mom, and lifelong live-music obsessive Farran Tabrizi, PitMom is part music discovery, part storytelling, and part excuse to keep showing up in the pit.
Expect festival adventures, artist conversations, venue love, new music, old favorites, and plenty of stories from a life built around chasing live music.
Follow the music. See where it takes you.",Anchor,en-us,https://d3t3ozftmdmh3i.cloudfront.net/staging/podcast_uploaded_nologo/46863224/46863224-1790747007136-7de9f9d4dafd9.jpg,2026-10-02 03:30:53,8056199,confirmed,https://podcasters.spotify.com/pod/show/pitmommusic,1790911853,76dd04d2708279cc189a8b0e12e467ba,6817663956.0,2,0,INDIVIDUAL
The Quant Finance Podcast,"Assoc. Prof. (Practice) Nelson Lau, Nanyang Business School",https://anchor.fm/s/117e3ae14/podcast/rss,"Quant finance from the people actually doing it.
The Quant Finance Podcast brings you conversations with traders, researchers, portfolio managers, risk professionals, founders and other leaders across the industry. We explore what they do, how they got there, how quant firms really work, and where the industry is heading.
Whether you’re looking to break into quant finance, understand the career paths and firms within it, or keep up with the ideas and trends shaping the field, this podcast is for you.",Anchor,en,https://d3t3ozftmdmh3i.cloudfront.net/staging/podcast_uploaded_nologo/46857645/46857645-1790685658085-360a1573856a2.jpg,2026-10-02 03:26:49,8056197,confirmed,https://podcasters.spotify.com/pod/show/quant-finance-podcast7,1790911609,667c72015844d1d5cbeb4a2e930bbc86,6817670536.0,2,0,CORPORATE
Punt Your Way Out!,The PYWO Mugs,https://rss.libsyn.com/shows/404030/destinations/3338486.xml,"This isn't just a podcast about getting on the punt. It's a show about getting together with your mates, getting down the pub, getting on the beers, and getting on the banter. It's about having a crack. It's about having fun. On our show good tips may golden - but entertainment is priceless. Join our triad of questionable pundits - the Guru, Mr $12.50, and Mr I Don't Know What The F--k I'm Doing - as they chat with industry experts, talk track, tips, wins and losses, and banter about how sh-t each other are at punting. Get on!",Libsyn,en-au,https://static.libsyn.com/p/assets/7/e/8/3/7e832d9818423513bafc7308ab683e82/PYWO-Final-Logo-Podcast-Artwork.png,2026-10-02 03:25:33,8056195,confirmed,http://www.instagram.com/puntyourwayout,1790911533,52aa95f29c10b990dbcce6848090a190,1577475919.0,2,0,CORPORATE
The Strong Enough Fitness Podcast,"Emily Lupian, M.S.",https://anchor.fm/s/1178ca1b4/podcast/rss,"The Strong Enough Fitness Podcast helps women in midlife cut through the noise around strength training, nutrition, fat loss, women’s health, perimenopause, menopause, and healthy aging so they can make confident decisions about how to train, eat, and take care of their bodies.
With honest conversations, evidence-based information, and practical advice you can actually use, you’ll learn how to build a sustainable approach to fitness that helps you feel strong, capable, and confident - and keep saying YES to the things you love for decades to come.",Anchor,en,https://d3t3ozftmdmh3i.cloudfront.net/staging/podcast_uploaded_nologo/46800597/46800597-1790017788866-11b9c6ce1573a.jpg,2026-10-02 03:25:04,8056194,confirmed,https://podcasters.spotify.com/pod/show/michael084,1790911504,37e6bee3ffc1179f7d097463a2468b25,6817867391.0,2,0,INDIVIDUAL
Path to Progress with Paul Heintzman and John Ackerman,John Ackerman and Paul Heintzman,https://rss.libsyn.com/shows/104451/destinations/559081.xml,"In Path to Progress, John and Paul try to improve their lives by talking to awesome people.",Libsyn,en,https://static.libsyn.com/p/assets/2/c/a/c/2cac7a61a9679684e5bbc093207a2619/Path_Logo_2.png,2026-10-02 03:13:31,8056190,confirmed,http://drunkenmoney.com,1790910811,40bfe2bee794a1839b0efdaa9ae86df9,1723522130.0,2,0,CORPORATE
The Diaspora Table,"Monica Guillemin, PA-C, J.D.",https://rss.buzzsprout.com/2652957.rss,"<p><b>Hosted by Monica Guillemin, PA-C, J.D.—</b>a clinician, scientist, published author and founder of <b>Vision Harmony®</b>—the podcast brings family, friends, professionals, community voices and fascinating people from across the diaspora to one table for candid conversations, sometimes wonderfully unpredictable.  Discussions on <b>family and ancestry, health and wellness, culture and community, relationships and family conflict, caregiving, money and inheritance, law and legacy, faith, history, science and technology, books, travel and the changing world around us.</b></p><p><br></p><p>Sometimes the conversation begins with one subject and ends somewhere no one expected. A family story can uncover history. A health experience can become a teaching moment. A disagreement can open a conversation about generations, culture or fairness. And a journey across the world can remind us how much our stories intersect.</p><p><br></p><p><b>With roots in the African American experience and branches reaching across cultures and continents,</b> <em>The Diaspora Table</em> creates space for perspectives that may differ—but deserve to be heard.</p><p><br></p><p>Some conversations are joyful. Some are difficult. Some are educational. And some are the conversations families have avoided for generations.  Because the stories we inherit matter.  The knowledge we share matters.  </p><p><br></p><p>And <b>every family is still becoming.</b></p><p><b>The Diaspora Table</b><br> <em>Not your sanitized family story.</em></p><p><b>A Vision Harmony Voices production.</b></p>",Buzzsprout,en-us,https://storage.buzzsprout.com/fenyilcjwle6srdutftjn6zdipu5?.jpg,2026-10-02 03:08:26,8056187,confirmed,https://www.buzzsprout.com/2652957,1790910506,46e6e89c6d9730cbebda070bf6b8fb46,,4,0,CORPORATE
The Counter Narrative: News Unfiltered,Counter Narrative News,https://anchor.fm/s/117e74b14/podcast/rss,"Welcome to The Counter Narrative: News Unfiltered. In a media landscape driven by hype and spin, we cut through the noise to deliver unbiased, fact-first journalism. We dig deep into the stories that matter, stripping away agenda to give you pure, objective truth—plus our signature segment of bold hot takes that challenge the status quo. No agenda, just raw facts and sharp commentary. Subscribe and get the news, unfiltered.",Anchor,en,https://d3t3ozftmdmh3i.cloudfront.net/staging/podcast_uploaded_nologo/46860013/46860013-1790706647194-b83738e01e338.jpg,2026-10-02 03:05:55,8056182,confirmed,https://podcasters.spotify.com/pod/show/counter-narrative-news8,1790910355,31174e69a1d3fe00af31ea6bfedd8880,6817584178.0,2,0,INDIVIDUAL
Out With The Girls,Out With The Girls,https://www.spreaker.com/show/7425690/episodes/feed,"Welcome to Out with the Girls — the group chat out loud.<br />Hosted by best friends Rebekah and Alana, Out with the Girls is where girls’ nights, dating stories, friendship, hot takes, and the kind of conversations that usually never leave the group chat come to life. From navigating dating and relationships to friendship drama, nightlife, growing up, leveling up, and the occasional story we probably shouldn’t be telling on the internet… nothing is really off limits. Expect unfiltered conversations, questionable decisions, lots of laughs, and two best friends figuring life out in real time.Whether you’re getting ready for a night out, driving home from one, or recovering the next morning — you’re officially one of the girls. 🥂",Spreaker,en,https://d3wo5wojvuv7l.cloudfront.net/t_rss_itunes_square_1400/images.spreaker.com/original/038c20457953579c40bfe5f7e1f5c788.jpg,2026-10-02 02:53:49,8056176,confirmed,https://www.spreaker.com/podcast/out-with-the-girls--7425690,1790909629,2e7cbae4ef12052bbc7369fafdbda9b4,,4,0,CORPORATE
LISW27 Interviews,London International Shipping Week,https://anchor.fm/s/117b18f38/podcast/rss,"London remains the beating heart of the international maritime industry
London International Shipping Week is the pinnacle showcase event underlining the world-class maritime sector in London – and the rest of the UK – to an international audience.",Anchor,en,https://d3t3ozftmdmh3i.cloudfront.net/staging/podcast_uploaded_nologo/46824798/46824798-1790607919165-b5c365d3b3ef3.jpg,2026-10-02 02:33:07,8056167,confirmed,https://podcasters.spotify.com/pod/show/elaborate,1790908387,8068add18a1c6a15badb6f0b14835495,6817338040.0,2,0,INDIVIDUAL
RAISE Your Voice: A Parent Advocacy PodcastReal Families. Real Records. Real Advocacy.,Regina Rausch,https://anchor.fm/s/117eb1dfc/podcast/rss,"RAISE Your Voice is a podcast connected to RAISE Consulting and Advocacy. Its central focus is special education parent advocacy, with real parent experiences, practical education, and careful examination of the records and reports that shape educational decisions.
The podcast can also touch on executive functioning, social skills, early intervention, transition, and related topics, but advocacy remains the through line. The goal is to help families understand the process, recognize important questions, and participate meaningfully in decisions about their children.",Anchor,en-us,https://d3t3ozftmdmh3i.cloudfront.net/staging/podcast_uploaded_nologo/46862519/46862519-1790736635653-e2dc19943ac89.jpg,2026-10-02 02:28:35,8056164,confirmed,https://podcasters.spotify.com/pod/show/regina-rausch,1790908115,f7ce00ad84cbc059b00ad320dc9212cb,6817621418.0,2,0,INDIVIDUAL
Inner Thoughts of a Swim Coach,Blake Davis,https://rss.libsyn.com/shows/470310/destinations/3981870.xml,"Welcome to ""Inner Thoughts of a Swim Coach"", the podcast where we dive deep into all things swimming. Whether you're a seasoned athlete or just getting started, this show is designed to help you improve your technique, mindset, strategy, and overall health in the water. Join Coach Blake Davis as he shares his insights as a competitive swimmer and swim coach to help you become the best swimmer you can be. From stroke mechanics, nutrition and mental preparation, we cover it all in a friendly and approachable way.
Suit up and let's FLY!
New Episodes Every Monday!",Libsyn,en,https://static.libsyn.com/p/assets/3/a/8/c/3a8ccc147e627d8ae55e3c100dce7605/The_Inner_Thoughts_of_a_Swim_Coach_3.png,2026-10-02 02:27:44,8056163,confirmed,http://sites.libsyn.com/470310/site,1790908064,250afcbca2a16a53e6f4ba257d6d0e88,1744226537.0,2,0,INDIVIDUAL
A Ruthless Pursuit of Frontier Ambition,Ruthless Productions,https://anchor.fm/s/117ef96e8/podcast/rss,"Australia produces world-class frontier technology. But what does it take to turn breakthrough science into globally significant companies?
A Ruthless Pursuit of Frontier Ambition, a Ruthless Productions series, goes inside the businesses building at the edge of what’s possible — and the commercial realities behind them.
Hosts Stef Winwood and Rama Razy speak with founders and industry leaders about the technology, capital, customers, partnerships and ambition it takes to scale.
For investors, operators and anyone interested in the companies shaping what Australia builds next.",Anchor,en,https://d3t3ozftmdmh3i.cloudfront.net/staging/podcast_uploaded_nologo/46865450/46865450-1790775378750-4b639f9009a2f.jpg,2026-10-02 02:15:57,8056158,confirmed,https://podcasters.spotify.com/pod/show/aruthlesspursuit,1790907357,0313707fb20fdb683ed0e351127109f4,6817806233.0,2,0,CORPORATE
Cruisers After Dark,TheMidnightCruisers,https://anchor.fm/s/117c9f1cc/podcast/rss,"Cruisers After Dark is the podcast from our band, The Midnight Cruisers. We talk music, gigs, behind-the-scenes stories, random moments, and whatever else comes up when a bunch of musicians get behind a microphone. Tune in, turn it up, and join us after dark. Follow Cruisers After Dark and come cruise with us for every episode.",Anchor,en,https://d3t3ozftmdmh3i.cloudfront.net/staging/podcast_uploaded_nologo/46840779/46840779-1790480443644-a5b5331345dd5.jpg,2026-10-02 02:15:52,8056157,confirmed,https://podcasters.spotify.com/pod/show/ejp2k63,1790907352,4a909dc75226d7898f823836d748ed04,6817173265.0,2,0,INDIVIDUAL
Getindevice,Social Media Video Downloader,https://anchor.fm/s/116ad8b8c/podcast/rss,"GetInDevice - Download Pinterest videos to your phone, PC, or tablet in the highest quality. Use our free Pinterest Video Downloader in your browser - no login or app install required. Works on Android and iOS.",Anchor,en,https://d3t3ozftmdmh3i.cloudfront.net/staging/podcast_uploaded_nologo/46654395/46654395-1788173466029-9a37b4cb7dc0c.jpg,2026-10-02 02:07:33,8056151,confirmed,https://getindevice.com/,1790906853,e617fec0eace64b653bdb981371823dd,6807320335.0,2,0,CORPORATE
Through My Eyes w/ Jaimie,Jaimie,https://rss.buzzsprout.com/2655021.rss,"<p>A podcast detailing stories, pop culture, memories and more through my eyes. </p>",Buzzsprout,en-us,https://storage.buzzsprout.com/zzb172lsk2w5s0hoewblm3rch9dy?.jpg,2026-10-02 02:07:08,8056150,confirmed,https://www.buzzsprout.com/2655021,1790906828,a54c14ecc54e03ea1a4aa4fdf9f83a9d,,4,0,INDIVIDUAL
Save It For The Group Chat,Vivian Wei,https://rss.buzzsprout.com/2654884.rss,<p>A voice note for the girls!</p>,Buzzsprout,en-au,https://storage.buzzsprout.com/88u26fsd6oieghaqoo9rincwlw3o?.jpg,2026-10-02 01:59:08,8056145,confirmed,https://www.buzzsprout.com/2654884,1790906348,692f595c36d8d24007963af928f1c7f4,,4,0,INDIVIDUAL
JulienHimself,JulienHimself,https://feeds.megaphone.fm/julienhimself,"<p>Since 2010, Julien Blanc (founder of JulienHimself) has traveled the world teaching personal transformation and has personally coached tens of thousands of clients face to face in over 40 countries.<br><br>He didn’t start his career as a transformational coach. He started it drowning in anxiety, hiding behind a mask, and trying to outrun a version of himself he couldn’t stand.<br><br>What began in 2006 as a desperate attempt to feel confident spiraled into a global controversy in 2014... A media scandal that stripped him of his identity, shattered his ego, and forced him to confront the parts of himself he’d been avoiding for years.<br><br>That’s where the real work began. Not with mindset tricks, but by facing the insecurities and conditioning that had been running his life.<br><br>Today, his work reaches millions through live events, online programs, and his method Transformation Mastery, helping people let go of old weight and return to who they were before fear took over.<br><br>Website: julien-himself.com<br><br>Links:<br>START HERE:: <a href=""https://julien-himself.com/start"">https://julien-himself.com/start</a></p>",Megaphone,en,"https://megaphone.imgix.net/podcasts/83a605da-b958-11f1-8433-e79ba46e5366/image/830ef5a4d970ef1dc13d6d521e0bc56d.jpg?ixlib=rails-4.3.1&max-w=3000&max-h=3000&fit=crop&auto=format,compress",2026-10-02 01:58:34,8056143,confirmed,,1790906314,5dba6fe185287fc25718807a08479284,6816338839.0,2,0,INDIVIDUAL
Just Trust Me Marketing Podcast,Rachel Has The Mic,https://rss.buzzsprout.com/2398074.rss,"Just Trust Me is the marketing podcast you hope customers never find out about. Join hosts Elizabeth Allen, Rachel Moore, and Tanya Ballard Brown each week for a dissection and discussion of the wiles and wins of marketing they've witnessed. Plus get your weekly marketing insights from expert guests who share how greatly trust figures into today's marketing (and how easy it is to squander it). Just Trust Me is part of the But Wait, There's Moore podcast network. www.ButWaitTheresMoore.com",Buzzsprout,en-us,https://storage.buzzsprout.com/qde3kfrmzj12rvuhe24zvrv64wax?.jpg,2026-10-02 01:57:31,8056142,confirmed,https://www.butwaittheresmoore.com,1790906251,09fffdd7cf8880649a0cf1a8d78137b9,,4,0,INDIVIDUAL
Thinking Out Loud | Autistic Beyond Reasonable Doubt,Coach Catherine Lindsay,https://anchor.fm/s/116f2f000/podcast/rss,"Hosted by Coach Catherine Lindsay, Thinking Out Loud is a neurodivergent-affirming podcast for autistic adults who want to work WITH their unique neurology, not against it.
​Each chapter starts with an idea: What happens when we really think about this? Some episodes follow our YouTube chapters; others explore rabbit holes & thought processes that don't fit neatly on video.
​No “fixing” autism. No one-size-fits-all advice. Just honest conversations to help reframe your experiences and build a life that works for you.
​Come think out loud with me. Let's accept who we are and MAKE IT WORK! 🥰",Anchor,en-ca,https://d3t3ozftmdmh3i.cloudfront.net/staging/podcast_uploaded_nologo/46699872/46699872-1788791739575-cc7fb06e3c049.jpg,2026-10-02 01:43:21,8056138,confirmed,https://podcasters.spotify.com/pod/show/thinking-out-loud46,1790905401,0bde676d485f5d29d49dbd91d33dbd6d,6817798952.0,2,0,INDIVIDUAL
Larry & Steph on K-REV Radio,Larry Stanley,https://rss.buzzsprout.com/2655052.rss,"<p>Larry & Steph on K-REV Radio is faith, life, laughs, local stories, music, food, football and the conversations that happen when two people start talking and have no idea where it’s going.</p><p>Each week, Larry and Steph mix humor with real life, stories of faith, K-REV News, Football & Food, original K-REV music and the occasional questionable confession.</p><p>It’s not polished morning-radio nonsense. It’s real conversation, local flavor and a little bit of trouble — all from K-REV Radio: Revival & Revelation.</p><p>New episodes every Friday.</p><p><b>God’s still working, so keep looking up.</b></p>",Buzzsprout,en-us,https://storage.buzzsprout.com/ifxk1k6frb41gxrclrvjtifvwbr6?.jpg,2026-10-02 01:40:03,8056135,confirmed,https://www.buzzsprout.com/2655052,1790905203,e5eb351bc9daa423e9726dbd42653723,,0,0,INDIVIDUAL
Adam Mark Explores,Adam Mark Explores,https://feeds.megaphone.fm/adam-mark-explores,"<p>What’s up explorers…<br>Welcome to ADAM MARK EXPLORES.<br><br>I travel the world and go alone into some of the most haunted and terrifying places on the planet.<br>Abandoned asylums. Prisons. Cursed houses. Real locations with dark histories.<br><br>Just me, a camera… and whatever’s inside.<br>I don’t just tell the stories—<br>I step into them. Stay overnight. Push deeper than anyone else.<br><br>If there’s something there… we’re going to find it.<br>Raw paranormal exploration. Real experiences. The world’s creepiest places.<br><br>If you’re into horror and the unknown<br>you’re in the right place.<br><br>New Episodes Every Sunday 8pm UK / 3pm EST<br><br>Links:<br>Instagram: <a href=""https://www.instagram.com/adammarkexplores/"">https://www.instagram.com/adammarkexplores/</a><br>Twitter: <a href=""https://twitter.com/AdamMarkYT"">https://twitter.com/AdamMarkYT</a><br>PayPal: <a href=""https://www.paypal.me/abandonedprepper"">https://www.paypal.me/abandonedprepper</a><br>Patreon: <a href=""https://www.patreon.com/AdamMarkExplores"">https://www.patreon.com/AdamMarkExplores</a><br>Merch: <a href=""https://adam-mark-explores.teemill.com/"">https://adam-mark-explores.teemill.com/</a></p>",Megaphone,en,"https://megaphone.imgix.net/podcasts/2514bff6-a8e2-11f1-9d15-eb6f8f61de8c/image/bc0584dc66f50c3884afb6c38dab2ce6.jpg?ixlib=rails-4.3.1&max-w=3000&max-h=3000&fit=crop&auto=format,compress",2026-10-02 01:28:45,8056124,confirmed,,1790904525,b688c2ec37e7139d20512664dd0edf3f,6809120368.0,2,0,INDIVIDUAL
Family Stories 2026,Ramos Henry,https://www.spreaker.com/show/7419488/episodes/feed,"Family betrayal and revenge stories come to life in this gripping storytelling podcast, where manipulation, inheritance disputes, toxic parents, and shocking legal battles expose the truth behind fractured families. Each episode follows ordinary people confronting emotional abuse, property conflicts, favoritism, and relatives who push them too far—until justice turns the tables. Expect dramatic twists, powerful confrontations, courtroom revelations, and satisfying consequences. Subscribe and listen to discover how every family secret finally comes undone.",Spreaker,en,https://d3wo5wojvuv7l.cloudfront.net/t_rss_itunes_square_1400/images.spreaker.com/original/f0041471c755cf77fa65a691e5e24278.jpg,2026-10-02 01:25:29,8056120,confirmed,https://www.spreaker.com/podcast/family-stories-2026--7419488,1790904329,8176d0caaf4b94f9ba774d6a82598f91,,4,0,INDIVIDUAL
Hypnosis for Psychological Erectile Dysfunction (ED) & Performance Anxiety,Brian Mahoney | PsychologicalED.com,https://anchor.fm/s/117dd1054/podcast/rss,"Hypnosis for Psychological Erectile Dysfunction (ED) & Performance Anxiety delivers pure, uninterrupted audio hypnosis sessions to end performance anxiety, quiet overthinking and calm your body.
Expect 100% pure sessions with zero intros, commentary, or ads—just a 5-second silent buffer followed by targeted hypnotherapy for spectatoring, fear of failure, physical relaxation and better sex.
Created by Brian Mahoney, author of Less Anxiety, Better Sex. 22+ years in private practice helping guys resolve psychological ED. Learn more at psychologicalED.com & YouTube @psychologicalED",Anchor,en-us,https://d3t3ozftmdmh3i.cloudfront.net/staging/podcast_uploaded_nologo/46853309/46853309-1790626174812-f4a83a3185b3d.jpg,2026-10-02 01:23:47,8056118,confirmed,https://podcasters.spotify.com/pod/show/bmahoney597,1790904227,5707875f56b1264372a4da9fc467c0b1,6817112886.0,2,0,INDIVIDUAL
One Good Post: Local Marketing for Small Service Businesses,Coach Cynthia- Contently Well,https://anchor.fm/s/117f2beb8/podcast/rss,"One Good Post is local marketing for small service businesses run by women with their hands full. Every week, Cynthia Zilke breaks down one piece of content that's working and shows you how to make your own version for your cleaning business, esthetics studio, organizing business, or fitness classes.
No posting every day. No chasing viral. Just staying findable on Instagram and Google, so the right local clients book you when they're ready.
Cynthia is a millennial mom, caregiver, and the voice behind Contently Well, with 10 years of helping local businesses get found.",Anchor,en-ca,https://d3t3ozftmdmh3i.cloudfront.net/staging/podcast_uploaded_nologo/46867518/46867518-1790794013808-c02a65f86f4f.jpg,2026-10-02 01:20:18,8056116,confirmed,https://podcasters.spotify.com/pod/show/cynthia-zilke---contently0,1790904018,f6fb3e6907344b345dca1686c18fabfa,6817890202.0,2,0,INDIVIDUAL
Natalia's Romanian,Natalia's Romanian,https://anchor.fm/s/1170df2d8/podcast/rss,"Do you want to learn Romanian but you find it difficult because all the content is in Romanian only? Welcome to Natalia's Romanian Podcast! 
Here, we do things a tad different! :) All content is in English and translated into Romanian. 
I am Roberta-Natalia, or just Natalia and I have been teaching Romanian to foreign students from all over the world from England to USA. 
Here we are now with episodes for all levels from the basics to scenarios or special editions! New episodes weekly, and don't forget to get in touch if you'd like private Romanian lessons https://nataliasromanian.carrd! :)",Anchor,en,https://d3t3ozftmdmh3i.cloudfront.net/staging/podcast_uploaded_nologo/46717574/46717574-1789483706054-09617c5791d07.jpg,2026-10-02 01:08:37,8056106,confirmed,https://podcasters.spotify.com/pod/show/natalias-romanian8,1790903317,96a11f31c493f0a8eb1d50ccf1e492c7,6811091177.0,2,0,INDIVIDUAL
Disability After Dark,Cripple & Co Productions,https://rss.buzzsprout.com/2655030.rss,"This is a podcast that looks at disability stories. it's like sitting down with a really close friend to have real conversations about disability, sexuality and everything else about the disability experience that we don't talk about; the things about being disabled we keep in the dark. The show is hosted by Disability Awareness Consultant Andrew Gurza.",Buzzsprout,en-CA,https://storage.buzzsprout.com/8pzneor77k6k9drnn3v6olhj50wq?.jpg,2026-10-02 01:06:27,8056102,confirmed,https://disability-after-dark.pinecast.co,1790903187,65e216f5070ae050189dccc960b36464,,4,0,CORPORATE
How to End a War,Munck Studios København,https://anchor.fm/s/1167eb550/podcast/rss,"How do you end a war? Not in theory, but in the real world - amid deep mistrust, trauma, and bloodshed. In each episode, peace researcher Isabel Bramsen takes a close look at an armed conflict in which people managed to break the cycle of violence and pave the way for reconciliation. So how did they do it? This series retraces the dramatic events and introduces the key figures who changed the course of history and helped bring about peace.",Anchor,en,https://d3t3ozftmdmh3i.cloudfront.net/staging/podcast_uploaded_nologo/46623700/46623700-1787734151294-ed72dbd332237.jpg,2026-10-02 01:02:38,8056099,confirmed,https://podcasters.spotify.com/pod/show/rune-born-schwartz00,1790902958,70c06f577d3afdfa77cdd17013d0d63b,6811631735.0,2,0,INDIVIDUAL
"Main Character Energy: Whew, Let's Talk!",Main Character Energy,https://anchor.fm/s/116faa318/podcast/rss,"A conversational podcast about becoming the main character in your own life through healing, boundaries, friendships, family, work, spirituality, humor, and everyday growth. Honest conversations that make listeners feel like they're talking with a close friend.
www.BeTheMCE.com",Anchor,en-us,https://d3t3ozftmdmh3i.cloudfront.net/staging/podcast_uploaded_nologo/46704918/46704918-1788797698084-d8703f7286e31.jpg,2026-10-02 01:02:25,8056098,confirmed,https://podcasters.spotify.com/pod/show/main-character-energy3,1790902945,635108c3192a7b6552feb184d654dcad,6817940980.0,2,0,INDIVIDUAL
The Giles Files,Nancy Giles,https://rss.libsyn.com/shows/91299/destinations/455808.xml,"Nancy Giles is an Emmy- winning contributor to ""CBS News Sunday Morning.""  The girl keeps files on people she digs, and breaks down trending topics from pop culture to politics.  Add a microphone and a ukulele for a fast and furious look at ""what's up"" through interviews, commentaries, song parodies and more.",Libsyn,en,https://static.libsyn.com/p/assets/d/b/2/c/db2c1d65b4e2ef4a16c3140a3186d450/5c43be982facf7994ff7835973e702cfe1c2b7febc1c10e3f7f70b1506b0d5d07171552a00643e1419b0855f067ba040cca1f153fb72298056c2f49b3bef3202.jpeg,2026-10-02 00:57:24,8056094,confirmed,https://art19.com/shows/the-giles-files,1790902644,a6d5eb9ae5f9247c753abb2f496562d8,1587689964.0,2,0,INDIVIDUAL
Friends After Amen,Friends After Amen,https://anchor.fm/s/116b18afc/podcast/rss,"Friends After Amen is a weekly podcast where best friends Blake and Chase ponder the thought ""What happens after we say amen?"" Hilarious ideas, crazy conspiracies, educational insights, and sometimes legitimate advice all make an appearance on this comedy podcast.",Anchor,en,https://d3t3ozftmdmh3i.cloudfront.net/staging/podcast_uploaded_nologo/46657015/46657015-1788199566982-811569cc80e09.jpg,2026-10-02 00:56:18,8056092,confirmed,https://podcasters.spotify.com/pod/show/friends-after-amen2,1790902578,3f9e7e546604d19576022bf4a3c56772,6817866500.0,2,0,CORPORATE
"Say Amen, Sis",Kayla Deonna,https://anchor.fm/s/117e995cc/podcast/rss,"Christian affirmations for 
becoming who God called you to be
📖 Scripture → Affirmations
💗 Your dose of Godfidence",Anchor,en-us,https://d3t3ozftmdmh3i.cloudfront.net/staging/podcast_uploaded_nologo/46861515/46861515-1790720384374-951f4188c49e2.jpg,2026-10-02 00:56:18,8056091,confirmed,https://podcasters.spotify.com/pod/show/kayla-deonna1,1790902578,8226a601cfbed195d57bdffccef86e9c,6817814742.0,2,0,INDIVIDUAL
Keeping Wisdom,Raelynn Beintker,https://anchor.fm/s/1134ac43c/podcast/rss,"Keeping Wisdom is a podcast within the Spiral ecosystem exploring how wisdom actually forms through lived experience. These are reflective, real-time conversations with WisdomKeepers, creators, practitioners, and everyday humans moving through the messy, nonlinear process of becoming. Rather than polished performances or expert advice, this podcast creates space for honest dialogue, emerging insight, human complexity, and meaningful reflection. For those who value lived experience over certainty, performance, or perfection, welcome to Keeping Wisdom. Come listen to what is still unfolding now.",Anchor,en-us,https://d3t3ozftmdmh3i.cloudfront.net/staging/podcast_uploaded_nologo/46086343/46086343-1780436313846-898ac00165d.jpg,2026-10-02 00:55:53,8056089,confirmed,https://podcasters.spotify.com/pod/show/raelynn,1790902553,f840130de87bf69e4c1e55fcaffd39e9,6809051535.0,2,0,INDIVIDUAL
Why Water is Essential in Our,Leidy Gil,https://www.spreaker.com/show/7425426/episodes/feed,"We explore why water is a vital resource for human life, public health, agriculture, and ecosystem balance. We discuss the growing threat of severe droughts, global wildfires, and water contamination, highlighting the importance of collective action and sustainable management.",Spreaker,en,https://d3wo5wojvuv7l.cloudfront.net/t_rss_itunes_square_1400/images.spreaker.com/original/34892d4ac6a2adb9fe425b4730aadef8.jpg,2026-10-02 00:52:24,8056084,confirmed,https://www.spreaker.com/podcast/why-water-is-essential-in-our--7425426,1790902344,a6e376bb6f454e38cc531b9103b0529d,,4,0,INDIVIDUAL
The Pen Behind the Voice,Pearls & Purpose LLC,https://feeds.redcircle.com/1d100a9f-722b-4098-9501-846b03754a07,"The Pen Behind the Voice is a 7‑minute devotional podcast for women who crave calm, clarity, and spiritual grounding in the middle of real life. Host Ebony Kimbrough slows down legacy songs and reveals the faith‑rooted messages hidden inside their lyrics, offering short, soulful reflections that help listeners breathe again, reconnect with God, and rediscover their identity.
If you’re navigating purpose, healing, or simply trying to stay centered in a noisy world, this podcast gives you a moment to pause, reset, and feel spiritually seen — one song, one story, one revelation at a time.",Spotify for Podcasters,en-US,https://media.redcircle.com/images/2026/9/30/3/c7499938-783e-4d7e-931c-0244fe31dc21_podcast_thumbnail__1500_x_1500_px_.jpg,2026-10-02 00:44:08,8056073,confirmed,https://redcircle.com/shows/the-pen-behind-the-voice,1790901848,90fdc22bb6a8aa023bac5fa564502c3e,6818053261.0,2,0,CORPORATE
Re: Carmilla,Tal Minaer,https://feeds.captivate.fm/recarmilla/,"Re: Carmilla is an audio adaptation of Carmilla from the team behind Re: Dracula. It's a faithful, text-accurate adaptation of Sheridan Le Fanu's novella, featuring a full cast to tug on your heartstrings and sound design to keep you on the edge of your seat. Out now in full!",Captivate,en,https://artwork.captivate.fm/2af2bb2a-883f-4ab9-a988-cc548e3d7df9/a41190deb9b49565435b3f5e5fc88dfb.jpg,2026-10-02 00:40:33,8056064,confirmed,https://recarmilla.live/,1790901633,db5849eb0bd17c1d6c4c213719689e4b,,4,0,INDIVIDUAL
What's In Store,Renee Hartmann and Sharon Yourell Lawlor,https://anchor.fm/s/116ee74bc/podcast/rss,"What’s In Store: Making Sense of Modern Retail
What’s In Store is a retail learning series that goes inside the places, businesses and ideas shaping modern retail. We explore what retailers are doing, why they’re doing it and what others can learn. From retail technology and AI to stores, customer experience, ecommerce, operations and emerging business models, each episode takes you inside a real retail story and unpacks what makes it work.
Real retail. Real people. Practical learning.",Anchor,en,https://d3t3ozftmdmh3i.cloudfront.net/staging/podcast_uploaded_nologo/46696935/46696935-1788697424199-61c831224357a.jpg,2026-10-02 00:39:37,8056062,confirmed,https://podcasters.spotify.com/pod/show/reneehartmann7,1790901577,9c2b4dde5bfc79eeff9bc509fe8137fa,6812630392.0,2,0,CORPORATE
CROMìA VOICES,Elisabeth Zocca McBride | CROMÌA Method,https://anchor.fm/s/117f2df88/podcast/rss,"CROMÌA Voices is a space for conversations connecting tattooing, PMU, corrective and paramedical dermopigmentation with skin science, pigmentology, medicine and research. Hosted by Elisabeth Zocca McBride, each episode brings together professionals, researchers, clinicians and innovators to share knowledge, experience and different perspectives — creating dialogue across disciplines and contributing to a more informed evolution of the profession.",Anchor,en,https://d3t3ozftmdmh3i.cloudfront.net/staging/podcast_uploaded_nologo/46867602/46867602-1790794725445-f2710f106f98a.jpg,2026-10-02 00:36:46,8056058,confirmed,https://podcasters.spotify.com/pod/show/lestrodilisa2,1790901406,e56f59dbfa4668681f27fe634519db0a,6817895262.0,2,0,INDIVIDUAL
Joy To The World,Your Secret Santa,https://feeds.captivate.fm/joy-to-the-world/,"Joy to the World follows Joy, an astronaut alone on the ISS, as they take calls from around the world on a lonely Christmas Eve. It's about end-of-year holiday spirit in general, exploring different experiences of what makes this time of year special.",Captivate,en,https://my.captivate.fm/assets/images/captivate-art-bg.jpg,2026-10-02 00:36:02,8056056,confirmed,https://joytotheworld.space/,1790901362,88e86363a9c307bace8ca5728d152466,,4,0,INDIVIDUAL
NephSpace,Wael Hussein,https://feeds.transistor.fm/nephspace,"NephSpace makes new kidney research easy and fun to follow.

Every week, a practicing nephrologist picks the most interesting new papers and news in nephrology, and two hosts talk them through: the story, the key numbers, why it matters, and an honest take on what the study does and doesn't prove.

Weekly episodes (about 30 minutes) cover that week's picks from the kidney journals, the big general journals and the specialty news. Deep Dives (15 to 20 minutes) follow one question further: two treatments racing for the same goal, a trial worth arguing about, a case that a new paper answers.

Made for nephrologists, nephrology fellows and kidney-care clinicians. Curious, evenhanded, never condescending.

Physician-led, AI-assisted. Dr. Wael Hussein, an academic nephrologist in Memphis, chooses every paper, reviews and edits every script, and approves every episode. First drafts are written with AI from the full text of each paper, a separate AI check compares every number with the papers, and the hosts' voices are AI-generated. Authors' industry ties are named on air, and Dr. Hussein's own disclosures are in every episode's notes.

Educational content for healthcare professionals, not medical advice. Views are the creator's own and not those of his employer. Papers are summarized in our own words, with links to the originals.

nephspace.com · hello@nephspace.com",Transistor,en-us,https://img.transistorcdn.com/6-uvSjkfkTs9wvjAwaiu2QcBMCJZ6YbG2-9H3cERoTw/rs:fill:0:0:1/w:1400/h:1400/q:60/mb:500000/aHR0cHM6Ly9pbWct/dXBsb2FkLXByb2R1/Y3Rpb24udHJhbnNp/c3Rvci5mbS9kZDYw/YjRhODU0MTA5MDRj/Y2YwNTQ3OThmNzE5/YmI4ZC5qcGc.jpg,2026-10-02 00:34:00,8056053,confirmed,https://nephspace.com,1790901240,ad310f2c00ef67a1f0a443921f6e00e3,,4,0,INDIVIDUAL
Digging for Dollars,The Venture Side of Mining,https://anchor.fm/s/1176632a4/podcast/rss,"The venture side of mining.
Each week, Mat Wilson and Cejay Kim break down drill results, spot upside, and sit down with the people in the deals. Expect strong opinions, sharp frameworks, and heated debate on what's worth the bet.",Anchor,en,https://d3t3ozftmdmh3i.cloudfront.net/staging/podcast_uploaded_nologo/46775409/46775409-1789675944430-1115386d8ee0f.jpg,2026-10-02 00:32:46,8056050,confirmed,https://diggingfordollars.com,1790901166,5bf2db0773072e9abd851398fc467f11,6814869318.0,2,0,CORPORATE
Lighthouse Mysteries Podcast,Lighthouse Horror,https://anchor.fm/s/117e3f2d4/podcast/rss,"True stories, mysteries, and other strange things.",Anchor,en,https://d3t3ozftmdmh3i.cloudfront.net/staging/podcast_uploaded_nologo/46857821/46857821-1790688343827-3e6d94cdbe6bb.jpg,2026-10-02 00:29:50,8056047,confirmed,https://podcasters.spotify.com/pod/show/lighthouse-horror7,1790900990,924069efff3c8b18d1f64ed1f2c75557,6817408270.0,2,0,INDIVIDUAL
Brains & Blood,Brains & Blood Media,https://feeds.captivate.fm/brains-and-blood/,A horror film review podcast using the Brains & Blood rating system. Hosted by The Coroner and The Scream Queen. New episodes posted weekly.,Captivate,en,https://artwork.captivate.fm/ae16c603-ff1d-4d0f-bcf2-1f4a18f411bd/FINAL-Brains-and-Blood-Podcast-Artwork-copy.jpg,2026-10-02 00:26:16,8056043,confirmed,https://brainsandblood.com/,1790900776,6d96bbfa295d81d1e47f30606c204c8f,6818361260.0,0,0,CORPORATE
NO FILTER,Black Parker,https://rss.buzzsprout.com/2655025.rss,"<p><br></p><p><b>NO FILTER by Black Parker — Podcast </b></p><p><b>No scripts. No pretending. No filter.</b></p><p><em>NO FILTER with Black Parker</em> is a short-form podcast built on real conversations about <b>faith, life, relationships, personal growth, struggles, and the lessons we learn along the way.</b></p><p>In just a few minutes, Black Parker gets straight to the point—sharing his perspective, experiences, and thoughts on the things many people experience but don’t always talk about.</p><p>These aren’t hour-long conversations filled with filler. Each episode delivers <b>one message, one perspective, and something to think about</b> as you move through your day.</p><p>Sometimes it’s encouraging. Sometimes it’s challenging. Sometimes it’s uncomfortable. But it’s always real.</p><p>🎙️ <b>Real life. Real faith. Real conversations. NO FILTER.</b></p><p><b>New episodes of NO FILTER with Black Parker — short enough to fit into your day, meaningful enough to stay on your mind.</b></p><p><br></p>",Buzzsprout,en-us,https://storage.buzzsprout.com/mdyfvo8gy45m5n1fypjs81m40f92?.jpg,2026-10-02 00:21:57,8056038,confirmed,,1790900517,ee93d2b6bf921bb2ac1875625f449f30,,4,0,INDIVIDUAL
Silicon Horizon: Decoding Tomorrow,Yuxuan,https://www.spreaker.com/show/7425344/episodes/feed,"<i>Silicon Horizon: Decoding Tomorrow</i> is an in-depth, analytical podcast exploring the technological breakthroughs, ethical dilemmas, and digital revolutions shaping our future. From artificial general intelligence and quantum computing to decentralized networks and biotechnology, we break down the most complex tech trends into engaging narrative deep-dives. Fully compliant with Spreaker broadcasting guidelines and content policies, this show delivers comprehensive tech journalism, expert commentary, and philosophical inquiry without fluff or filler.",Spreaker,en,https://d3wo5wojvuv7l.cloudfront.net/images.spreaker.com/nuvolari-assets/green_square_mic.jpg,2026-10-02 00:18:45,8056034,confirmed,https://www.spreaker.com/podcast/silicon-horizon-decoding-tomorrow--7425344,1790900325,d17baa2f6d8ed430d80308508ec1bbd4,,4,0,INDIVIDUAL
pizza party,Koda,https://rss.buzzsprout.com/2655024.rss,<p>its a radio channel. fun and great. it has many songs and has NOTHING expected</p>,Buzzsprout,en-us,https://storage.buzzsprout.com/5zucy7sadn7xrlvzqby1iwy6smxk?.jpg,2026-10-02 00:18:28,8056033,confirmed,,1790900308,7cc68babb06872e7e4518201c4b9220e,,4,0,INDIVIDUAL
"My attitudes, beliefs, and obligations",ALMC,https://www.spreaker.com/show/7425327/episodes/feed,"My attitudes, beliefs, and obligations in my professional and academic life.<br />(Software programming technician program)",Spreaker,en,https://d3wo5wojvuv7l.cloudfront.net/t_rss_itunes_square_1400/images.spreaker.com/original/1af29b42515d19f40a8e59eb0af6194e.jpg,2026-10-02 00:17:14,8056032,confirmed,https://www.spreaker.com/podcast/my-attitudes-beliefs-and-obligations--7425327,1790900234,6c9e8688c0ef08c18ec63ea16c2fda9f,,4,0,CORPORATE
Clare to Share,"Clare College, Cambridge",https://anchor.fm/s/116f812d8/podcast/rss,"This podcast features conversations with Clare College alumni from a wide range of industries and specialisms, offering students and the wider Clare community insight into different career paths and professional experiences. Hosted by Nicholas Ong (PhD Music, 2022), Careers Support Officer. Music composed by Eoin Jenkins (Music, 2023) and performed by Isaac Chan (Music, 2023)",Anchor,en,https://d3t3ozftmdmh3i.cloudfront.net/staging/podcast_uploaded_nologo/46703238/46703238-1790586818119-3fe8b4a91fd3b.jpg,2026-10-02 00:13:02,8056026,confirmed,https://podcasters.spotify.com/pod/show/clare-college-1326,1790899982,99637184d9cb2f93c14864dcc654208d,6816909350.0,2,0,CORPORATE
String and Tell with Tawny Platis and Kristen DiMercurio,Tawny Platis,https://anchor.fm/s/117ea78c0/podcast/rss,"<p>New episodes every Thursday
Buy a bracelet: https://www.ebay.com/usr/stringandtell
Voice actors Tawny Platis and Kristen DiMercurio challenge each other to voice act in deliberately miscast performances each week on their show String and Tell (""read this scene from Twilight but perform Bella as Jennifer Coolidge"")​
After the games, they chat about voice acting, art, and entertainment while they make friendship bracelets. The bracelets are then auctioned to viewers with 100% of sales going to a nonprofit of the week.​
</p>
<p><br /></p>",Anchor,en,https://d3t3ozftmdmh3i.cloudfront.net/staging/podcast_uploaded_nologo/46862096/46862096-1790782953444-aa88d192864ae.jpg,2026-10-02 00:13:00,8056025,confirmed,https://podcasters.spotify.com/pod/show/tawny-platis,1790899980,787f6538b700442d8c675b6c54514528,6817979134.0,2,0,INDIVIDUAL
Moments of Motherhood,Bailey Dickson and Torie Ketner,https://rss.libsyn.com/shows/527847/destinations/4539192.xml,"Looking for community? Welcome to our virtual village! We're more than just a podcast, we're your source of mom connection. 
In our virtual village we'll be spotlighting joyful motherhood moments while honoring the challenges we all face. We're two best friends, mothering 8 kiddos between the two of us. We've been finding the best ways to support each other, fill our cups, and find balance in this beautiful life, even living over 300 miles apart. This all inspired the birth of our podcast.
We are sharing our stories while searching for ways to learn, grow and support other moms postpartum and beyond.  From navigating a pandemic, traveling with kids, scrunchy living, step-parenting,  finding the new version of ourselves, and so much more. 
We are raw and we are real. And we hope you join us in creating a community that so many of us mommas yearn for. We can't wait to heal and grow with you all through laughter and maybe some tears as we delve into motherhood together. 
Cheers to figuring shit out as we go.",Libsyn,en,https://static.libsyn.com/p/assets/1/1/d/2/11d2955ff3ec969f27a2322813b393ee/2.4MB-PODCOVER-20240516-zbe22mtiiv.jpg,2026-10-02 00:09:20,8056023,confirmed,https://sites.libsyn.com/527847,1790899760,0e2dc049363c9c18a6bcd063d8862e9f,1745037122.0,2,0,CORPORATE
Turning Down the Heat,Heat Engineer Software,https://anchor.fm/s/117962ab8/podcast/rss,"Turning Down the Heat is the Heat Engineer Software podcast for heating engineers, plumbers and anyone interested in the trade.
Each episode brings together installers, trainers and industry experts to discuss the changes, challenges and opportunities shaping the future of heating.
Practical conversations, different perspectives and real experience from across the industry, brought to you by Heat Engineer Software.",Anchor,en,https://d3t3ozftmdmh3i.cloudfront.net/staging/podcast_uploaded_nologo/46806846/46806846-1790091673902-1a2b9b5adf8a4.jpg,2026-10-02 00:09:02,8056021,confirmed,https://podcasters.spotify.com/pod/show/heat-engineer-software2,1790899742,87cc555bd3811124288b092bb1c174c5,6817687306.0,2,0,INDIVIDUAL
The 9:47 Podcast,Micah Smith,https://anchor.fm/s/f2f164fc/podcast/rss,"Welcome to The 9:47 Podcast, where married life, ministry, business, parenting, homeschool, family chaos, movies, food, faith, and everything in between all collide.
No polished scripts. No perfect schedule. Just real life, real busy, real love.",Anchor,en-us,https://d3t3ozftmdmh3i.cloudfront.net/staging/podcast_uploaded_nologo/40659063/40659063-1788125410867-0e2393e4429e9.jpg,2026-10-01 23:59:20,8056011,confirmed,https://podcasters.spotify.com/pod/show/micah-smith45,1790899160,6e1403f7088026652186786740720cc9,6817429341.0,2,0,CORPORATE
Hubris: A 24-Hour Podcast Project,Mr. Hubris,https://feeds.captivate.fm/24hour-hubris/,"Hubris is a labor of love from a chaotic group of podcasters who decided a 24-hour podcast challenge sounded like a good idea. We assembled several Creative Teams from a large group of podcasters from around the world, made up of writers, audio producers, and voice actors to create a single-episode fiction podcast within a 24-hour period from start to finish.",Captivate,en,https://artwork.captivate.fm/381cef89-300d-409b-9fdd-6c033ff588c4/hubris.png,2026-10-01 23:58:11,8056009,confirmed,https://24hourhubris.com/,1790899091,6f787b3dfa2efa90b98b749ec4003a24,,4,0,INDIVIDUAL
The Companion,Park Cities Presbyterian Church (PCA),https://anchor.fm/s/107fb49a8/podcast/rss,"We do not assume to know where you have come from in life. We want to welcome all who are weary and seek rest, all who mourn and long for comfort, all who feel shame and want to be forgiven, all are lonely and ache for friendship, all who are unsatisfied and search for a life worth living, and all who will come. The Companion offers a doorway from where you are to who you are called to be.
Learn more at companionguide.org.",Anchor,en,https://d3t3ozftmdmh3i.cloudfront.net/staging/podcast_uploaded_nologo/44188762/44188762-1754336624300-bc045a6dfb034.jpg,2026-10-01 23:54:20,8056007,confirmed,https://companionguide.org,1790898860,387ac7841a170bcbbe054ceafb42a362,6814585960.0,2,0,CORPORATE
No One Is Normal,Brad H. Hill,https://feeds.captivate.fm/no-one-is-normal/,"No One Is Normal is a raw, honest self-improvement podcast about recovering, healing, and rebuilding life. Brad H. Hill, author of No One Is Normal, shares real stories from the book, meaningful listener experiences, and conversations with professionals to explore addiction, trauma, shame, and self-forgiveness. This show helps you grow, reflect, and take the next step toward becoming who you were meant to be.",Captivate,en,https://artwork.captivate.fm/e7160482-5257-487a-a0c3-7740187f63dd/44897853-1786306020821-f118181ebc999.jpg,2026-10-01 23:53:50,8056006,confirmed,https://www.nooneisnormal.co,1790898830,9c620f889f9154ca12a8633d719fa88a,,4,0,INDIVIDUAL
Heart 2 Heart Club,Word of Mouth Radio,https://feeds.transistor.fm/heart-2-heart-club,"Exploring the world of Disney movies through Kingdom Hearts…
Or exploring the world of Kingdom Hearts through Disney movies…
Or exploring the Heart of the world of movies through Disney Kingdoms...",Transistor,en,https://img.transistorcdn.com/uHIyPmVwWwoaDMqmuii7ttlG4Ck_s9mhMgfKDDavI-Y/rs:fill:0:0:1/w:1400/h:1400/q:60/mb:500000/aHR0cHM6Ly9pbWct/dXBsb2FkLXByb2R1/Y3Rpb24udHJhbnNp/c3Rvci5mbS83ZTM0/MDQyNWE0ZjJiNmNh/YjQzNTRkNGE5MGVm/MGU2Mi5qcGc.jpg,2026-10-01 23:48:40,8056004,confirmed,http://heart2heart.fun,1790898520,6aba4832fe63d0a65b6cddf3296721ed,6818374283.0,4,0,CORPORATE
Binge Breakdown: Beyond The Screen,Thomas Wallace,https://www.spreaker.com/show/7425335/episodes/feed,"<i>Beyond The Screen</i> is your ultimate audio companion to the golden age of television, streaming hits, and cult classic series. Hosted by passionate screen lovers, each episode dissects story arcs, character psychology, cinematic directions, and behind-the-scenes secrets of television's most compelling shows. Compliant with all digital broadcast and copyright distribution standards, this podcast avoids unauthorized playback, delivering pure, engaging commentary, narrative analysis, and thoughtful television criticism for fans who love to look beyond the surface of their favorite shows.",Spreaker,en,https://d3wo5wojvuv7l.cloudfront.net/images.spreaker.com/nuvolari-assets/yellow_square_mic.jpg,2026-10-01 23:46:48,8056002,confirmed,https://www.spreaker.com/podcast/binge-breakdown-beyond-the-screen--7425335,1790898408,190f07eb0b965b04e7be8fcd5d4f975c,,4,0,INDIVIDUAL
The Cinema Nerd,Harrison,https://rss.buzzsprout.com/2654696.rss,"<p>A podcast which dives into deep analogies, theories and more.</p>",Buzzsprout,en-us,https://storage.buzzsprout.com/lclljmc4jdw87mkfoikf2z3ufkbx?.jpg,2026-10-01 23:43:03,8055999,confirmed,,1790898183,074a1e34b20f554d3c5b32f49ac57908,,0,0,INDIVIDUAL
Mo or Less,Mo,https://rss.buzzsprout.com/2655020.rss,<p>My opinion on more or less everything. </p>,Buzzsprout,en-us,https://storage.buzzsprout.com/5k5tgg5wjy1kd56iaq30h1x7jnqx?.jpg,2026-10-01 23:42:27,8055997,confirmed,https://www.buzzsprout.com/2655020,1790898147,5cdf351b96f1242120f3458f361a7322,,0,0,INDIVIDUAL
FNDN Series,Matt McFarlane,https://feeds.captivate.fm/fndn-series/,"Heads of People, Experts and Operators sharing everything they know about building people and pay practices at some of the world most interesting companies.",Captivate,en,https://artwork.captivate.fm/b017aa64-287a-4220-a326-4d65b2883f69/podcast-import-artwork-20260423-191-2cj0kd.jpg,2026-10-01 23:32:10,8055991,confirmed,https://www.fndn.com.au,1790897530,3ddbddeb6478a36e69e9624f416f11c6,,4,0,INDIVIDUAL
NO IDOLS,Elliott Michael,https://anchor.fm/s/116f407b0/podcast/rss,"After being sent to the quiet town of ClearHaven to stay with his uncle, Michael Harris is just trying to get through a difficult chapter of his life. But when he meets Ivy and Logan, everything changes. When a fellow student suddenly disappears, the three friends uncover a mystery the town seems determined to hide. As secrets emerge and trust is tested, they discover that in ClearHaven, the truth isn’t just hard to find, it may be dangerous to follow.",Anchor,en-us,https://d3t3ozftmdmh3i.cloudfront.net/staging/podcast_uploaded_nologo/46700588/46700588-1790182880308-8a41503bae6d1.jpg,2026-10-01 23:29:56,8055990,confirmed,https://podcasters.spotify.com/pod/show/ohkiddell,1790897396,84a593f8c9727e303f66a8d59f50edd4,6817629780.0,2,0,INDIVIDUAL
Pill Pocket with Boris,The Paragon Collective,https://feeds.megaphone.fm/TPC4212348474,"<p>This is podcast with Boris, Dwight and Jason Nash.</p>",Megaphone,en,"https://megaphone.imgix.net/podcasts/4925ccaa-baf8-11f1-9675-575d0445abc0/image/989185a50cc23f1fb5e2ecd2c4f8ce43.png?ixlib=rails-4.3.1&max-w=3000&max-h=3000&fit=crop&auto=format,compress",2026-10-01 23:26:08,8055987,confirmed,,1790897168,380f83fbd6edc2faa9f0382c05e0e76c,6816828475.0,2,0,CORPORATE
The Mental View,Cornell Howard,https://feeds.libsyn.com/631563/rss,"The Mental View Podcast brings together therapists from Living Hope Counseling Center for honest conversations about everyday challenges, current events, and mental health—all with God at the center. Grounded in faith and informed by professional experience, we explore how emotional well-being and spiritual growth connect, offering practical insights, encouragement, and hope for navigating life.",Libsyn,en,https://static.libsyn.com/p/assets/2/a/d/a/2ada189dd2d1275488c4a68c3ddbc4f2/The-Mental-View-3000x3000.png,2026-10-01 23:25:51,8055986,confirmed,https://sites.libsyn.com/631563,1790897151,497a24221f002fe5439fb4534605c7bc,6817919720.0,2,0,INDIVIDUAL
Canvas & Color: Unspoken Stories,Tyler Johny,https://www.spreaker.com/show/7425260/episodes/feed,"<i>Canvas & Color. Unspoken Stories</i> is a deep dive into the hidden histories, emotional depths, and untold secrets behind the world’s most iconic visual art and modern creative movements. Each episode peels back the physical layers of paint and algorithms to reveal how human raw emotion, optical science, and shifting cultures shape the way we perceive beauty and art across generations.",Spreaker,en,https://d3wo5wojvuv7l.cloudfront.net/images.spreaker.com/nuvolari-assets/green_square_mic.jpg,2026-10-01 23:21:07,8055981,confirmed,https://www.spreaker.com/podcast/canvas-color-unspoken-stories--7425260,1790896867,c4b6c4a34e4450ced5e3115d2702b056,,4,0,INDIVIDUAL
The Choose to Soar Podcast,Choose to Soar Ministries,https://anchor.fm/s/1145dd508/podcast/rss,"Our vision is to create a space where women are deeply and practically equipped—where Biblical truth meets real life struggles, and where every listener is reminded that she is called, chosen, and capable through Christ. This podcast goes beyond surface-level inspiration by rooting each conversation in God’s Word and providing practical steps for everyday living. It is simply a modern tool for an ancient mission: helping women walk in freedom, grow in purpose, and live empowered by the Spirit.",Anchor,en,https://d3t3ozftmdmh3i.cloudfront.net/staging/podcast_uploaded_nologo/46266610/46266610-1782746872339-5df2e510e5fa2.jpg,2026-10-01 23:12:06,8055977,confirmed,https://www.choosetosoar.com,1790896326,f1ca4fe119c58b78a3dc799caaceb5a5,6817363081.0,2,0,CORPORATE
Future Skills Intelligence,Wade Jhammons,https://feeds.libsyn.com/631328/rss,"Future Skills Lab Podcast is your guide to the skills, ideas, and opportunities shaping the future of work, business, technology, and everyday life.
Hosted for curious professionals, entrepreneurs, students, creators, and lifelong learners, the Future Skills Lab Podcast explores the most important future skills for the AI era—from artificial intelligence and digital transformation to leadership, communication, creativity, entrepreneurship, productivity, and career development.
Each episode features practical insights, expert conversations, emerging trends, real-world strategies, and actionable ideas to help you learn new skills, stay ahead of technological change, build a future-ready career, and thrive in a rapidly changing world.
🎙️ Topics include:
Artificial Intelligence (AI) & Generative AI
Future of Work & Emerging Careers
Future Skills & Career Development
Technology & Digital Transformation
Entrepreneurship & Business
Leadership & Communication Skills
Creativity, Innovation & Problem-Solving
Productivity & Personal Growth
Digital Skills & Lifelong Learning
Trends Shaping the Future
Whether you're a student preparing for your career, a professional upgrading your skills, an entrepreneur building the future, or simply curious about what's next, Future Skills Lab Podcast delivers practical knowledge to help you adapt, grow, and create new opportunities.
Subscribe to Future Skills Lab Podcast and join the conversation about the skills, technologies, and ideas that will define tomorrow.
#FutureSkills #FutureOfWork #ArtificialIntelligence #AI #CareerDevelopment #Technology #Entrepreneurship #Leadership #DigitalSkills #PersonalGrowth #Innovation #FutureSkillsLab",Libsyn,en,https://static.libsyn.com/p/assets/3/d/4/0/3d40b475fd9aba5c88c4a68c3ddbc4f2/Future_Skills_Intelligence_1.png,2026-10-01 23:09:45,8055975,confirmed,https://sites.libsyn.com/631328,1790896185,7a73959f3d84e061b51ef76658b81ae2,6817086954.0,2,0,INDIVIDUAL
Health Uncapped,Phamily,https://anchor.fm/s/117baf3e8/podcast/rss,"Health Uncapped is a podcast about the business side of healthcare. Reimbursement, policy, the market: it's all moving at once, and the executives running healthcare organizations are figuring it out in real time. Hosted by Darshan Bachhawat, Chief Revenue Officer at Phamily, each episode is an honest conversation with one of those leaders about what's keeping them up at night and what they're doing about it.",Anchor,en,https://d3t3ozftmdmh3i.cloudfront.net/staging/podcast_uploaded_nologo/46830954/46830954-1790355816021-026e504c10f49.jpg,2026-10-01 23:04:11,8055971,confirmed,https://podcasters.spotify.com/pod/show/front-lines-studios003,1790895851,7ec75483801264c4c03b2d1eb799fe33,6817861323.0,2,0,INDIVIDUAL
The Sleeping Historian,"The Sleeping Historian- Long, Quiet Stories from the Ancient World",https://anchor.fm/s/117ae1880/podcast/rss,"The Sleeping Historian, is a quiet journey into the ancient world. Discover long, relaxing stories about ancient civilizations, forgotten kingdoms, mysterious ruins, legendary rulers, and everyday life thousands of years ago. From Egypt and Mesopotamia to Rome, Greece, and Persia, let calm narration and immersive storytelling help you relax and drift into sleep.
Long, Quiet Stories from the Ancient World.
Unofficial fan page dedicated to ASMR Historian.",Anchor,en,https://d3t3ozftmdmh3i.cloudfront.net/staging/podcast_uploaded_nologo/46822528/46822528-1790259823199-3d566aed894cd.jpg,2026-10-01 22:51:16,8055966,confirmed,https://podcasters.spotify.com/pod/show/cronicas-en-documental1,1790895076,f27599acce7de5cfb58e2b3221c59edc,6816883227.0,2,0,CORPORATE
Where are my Keys?,Vik VarWoo,https://rss.buzzsprout.com/2650193.rss,"<p><b>Where Are My Keys?</b> is a podcast about figuring out life after an adult ADHD diagnosis…one lost item, forgotten appointment, and 50-leven open tabs at a time.</p><p><br></p><p>Hosted by Vik VarWoo, it’s an honest, hilarious, and sometimes vulnerable conversation about rediscovering yourself, making sense of the past, and learning to give yourself a little grace along the way.</p><p><br></p><p><br></p>",Buzzsprout,en-us,https://storage.buzzsprout.com/rwtu70o445m91gjxpshxca242e5e?.jpg,2026-10-01 22:49:50,8055965,confirmed,,1790894990,e8345aac706acfb06c4edf0cde2cae86,6818338316.0,4,0,INDIVIDUAL
What's the Buzz? San Diego Business and Marketing Stories,Brittany Jenkins | The Buzz Marketing Co.,https://anchor.fm/s/11540750c/podcast/rss,"What's the Buzz? is a San Diego business podcast hosted by Brittany Jenkins, founder of The Buzz Marketing Co. Brittany sits down with entrepreneurs, small business owners, healthcare professionals, creators, and community leaders for candid conversations about branding, marketing, leadership, and growth: what actually worked, what wasted money, and what they'd do differently. Every business has a story. Because the best conversations don't just build businesses, they build stronger communities. Watch on YouTube or listen wherever you get podcasts.",Anchor,en-us,https://d3t3ozftmdmh3i.cloudfront.net/staging/podcast_uploaded_nologo/46415131/46415131-1790458479854-411f6e27486b3.jpg,2026-10-01 22:46:38,8055964,confirmed,https://podcasters.spotify.com/pod/show/the-buzz48,1790894798,aa6953b909d905835bf770ecd547e578,6814920110.0,2,0,CORPORATE
Cultural Heritage.,Cultural Heritage.,https://www.spreaker.com/show/7425161/episodes/feed,"Cultural Heritage is the legacy of physical artifacts, traditions, and living practices passed down through generations within a community.  <br />Europe’s Cultural Heritage is a rich and diverse mosaic of cultural and creative expressions, an inheritance from previous generations of Europeans and a legacy for those to come. It includes natural, built and archaeological sites, museums, monuments, artworks, historic cities, literary, musical and audiovisual works, and the knowledge, practices and traditions of European citizens.While policy in this area is primarily the responsibility of Member States, regional and local authorities, the EU is committed to safeguarding and enhancing Europe's cultural heritage through a number of policies and programmes.",Spreaker,en,https://d3wo5wojvuv7l.cloudfront.net/t_rss_itunes_square_1400/images.spreaker.com/original/87a82f79b854fddc1ef7db1b87809933.jpg,2026-10-01 22:43:29,8055962,confirmed,https://euram-radio.blogspot.com/,1790894609,32159cfd5163af7b393894fe56241b9f,,4,0,INDIVIDUAL
Deliver Us From P,Lo,https://rss.buzzsprout.com/2655005.rss,"<p>I know many who have suffered from the ""P"" word and not only are we educating you on what ""P"" represents but we're documenting the testimonies and accounts of the ones who overcame ""P"" so that you too can get Delivered from P. Tune innnnn. </p>",Buzzsprout,en-us,https://storage.buzzsprout.com/7vymbvrqrh24622mxoih2ghl3lbt?.jpg,2026-10-01 22:36:15,8055953,confirmed,,1790894175,52f8d4795456dac394af778e59b8196c,,4,0,INDIVIDUAL
Broken Bottles with Crowbar,Patrick Laffoon,https://rss.buzzsprout.com/2654998.rss,<p>An improv comedy podcast where we use your suggestions to perform bottle episodes from fake TV shows.</p>,Buzzsprout,en-us,https://storage.buzzsprout.com/a9uh1pl1ab6icmrxwd5604l72kdh?.jpg,2026-10-01 22:33:56,8055952,confirmed,https://brokenbottles.buzzsprout.com,1790894036,7fccd9fa2bc895d41ac29143de010739,,4,0,INDIVIDUAL
Unveiling Your Authenticity,Kristen Fortier,https://anchor.fm/s/112b9022c/podcast/rss,"This is about the journey through matrescence, spiritual awakening, conscious parenting + re-parenting, healing from trauma, and building a life by design. This is for you if you are ready to break free of the shackles, feel alive and thriving, and step into your power!",Anchor,en-ca,https://d3t3ozftmdmh3i.cloudfront.net/staging/podcast_uploaded_nologo/45990819/45990819-1784492254267-f95d412fa541d.jpg,2026-10-01 22:32:39,8055950,confirmed,https://podcasters.spotify.com/pod/show/kristen-fortier,1790893959,da7db728fd6d06d64763dcb1e157bb27,1896752059.0,2,0,INDIVIDUAL
THE REAL STORY PODCAST,packroz,https://anchor.fm/s/117c7f728/podcast/rss,"**The Real Story Podcast** 🎙️
Hosted by **Packroz**, *The Real Story Podcast* goes beyond the headlines and surface-level conversations to uncover the real stories behind people, experiences, struggles, success, relationships, music, business, and everyday life.
Expect honest conversations, inspiring journeys, untold experiences, controversial topics, and lessons from people who have lived through it.
No pretending. No filters. Just **real people, real experiences, and real stories.**
🎙️ Hosted by **Packroz**
🔥 **The Real Story Podcast — Every Story Has Another Side.**",Anchor,en,https://d3t3ozftmdmh3i.cloudfront.net/staging/podcast_uploaded_nologo/46839482/46839482-1790461679322-3100bb0bf0d7e.jpg,2026-10-01 22:32:21,8055948,confirmed,https://podcasters.spotify.com/pod/show/packroz6,1790893941,73e4ec905de71c8218e07e17775933f1,6817725838.0,2,0,INDIVIDUAL
The Tammy Alvarez Show,Tammy Alvarez,https://www.omnycontent.com/d/playlist/a7b0bd27-d748-4fbe-ab3b-a6fa0049bcf6/41ffd028-f51d-42fb-b252-b457013baa2f/3c0e6c21-7069-4916-be09-b457013baa42/podcast.rss,"The Tammy Alvarez Show brings thoughtful, values‑driven conversations to the forefront — exploring leadership, resiliency, service, and the character it takes to navigate life’s defining moments. With warmth, clarity, and conviction, Tammy sits down with leaders, veterans, and everyday Americans to examine what it means to lead with purpose, strengthen our communities, and live a life grounded in principle. Informed by her own experiences in public service, advocacy, and faith — and her life alongside her husband, decorated Navy veteran and former POW Everett Alvarez, Jr. — the show offers lis",Megaphone,en,https://www.omnycontent.com/d/playlist/a7b0bd27-d748-4fbe-ab3b-a6fa0049bcf6/41ffd028-f51d-42fb-b252-b457013baa2f/3c0e6c21-7069-4916-be09-b457013baa42/image.jpg?t=1779908959&size=Large,2026-10-01 22:23:01,8055942,confirmed,https://podcasters.spotify.com/pod/show/dante-swallow,1790893381,2e614092ffd138c463295c567c13d9b9,6817928729.0,2,0,INDIVIDUAL
The History of China Podcast,History Podcasts & Josh Linsk,https://feeds.megaphone.fm/the-history-of-china-podcast,"<p>Explore thousands of years of Chinese history, from the earliest dynasties and ancient kingdoms to imperial expansion, revolution, modernization, and the development of contemporary China. <em><strong>The History of China Podcast</strong></em> examines the rulers, philosophers, generals, inventions, wars, political movements, religions, and cultural traditions that shaped one of the world’s oldest continuous civilizations.</p>
<p>Episodes journey through the Shang and Zhou dynasties, the rise of Confucianism and Daoism, the Qin unification, the Han Empire, the Three Kingdoms, the Tang and Song golden ages, Mongol rule, the Ming and Qing dynasties, foreign intervention, the fall of the imperial system, the Republican era, civil war, and the major transformations of the twentieth and twenty-first centuries. The show also explores the Silk Road, Chinese technology and science, art and literature, military strategy, trade, regional cultures, everyday life, and China’s relationships with neighboring civilizations and the wider world.</p>
<p>Whether you are fascinated by ancient empires, famous battles, philosophy, political history, or the long-term forces that shaped modern China, the podcast provides detailed stories and historical context across centuries of change. <strong>The History of China Podcast is hosted by Josh Linsk.</strong></p>",Megaphone,en,"https://megaphone.imgix.net/podcasts/2ebfa166-bdc2-11f1-b984-8bc868dd8aec/image/7a12b93a40eb03e73da63b06e9c957d9.png?ixlib=rails-4.3.1&max-w=3000&max-h=3000&fit=crop&auto=format,compress",2026-10-01 22:22:54,8055941,confirmed,https://www.historypodcasts.com,1790893374,97660df9626cea1a261f776e771fe781,6818330890.0,0,0,CORPORATE
World of Gore,Bagels & Fried Chicken,https://rss.buzzsprout.com/2654985.rss,"<p>World of Gore is a scripted, horror themed story based in a version of the United States that has been plagued by the mass murderers known as ""Gores"" for the last 50 years. You have found a cache of audio cassette tapes with the voice of the mysterious researcher Antoine DeRosé recorded on them. He claims he can help you survive...but he makes no guarantees that you will.</p>",Buzzsprout,en-us,https://storage.buzzsprout.com/3bxpo5ec9sjgjf2nj5usrsa9yld7?.jpg,2026-10-01 22:22:08,8055940,confirmed,https://www.buzzsprout.com/2654985,1790893328,ef90221fe40b20da512df3065601c1cf,,0,0,CORPORATE
Don’t put that in the podcast,Don't Put That in the Podcast,https://anchor.fm/s/1177246d4/podcast/rss,"Don’t Put That in the Podcast is what happens when a mother and daughter decide their private conversations shouldn’t be so private. 😂 Kerri and Ariana are 17 years apart, bringing two generations and two perspectives to real conversations about family, relationships, parenting, friendships, money, work, aging and everyday life. Expect laughs, disagreements, tangents, oversharing and stories that probably should’ve stayed between us. Nothing is perfectly polished, and someone is bound to say, “OMG… don’t put that in the podcast!” 🎙️",Anchor,en,https://d3t3ozftmdmh3i.cloudfront.net/staging/podcast_uploaded_nologo/46783325/46783325-1789778135698-6efc1afb2ef63.jpg,2026-10-01 22:18:27,8055935,confirmed,https://podcasters.spotify.com/pod/show/dont-put-that-in-the-podc2,1790893107,e24edaa77869c9b47d66574d35138387,6814283614.0,2,0,INDIVIDUAL
PinkCloud9Podcast Womanist,PinkCloud9Podcast Womanist,https://feeds.redcircle.com/903ef24b-c074-4db4-8c10-91dbd4c4a0ff,Womanist video podcaster & livestream curator | Top 10% of 3.7M shows worldwide | 500+ business leaders interviewed | 100K+ reach | Humanity meets Reality | 4b Encouraged | Deconstructing & Rebuilding Norms https://linktr.ee/PinkCloud9,Spotify for Podcasters,en-US,https://media.redcircle.com/images/2026/9/8/3/c2742bd6-5052-4f3f-bed2-5dff17eb76e4_1.jpg,2026-10-01 22:13:00,8055929,confirmed,https://redcircle.com/shows/pinkcloud9podcast-womanist,1790892780,9403a346b7d2d9814d974b2cbc48c12f,,4,0,INDIVIDUAL
Caffeinated and Complicated,CafandComppod,https://feed.podbean.com/CafandComppod/feed.xml,<p>A podcast featuring two lifelong besties talking about complicated topics while fully caffeinated. </p>,Podbean,en,https://pbcdn1.podbean.com/imglogo/image-logo/22507671/Logo_Caf_and_Comp6wlrd.jpg,2026-10-01 22:07:45,8055926,confirmed,https://CafandComppod.podbean.com,1790892465,7f92b1df1681e8dbd4c2cb8af70470c5,6817833526.0,2,0,CORPORATE
Unethical Hypotheticals,Kaden,https://anchor.fm/s/117d086f4/podcast/rss,"One hypothetical and varying chance of agreement.
Welcome to Unethical Hypotheticals, the podcast where a brought on guest and I determine the best or worst ways to survive/strive the hypothetical.",Anchor,en,https://d3t3ozftmdmh3i.cloudfront.net/staging/podcast_uploaded_nologo/46845093/46845093-1790535099354-0d68f686ccd4e.jpg,2026-10-01 22:06:54,8055925,confirmed,https://podcasters.spotify.com/pod/show/kaden54,1790892414,91312342b5c68a5d4ed1a1321ca72cde,6817622697.0,2,0,INDIVIDUAL
The House of Noor,Meara,https://feeds.transistor.fm/the-house-of-noor,"The House of Noor is a podcast about building a life and a home that actually fit and creating the life you’ve dreamed of without it feeling like an uphill battle. 

Hosted by Meara, a longtime nurse, mother, homemaker, and beginner gardener, the show cuts through the noise of modern life to focus on what matters most: living intentionally, day in and day out.

Episodes cover real, practical conversations on:

Homemaking, motherhood, and family life

Gardening, food, and natural living

Traditional skills, creativity, and small business

Starting over, learning new things, and figuring it out as you go

This isn't about rigid routines, aesthetic perfection, or having it all figured out. It’s about quiet consistency, doing the work, and choosing a more deliberate way of living.

Whether you're planting your first garden, running a small business, raising kids, or just trying to slow down and build something real, you're in the right place.

The House of Noor — A return to simple things.",Transistor,en,https://img.transistorcdn.com/wY4yelLc2vdinBWX-9V3CcEPUOqPtCWeZ5LsRtqnRWA/rs:fill:0:0:1/w:1400/h:1400/q:60/mb:500000/aHR0cHM6Ly9pbWct/dXBsb2FkLXByb2R1/Y3Rpb24udHJhbnNp/c3Rvci5mbS9iYWM3/NGJhMDAzNTFhMTBi/YmJiYWM4ZjQ1YjMz/YWFkMS5wbmc.jpg,2026-10-01 21:52:50,8055915,confirmed,,1790891570,23593866ede58c0d3c3c5491ced79edb,,4,0,INDIVIDUAL
Life Behind The Key,Gabriella Monaco,https://rss.buzzsprout.com/2654325.rss,<p>Getting an inside look of what life as a Resident Assistant truly look likes. </p>,Buzzsprout,en-us,https://storage.buzzsprout.com/sk2gsockdf43pjlulsp0ml8enyeq?.jpg,2026-10-01 21:51:19,8055913,confirmed,,1790891479,fa01540de514c0e4bd4ec5ec00209eab,,4,0,INDIVIDUAL
QRI TINT LLC,QRI TINT LLC,https://www.spreaker.com/show/7425062/episodes/feed,"<a href=""https://maps.app.goo.gl/SHbHpphPUhxMDAAU8"" target=""_blank"" rel=""noreferrer noopener""><b>QRI TINT LLC</b></a> provides professional window tinting services designed to enhance privacy, comfort, and style. We specialize in automotive window tinting, residential window tinting, and commercial window tinting, helping reduce glare, block harmful UV rays, and improve indoor comfort. Our services include car window tint installation, home window film application, office window tinting, and existing tint removal. We focus on quality materials, precise installation, and attention to detail to deliver a clean, professional finish. Whether you want to upgrade your vehicle’s appearance or improve privacy and comfort in your home or business, QRI TINT LLC is committed to providing reliable service and customer satisfaction.<br /><br /><br /><br /><br /><br /><br /><br /><br /><br /><br /><br /><br /><br /><br />",Spreaker,en,https://d3wo5wojvuv7l.cloudfront.net/images.spreaker.com/nuvolari-assets/green_square_mic.jpg,2026-10-01 21:49:30,8055911,confirmed,https://www.spreaker.com/podcast/qri-tint-llc--7425062,1790891370,d18c021de67a3132a5d7c0127c2f1aee,,4,0,CORPORATE
Brain Signals,ISNR,https://rss.buzzsprout.com/2654991.rss,"<p>Brain Signals is a new webinar and podcast series designed to make neuroregulation more</p><p>visible, accessible, and relevant. Neuroregulation refers to a constellation of techniques and</p><p>tools that measure and enhance brain performance to support health and functioning.</p><p><br></p><p>Through engaging conversations with providers and researchers, the series will explore why</p><p>neurotherapy and neuroregulation matter—for personal, clinical, and collective wellbeing. In</p><p>addition to chatting with experts, everyday people will share their personal stories of how</p><p>neuroregulation has positively changed their lives.</p><p><br></p><p>Host David Ims (a licensed mental health counselor and neuroregulation specialist) will highlight</p><p>the “why” behind neuroregulation, and the impacts of retraining the brain to sharpen focus, lift</p><p>mood, ease worry, balance emotion, or improve sleep.</p><p><br></p><p>With the right mixture of data, research, and technology, anyone’s brain signals offer insights</p><p>into one’s self-understanding. This can be deployed to strengthen mental resilience and</p><p>regulation, complementary of personal background or experiences.</p><p><br></p><p>On Brain Signals, you will hear how your neural hardware and mental software interact. If you</p><p>have ever wondered how you can gently support your brain to work better in daily life and</p><p>improve your mental health and overall wellness, this one is for you. Stay tuned!</p><p><br></p>",Buzzsprout,en-us,https://storage.buzzsprout.com/pjf0xpz4gvfl0euhljrpg6fmeb9k?.jpg,2026-10-01 21:47:35,8055909,confirmed,https://www.buzzsprout.com/2654991,1790891255,2e4aeecbeaf27fb10ac6e6bb200afba1,,4,0,CORPORATE
The Table Church San Antonio,The Table Church San Antonio,https://feed.podbean.com/infotdy/feed.xml,"<p>Sermons from The Table Church San Antonio, a brand new church in the heart of San Antonio, Texas with a mission to invite people to treasure Christ, thrive in diverse community and transform the world. For more information, visit <a href=""https://thetablesa.church/"" title=""The Table Church"" target=""_blank"" rel=""noreferrer noopener"">www.thetablesa.church</a>.</p>",Podbean,en,https://pbcdn1.podbean.com/imglogo/image-logo/22669763/TTC_Circle_Filled_Charcoalbda2k.png,2026-10-01 21:42:48,8055905,confirmed,https://infotdy.podbean.com,1790890968,776cdc38d122c2fb9f5093586f75c97b,6817183732.0,2,0,CORPORATE
Unsupervised,Nuro,https://rss.buzzsprout.com/2654995.rss,"<p>Unsupervised is an original podcast hosted by Nuro co-founder and co-CEO Dave Ferguson. In this series, Dave sits down with leaders across technology, transportation, business, policy, and more for candid conversations about the biggest questions in autonomy and physical AI.</p>",Buzzsprout,en-us,https://storage.buzzsprout.com/d4vbzlyalpxukx5592i7j2u8ddx0?.jpg,2026-10-01 21:39:10,8055902,confirmed,https://unsupervised.buzzsprout.com,1790890750,da8efd4eeba6d0d237b59e97371e5304,,4,0,INDIVIDUAL
Pierson,Pierson,https://feeds.captivate.fm/pierson/,Follow us on Spotify.,Captivate,en,https://artwork.captivate.fm/1d628eea-6765-49fb-853a-0ff046f25c97/cbdff18c-4b84-4480-9ddd-e7af6b7bda6c.jpg,2026-10-01 21:33:33,8055896,confirmed,https://podcast71d9f8.podigee.io/,1790890413,18a8ac78c67e362e9173d0e87db0157c,,4,0,INDIVIDUAL
