title,author,url,description,host_platform,language,image,dateAdded,id,status,link,timeAdded,contentHash,itunesId,source,dead,is_corporate
Living a Full Life,livingafulllife,https://feed.podbean.com/livingafulllife/feed.xml,"What does it mean to live a full life?
We explore faith, relationships, purpose, and the everyday questions that help us make sense of being human.
What does God have to do with the ordinary realities of our everyday lives?
How do we discover meaning and purpose?
How do our relationships shape who we are becoming?
How do we face disappointment, uncertainty, and loss while holding on to hope?
And how might faith help us live more intentionally, compassionately, and fully?
So bring your questions.
Bring your doubts.
Bring your experiences.
And perhaps most importantly, bring your curiosity.
Because you don’t have to have everything figured out before you begin asking the questions that matter.
Welcome to Living a Full Life.
Honest questions.
Spiritual wisdom.
Real life.",Podbean,en,https://pbcdn1.podbean.com/imglogo/image-logo/22653172/Living_a_Full_Life_Church_Website_Square_1600x1600.jpg,2026-09-29 14:21:07,8052229,confirmed,https://livingafulllife.podbean.com,1790691667,41125da98b6fb28975ea5db54558058e,6815357012.0,2,0,INDIVIDUAL
The Work Crew,THE WORK CREW,https://www.spreaker.com/show/7418793/episodes/feed,"The Work Crew- The Talks Beyond the 9-5  Real conversations. We don’t claim to know the truth but we’re here to question, learn, and discover it together.",Spreaker,en,https://d3wo5wojvuv7l.cloudfront.net/t_rss_itunes_square_1400/images.spreaker.com/original/3b31e416c7fcd41c20508832011eeaa9.jpg,2026-09-29 14:18:33,8052226,confirmed,https://www.spreaker.com/podcast/the-work-crew--7418793,1790691513,59a030b5b537c2370e7ca6504ea716cc,,4,0,CORPORATE
HireGenics,HireGenics,https://rss.buzzsprout.com/2207651.rss,"<p>Welcome to the HireGenics Podcast, where we delve into the dynamic world of talent acquisition solutions. Join us as we explore the transformative power of on-demand talent, uncover the latest trends in workforce management, and provide expert insights into maximizing the potential of your workforce.<br><br></p><p>In addition to our insightful discussions, we're excited to introduce our Hiring Academy series, dedicated to helping candidates land their dream jobs. In these special episodes, we explore the art of job searching, resume writing, interview techniques, and career development. Join us as we provide valuable guidance, practical tips, and insider secrets to give candidates a competitive edge in today's challenging job market.<br><br></p><p>Get ready to revolutionize your approach to talent acquisition,<br>streamline your processes, and unleash the power of a flexible workforce like<br>never before.</p>",Buzzsprout,en-US,https://d3t3ozftmdmh3i.cloudfront.net/staging/podcast_uploaded_nologo/46854028/0c2f9d3488b84919.jpg,2026-09-29 14:15:55,8052222,confirmed,https://www.hiregenics.com/,1790691355,581e123da415567565ce7e555b3c2bbb,,4,0,INDIVIDUAL
Aiden Talks,Ear Balls Media,https://feed.podbean.com/aidentalks/feed.xml,"Welcome to Aiden Talks, the podcast where Aiden grabs the mic and talks about… whatever is on his mind! From video games and sports to movies, crazy ideas, everyday life, funny stories, and completely random questions—no topic is off limits.
Each episode is a chance to hear the world from a kid’s point of view: curious, funny, unpredictable, and totally Aiden. You never know where the conversation will go, and that’s the fun of it!",Podbean,en,https://pbcdn1.podbean.com/imglogo/image-logo/22596055/Aiden_Talks_Square.png,2026-09-29 14:06:51,8052217,confirmed,https://aidentalks.podbean.com,1790690811,3746526f32ef4c2aff5cc043ff3fab8d,6806665078.0,2,0,CORPORATE
Timeless Freddy Podcast,Timeless Freddy,https://anchor.fm/s/117344a78/podcast/rss,"From real-life stories and random observations to deeper questions about creativity, growing up, identity and figuring life out — this is Freddy, thinking, talking and telling it as it is. No niche. Just me being me.",Anchor,en,https://d3t3ozftmdmh3i.cloudfront.net/staging/podcast_uploaded_nologo/46742702/46742702-1790071174602-01026c4ab74fb.jpg,2026-09-29 14:05:07,8052213,confirmed,https://podcasters.spotify.com/pod/show/timelessfreddy,1790690707,9ef625e1605d2df5fbd4581b7ea5eb6c,6816213288.0,2,0,INDIVIDUAL
Roselen Boerner Faccio Podcast,Roselen Boerner Faccio,https://feeds.captivate.fm/roselen-boerner-faccio/,Ascolta le migliori prediche del pastore Roselen Boerner Faccio - Pastore della Sabaoth Church,Captivate,en,https://artwork.captivate.fm/e9c23fc2-c303-4743-b5d9-5e14f4c9c25f/roselenboernerfacciopodcast.jpg,2026-09-29 14:04:00,8052212,confirmed,https://roselen-boerner-faccio.captivate.fm,1790690640,4b7d5fcf01917079f4ff0dafa04d68ea,,4,0,INDIVIDUAL
More Than Wealth,North Texas Wealth Management,https://feeds.transistor.fm/more-than-wealth,"Real conversations about money, life, and the decisions in between.

The More Than Wealth podcast from North Texas Wealth Management explores how financial planning creates clarity and confidence, from career and retirement decisions to building wealth that lasts across generations. New episodes cover the planning opportunities, tradeoffs, and blind spots that shape how people build more fulfilling lives.

Learn more at ntxwealth.com

#1170023",Transistor,en,https://img.transistorcdn.com/6frBDGC2vD9BheXhG7_7BiZUf_hXMOnyHpPHbZnOtEE/rs:fill:0:0:1/w:1400/h:1400/q:60/mb:500000/aHR0cHM6Ly9pbWct/dXBsb2FkLXByb2R1/Y3Rpb24udHJhbnNp/c3Rvci5mbS9iM2Nm/MTNkYTNjZDhjMzM5/NGZmYzdmYjcxNWI2/NjIwZS5wbmc.jpg,2026-09-29 14:03:11,8052208,confirmed,,1790690591,fdf81dd78006e0a75a89fc2d3af7de5c,,4,0,INDIVIDUAL
Deana Elaine,Deana  Dils,https://feeds.captivate.fm/deana-elaine/,"Break the Silence with Deana Elaine is a raw and honest podcast about childhood trauma, addiction, recovery, faith, and the things we were told never to talk about. Through personal stories and meaningful conversations, Deana creates a space with no judgment and no pretending—just truth, healing, hope, and the courage to break your silence.",Captivate,en,https://artwork.captivate.fm/8a6a0d93-4f52-4d14-8454-77fd54166d24/Deana-Elaine-Captivate-3000x3000.jpg,2026-09-29 14:01:37,8052206,confirmed,https://deana-elaine.captivate.fm,1790690497,437da04e7e686d8b545e0db94a1c3779,,4,0,INDIVIDUAL
The Uncensored Crib,Alexis Reed,https://anchor.fm/s/1175dffd0/podcast/rss,"Welcome to the raw, funny, and completely unfiltered side of motherhood. Hosted by a first-time stay-at-home mom balancing baby naps, marriage shifts, and real life, this show drops the picture-perfect social media filter for authentic conversation. 
From cheeky deep dives into postpartum body changes, intimacy, and pre-baby identity, to navigating daily routines, naptime chaos, and finding yourself again…nothing is off-limits. Grab a cup of coffee and join the conversation every week for short, relatable, and honest real-talk.",Anchor,en,https://d3t3ozftmdmh3i.cloudfront.net/staging/podcast_uploaded_nologo/46770036/46770036-1789668174843-21b3e3ec5e404.jpg,2026-09-29 14:00:28,8052205,confirmed,https://podcasters.spotify.com/pod/show/alexis-reed6,1790690428,6f4d07d576767a487dc44a11469a0741,6816779704.0,2,0,INDIVIDUAL
Raheek Talks Podcast,RAHEEK,https://anchor.fm/s/110c6e178/podcast/rss,Raheek Talks is a coming of age podcast hosted by me!! :),Anchor,en-us,https://d3t3ozftmdmh3i.cloudfront.net/staging/podcast_uploaded_nologo/45664366/45664366-1774722445771-e6c5daecb4092.jpg,2026-09-29 13:56:34,8052201,confirmed,https://podcasters.spotify.com/pod/show/raheek-talks3,1790690194,af0a20f761ba553eb8f48221b42658dc,1888804386.0,2,0,INDIVIDUAL
Property & Purpose,Halstead Ottley,https://feeds.megaphone.fm/USVL3199298907,"<p>The Property and Purpose Podcast is to help people improve their mindset around property investing and to talk about potential pitfalls and mistakes that investors make. By sharing our experiences, we aim to help listeners avoid making the same mistakes that I have. The show will give you tools and strategies to help you develop a stronger mentality. </p>
<p>This Podcast will feature weekly interviews or me sharing my knowledge and experience. I will be interviewing some of the country's leading experts in Property Investing and Mindset. The show will have something for all types of Property Investors, whether you are just starting out or whether you have been investing for a while. No matter how long you have been investing, we all get stuck at some point, whether it is that you are not sure where to start, that you have got comfortable and complacent, or that you need an energy boost; this show will deliver. Talking Property and Mindset to help you fulfill your potential through Property Investing.</p>",Megaphone,en,"https://megaphone.imgix.net/podcasts/9b232e3e-bb49-11f1-aa69-f3d569f329fa/image/df72b8d08294e908e775a6e931cb8ddf.jpg?ixlib=rails-4.3.1&max-w=3000&max-h=3000&fit=crop&auto=format,compress",2026-09-29 13:47:04,8052194,confirmed,,1790689624,1aa9fd602a1bbeef66f19dbee54b49a6,,0,0,INDIVIDUAL
Lighthouse Sylva Sermons,Mark Rogers,https://feed.podbean.com/lighthousesylva/feed.xml,"Sunday Morning Preaching Services from Lighthouse Baptist Church, located in beautiful Sylva, NC.  You can find out more at lighthousesylva.com",Podbean,en,https://pbcdn1.podbean.com/imglogo/image-logo/22661754/Sunday_sermons_1_6a6fm.png,2026-09-29 13:43:34,8052190,confirmed,https://lighthousesylva.podbean.com,1790689414,5c90cd1b4ed0d793d68316c1bca96f6f,6816312626.0,2,0,INDIVIDUAL
Dandelion Tales,Pollie Rafferty,https://rss.buzzsprout.com/2653345.rss,"<p>Looking at the stories behind.... the woman, the business, the stories themselves We communicate in story they shapes us our societies and our future, stories need to be shared to build connection, grow knowledge, bring hope and guidence in a world in need of all of these </p><p><br></p><p>In This podcast we will deep dive into stories, why we tell them, What we can do with the stories we tell ourselves and how we can use stories to make our lives better. We will be hearing from wonderful women sharing their stories and looking at old stories their meanings and hopefully creating some new ones </p><p><br></p><p>Pollie has a diploma in Narrative therapy and a higher education certificate in Psychology along with a lifetime of experience and an Autistic hyper focus on storytelling, Its history and effects on society </p>",Buzzsprout,en-us,https://storage.buzzsprout.com/apggi4bs2gjyogyp0uoj8ehb1b7u?.jpg,2026-09-29 13:42:23,8052189,confirmed,,1790689343,e2eb758b9ee58cf7bce8ea9dfcfecc4f,,0,0,INDIVIDUAL
From The Ground Up,Alana Trapp,https://anchor.fm/s/e8dc0fe4/podcast/rss,This Podcast is for Basketball Lovers everywhere. If you love the game of basketball and enjoy hearing untold stories as well as unfiltered opinions then this podcast is for you!! Check it out! and make sure you tell a friend.,Anchor,en,https://d3t3ozftmdmh3i.cloudfront.net/staging/podcast_uploaded_nologo/38967361/38967361-1694419731649-af3f7a2e5c6cb.jpg,2026-09-29 13:36:38,8052186,confirmed,https://podcasters.spotify.com/pod/show/alana-trapp3,1790688998,b2f4243ff19f21978109caa636ac344c,1707906229.0,2,0,INDIVIDUAL
Singing River Outdoors,GWENDILIA MURRAH,https://rss.buzzsprout.com/2642145.rss,<p>Everything about the Outdoors</p>,Buzzsprout,en-us,https://storage.buzzsprout.com/c1p79uwe0wfyu8m1e0mnjzo9mr40?.jpg,2026-09-29 13:35:51,8052183,confirmed,https://singingriveroutdoors.buzzsprout.com,1790688951,24ae4fd567df53e668a0dc2c86fb63d1,,4,0,INDIVIDUAL
The Archive & The Studio,London Arts & Humanities Partnership,https://feeds.acast.com/public/shows/69fb483c13990e6fae01ac6e,"<p>Where do groundbreaking ideas-driven research meet real-world impact?</p><br><p>Welcome to <em>The Archive & The Studio</em>, the official podcast from the London Arts and Humanities Partnership (LAHP). Hosted by Catherine McDonald from Research Podcasts, this series takes you inside the minds of outstanding doctoral researchers across London who are bridging the gap between historical scholarship and modern public engagement.</p><br><p>The title represents the two distinct worlds that arts and humanities researchers inhabit: the quiet, rigorous discovery of the Archive and the creative, experimental energy of the Studio. Through candid, insightful conversations recorded at Queen Mary, University of London, our guests unpack why their research matters and how they hope to transform society, culture, policy, and industry.</p><br><p>LAHP supports outstanding doctoral research across the arts and humanities and provides an enriched research environment for doctoral researchers through training, cohort development, collaborations and partnerships. Find out more about the London Arts and Humanities Partnership (LAHP) at <a href=""https://www.lahp.ac.uk/"" rel=""noopener noreferrer"" target=""_blank"">lahp.ac.uk</a></p><hr><p style='color:grey; font-size:0.75em;'> Hosted on Acast. See <a style='color:grey;' target='_blank' rel='noopener noreferrer' href='https://acast.com/privacy'>acast.com/privacy</a> for more information.</p>",Acast,en,https://assets.pippa.io/shows/cover/1778075544852-bae5b387-ca74-4721-bd02-dc86fa03a04b.jpeg,2026-09-29 13:35:22,8052182,confirmed,https://feeds.acast.com/public/shows/the-archive-and-the-studio,1790688922,15d44fb7180df8755bbec8ed9631875b,,0,0,CORPORATE
Judge Jeff’s tote placepot perms,Geoff Cox,https://rss.buzzsprout.com/2654111.rss,<p>Tote placepot tips </p><p>Small perms to win the tote placepot</p>,Buzzsprout,en-us,https://storage.buzzsprout.com/tm3k9mxm4r8vppc5mqwe11nxcyif?.jpg,2026-09-29 13:32:55,8052180,confirmed,,1790688775,782da978a0a78ffdefb4ae9202a5e297,,0,0,INDIVIDUAL
Why Tf Am I Here? Podcast.,Arc Cane,https://www.spreaker.com/show/7418627/episodes/feed,Adhd ramblings of a really cool chick.,Spreaker,en,https://d3wo5wojvuv7l.cloudfront.net/t_rss_itunes_square_1400/images.spreaker.com/original/9bfbfe4fe77beec551e8e8309cae5b97.jpg,2026-09-29 13:32:28,8052179,confirmed,https://www.spreaker.com/podcast/why-tf-am-i-here-podcast--7418627,1790688748,c39f5c80c676a839a3012a6e501508ef,,4,0,INDIVIDUAL
Charlie Rose: In-Depth Interviews of Americas Best,Charlie Rose,https://feeds.megaphone.fm/charlie-rose-in-depth-interviews-of-americas-best,"<p>Charlie Rose has spent decades sitting across from presidents, CEOs, artists, historians, and scientists, asking the questions that reveal how they think. An Emmy and Peabody award-winning journalist, Rose built a reputation for interviews that go deeper than the news cycle, drawing out the ideas and experiences that shaped the people shaping the world. Each episode is a full conversation, uncut and unrushed. Follow the show and leave a five-star rating.<br><br>Emmy and Peabody award winning journalist Charlie Rose has been praised as ""one of America's premier interviewers."" He engages America's best thinkers, writers, politicians, athletes, entertainers, business leaders, scientists and other newsmakers. <br><br>Watch the full interview of each episode on www.charlierose.com<br><br>Links:<br>charlierose.com: <a href=""http://www.charlierose.com/"">http://www.charlierose.com/</a><br>Facebook: <a href=""https://www.facebook.com/CharlieRose"">https://www.facebook.com/CharlieRose</a><br>Twitter: <a href=""https://twitter.com/charlierose"">https://twitter.com/charlierose</a></p>",Megaphone,en,"https://megaphone.imgix.net/podcasts/a459ac52-b8f7-11f1-984f-cf7e46b68a50/image/2e70a04232d09693be9d083c4d7178d0.jpg?ixlib=rails-4.3.1&max-w=3000&max-h=3000&fit=crop&auto=format,compress",2026-09-29 13:31:20,8052176,confirmed,https://www.youtube.com/@charlierose,1790688680,eba6e98f7bbdd86cc95700b5a03a61a4,6816275557.0,2,0,INDIVIDUAL
Bovine & halal Collagen,Beauvyn,https://www.spreaker.com/show/7418561/episodes/feed,"Beauvyn is an independent UK wellness brand focused on making collagen easier to understand through clear, practical and evidence-led information.This podcast covers topics including bovine collagen, halal collagen, hydrolysed collagen peptides, collagen Types I and III, amino acids, Daltons, serving sizes, certification and independent testing.<br /><br /><br />Visit Beauvyn: <a href=""https://beauvyn.com"" target=""_blank"" rel=""noreferrer noopener"">https://beauvyn.com</a>",Spreaker,en,https://d3wo5wojvuv7l.cloudfront.net/t_rss_itunes_square_1400/images.spreaker.com/original/ba5d5fc5851eb01597c623e03f65b293.jpg,2026-09-29 13:27:29,8052166,confirmed,https://www.spreaker.com/podcast/bovine-halal-collagen--7418561,1790688449,69d3e5b0220dac7afad6d45b699f019d,,4,0,INDIVIDUAL
THE BIGGER PICTURE,Ukus Promise,https://anchor.fm/s/117c65148/podcast/rss,"The Bigger Picture is more than just a podcast — it’s a place where voices, ideas, stories, and perspectives from around the world come together. We’ll talk about the issues that shape our lives and our future — business, politics, technology, culture, entertainment, sports, relationships, education, society, global events, personal stories, and everything in between. But we won’t just look at what is happening. We’ll go deeper.",Anchor,en,https://d3t3ozftmdmh3i.cloudfront.net/staging/podcast_uploaded_nologo/46838402/46838402-1790488542099-a4f8c1d2367ad.jpg,2026-09-29 13:21:03,8052163,confirmed,https://podcasters.spotify.com/pod/show/rolandwilkerson1,1790688063,0e5342f2d652d46451da90027a68f88c,6816576874.0,2,0,INDIVIDUAL
Meet the Candidate Podcast - Pittsburgh,3WS Radio (WWSW-FM),https://www.spreaker.com/show/7390384/episodes/feed,"Meet the Candidate gives voters a chance to hear directly from the people seeking public office. Each episode features a straightforward conversation about the candidate’s background, priorities, positions on the issues, and vision for the community.<br /><br />No debate. No endorsements. Just an opportunity to meet the candidate, hear what they have to say, and make up your own mind.",Spreaker,en,https://d3wo5wojvuv7l.cloudfront.net/t_rss_itunes_square_1400/images.spreaker.com/original/3612a6398c842cad09e9695798a5de3e.jpg,2026-09-29 13:19:02,8052162,confirmed,https://www.spreaker.com/podcast/meet-the-candidate-podcast-pittsburgh--7390384,1790687942,38ff5853bf9dce8e83b1bbc1f9ae204d,,4,0,CORPORATE
"196th Semiannual General Conference of The Church of Jesus Christ of Latter-day Saints, October 3-4",The Church of Jesus Christ of Latter-day Saints,https://anchor.fm/s/117d1ff20/podcast/rss,"General conference is the worldwide gathering of The Church of Jesus Christ of Latter-day Saints. Twice a year, during the first weekend of April and the first weekend of October, Church leaders from around the world share messages, or sermons, focused on Jesus Christ and His gospel.",Anchor,en,https://d3t3ozftmdmh3i.cloudfront.net/staging/podcast_uploaded_nologo/46846056/46846056-1790545734556-ebd83cd5205c9.jpg,2026-09-29 13:14:59,8052154,confirmed,https://www.churchofjesuschrist.org/study/general-conference?lang=eng,1790687699,fc5052da2ba6bd60214297f52d2b6ebd,6816754270.0,2,0,CORPORATE
Thoughts of a Church Girl,Thoughts of a Church Girl,https://anchor.fm/s/116e0af58/podcast/rss,"Thoughts of a Church Girl is where faith, fashion, life, and all the thoughts in between meet. From church and theology to relationships, personal growth, style, and the questions/thoughts we don’t always say out loud, it’s real conversation about navigating life as a Church Girl who’s still growing, learning, and becoming. 💜🎙️
Faith • Fashion • Life • All the Thoughts in Between",Anchor,en,https://d3t3ozftmdmh3i.cloudfront.net/staging/podcast_uploaded_nologo/46687910/46687910-1788789905170-8e1b7c3b43da2.jpg,2026-09-29 13:13:52,8052152,confirmed,https://podcasters.spotify.com/pod/show/thoughts-of-a-church-girl6,1790687632,f5f010818ac081832f07789218599f63,6815261407.0,2,0,CORPORATE
Another Victim of the Algorithm,Avotapodcast,https://anchor.fm/s/117ad90f4/podcast/rss,"Another Victim of the Algorithm is a commentary podcast about games, technology, media, internet culture, and whatever else seems worth talking about. No niche, no script, just one person trying to make sense of the modern world.",Anchor,en-us,https://d3t3ozftmdmh3i.cloudfront.net/staging/podcast_uploaded_nologo/46822181/46822181-1790296156536-4cc694aa817c5.jpg,2026-09-29 13:13:14,8052151,confirmed,https://podcasters.spotify.com/pod/show/avotapodcast4,1790687594,bd6c1297d13eddd8160e793c6b88a59c,6816108005.0,2,0,INDIVIDUAL
Nada's stars,Nada.elbaky,https://rss.buzzsprout.com/2654257.rss,Daily horoscope zodiac insights I will guide through the energy of the day and what ur sign needs to listen ,Buzzsprout,en,https://storage.buzzsprout.com/q1146342av9ngyi3ebuycbw9nkpa?.jpg,2026-09-29 13:05:03,8052144,confirmed,https://podcasters.spotify.com/pod/show/nadaelbaky,1790687103,ffeb5c45b310078fd8d7f0755fb969d8,,4,0,INDIVIDUAL
IBC365: Accelerating Innovation,IBC365,https://rss.buzzsprout.com/2399786.rss,"<p><b>Get ready to ignite your curiosity with IBC 365’s exciting weekly mini podcast series,  “Accelerating Innovation”, where some of the sharpest minds in media and entertainment reveal their thinking and approach to innovation. </b></p><p><br></p>",Buzzsprout,en-gb,https://storage.buzzsprout.com/ja19tfvsv7tkzthjblf3xl9cwx5t?.jpg,2026-09-29 13:04:58,8052143,confirmed,https://show.ibc.org/accelerating-innovation-podcast,1790687098,d7709a76d023169992cdfe611272c679,,0,0,INDIVIDUAL
Forces of Law,Goodwin,https://feeds.simplecast.com/JUrVwSFr,Forces of Law is a show about business. Each episode starts with a question. Will agentic AI end antitrust as we know it? Has the Defense Department really embraced startups? How will data-drive enforcement reshape healthcare? It's ten minutes with a lawyer who lives the issue - hosted by editors Bob Mertz and Sarah Cambon.,Simplecast,en,https://image.simplecastcdn.com/images/965e04c5-80a3-46c0-b128-4c796ac13025/3e165efc-d20b-473a-8584-83fe8b01a4b2/3000x3000/cropped_1790609344079.jpg?aid=rss_feed,2026-09-29 13:04:40,8052142,confirmed,https://forces-of-law.simplecast.com,1790687080,ce54955521d8806393c6fce51161f5ed,6815841549.0,2,0,INDIVIDUAL
GreenSpacealien — Quiet Cosmos,GreenSpacealien,https://anchor.fm/s/1176f8b38/podcast/rss,"Slow down and explore the universe with GreenSpacealien - Quiet Cosmos. Calm, chaptered astronomy documentaries journey through stars, black holes, planets and the space systems shaping everyday life. Follow the evidence, learn or unwind with Calm Space to Fall Asleep To.
Watch our documentaries, discover original science Shorts and find every social profile: https://www.youtube.com/@GreenSpacealien15
Choose Spotify or your favourite podcast app: https://creators.spotify.com/pod/profile/greenspacealien15/",Anchor,en,https://d3t3ozftmdmh3i.cloudfront.net/staging/podcast_uploaded_nologo/46781534/46781534-1789755471522-cffc64a0d1099.jpg,2026-09-29 12:51:39,8052118,confirmed,https://www.youtube.com/@GreenSpacealien15,1790686299,08eeb272b5239b813efc4178e7ea4443,6816293348.0,2,0,INDIVIDUAL
The Morning Hero Show with Jarvis Leverson,Jarvis Leverson,https://anchor.fm/s/11765bdd8/podcast/rss,"Each day, Jarvis Leverson (The Morning Hero) gives you one practical idea, one simple habit, or one challenge you can put into action immediately to improve your health, grow your wealth, strengthen your relationships, and create more happiness.
No fluff. No information overload. Just one thing to focus on today that can make tomorrow better.
Small actions. Repeated every day. Massive results over time.
That's how you win.... EVERY.DAMN.DAY!",Anchor,en,https://d3t3ozftmdmh3i.cloudfront.net/staging/podcast_uploaded_nologo/46775110/46775110-1789672633879-1b68edc07f3ff.jpg,2026-09-29 12:44:59,8052105,confirmed,https://podcasters.spotify.com/pod/show/jarvis-leverson1,1790685899,5490afe30fbb950e0094d23936234ba6,6813642558.0,2,0,INDIVIDUAL
유튜버 킴벌리의 영어회화 디자이닝,Kimberly,https://anchor.fm/s/117504f20/podcast/rss,"🎧 킴벌리의 잔잔한 오디오 팟캐스트
『유튜버 킴벌리의 영어회화 디자이닝』
오늘의 표현을 듣고, 따라 말하고, 내 문장으로 만들어보세요!
하나의 표현을 다양한 상황에 활용하도록 설계한 실전 영어회화 학습서입니다.
🚶 이동 중, ☕ 카페에서, 🚗 운전할 때, 🏠 쉬는 시간에
편하게 반복해서 듣고, 꼭 입으로 따라 말해보세요.
──────────────
📚 CONCEPT → SKETCH → BUILD-UP → VARIATIONS
표현을 이해하고, 문장을 만들고, 실전 문장으로 확장해보세요.
🎯 100-DAY CHALLENGE로 매일 꾸준히 쌓아가는 것도 추천!
🎧 HOW TO USE
① 먼저 편하게 듣기 → ② 영어 따라 말하기 → ③ 다시 듣고 비교하기 → ④ 반복 듣기 → ⑤ 한국어만 보고 영어 직접 만들어보기
듣기 → 따라 말하기 → 직접 말하기의 반복으로, ‘아는 영어’를 ‘내가 쓰는 영어’로 만들어보세요.",Anchor,en,https://d3t3ozftmdmh3i.cloudfront.net/staging/podcast_uploaded_nologo/46761064/46761064-1789518348581-66c48a341713b.jpg,2026-09-29 12:42:30,8052099,confirmed,https://podcasters.spotify.com/pod/show/kimberly62,1790685750,e181cdc7c041ab0d2ff90ee88523e943,6812568560.0,2,0,INDIVIDUAL
Dr Williams’s Intuitive Wonderland Podcast,Dr. Katie Williams & Melodi Anderson,https://anchor.fm/s/1149ccfb0/podcast/rss,Katie and Mel explore a variety of topics offering their unique perspectives often through a spiritual lens.,Anchor,en,https://d3t3ozftmdmh3i.cloudfront.net/staging/podcast_uploaded_nologo/46307884/46307884-1783365357472-2f2c3f2dcdd2c.jpg,2026-09-29 12:38:38,8052093,confirmed,https://podcasters.spotify.com/pod/show/the-intuitive-wonderland-,1790685518,f84447af009f71da18c3a2d5922ec47b,6814287608.0,2,0,CORPORATE
Woe's Desk Evidence,Woe,https://feeds.transistor.fm/woes-desk-evidence,"Some of this is wrong. You were warned. 
Desk notes, recovered records, and unresolved questions.",Transistor,en,https://img.transistorcdn.com/POHOP7kb9XnOlpjJedJN_YxW1qHyi3iP_0iWlvRC4n8/rs:fill:0:0:1/w:1400/h:1400/q:60/mb:500000/aHR0cHM6Ly9pbWct/dXBsb2FkLXByb2R1/Y3Rpb24udHJhbnNp/c3Rvci5mbS8xMDU4/YzczNDk0M2FiMGVl/YjRmMTUxOTQxYTkx/M2UwYy5wbmc.jpg,2026-09-29 12:34:27,8052084,confirmed,https://www.signalglade.org,1790685267,7565a4de77c39c6ddbd82c3f323ea3f9,,4,0,INDIVIDUAL
The Hustle Podcast,IBTN9,https://anchor.fm/s/116b16838/podcast/rss,"The Hustle Podcast by IBTN9 created by Utsav Bhanja, is a premium business podcast that brings together enterprise business owners, industry leaders, founders and innovators for meaningful conversations.
Each episode uncovers real stories, actionable insights and practical lessons that inspire growth and drive impact.",Anchor,en,https://d3t3ozftmdmh3i.cloudfront.net/staging/podcast_uploaded_nologo/46656926/46656926-1788198541911-732be0ab0c4e3.jpg,2026-09-29 12:33:39,8052083,confirmed,https://ibtn9.com,1790685219,ec0f0e5d66ba226be0c8b5278d5be1ea,6810332795.0,2,0,INDIVIDUAL
Welcome to The Investigative Talk | Official Trailer,The Investgative Talk,https://anchor.fm/s/117d0ced4/podcast/rss,"The Investigative Talk is a true-crime podcast exploring the stories, cases, mysteries, and investigations that capture our attention.
Each episode takes a closer look at the details surrounding a case, from timelines and evidence to unanswered questions and the different perspectives connected to the story.
Follow The Investigative Talk for true crime, unsolved cases, criminal investigations, and stories that deserve a closer look.",Anchor,en,https://d3t3ozftmdmh3i.cloudfront.net/staging/podcast_uploaded_nologo/46845277/46845277-1790537159964-d6a9c5b546baa.jpg,2026-09-29 12:26:56,8052076,confirmed,https://podcasters.spotify.com/pod/show/the-investgative-talk0,1790684816,2078003653c745dfa2e78dab9ddb01ea,6816711300.0,2,0,CORPORATE
Childs Play Outdoors Podcast,John Childs,https://feeds.libsyn.com/631193/rss,"Childs Play Outdoors is about understanding the why behind shooting, hunting, and the equipment and techniques we use. Hosted by longtime outdoor writer and competitive shooter John Childs, the podcast explores the questions, assumptions, and conventional wisdom that shape what we do—often by thinking through a subject in real time. Some answers lead somewhere. Some lead down rabbit holes. And sometimes the things we think we know turn out to be wrong. The goal is simple: question everything, follow the evidence, and understand why.",Libsyn,en,https://static.libsyn.com/p/assets/c/6/9/1/c69189818b9e544de5bbc093207a2619/CPO-Podcast-Artwork-3000x3000.png,2026-09-29 12:18:36,8052062,confirmed,https://childsplayoutdoors.com/,1790684316,8339ff1ac2e4beafc679e4d40fc6ea76,6816656990.0,2,0,INDIVIDUAL
לאכול להתאמן לאהוב עם טליה גרוסמן,Talia Grosman,https://feed.podbean.com/talia9080/feed.xml,"נעים מאד אני טליה גרוסמן:) שמתי לי למטרה להנגיש את כל מה שקשור בעולם הבריאות כתזונאית קלינית ומאמנת פילאטיס
בפודקאסט אדבר על כל אותם דברים שכדאי לקחת בחשבון כדי שכל אחת שרוצה להבין לעומק אודות התזונה והבריאות תוכל לעשות זאת בתבונה וליישם- לאכול להתאמן ולאהוב",Podbean,en,https://pbcdn1.podbean.com/imglogo/image-logo/21355871/2025092020190016.png,2026-09-29 12:17:24,8052058,confirmed,https://talia9080.podbean.com,1790684244,2775fc979525133429d688f4928e31da,1841129894.0,2,0,INDIVIDUAL
"Rodney Spitz, P.I.",Play Us Out Productions,https://feeds.libsyn.com/44680/rss,"Rodney Spitz PI is a bumbling,  down-on-his-luck PI whose misfit gang of office buddies end up committing more crimes than they solve…

Hysterical movie parodies, zany story lines  and wacky characters keep the action in Rodney Spitz fresh and funny. Follow the adventures of a PI that can't quite get anything right. Written and produced by Play Us Out Productions.",Libsyn,en,https://static.libsyn.com/p/assets/f/0/b/a/f0ba2ccf4a7aa900/NEW_LOGO_1400X1400_YELLOW_VERSION.jpg,2026-09-29 12:17:03,8052057,confirmed,http://www.rodneyspitz.com/,1790684223,3cf35f081a64b310ec8b1204fda11543,1896924079.0,2,0,CORPORATE
משכירות לבית- השקעות לצעירים,שי דורון ותומר חן,https://anchor.fm/s/117d826e8/podcast/rss,הפודקאסט של משכירות לבית מדבר על איך היום צעירים בשנת 2026 יכולים להתקדם למטרות הכלכליות והפיננסיות שלהם בחיים ולהגשים את החיים שהם באמת רוצים דרכן.,Anchor,en,https://d3t3ozftmdmh3i.cloudfront.net/staging/podcast_uploaded_nologo/46850090/46850090-1790596519588-a0ed2afdce174.jpg,2026-09-29 12:16:29,8052055,confirmed,https://podcasters.spotify.com/pod/show/----47,1790684189,76301e59c1361433dafdf19bdbad0e4a,6817031127.0,2,0,INDIVIDUAL
PROJECT E.D.E.N.,T.J. Nagamos,https://anchor.fm/s/11751d688/podcast/rss,"> PROJECT E.D.E.N. is a post-apocalyptic science-fiction horror audio drama about artificial intelligence, bodily autonomy, human suffering, and what it actually means to be human. This project does not use AI.",Anchor,en,https://d3t3ozftmdmh3i.cloudfront.net/staging/podcast_uploaded_nologo/46762066/46762066-1790561839296-d9d41356e7266.jpg,2026-09-29 12:13:44,8052052,confirmed,https://podcasters.spotify.com/pod/show/tj-nagamos9,1790684024,b8a5d463ef4823e4f1a65762fe0c2c93,6812604255.0,2,0,INDIVIDUAL
Spiritually Goldie: Daily Tarot,Spiritually Goldie,https://feeds.megaphone.fm/spiritually-goldie,"Welcome! I am a psychic-medium and certified yoga teacher, my sun sign is Libra, moon sign Leo and my rising is Scorpio. I love diving deep into channeled messages with divine guidance through tarot readings and giving advice and life coaching using spirituality and practicality for others.",Megaphone,en,"https://megaphone.imgix.net/podcasts/7c563bd8-94e1-11f1-a970-477cc0ba9a9c/image/acb26913b8dec841d93092193a6983b7.png?ixlib=rails-4.3.1&max-w=3000&max-h=3000&fit=crop&auto=format,compress",2026-09-29 12:10:51,8052048,confirmed,https://www.inlet.fm/spiritually-goldie,1790683851,abf33f6be3717dc47ebe7ead264d2eb8,6800074294.0,2,0,INDIVIDUAL
Make It Make Sense,Nitin,https://anchor.fm/s/115d928d8/podcast/rss,"Why do we fall for the wrong people? Why do we overthink? Why do we keep repeating the same patterns?
Welcome to Make It Make Sense - a psychology podcast that helps you understand yourself and the people around you.
From relationships and dating to emotions, confidence, anxiety, habits, friendships, and everyday human behaviour, each episode breaks down complex psychology into simple, practical conversations backed by science.
You'll find something here that stays with you long after the episode ends because life makes more sense when people do.",Anchor,en,https://d3t3ozftmdmh3i.cloudfront.net/staging/podcast_uploaded_nologo/46515206/46515206-1786248029430-c700ff0ad4f9b.jpg,2026-09-29 12:06:24,8052045,confirmed,https://podcasters.spotify.com/pod/show/sahaj7,1790683584,cc5db3ecbdbfaa9bbc38b4bf2f17c7bd,6816315579.0,2,0,INDIVIDUAL
Ground Stop with Austin and Josh: Where Aviation Meets Real Life,"Austin George, Josh Stone",https://anchor.fm/s/117a4d888/podcast/rss,"Ground Stop isn’t a podcast for airplane nerds. Technical analysis? NOT welcome here.
Hosted by best friends and airline pilots Austin George and Josh Stone, Ground Stop covers the wild side of aviation, travel, celebrity culture, airline life, and whatever everyone’s talking about that week.
Joined by celebrities, athletes, entrepreneurs, and entertainers, they dive into the trips, chaos, stories, and life on the ground—with strong opinions, zero filter, and plenty of turbulence.
Ground Stop — where aviation meets real life.",Anchor,en,https://d3t3ozftmdmh3i.cloudfront.net/staging/podcast_uploaded_nologo/46816466/46816466-1790189589794-6837fdb70b977.jpg,2026-09-29 12:05:55,8052044,confirmed,https://podcasters.spotify.com/pod/show/futures-edge6,1790683555,a7fb0b95597d4d53d218768dcd7f4134,6815382387.0,2,0,INDIVIDUAL
Our Town Square Talks,Jackson County Times,https://feeds.transistor.fm/townsquare,"News in and around Jackson County! From headlines, weekends, events and so much more! Stay tuned for the latest!",Transistor,en,https://img.transistorcdn.com/lH7H2n6FIyDb73kEinuzKWAEEJ4K8WVIcCZ9TENwRfA/rs:fill:0:0:1/w:1400/h:1400/q:60/mb:500000/aHR0cHM6Ly9pbWct/dXBsb2FkLXByb2R1/Y3Rpb24udHJhbnNp/c3Rvci5mbS9kMGFh/OWMwOWJjMTg3M2Uy/ZjhmMjMyZTlkYjQ1/NmIwYy5wbmc.jpg,2026-09-29 12:03:05,8052042,confirmed,http://jacksoncountytimes.news,1790683385,b8f6c6a0eb7a29e21ea99b2dcb536c97,,4,0,INDIVIDUAL
RAF Quick Clips,Chris Compton,https://feeds.captivate.fm/raf-quick-clips/,"Bite-sized financial insights and actionable stewardship strategies from Richland Ave Financial, delivered in quick, concise clips to help you make informed decisions.",Captivate,en,https://cdn.captivate.fm/placeholder/default-artwork.jpg,2026-09-29 11:56:47,8052033,confirmed,https://raf-quick-clips.captivate.fm,1790683007,5765f12956883aa5ccaa51a0280a33f9,,4,0,INDIVIDUAL
"The Doctor, the Vicar and the Headteacher","Andy, David and Jon",https://anchor.fm/s/117536b9c/podcast/rss,"Three friends and three very different working lives!
The Doctor, The Vicar and The Headteacher brings together a retired doctor, a vicar and a former headteacher for light-hearted conversations about life and the issues of the day.
Drawing on years spent in medicine, the church and education, Jon, David and Andy swap stories, opinions and experiences — sometimes agreeing, sometimes not — as the conversation wanders from the everyday to the serious and back again.",Anchor,en,https://d3t3ozftmdmh3i.cloudfront.net/staging/podcast_uploaded_nologo/46763103/46763103-1789547437125-a9b99a6951af5.jpg,2026-09-29 11:55:15,8052032,confirmed,https://podcasters.spotify.com/pod/show/andy639,1790682915,6dfded912610c1d960b7c097db5552a8,6812683929.0,2,0,CORPORATE
"Finance, Strategy & Growth in Ireland",norickeastham,https://www.spreaker.com/show/7417938/episodes/feed,"The Renewable Energy Dealroom: Finance, Strategy & Growth in Ireland is an educational podcast exploring the commercial, financial, strategic, and transactional realities shaping Ireland’s renewable energy sector. Each episode examines how renewable energy projects move from early-stage ideas and feasibility assessments through financial modelling, development, investment, transactions, and long-term strategic growth.The series is designed for renewable energy developers, investors, property professionals, contractors, legal and financial professionals, business leaders, and anyone seeking a clearer understanding of how Ireland’s renewable energy market works from a commercial perspective.<br /><br />Episodes will explore subjects such as onshore and offshore wind, solar energy, waste-to-energy, project evaluation, financial modelling, due diligence, bid management, project finance, M&A, market intelligence, strategic planning, and the practical challenges involved in bringing renewable energy projects forward.For professionals looking to explore the commercial side of Ireland’s renewable energy landscape, <a href=""https://www.stakelumconsultancy.com/"" target=""_blank"" rel=""noreferrer noopener"">https://www.stakelumconsultancy.com/</a> provides a useful reference point for understanding how commercial advisory, corporate finance, transaction support, and strategic advisory can fit into the renewable energy project lifecycle.<br /><br />The podcast will also translate complex industry concepts into accessible discussions, reflecting the educational approach of Stakelum Consultancy, which provides seminars, CPD courses, and Lunch & Learn sessions covering the Irish renewables market and its financial, legal, commercial, and technological dimensions.",Spreaker,en,https://d3wo5wojvuv7l.cloudfront.net/t_rss_itunes_square_1400/images.spreaker.com/original/efe033d6ecbe03c051485a73cba83165.jpg,2026-09-29 11:50:40,8052026,confirmed,https://www.spreaker.com/podcast/finance-strategy-growth-in-ireland--7417938,1790682640,2bccd399544d26a1ee590eece682f4bb,,0,0,INDIVIDUAL
"The Doctor & The Diva; Real Talk About Beauty, Health, and Feeling Good in Your Own Skin",Vabally Media,https://anchor.fm/s/116f39d0c/podcast/rss,"What happens when a South Beach socialite and her favorite doctor sit down to talk about the things women really want to know?
Welcome to The Doctor & The Diva, where Ally brings the real-life questions, opinions, experiences—and sometimes the questions women are thinking but may be too embarrassed to ask. Dr. V brings the medical perspective.
Together, they have honest, sometimes funny, and occasionally uncomfortable conversations about beauty, cosmetic treatments, health, aging, hormones, body image, confidence, relationships, and what it really means to feel good in your own skin.
From Botox and fillers to menopause, weight, skin, supplements, self-image, and the choices we make about our bodies, nothing is too awkward or off-limits.
You’ll get medical facts without the medical lecture, real-life perspective without the BS, different opinions, a little disagreement, and plenty of questions you may have been afraid to ask your doctor.
The Doctor explains. The Diva asks what everyone else is thinking.
Because looking good is one thing.
Feeling good in your own skin is another.
Connect with The Doctor & The Diva
For questions, collaborations, or future episode ideas:
Ally: allywingate3@gmail.com
Dr. Vaibhav: drvabpat@gmail.com",Anchor,en,https://d3t3ozftmdmh3i.cloudfront.net/staging/podcast_uploaded_nologo/46700315/46700315-1790262419423-2e984167c3e5c.jpg,2026-09-29 11:47:40,8052024,confirmed,https://podcasters.spotify.com/pod/show/ally-wingate,1790682460,d7e69c778c68caf4794070ac3476676a,6816483978.0,2,0,CORPORATE
Lume Wealth Podcast,Morgan Hayward,https://rss.buzzsprout.com/2653959.rss,<p>Join Principal Financial Adviser Morgan Hayward from Lume Wealth as we help you make smart money decisions through life's big changes.</p><p><br></p>,Buzzsprout,en-gb,https://storage.buzzsprout.com/tmgrvli11yl32oqkcuk262nyry7f?.jpg,2026-09-29 11:47:06,8052020,confirmed,,1790682426,3006fdd39a7f3138025eb43f88ebe17e,,4,0,INDIVIDUAL
Asec,asec,https://rss.buzzsprout.com/2654246.rss,<p>Hi I'm Asa Podcaster!</p>,Buzzsprout,en-us,https://storage.buzzsprout.com/y95pp14e4gf8dqrg0bz7vk3uxxz2?.jpg,2026-09-29 11:37:31,8052010,confirmed,,1790681851,4682c8d93474ab6094285c827730b4d6,,4,0,INDIVIDUAL
Respiratory Therapy Deep Dive,O2Jockey,https://anchor.fm/s/11736a728/podcast/rss,"Accelerate your study routine with Respiratory Therapy Deep Dive, the ultimate on-the-go audio guide built explicitly for busy RT students. These short, high-yield learning casts transform dense cardiopulmonary textbooks into punchy, easy-to-digest audio breakdowns. Perfect for your daily clinical commute, each focused episode unpacks critical concepts like complex mechanical ventilation settings, advanced pharmacology, and tricky arterial blood gas interpretations. You will love this podcast because it is designed to deliver concise, scenario-based insights.",Anchor,en-us,https://d3t3ozftmdmh3i.cloudfront.net/staging/podcast_uploaded_nologo/46744250/46744250-1789316707041-86536f2bcb556.jpg,2026-09-29 11:35:23,8052005,confirmed,https://podcasters.spotify.com/pod/show/paul-alan1,1790681723,349305847d945839e73b0a987a4ff0fa,6815778617.0,2,0,INDIVIDUAL
Experience the Reformation with Lou Carbone,Lou Carbone,https://anchor.fm/s/116817fc4/podcast/rss,"Experience the Reformation is built around a simple but powerful idea: it’s time to reform the way we think about experience. Hosted by the Godfather of Experience Management, Lou Carbone (Founder and CEO of Experience Engineering), the show explores the movement beyond simply measuring what customers say and toward understanding how experiences are perceived, processed, remembered, and felt. Through conversations with industry leaders and thinkers, the show explores the future of experience, behavioral science, emotional resonance, AI, and the relationship between people and organizations.",Anchor,en-us,https://d3t3ozftmdmh3i.cloudfront.net/staging/podcast_uploaded_nologo/46625529/46625529-1787756519947-bcfa28d7674af.jpg,2026-09-29 11:31:54,8052002,confirmed,https://podcasters.spotify.com/pod/show/lou-carbone4,1790681514,a39a657b19a80b99e573dc4d15fe8b8f,6813116754.0,2,0,INDIVIDUAL
Ruin Represented,"Garrett Abell, Sarabeth Matteson, Molly McHugh",https://rss.libsyn.com/shows/618655/destinations/5396210.xml,"A final group project podcast for the graduate elective, Exploring Critical Heritage, at SUNY Purchase. The episode highlights Cuban poet, Nancy Morejón, and a close reading of her poem, ""Love, Attributed City,"" through the lens of ruin as defined by Georg Simmell. Garrett Abell, Sarabeth Matteson, and Molly McHugh discuss.",Libsyn,en,https://static.libsyn.com/p/assets/e/5/a/b/e5ab89c95dcbfc86d959afa2a1bf1c87/Adobe_Express_-_file.png,2026-09-29 11:31:32,8052001,confirmed,https://sites.libsyn.com/618655,1790681492,19bb16106caf425965bdae56bd0d265c,1896609953.0,2,0,CORPORATE
The Bachtalk Podcast,Carlton Monroe,https://feeds.transistor.fm/the-bachtalk-podcast,"Bachtalk features posts, essays, and podcasts. These usually start with music, particularly the music of J. S. Bach, but can end up anywhere.  <br/><br/><a href=""https://bachtalk.substack.com?utm_medium=podcast"">bachtalk.substack.com</a>",Transistor,en,https://img.transistorcdn.com/K1fMUsV_kjCi_PIN8zfUAi-0UV701U-WmWmJ76vVAEw/rs:fill:0:0:1/w:1400/h:1400/q:60/mb:500000/aHR0cHM6Ly9pbWct/dXBsb2FkLXByb2R1/Y3Rpb24udHJhbnNp/c3Rvci5mbS8wNWUw/MzdhZmQzYzQ3ZGFl/MzFlNmQ0ZDQyNjY5/ZGQyOS5qcGc.jpg,2026-09-29 11:30:46,8052000,confirmed,https://bachtalk.substack.com/podcast,1790681446,7721a734bf92a6f959cc4698490177ce,,4,0,INDIVIDUAL
Place Cards: an iThrive Collective Podcast with Terri Thorne,"Author Terri Thorne, iThrive Collective Founder",https://anchor.fm/s/106eb9630/podcast/rss,"Place Cards is a survivor‑led podcast for adults healing from childhood sexual abuse, including incest. Inspired by Terri Thorne’s book Set Your Own Table, it explores childhood trauma, toxic family patterns, boundaries, generational trauma, and cycles of family abuse. Through honest conversations and survivor insight, we look at how adult struggles connect to childhood sexual abuse and how to reclaim voice, choice, and power.",Anchor,en,https://d3t3ozftmdmh3i.cloudfront.net/staging/podcast_uploaded_nologo/44010700/44010700-1781573833588-86fb221669c39.jpg,2026-09-29 11:29:45,8051999,confirmed,https://www.ithrivecollective.com/,1790681385,050982b16e212a3492b14f1d616bff97,6816269257.0,2,0,CORPORATE
The OFFSCRIPT Podcast,Offscript,https://anchor.fm/s/117d1fd90/podcast/rss,"The OFFSCRIPT Podcast is a space for honest thoughts, real conversations, and perspectives on the things that shape our lives.
TOP explores faith, purpose, personal growth, business, relationships, mindset, lifestyle, and the realities of figuring life out. Some episodes are reflective. Some are practical. Some are simply conversations that need to be had.
There’s no rigid script and no pressure to have everything figured out. Just genuine conversations, lessons from experience, different perspectives, and the occasional thought that makes you stop and think.",Anchor,en,https://d3t3ozftmdmh3i.cloudfront.net/staging/podcast_uploaded_nologo/46846052/46846052-1790545692652-b0c91eac66ac7.jpg,2026-09-29 11:29:11,8051998,confirmed,https://podcasters.spotify.com/pod/show/piersam-yawson6,1790681351,ecb4b4ea0afb82e39d9fa7eeb7ed69c2,6816756719.0,2,0,INDIVIDUAL
The Yellow Mic,Nayax,https://anchor.fm/s/11701d228/podcast/rss,"The Yellow Mic is Nayax's podcast about the business behind cashless commerce. Each episode brings on the operators, partners, and people who make unattended retail work, for honest conversations about growing revenue, running smarter operations, and keeping customers coming back.
Nayax works in 120+ countries, but this show isn't about our technology. It's about the people using it, and the decisions behind a business with no cashier at the counter.
Whether you run a handful of machines or a fleet across borders, or are just curious how cashless commerce works - take a seat at the table.",Anchor,en,https://d3t3ozftmdmh3i.cloudfront.net/staging/podcast_uploaded_nologo/46709626/46709626-1788859044725-2d9c4226c0b8a.jpg,2026-09-29 11:28:49,8051997,confirmed,https://www.nayax.com/,1790681329,c4fdf1a2d89bdab6d49fdc3479d1e05c,6810542566.0,2,0,INDIVIDUAL
True Affirmations,Lee Harlyn,https://anchor.fm/s/1089d72f0/podcast/rss,"A calming affirmations podcast inspired by The Secret and the Law of Attraction. Each 2-minute episode blends gratitude, self-love, and manifestation affirmations with soothing background sounds every Monday and Wednesday. On Tuesdays, a longer episode shares a true story of how these affirmations come to life. Listen to relax, realign, and attract everything meant for you.",Anchor,en-us,https://d3t3ozftmdmh3i.cloudfront.net/staging/podcast_uploaded_nologo/44295036/44295036-1755992121056-8ba8942153491.jpg,2026-09-29 11:26:34,8051996,confirmed,https://podcasters.spotify.com/pod/show/lvharlyn,1790681194,99d8194964b361794b519be19c519043,1836073247.0,2,0,INDIVIDUAL
Homebody Podcast,Gihan,https://anchor.fm/s/117e33434/podcast/rss,"Where we discuss what it takes to create a life that aligns with each and every stages of womanhood, bringing delusions into life & making it financially and emotionally fulfilling. 
Expect this conversation to stem from a village, I'll be inviting guest teachers and opening up the channel for brave and vunerable conversations that we never had access to before. 
Stick around, I am taking you up for a wild ride, but most importantly, stay emotionally supported in each episode! 
Lots of love to you!",Anchor,en-US,https://d3t3ozftmdmh3i.cloudfront.net/staging/podcast_uploaded_nologo/46857333/0869d4704f6b4d6a.jpg,2026-09-29 11:25:07,8051992,confirmed,https://podcasters.spotify.com/pod/show/gihan-saiid5,1790681107,3946187fbe3098b65f6e54c9807fa7a1,,4,0,INDIVIDUAL
Excessive Baggage with Bill + Lyndsay,Bill and Lyndsay Handel,https://www.spreaker.com/show/6818628/episodes/feed,"Two hosts, twenty-six years apart. She plans every trip down to the last detail. He forgets something in every country. They both get on the plane.<br /><br />This is Excessive Baggage with Bill and Lyndsay Handel. It's about what it takes to see the world in a body that doesn’t cooperate — the oceans, the planes and trains, her wheelchair, which she lovingly calls her buggy — the long way around when there isn’t a ramp.<br /><br />It's about where they went, where they're going, what went sideways, what he left at the gate, and why they’d do it again. Her pain doesn’t publish a schedule. His dedication doesn’t waver.<br /><br />Nobody’s promised next year. So they go now because it all looks better through each other’s eyes.<br /><br /><b>Priority boarding only.</b>",Spreaker,en,https://d3wo5wojvuv7l.cloudfront.net/t_rss_itunes_square_1400/images.spreaker.com/original/c4cb2c40dc7f88ec94c6b9bfc28c2f05.jpg,2026-09-29 11:25:01,8051991,confirmed,https://www.spreaker.com/podcast/excessive-baggage-with-bill-lyndsay--6818628,1790681101,f61f21775ca1a8290844df3967e89c7d,,4,0,CORPORATE
Dollar Llama,Dollar Llama,https://anchor.fm/s/117b48cd8/podcast/rss,"Plain-spoken thinking about money from someone who has spent his career inside family offices, the firms that manage money for wealthy families. Most people will never need a family office, but everyone can think like one. Each episode is an article from dollar-llama.com, read aloud: investing, real estate and planning, without the sales pitch. No ads, no affiliate links, nothing for sale.
Narrated with an AI version of the author's voice. Views are my own and not those of my employer. Nothing here is investment advice.",Anchor,en-us,https://d3t3ozftmdmh3i.cloudfront.net/staging/podcast_uploaded_nologo/46826758/46826758-1790306630265-17bb02f61575a.jpg,2026-09-29 11:14:02,8051982,confirmed,https://podcasters.spotify.com/pod/show/dollar-llama3,1790680442,ad013306126f45630ec2cbadfda69e3f,6815927305.0,2,0,INDIVIDUAL
What's Your Story with Joshua Oppenheim,Joshua Oppenheim,https://anchor.fm/s/117cfbef4/podcast/rss,"Conductor Joshua Oppenheim sits down with composers, performers, and creative minds for real conversations about the lives behind the music — where they came from, what shaped them, and the stories they carry into every performance.",Anchor,en-us,https://d3t3ozftmdmh3i.cloudfront.net/staging/podcast_uploaded_nologo/46844581/46844581-1790601280610-f4b44b6c773d2.jpg,2026-09-29 11:08:36,8051977,confirmed,https://podcasters.spotify.com/pod/show/joshuasmusic6,1790680116,08719a797ce7eea3584b6f5e816c6dc1,6816775347.0,2,0,INDIVIDUAL
The Three Zzzed's to Better Sleep,Dave Algeo,https://feeds.captivate.fm/vl4bakuubi82q5icitseqz/,"A short free audio course to help you improve your sleep routines, build your day around better sleep and feel like you have a little more energy during the day.",Captivate,en,https://artwork.captivate.fm/5976c586-d1cc-4120-a965-c9a869751ebe/zV17xyOSI9oQSsaJ3Af1HEPF.jpg,2026-09-29 11:02:37,8051975,confirmed,https://davealgeo.com/,1790679757,2f3df92bbd3f2328f2bf00b786689b8e,,4,0,INDIVIDUAL
Mansfield Park by Jane Austen | Audiobook,Jane Austen,https://www.spreaker.com/show/7417665/episodes/feed,"„Mansfield Park” by Jane Austen is a novel filled with subtle emotions, intrigue, and social tensions. Fanny Price, raised in a poor family, is taken in by her wealthy relatives at Mansfield Park. There, she becomes both a witness and participant in the complicated relationships among the family members and their guests – mysterious figures who soon disrupt the harmony of the household. The protagonist, full of inner strength, must navigate societal expectations, loyalty to her family, and the surprising emotions that shake her orderly world. „Mansfield Park” is a tale of love, honor, and the choices that shape the fates of its characters.",Spreaker,en,https://d3wo5wojvuv7l.cloudfront.net/t_rss_itunes_square_1400/images.spreaker.com/original/b5f23a4f03057a14720d07d2a2a07e52.jpg,2026-09-29 10:52:34,8051974,confirmed,https://www.spreaker.com/podcast/mansfield-park-by-jane-austen-audiobook--7417665,1790679154,89cf914664d62021a7b20dd02054d7e8,,4,0,INDIVIDUAL
"Chris P, Cinema Sherpa","Chris P, Cinema Sherpa",https://anchor.fm/s/117c22fdc/podcast/rss,"Classic films, questionable opinions, and absolutely no film-critic qualifications!
I’m Chris P, the Cinema Sherpa — guiding you through classic movies, from the obscure and forgotten to the famous and fabulous. No snobbery, no film-school lectures… just me, having fun talking about the films I love.
Grab a cuppa or a beer...I don't care, settle in, and let’s get stuck into some classic cinema.
Got a film suggestion or just fancy saying hello? Email me at: chrispsherpa@gmail.com",Anchor,en-gb,https://d3t3ozftmdmh3i.cloudfront.net/staging/podcast_uploaded_nologo/46835695/46835695-1790413638591-8675195e2c2e5.jpg,2026-09-29 10:51:23,8051971,confirmed,https://podcasters.spotify.com/pod/show/chris-p54,1790679083,03e36a2be8aaf3efd81b0fe694650bca,6816408467.0,2,0,INDIVIDUAL
Current Events 101,Daniel Lucas / Jackie Pelegrin,https://feeds.libsyn.com/630993/rss,"In a world flooded with headlines, hot takes, and algorithm-driven outrage, Current Events 101 delivers clarity over chaos. This podcast breaks down the most pressing global, national, and cultural developments with structure, context, and critical thinking. Instead of reacting to noise, we analyze patterns, power structures, economic shifts, technological disruption, and geopolitical strategy. Every episode moves beyond what happened to examine why it matters and what it signals next.

Designed for thoughtful listeners, leaders, entrepreneurs, and engaged citizens, Current Events 101 equips you to interpret today's stories through a disciplined lens. We separate fact from narrative, data from spin, and insight from speculation. Whether the topic is global markets, AI breakthroughs, policy changes, social movements, or international relations, the goal remains the same: informed perspective.
This is not partisan commentary. It is structured analysis. It is not outrage-driven media. It is strategic awareness.",Libsyn,en,https://static.libsyn.com/p/assets/3/7/b/a/37ba5917d6abfa2d88c4a68c3ddbc4f2/podcast-cover-20260802-230022-80945ff6ef3b7262b2e109278966d7fa.png,2026-09-29 10:47:01,8051963,confirmed,https://rss.com/podcasts/current-events-101,1790678821,5037a7aa92252e552544a204aaa6318f,6797354211.0,2,0,INDIVIDUAL
#AfterWork de Levante-EMV,Levante-emv,https://feeds.megaphone.fm/PRENSLU3608447007,"<p>No te pierdas la nueva serie de diálogos abiertos con los protagonistas del día a día de la Comunitat Valenciana. Estrenamos los <strong>#AfterWork</strong> de <strong>Levante-EMV</strong>, un espacio donde entrevistaremos a personalidades de la política y también del escenario cultural y social de la Comunitat Valenciana.</p>
<p>Instagram: https://www.instagram.com/levanteemv/</p>
<p>X: https://x.com/levante_emv</p>
<p>Facebook: https://www.facebook.com/diarioLevanteEMV/</p>
<p>Levante - El Mercantil Valenciano: https://www.levante-emv.com</p>",Megaphone,en,"https://megaphone.imgix.net/podcasts/053270e2-b83d-11f1-b36d-97cf7faef46b/image/54b6e0fe9b35a9b857fd66244dc02218.jpg?ixlib=rails-4.3.1&max-w=3000&max-h=3000&fit=crop&auto=format,compress",2026-09-29 10:45:30,8051960,confirmed,https://www.levante-emv.com/podcast/,1790678730,90385497cbff26f63afc7453daf261b3,6815988720.0,2,0,INDIVIDUAL
Two Geeks and a Plumber,Steven Burgess,https://rss.buzzsprout.com/2654236.rss,"Join Andy, Mackie and Ste as we dive into everything from Marvel, DC, superheroes, villains, comics, movies, TV, cosplay, collectibles and pop culture.
From ranking superhero movies and showcasing our collections to answering the weirdest Google searches and settling fan debates, every episode is packed with laughs, nostalgia and passionate discussion.
Whether you're a brand-new geek just discovering the fandom, or an 81-year geek veteran like Mackie, theres something here for everyone.
🎙️ New episodes every week
😊 New geeks always welcome
Watch the show. Subscribe... and Geek Out! 🤘
",Buzzsprout,en-gb,https://storage.buzzsprout.com/qr21m4ez7vggjjxn3pf4b4wqz1ya?.jpg,2026-09-29 10:35:50,8051954,confirmed,https://podcasters.spotify.com/pod/show/steven-burgess,1790678150,fcb0d08578ff23a4ea55f68de2fe2035,,4,0,INDIVIDUAL
Rick Saldan’s High Achievers Hotline,Rick Saldan,https://anchor.fm/s/117522700/podcast/rss,"Rick Saldan’s High Achievers Hotline delivers powerful messages on peak performance, resilience, overcoming fear, and achieving the impossible. Rick survived Stage IIB cancer twice, lost 20.6 pounds in 14 days, went from average student to straight-A nursing student, overcame his fear of public speaking, and turned a failed college writing test into 20+ published books. He also went from a D in gym class to scoring 297/300 on the Marine Corps Physical Fitness Test. His wife’s remarkable stroke rehabilitation provides another inspiring story of overcoming adversity.
Visit www.ricksaldan.com",Anchor,en,https://d3t3ozftmdmh3i.cloudfront.net/staging/podcast_uploaded_nologo/46762272/46762272-1790677397128-6aaf666af16ed.jpg,2026-09-29 10:31:15,8051950,confirmed,https://podcasters.spotify.com/pod/show/rick-saldans-high-achieve7,1790677875,641f227a8acfb5d26f9cd7d644646508,,0,0,INDIVIDUAL
The World of SH Perfumes,SHfragrance,https://www.spreaker.com/show/7417571/episodes/feed,"Podcast Description – SH Perfumes 🎙️<br />Welcome to the world of SH Perfumes, where every fragrance tells a story! In this exciting podcast, our host talks with a special guest about SH Perfumes, its fragrance collection, the inspiration behind the brand, and the magic of perfumes.<br />Discover how the right fragrance can express your personality, boost your confidence, and leave a lasting impression. Join us as we explore the beauty of scents, the vision of SH Perfumes, and our passion for making every moment memorable.<br />SH Perfumes – Your Fragrance, Your Identity, Your Signature.<br />",Spreaker,en,https://d3wo5wojvuv7l.cloudfront.net/t_rss_itunes_square_1400/images.spreaker.com/original/b831bb62673917d28298226eacdd2205.jpg,2026-09-29 10:28:35,8051946,confirmed,https://www.spreaker.com/podcast/the-world-of-sh-perfumes--7417571,1790677715,c8c1833a6927377fa092751425721ad7,,4,0,INDIVIDUAL
Elevate with Purpose 314,Elevate with Purpose 314,https://rss.buzzsprout.com/2652308.rss,"<p>Elevate with Purpose 314 is apodcast dedicated to highlighting the missions, challenges, and successes of St. Louis nonprofit organizations while inspiring meaningful philanthropy, volunteerism, and community engagement.</p>",Buzzsprout,en-us,https://storage.buzzsprout.com/yloc9uh1hx8wz7qf5f4mu1e8iykl?.jpg,2026-09-29 10:05:34,8051922,confirmed,,1790676334,5507c945cc3fc39685cd19f9520fa1fb,,4,0,CORPORATE
Benjamin 25 Snack Time,Benjamin25,https://rss.buzzsprout.com/2654045.rss,"<p>It's the podcast we meant to be a snack, but it became a full meal because we just can't help ourselves!  In each episode, Danielle and Angela spend 20-30 minutes discussing various topics relating to education and instruction. We'll give some staff shout outs, share something fun, and leave you with something to marinate.</p>",Buzzsprout,en-us,https://storage.buzzsprout.com/vv3ot3bfquk96uyu7fg8ymq4p332?.jpg,2026-09-29 10:05:32,8051921,confirmed,,1790676332,aaa3f06975b9f029c2a442a8ffa41656,,4,0,INDIVIDUAL
Bible Club Co.,David & Mikayla Blease,https://rss.buzzsprout.com/2642673.rss,"<p><b>Bible Club Co. exists to help people know the God of the Bible intimately.</b></p><p>Our flagship show, <b>Bible Club with David & Mikayla</b>, features honest conversations about faith, family, Scripture, and what it looks like to genuinely know God and live out His Word in everyday life.</p><p>Bible Club Co. also features <b>Bible Club Devos</b>, biblical teaching, sermons, and conversations designed to help you understand the Bible in its original context and apply its truth to your life.</p><p>Whether you are opening the Bible for the first time or have studied it for years, you are invited to join the club as we seek God’s presence, study His Word, and stir one another up to live it out.</p><p><b>Seek. Study. Stir Up.</b></p>",Buzzsprout,en-us,https://storage.buzzsprout.com/3aad3a91wh29buw6woag3ano2jcv?.jpg,2026-09-29 10:05:31,8051920,confirmed,https://www.buzzsprout.com/2642673,1790676331,8eac2d94d8050ae94b28fa96e73bfe3c,,4,0,CORPORATE
Rendimentosabio,Rendimentosabio,https://www.spreaker.com/show/7417514/episodes/feed,"A Rendimentosabio foi criada para eliminar o excesso de informações do mercado. Ao combinar inteligência artificial com uma estrutura analítica clara, ela ajuda os usuários a filtrar entradas, avaliar a direção e analisar a qualidade dos movimentos de forma mais eficaz. A plataforma permite comparações mais precisas entre estratégias, distinguindo a força autêntica do ruído e, ao mesmo tempo, reduzindo entradas impulsivas. O resultado? Decisões mais coerentes e maior clareza antes da execução — tecnologia real para negociações reais.",Spreaker,en,https://d3wo5wojvuv7l.cloudfront.net/t_rss_itunes_square_1400/images.spreaker.com/original/fff74b137824d5c517df5c50e1245968.jpg,2026-09-29 10:02:49,8051917,confirmed,https://www.spreaker.com/podcast/rendimentosabio--7417514,1790676169,8353743166ae46cd4a476cdbc3376a4a,,4,0,INDIVIDUAL
The Resilient Engine with Dr. Jay Wiles,Jay Wiles,https://feeds.captivate.fm/the-resilient-engine/,"A show about the nervous system, human performance, and what the measurement industry keeps getting wrong. Dr. Jay T. Wiles is a clinical health and performance psychologist who has spent his career measuring physiology in high performers. Most of what circulates about nervous system health is noise, and most of what is being sold trains state change, which is transient, rather than trait change, which lasts. Solo episodes work through the model piece by piece: resonance, sleep, attention, load, and what the wearable on your wrist is and is not telling you. Interviews bring in the researchers and practitioners who actually run the data. Reading the gauge is not training the engine.",Captivate,en,https://artwork.captivate.fm/f67b5cc9-a37a-4f5d-b75f-ca1eae63835a/cover.jpg,2026-09-29 10:01:30,8051915,confirmed,https://the-resilient-engine.captivate.fm,1790676090,e7839f1fe15b2d0eb8ab5283369c7974,,4,0,INDIVIDUAL
Dj Travisking Live Mixes,Dj Travisking,https://feeds.transistor.fm/dj-travisking-live-mixes,"Absolutely. Since **DJ Travisking Live Mixes** is meant to feel like a serious extension of your DJ brand, I’d make the description sound **premium, energetic and established**, rather than like a generic podcast.

### 🎧 DJ Travisking Live Mixes

DJ Travisking Live Mixes is where music, energy and culture meet. Hosted by Kenyan DJ and entertainer ""Deejay Travisking"" the show delivers carefully curated live mixes, exclusive selections and unforgettable sounds spanning Afrobeats, Amapiano, R&B, Hip-Hop, Dancehall and more.

From Nairobi nightlife to sounds made for the world, every episode is built to capture the energy of a Travisking set — seamless transitions, big records, fresh discoveries and pure vibes.

Press play. Turn it up. Experience the mix.

DJ Travisking Live Mixes — More than a mix. It’s an experience.",Transistor,en,https://img.transistorcdn.com/2AT_k6ozZU53ZJuwKbq8haP4IwX4JprFMpcFUYDYt88/rs:fill:0:0:1/w:1400/h:1400/q:60/mb:500000/aHR0cHM6Ly9pbWct/dXBsb2FkLXByb2R1/Y3Rpb24udHJhbnNp/c3Rvci5mbS83MzRl/YTVjODEyZTAwYmY4/OGQzNzU3ZDk3NmVl/ZjUzYS5wbmc.jpg,2026-09-29 09:41:01,8051908,confirmed,,1790674861,b19c33e505629aa83b70f66711d40e20,,4,0,INDIVIDUAL
The Possible Advantage: Where Creativity,adam kovacs,https://www.spreaker.com/show/7417506/episodes/feed,"The Possible Advantage is a business and creativity podcast exploring how ambitious companies can turn complex challenges into clearer brands, stronger experiences and measurable growth. Each episode examines the thinking behind effective positioning, creative strategy, digital experiences, campaigns, audience insight and commercial storytelling. The series is built around a simple question: What needs to change for a good business to become easier to understand, harder to ignore and more effective? Rather than treating creativity as decoration, the podcast explores how strategic thinking and creative execution can work together to solve genuine business problems.<br /><br />From brand positioning and messaging to digital experiences, campaigns, sustainability and growth diagnostics, the show features practical conversations about the decisions that shape how businesses are perceived and how effectively they connect with their audiences. This reflects the approach of <a href=""https://www.thestudioofpossible.com/"" target=""_blank"" rel=""noreferrer noopener"">The Studio of Possible</a>, which describes its work as combining strategy, brand and experiences to create awareness, demand, understanding and meaningful results.<br /><br />The objective is to give founders, marketers, creative leaders and business decision-makers useful perspectives they can apply to their own challenges. Episodes will also explore why some ideas cut through while others disappear into an increasingly crowded marketplace, how businesses can identify what is really holding growth back, and how strategy can move from a document into something people can see, understand and act on.",Spreaker,en,https://d3wo5wojvuv7l.cloudfront.net/t_rss_itunes_square_1400/images.spreaker.com/original/a8c0ea92d2d4296d1a6bb61d27b93cb9.jpg,2026-09-29 09:40:51,8051907,confirmed,https://www.spreaker.com/podcast/the-possible-advantage-where-creativity--7417506,1790674851,99f3919a7cd72367c872d0859a24dc4e,,0,0,INDIVIDUAL
Diary of a Churchboy,henryagain,https://anchor.fm/s/1174402b0/podcast/rss,"Whether you grew up in church, walked away from it, or have never set foot in one, there's something here for you. We reveal the wisdom of God through the lens of life and science.
Every week, we take a story that's stuck with us, some research that surprised us, and a piece of Scripture that's been saying it all along — and we lay them side by side until something clicks. Grief, joy, conflict, doubt, identity, sex, love — the stuff we all carry but rarely talk about out loud.
Here, we try to sit in the real questions together.
New episodes weekly. Come as you are.",Anchor,en-us,https://d3t3ozftmdmh3i.cloudfront.net/staging/podcast_uploaded_nologo/46753004/46753004-1789423301781-d46d9b1251819.jpg,2026-09-29 09:38:36,8051901,confirmed,https://podcasters.spotify.com/pod/show/henryagain1,1790674716,c9bfc4c6c483295188eecfc2a0318cc2,6816808107.0,2,0,INDIVIDUAL
"AI Companions After Dark: Chat, Connect, Explore",Vlad,https://rss.buzzsprout.com/2654224.rss,"<p>Late-night thoughts need somewhere to go. This show looks at the rise of AI companion apps — the ones built for flirty banter, judgment-free conversation, and a personality that remembers you. We talk about what makes these chats feel personal, why people turn to an AI companion instead of (or alongside) human connection, and how customization, tone, and memory shape the whole experience.</p>",Buzzsprout,en-us,https://storage.buzzsprout.com/0gfm79j4xkww527oq6kxpzblll97?.jpg,2026-09-29 09:34:02,8051899,confirmed,,1790674442,c1306c4eb43efdea6215462ce8196cc6,,4,0,INDIVIDUAL
Letras Bonitas: Creative Text Styles,Mateo Alejandro,https://www.spreaker.com/show/7417449/episodes/feed,"Letras Bonitas is all about transforming ordinary text into more creative, distinctive, and visually appealing styles. In this episode, we explore what letras bonitas are, how these decorative text styles work, and the different ways they can be used across the internet. You’ll learn about practical use cases for social media bios, Instagram and TikTok profiles, usernames, gaming names, WhatsApp messages, captions, branding, and other forms of digital self-expression. We also look at how special characters, symbols, and stylized lettering can help personalize online identities and make short pieces of text stand out. If you want to experiment with ready-made styles, <a href=""https://letritasbonitas.com/"" target=""_blank"" rel=""noreferrer noopener"">letras bonitas para copiar y pegar</a> provides options that can be copied and used across compatible platforms. This episode is a simple introduction for anyone curious about creative typography and personalized text online.<br /><br /><br /><br /><br /><br /><br /><br /><br /><br /><br /><br /><br /><br /><br /><br /><br /><br /><br /><br />",Spreaker,en,https://d3wo5wojvuv7l.cloudfront.net/t_rss_itunes_square_1400/images.spreaker.com/original/92f9b7a2730d710e0ca09b356885163c.jpg,2026-09-29 09:28:33,8051895,confirmed,https://www.spreaker.com/podcast/letras-bonitas-creative-text-styles--7417449,1790674113,c9f9edb1a90a67329ba253f3933d70d7,,4,0,CORPORATE
Still the Boss Lady,Kendra Weathersby,https://anchor.fm/s/1137dfc58/podcast/rss,"Still the Boss Lady is a podcast for women navigating family, personal growth, entrepreneurship and life’s unexpected challenges. Each week, Kendra shares honest conversations, real life lessons and encouragement to help you keep moving forward with resilience, purpose and faith.
Whether you’re rebuilding, reinventing yourself or simply trying to find your way again, remember this:
A change in plans does not mean a change in purpose. 
You’re still the Boss Lady!",Anchor,en,https://d3t3ozftmdmh3i.cloudfront.net/staging/podcast_uploaded_nologo/46119910/46119910-1783305647573-cda4a7cd2eeb4.jpg,2026-09-29 09:27:05,8051893,confirmed,https://podcasters.spotify.com/pod/show/kendrellah,1790674025,0696f05c0e15d1c0baa32e72dc16344f,6794449537.0,2,0,INDIVIDUAL
Biotech Catch-up,Harry Yoo,https://anchor.fm/s/117ca7da4/podcast/rss,"The Biotech Catch-Up is a weekly podcast that breaks down the biggest biotech and biopharma news for investors in clear, accessible language. Each episode explains what happened, why it matters, and what to watch next. Hosted by Dr. Yoo, a neuroscientist with experience in biotech equity research, corporate strategy, and investor relations, the show is designed especially for retail investors who want to better understand the science and business behind biotech without getting lost in technical jargon.",Anchor,en-us,https://d3t3ozftmdmh3i.cloudfront.net/staging/podcast_uploaded_nologo/46841137/46841137-1790486074811-f635c0d3e98a2.jpg,2026-09-29 09:25:14,8051890,confirmed,https://podcasters.spotify.com/pod/show/harry51,1790673914,23f9c19a8c65d65c0b25f5d5785498ab,6816601636.0,2,0,INDIVIDUAL
Chats with Grady,Grady Hooker,https://anchor.fm/s/117b4c3ec/podcast/rss,"Grady has a bunch of interests that range from television shows, to professional wrestling, to esports! So why not mash them all together in a collection of podcasts about everything, including a podcast about podcasts!",Anchor,en,https://d3t3ozftmdmh3i.cloudfront.net/staging/podcast_uploaded_nologo/46826899/46826899-1790472701921-429e637ec7841.jpg,2026-09-29 09:24:07,8051888,confirmed,https://www.youtube.com/playlist?list=PL_tQxNJBCq7AqVqoh0Trb-GI3Ydi2_siV,1790673847,5f5c16a506e2572b4eb84393c64dc741,6813019186.0,2,0,INDIVIDUAL
Grødem kirke,ek743h,https://feed.podbean.com/ek743h/feed.xml,"<p>Lytt til taler fra gudstjenester og studio i Grødem kirke. Vurder gjerne og rangere oss, og del episoder du liker med venner. For mer informasjon om menigheten vår, <a href=""https://www.grodemkirke.no/"">se vår nettside her.</a></p>",Podbean,en,https://pbcdn1.podbean.com/imglogo/image-logo/22652615/Grodem_Menighet_Podcast_Cover_1400.png,2026-09-29 09:22:47,8051887,confirmed,https://ek743h.podbean.com,1790673767,6906e9eb7a72059289a4a7fa861e576b,6815239228.0,2,0,INDIVIDUAL
Soren's Sunday Session,Soren's Sunday Session,https://rss.buzzsprout.com/2654208.rss,"<p>Welcome to Soren's Sunday Session — where music, education, stories and real conversations come together.</p><p><br></p><p>Hosted by Danish guitarist and producer Soren Andersen, the show takes you behind the music and closer to the musicians, artists and producers who create it.</p><p><br></p><p>With more than four decades of experience in the music industry, Soren brings together guests from around the world to share their stories, knowledge and lessons learned from a life in music.</p><p><br></p><p>Education is at the heart of Sunday Session. Through honest conversations, personal experiences and practical insights, we explore songwriting, recording, production, guitar, gear, touring, creativity and the realities of working in the music industry.</p><p><br></p><p>Whether you're a professional musician, an aspiring artist or simply someone who loves music and the stories behind it, you're invited to pull up a chair and become part of the Sunday Session.</p><p><br></p><p><b>New episodes every Sunday.</b></p><p><br></p><p>Discover more at <a href=""http://www.sorenssundaysession.com/"">www.sorenssundaysession.com</a></p><p><br></p>",Buzzsprout,en,https://storage.buzzsprout.com/jfkunz1kd1cvd8b6ro4l2bm9t70d?.jpg,2026-09-29 09:16:29,8051882,confirmed,https://www.buzzsprout.com/2654208,1790673389,df8402bbff762684b7f0f1132c23caf2,,0,0,INDIVIDUAL
CineGouna Emerge | Meet the Experts,El Gouna Film Festival | CineGouna Emerge,https://anchor.fm/s/117d84114/podcast/rss,"<p>Conversations with the filmmakers, actors, and industry leaders shaping cinema across Egypt, the Middle East, and Africa. Drawn from El Gouna Film Festival's CineGouna Emerge Meet the Experts series, each episode features insights from working professionals — directors, producers, actors, programmers, and craftspeople — sharing the stories and lessons behind their careers. <br><br>Supported by GFF's Impact Partner, the Sawiris Foundation and the DROSOS Foundation.</p>",Anchor,en,https://d3t3ozftmdmh3i.cloudfront.net/staging/podcast_uploaded_nologo/46850157/a11f12ab47851e07.jpg,2026-09-29 09:15:53,8051881,confirmed,https://podcasters.spotify.com/pod/show/hayat-aljowaily,1790673353,3b50214ab04155d85e8b0f708d2f06ca,6816687961.0,2,0,INDIVIDUAL
Home Again,SpareRoom,https://feeds.acast.com/public/shows/6aaaa8a08a1508074d679ecd,"<p><em>Home Again is a podcast about the places we live and how they make us who we are, brought to you by flatshare site SpareRoom. Every week, we ask our guests to pick three homes and tell us how they shaped their lives. </em></p><br><p><em>Whether that’s the house they grew up in, their first flatshare or where they live now - hosts Matt and Ella explore what home means to them through heartfelt, honest and hilarious conversations. </em></p><br><p><em>Home Again is available on Apple Podcasts, Spotify, YouTube and wherever you get your podcasts.</em></p><hr><p style='color:grey; font-size:0.75em;'> Hosted on Acast. See <a style='color:grey;' target='_blank' rel='noopener noreferrer' href='https://acast.com/privacy'>acast.com/privacy</a> for more information.</p>",Acast,en,https://assets.pippa.io/shows/6aaaa8a08a1508074d679ecd/1790245713508-d27e284e-50f9-41d4-97c9-36aac104f363.jpeg,2026-09-29 09:10:31,8051878,confirmed,https://feeds.acast.com/public/shows/home-again,1790673031,5092bc5c4eb15211e2a8114d045b2bab,,0,0,INDIVIDUAL
Easy Talk English,Easy Talk English,https://anchor.fm/s/117d0c254/podcast/rss,"An English-learning podcast with new episodes every Monday, Wednesday and Friday. Two friends, Lily and Mia, chat about real life in natural, everyday English, and each episode teaches you handy phrases you can actually use.",Anchor,en-us,https://d3t3ozftmdmh3i.cloudfront.net/staging/podcast_uploaded_nologo/46845245/46845245-1790536715980-866609ab1e042.jpg,2026-09-29 09:06:20,8051874,confirmed,https://podcasters.spotify.com/pod/show/easy-talk-english0,1790672780,8abc831548381cc3cb2943a9f185bf15,6816731184.0,2,0,INDIVIDUAL
Speaker Training,Stacey Flowers,https://feeds.libsyn.com/630045/rss,"Speaker Training is the podcast where Stacey Flowers coaches you to become a powerful speaker so you can speak with clarity, conviction, and change the world with your words.",Libsyn,en,https://static.libsyn.com/p/assets/8/e/3/f/8e3f5d7648f9cf4916c3140a3186d450/SPEAKER_TRAINING.png,2026-09-29 09:06:11,8051872,confirmed,https://sites.libsyn.com/630045,1790672771,256569396510daf910ebfa8047915bb4,6816262815.0,2,0,INDIVIDUAL
Beautiful Strength: The Podcast,STP Productions,https://rss.libsyn.com/shows/332876/destinations/2711054.xml,"Beautiful Strength celebrates the resilience of the human spirit through the power of conversation and photography. The podcast will focus on the conversation. 

Beautiful Strength the Podcast features interviews about diversity, resilience, overcoming obstacles, celebrating life, and laughing while tackling life's challenges. 

This podcast is inclusive and offers a platform for individuals to tell their story and for listeners to have the opportunity to listen and learn.",Libsyn,en,https://static.libsyn.com/p/assets/6/7/d/e/67dea289a93ed39f/2412608-1602606485776-de504679ff342.jpg,2026-09-29 09:04:26,8051871,confirmed,https://www.beautifulstrength.org,1790672666,9f352382340104a473798442cb07cadf,1560998597.0,2,0,CORPORATE
"Jew-ish | Jew curious? Questions and answers for the Jews, non-Jews, and all the Jew-curious out there",Say More Network,https://rss.buzzsprout.com/2196108.rss,"<p>What is being ""Jewish""? What are Jews? What do Jews believe? What do Jews (really) do? What's happening in those mysterious synagogues with all that weird language (it's Hebrew)? Jew curious? The thing about being Jewish is, you can't tell us apart by looking (well, not always), we often look the same, dress the same, work and play and eat right alongside our non-Jewish counterparts, and yet, as a teeny tiny minority--only 0.2% of the global population, and 2-3% of the U.S. population--plenty of people have probably never met a Jewish person, or if they did, they didn't even know it. For as much as we share (and it's probably way more than you think), somehow, moving through the world as a Jew really is different. Everything looks different through a Jewish lens, even for those who aren't particularly religious, the ones who describe themselves as ""Jew- ish."" But honestly, none of this is really that mysterious. And, if you're curious or confused, you can always just ask the internet--or, now you can also come here and check in with your new Jewish friend. So, if you have questions about being Jewish, we're here to introduce, explain, ask alongside, and generally demystify Judaism for Members of the Tribe (Jews) and goyim (non-Jews) alike, exploring and showcasing the infinite ways there are to be Jewish.</p>",Buzzsprout,en,"https://media.beehiiv.com/cdn-cgi/image/fit=scale-down,format=auto,onerror=redirect,quality=80/uploads/asset/file/d3f48c11-3e59-4b10-9504-7e5b648dbdf0/01_show_cover_3000x3000.jpg?t=1788796495",2026-09-29 08:58:38,8051866,confirmed,https://jewish-podcast.beehiiv.com/,1790672318,6192f1a456629263aafd4a41606e7556,,4,1,CORPORATE
Simon's Sofa Series,Simon On The Streets,https://feeds.captivate.fm/simon-on-the-street/,"Simon’s Sofa Series is a podcast from Simon on the Streets, bringing together honest conversations about homelessness, addiction, recovery and the systems surrounding them.  Hosted by CEO Natalie, each episode hears directly from people with lived experience and those working to create meaningful, lasting change. From the realities of rebuilding a life after homelessness or addiction, to the power of community and peer support, these are informed discussions that go beyond quick fixes.  Because real change starts with listening.",Captivate,en,https://artwork.captivate.fm/a41c4492-a76b-4795-824f-c52e76e72bb4/SOTS.jpg,2026-09-29 08:49:42,8051861,confirmed,https://simon-on-the-street.captivate.fm,1790671782,2d927e5e185950bd46918fe01c03470f,,4,0,INDIVIDUAL
Best Online English classes in USA,Emma Johnson,https://www.spreaker.com/show/7417374/episodes/feed,"Discover the <a href=""https://kiyalearning.us/best-english-classes-in-usa/"" target=""_blank"" rel=""noreferrer noopener""><b>best online English classes in the USA</b></a> to improve your speaking, reading, writing, and communication skills. Kiya Learning offers flexible online English lessons for kids, teens, and adults, helping learners build confidence through interactive learning and personalized guidance. Whether you are a beginner or want to improve your fluency, online English classes make learning convenient from home. Explore engaging lessons, strengthen your vocabulary, and develop effective communication skills with Kiya Learning",Spreaker,en,https://d3wo5wojvuv7l.cloudfront.net/t_rss_itunes_square_1400/images.spreaker.com/original/ebedf08d336dca0ba100d7a5cfd5837b.jpg,2026-09-29 08:49:27,8051858,confirmed,https://www.spreaker.com/podcast/best-online-english-classes-in-usa--7417374,1790671767,895c09f5d927fac53846a904662d8d03,,4,0,INDIVIDUAL
The Buying Decision,MangoMagic™️,https://feeds.transistor.fm/the-buying-decision,One question. Twenty minutes. Thirty years of quota. Hosted by Isaac T Cohen. Produced by ManyMangoes. Conversations with sales and revenue leaders about how real buying decisions get made.,Transistor,en,https://img.transistorcdn.com/hiCMTOOnlpd4_jkBi2vHQZ8Nt97LOSUzNeu6uvgVIQA/rs:fill:0:0:1/w:1400/h:1400/q:60/mb:500000/aHR0cHM6Ly9pbWct/dXBsb2FkLXByb2R1/Y3Rpb24udHJhbnNp/c3Rvci5mbS84ZTQw/NzBhNzJhMjcyYWIz/YTk0ODEzMDc0NzUz/YzVkOC5wbmc.jpg,2026-09-29 08:40:12,8051853,confirmed,https://mangomagic.live/p/the-buying-decision,1790671212,ccb8ce6aa81133ffe6a29549016be276,,4,0,INDIVIDUAL
Ακούγοντας τις αμερικανικές ενδιάμεσες εκλογές,CNN Greece,https://feeds.transistor.fm/9e1ecb08-5fae-4a21-a9a0-1a26ef088fde,"Οι Αμερικανικές ενδιάμεσες εκλογές ή εκλογές για το αμερικανικό κογκρέσο όπως αποκαλούνται συχνά, δεν λαμβάνουν τη δημοσιότητα άλλων εκλογικών αναμετρήσεων όπως οι προεδρικές, για παράδειγμα. Στις ενδιάμεσες εκλογές που θα διεξαχθούν στις 3 Νοεμβρίου οι Αμερικανοί εκλέγουν τους αντιπροσώπους τους στη Βουλή και στη Γερουσία, στα δύο νομοθετικά σώματα των ΗΠΑ. Το αποτέλεσμα αυτών των εκλογών είναι πολύ σημαντικό γιατί από τους συσχετισμούς που θα προκύψουν θα εξαρτηθεί μεγάλο μέρος της εσωτερικής και εξωτερικής πολιτικής των ΗΠΑ. Το κογκρέσο ελέγχει τον πρόεδρο και είναι αυτό που περνάει ή απορρίπτει τις αποφάσεις του. Σήμερα το κογκρέσο ελέγχεται πλήρως από τους Ρεπουμπλικανούς κάτι που είναι πολύ πιθανό να αλλάξει. Αν οι Δημοκρατικοί κερδίσουν έστω και ένα από τα δυο σώματα, θα δούμε αλλαγές στην εξωτερική πολιτική που ξεκινούν από τους δασμούς και την πολιτική για την Ουκρανία και το ΝΑΤΟ μέχρι και για την αγορά  F35 που ζητά η Τουρκία. Σε αυτή τη σειρά podcasts του CNN Greece συνομιλούμε με διεθνολόγους, ειδικούς επί αμερικανικών θεμάτων για τα πιθανά σενάρια και την επόμενη μέρα, μετά τις εκλογές της 3ης Νοεμβρίου.",Transistor,en,https://img.transistorcdn.com/MnbHKpFzivyTV7m-3Q3mWuYzXx9Pc7Ixa9aDLqfQlE0/rs:fill:0:0:1/w:1400/h:1400/q:60/mb:500000/aHR0cHM6Ly9pbWct/dXBsb2FkLXByb2R1/Y3Rpb24udHJhbnNp/c3Rvci5mbS82OWVm/YTJjMjdkZTVhODYx/YzZmOTA5N2QxZDZh/NTVkMy5qcGc.jpg,2026-09-29 08:39:47,8051852,confirmed,,1790671187,c712df41e38503d7697d45a23154207e,,0,0,CORPORATE
Sam & Cal's Anthology Radio,Sam and Cal,https://anchor.fm/s/114996a28/podcast/rss,An excuse for two old friends to get together and talk about what they are currently interested in.,Anchor,en,https://d3t3ozftmdmh3i.cloudfront.net/staging/podcast_uploaded_nologo/46305658/46305658-1787212548923-b1cb0cd061ac1.jpg,2026-09-29 08:31:18,8051846,confirmed,https://podcasters.spotify.com/pod/show/anthology-radio3,1790670678,8dcd4df848eb79bc8fd5a3d98593ca2f,6816787413.0,2,0,CORPORATE
Comedy Pulse,marcsmarket2011,https://feed.podbean.com/marcsmarket2011/feed.xml,"<p class=""isSelectedEnd""><strong><span>Comedy Pulse</span></strong><span> is your go-to podcast for laughs, good vibes, and a fresh dose of comedy! 🎙️😂</span></p>
<p class=""isSelectedEnd""><span>From hilarious stories and everyday observations to funny conversations, unexpected moments, and a little bit of everything in between, </span><strong><span>Comedy Pulse</span></strong><span> keeps the energy high and the laughs coming.</span></p>
<p class=""isSelectedEnd""><span>Whether you need a quick escape from a busy day or just want something entertaining to listen to, tune in and catch the pulse of comedy.</span></p>
<p class=""isSelectedEnd""><strong><span>Laugh. Listen. Repeat. ❤️😂</span></strong></p>
<p><span>🎧 New episodes, new laughs, and plenty of good times — this is </span><strong><span>Comedy Pulse</span></strong><span>.</span></p>",Podbean,en,https://pbcdn1.podbean.com/imglogo/image-logo/22663976/comedy_1_a0kzy.png,2026-09-29 08:21:58,8051836,confirmed,https://marcsmarket2011.podbean.com,1790670118,5d7a40d96a4c0f5971742f9df243bc36,6816483879.0,2,0,INDIVIDUAL
The Relationships Reimagined® Podcast,Richard Wallace & Nancy Wallace,https://rss.buzzsprout.com/2654173.rss,"<p>Richard and Nancy Wallace explore the relationships that affect everyday life, from couples and families to friendships, workplaces, leadership, and teams. Through listener questions, practical conversations, and the Seven Foundations, they examine what is happening beneath the surface and offer useful ways to respond, communicate, and strengthen relationships. </p>",Buzzsprout,en-us,https://storage.buzzsprout.com/akin3a8cso8jnd98lb5u35multo8?.jpg,2026-09-29 08:05:42,8051823,confirmed,https://www.relationshipsreimagined.com/podcast,1790669142,0bf1ed583f9a3527846d79a5b6dabf9e,,0,0,CORPORATE
Bots Don't Cry,Catharina Doria,https://rss.buzzsprout.com/2653741.rss,"<p>Every Tuesday, I'll teach you critical AI literacy with leading voices in critical AI (and sometimes just me!) to help you protect yourself from the REAL dangers of AI and the media's crazy AI marketing hype.<br><br></p>",Buzzsprout,en-us,https://storage.buzzsprout.com/tdj4hpbj2nvewy8i55k1baf7dqmm?.jpg,2026-09-29 08:05:41,8051822,confirmed,https://botsdontcry.buzzsprout.com,1790669141,0ba4a648189e3336e4246c94103e00ad,,4,0,INDIVIDUAL
Journeys by Talent Today,Talent Today,https://feeds.acast.com/public/shows/6a5f2a017727f737aa64788c,"<p>Behind every senior IT leader is a story that rarely fits neatly into a job title.</p><br><p>Hosted by Gary Wills, owner of Talent Today, Journeys is a podcast built around that idea. Each episode features honest conversations with IT directors, technology leaders and digital decision-makers about the path that brought them  o where they are today.</p><br><p>The podcast goes beyond business, strategy and current challenges to explore the moments that shape a career, the risks that paid off, the setbacks that changed direction, the people who left a lasting mark, and the experiences that influenced how each guest leads today.</p><br><p>Journeys offers a thoughtful view of leadership in technology by giving as much attention to the person as the position.</p><hr><p style='color:grey; font-size:0.75em;'> Hosted on Acast. See <a style='color:grey;' target='_blank' rel='noopener noreferrer' href='https://acast.com/privacy'>acast.com/privacy</a> for more information.</p>",Acast,en,https://assets.pippa.io/shows/6a5f2a017727f737aa64788c/1789139558156-3eea717a-ed9c-4c5f-8879-a213c173559d.jpeg,2026-09-29 08:05:35,8051821,confirmed,https://feeds.acast.com/public/shows/journeys-by-talent-today,1790669135,c6831bddcee016d812de7bba42b3ff0d,,0,0,INDIVIDUAL
Window of Knowledge,Tony  Robbins,https://feed.podbean.com/raihanhossain9911/feed.xml,"<p>​Welcome to Window of Knowledge!</p>
<p>​Window of Knowledge | Your daily gateway to practical insights, self-improvement, and meaningful ideas. Tune in, learn daily, and expand your horizons. 🎧</p>
<p>​🎙️ New episodes drop regularly!<br />🎧 Subscribe now and open your Window of Knowledge</p>",Podbean,en,https://pbcdn1.podbean.com/imglogo/image-logo/22665225/WhatsApp_Image_2026-09-27_at_15848_PM5ye46.jpeg,2026-09-29 08:04:18,8051817,confirmed,https://raihanhossain9911.podbean.com,1790669058,74204a308dd5bac5886daa2d7ad15f0d,6816720315.0,2,0,INDIVIDUAL
All Nets Podcast,All Nets Podcast,https://feed.podbean.com/rebelmusicmafiamgmt/feed.xml,<p>All Nets Podcast. All Brooklyn Nets basketball hosted by Kasper Korleone</p>,Podbean,en,https://pbcdn1.podbean.com/imglogo/image-logo/22667210/image0.jpg,2026-09-29 07:46:53,8051801,confirmed,https://rebelmusicmafiamgmt.podbean.com,1790668013,57066b830ba85faee92532bb877b6c87,6816820139.0,2,0,INDIVIDUAL
R & R Hour,R & R Hour,https://rss.buzzsprout.com/2654212.rss,Episode 001,Buzzsprout,en,https://storage.buzzsprout.com/r1lq1mjjzkg049qv7lgx05eisp1p?.jpg,2026-09-29 07:43:50,8051798,confirmed,https://podcasters.spotify.com/pod/show/randrhour,1790667830,7f2e5df4cb0921a46ec70e149dbd6f86,,4,0,CORPORATE
Pílagrímsferðin - eftir John Bunyan. Heine Lützen lesur.,Lindin poddvarp,https://feeds.transistor.fm/pilagrimsferdin-eftir-john-bunyan-heine-lutzen-lesur,Pílagrímsferðin - eftir John Bunyan. Heine Lützen lesur.,Transistor,en,https://img.transistorcdn.com/_gnqGWZi9T_7MjlreZYGFN61PVdJdN3hiXHmoy1SLn0/rs:fill:0:0:1/w:1400/h:1400/q:60/mb:500000/aHR0cHM6Ly9pbWct/dXBsb2FkLXByb2R1/Y3Rpb24udHJhbnNp/c3Rvci5mbS85MDVj/Mzg2NjBlYjJhNTZk/MjJmYmYyMmVlZjlj/MTkyNi5qcGc.jpg,2026-09-29 07:40:19,8051794,confirmed,,1790667619,1c66cdbb48d872c26c6dd40e2ca4a06e,,0,0,INDIVIDUAL
Talegent Talks,Talegent,https://feeds.acast.com/public/shows/6ab99dd892f3bf83ef6bb9e1,"Talegent Talks explores the ideas, people and innovations shaping the future of talent measurement. From emerging technology and AI to practical insights from industry leaders, each episode brings fresh perspectives on how organisations can make better talent decisions.<hr><p style='color:grey; font-size:0.75em;'> Hosted on Acast. See <a style='color:grey;' target='_blank' rel='noopener noreferrer' href='https://acast.com/privacy'>acast.com/privacy</a> for more information.</p>",Acast,en,https://assets.pippa.io/users/6ab99801c974afb154bbb19f/pre-show-covers/1790548448926-32544620-c1c7-4ad3-8e54-de4193c7f4a0.jpeg,2026-09-29 07:30:51,8051782,confirmed,https://shows.acast.com/talegent-talks,1790667051,4e8d15275a38de7ccf0bf5b47f0ada30,6816791128.0,2,0,INDIVIDUAL
Civic Desk Weekly,Civic Desk Weekly,https://anchor.fm/s/117c81668/podcast/rss,"Civic Desk follows the decisions shaping everyday life in New York City—from housing and transportation to schools, public services, and City Hall. We turn public records and local developments into clear, source-backed reporting that explains what’s happening, who’s affected, and what remains uncertain. Our goal is simple: help New Yorkers understand the decisions that affect their lives and hold the people making them accountable.",Anchor,en-us,https://d3t3ozftmdmh3i.cloudfront.net/staging/podcast_uploaded_nologo/46839562/46839562-1790462523463-477fea6a19986.jpg,2026-09-29 07:27:52,8051779,confirmed,https://podcasters.spotify.com/pod/show/ben-sisko6,1790666872,4a127b0c0ca0795fce74ea6389431a26,6816543012.0,2,0,INDIVIDUAL
Pandit Srinivas Acharya,Pandit Srinivas Acharya,https://www.spreaker.com/show/7417226/episodes/feed,"Pandit Srinivas Acharya is a respected astrologer and spiritual guide known for his knowledge of astrology and traditional spiritual practices. He helps individuals gain clarity and guidance regarding important areas of life, including relationships, career, family matters, and personal challenges. His approach combines astrological knowledge with thoughtful insights to help people better understand their circumstances and make informed decisions. Pandit Srinivas Acharya is dedicated to offering personalized guidance based on each individual’s concerns and life situation. With a sincere and supportive approach, he aims to help people find greater confidence, clarity, and a positive direction in their lives.",Spreaker,en,https://d3wo5wojvuv7l.cloudfront.net/t_rss_itunes_square_1400/images.spreaker.com/original/dfa1771e9ee50b0c741aabfaeed98d9c.jpg,2026-09-29 07:23:11,8051776,confirmed,https://www.spreaker.com/podcast/pandit-srinivas-acharya--7417226,1790666591,c7a4529adb4b685fc36488c8a8c31503,,4,0,CORPORATE
Out of the Theater with Kristian Harloff,Kristian Harloff,https://feeds.megaphone.fm/LGGIG7005290773,"<p>Kristian Harloff walks straight out of the cinema and gives you his first, unfiltered reaction while it is still fresh. Spoiler free first takes on the biggest new releases, recorded in the car park before the credits have even settled. New reactions every time a film worth talking about opens.</p>",Megaphone,en,"https://megaphone.imgix.net/podcasts/0e45136c-a724-11f1-a750-4b081462e7a3/image/446431131492055538aeb3f56aa74dd9.png?ixlib=rails-4.3.1&max-w=3000&max-h=3000&fit=crop&auto=format,compress",2026-09-29 07:18:05,8051770,confirmed,https://www.youtube.com/@TheKristianHarloff,1790666285,912c1646a7889248d445c290d087ab87,6809274660.0,2,0,INDIVIDUAL
Linguistics In Action,Joana Fehr,https://rss.buzzsprout.com/2651239.rss,"<p><b>A podcast exploring how language shapes the world through academia and beyond - Introducing professionals applying linguistic knowledge, specialized expertise, and critical thinking to solve complex challenges and create real-world impact through linguistics </b></p>",Buzzsprout,en-us,https://storage.buzzsprout.com/rndl90rgdook5dv7a5ulz2ddc9ci?.jpg,2026-09-29 07:16:43,8051768,confirmed,,1790666203,ac2610d6c24e33734577910854a320a1,,4,0,INDIVIDUAL
Payments Cannot Fail,Form3,https://feeds.simplecast.com/OHPrFRvm,"Payments don’t get a second chance. They have to work, every time.
Payments Cannot Fail is a podcast from Form3 exploring the systems, infrastructure and decisions that keep money moving across the global economy.
Hosted by Form3 CRO Mark Fieldhouse, the series brings together industry leaders to examine the challenges shaping modern payments, from resilience and regulatory pressure, to instant payments adoption across the UK, Europe and the US.
Each episode goes beyond the surface to uncover the structural issues facing banks and fintechs, and what it takes to build payments infrastructure that truly cannot fail.",Simplecast,en,https://image.simplecastcdn.com/images/451e198a-ef7e-4ef0-a252-aa03dc471081/1fd3b0ed-5e53-42a9-ab31-efd691d343c8/3000x3000/cropped-1790098973955.jpg?aid=rss_feed,2026-09-29 07:14:10,8051767,confirmed,https://payments-cannot-fail.simplecast.com,1790666050,b1153cbfbcfbfced91a69b270effa875,6815862626.0,2,0,INDIVIDUAL
Tracy L Clark,Tracy L Clark,https://www.spreaker.com/show/7417175/episodes/feed,"Tracy L Clark is a spiritual business coach, mentor, and intuitive energy healer dedicated to helping women create purpose-driven, soul-led businesses. Through spiritual coaching, personal development, mentorship, and intuitive practices, <a href=""https://www.tracylclark.com/"" target=""_blank"" rel=""noreferrer noopener"">Tracy L Clark</a> supports entrepreneurs in gaining clarity, building confidence, and aligning their business journey with their deeper values and vision. Her approach brings together practical business guidance and spiritual transformation to encourage meaningful growth, authentic leadership, and purposeful action. Whether you are starting a new venture, expanding an existing business, or seeking greater alignment, Tracy offers supportive resources and guidance designed to help you reconnect with your purpose and move forward with greater intention, confidence, and clarity.",Spreaker,en,https://d3wo5wojvuv7l.cloudfront.net/t_rss_itunes_square_1400/images.spreaker.com/original/099a19ea0f7f67b4073c7bc68fc805a5.jpg,2026-09-29 07:08:16,8051763,confirmed,https://www.spreaker.com/podcast/tracy-l-clark--7417175,1790665696,4fc3fe1ea328866cad2d675c9232b040,,4,0,INDIVIDUAL
"Wait, hear me out!",Hazy,https://anchor.fm/s/115a1b0d8/podcast/rss,"A little bit of everything life, friendships, dating, growing up, random thoughts, happy moments, overthinking, and the occasional existential crisis.
No expert advice and definitely no pretending to have life figured out. Just honest conversations, questionable opinions, random stories, and thoughts that somehow made it out of my head.
Wait… hear me out. 🎙️",Anchor,en-us,https://d3t3ozftmdmh3i.cloudfront.net/staging/podcast_uploaded_nologo/46478854/46478854-1788899860860-501b37456b97f.jpg,2026-09-29 06:59:38,8051758,confirmed,https://podcasters.spotify.com/pod/show/t2kp96of1lo,1790665178,645f23748a602817d9f096d02f9e87c3,6810519772.0,2,0,INDIVIDUAL
Getup & Grow,Getup & Grow,https://www.spreaker.com/show/7358469/episodes/feed,"<a href=""https://getupandgrow.ie/"" target=""_blank"" rel=""noreferrer noopener"">Get Up & Grow</a> is an Irish indoor gardening and hydroponics specialist offering high-quality growing equipment and supplies. From grow tents and LED lighting to nutrients, hydroponic systems and propagation essentials, we provide everything growers need in one place. Our focus is on reliable products, helpful advice and practical solutions that make indoor gardening easier, more productive and enjoyable.",Spreaker,en,https://d3wo5wojvuv7l.cloudfront.net/images.spreaker.com/nuvolari-assets/light_blue_square_mic.jpg,2026-09-29 06:58:50,8051756,confirmed,https://www.spreaker.com/podcast/getup-grow--7358469,1790665130,8007be0f3727aa07049b5ae76fdc0484,,4,0,CORPORATE
Acorn Storytime,Ida and Daddy,https://anchor.fm/s/a17c1fe0/podcast/rss,Ida and Daddy read classic children's books together.,Anchor,en,https://d3t3ozftmdmh3i.cloudfront.net/production/podcast_uploaded_nologo/26992664/26992664-1655921084452-f4e9e2731b3ff.jpg,2026-09-29 06:31:25,8051732,confirmed,https://podcasters.spotify.com/pod/show/acorn-storytime,1790663485,786e72736d0e05c68be7d2dc060d71b7,,0,0,CORPORATE
The Black hour,David and Jimmy,https://www.spreaker.com/show/7417153/episodes/feed,"Silent fear delivers hyper-realistic, spine-tingling horror stories that blur the line between fiction and reality.From haunted places to unexplained disappearances, these stories sound too real… because maybe they are.  Want to suggest a Story or share your thoughts?Reach out: theblackhourpodcast01@gmail.com🔥 New episodes every week — 3 times!🎧 Follow now and leave a ⭐⭐⭐⭐⭐ rating if you dare to keep listening.Headphones recommended. Nighttime listening strongly discouraged.Welcome to the dark.For advertising opportunities Please email: partnershipwithtbh@gmail.comYou listen all podcasts platform link:https://pod.link/aHR0cHM6Ly9yc3MuYW1wZXJ3YXZlLm5ldC92Mi9mZWVkL3BvZGNvcm4vZjY4NGEzM2YwODQyNzE2NDQyYTJlZTA3OTJjN2U0MGI?view=apps&sort=popularity",Spreaker,en,https://d3wo5wojvuv7l.cloudfront.net/t_rss_itunes_square_1400/images.spreaker.com/original/5adef998e67e5dbf54709eeeac30ed8f.jpg,2026-09-29 06:31:14,8051731,confirmed,https://www.spreaker.com/podcast/the-black-hour--7417153,1790663474,8727b69ae541676aa1c444437d0a62a8,,4,1,CORPORATE
Sassy Women,Christine Tumea,https://anchor.fm/s/117b32834/podcast/rss,"Sassy Women is for women who are ready to rediscover themselves, reclaim their voice, and realize it's never too late to make a change. I talk honestly about life, careers, relationships, boundaries, burnout, starting over, and those moments that make us stop and ask, “Is this really the life I want?” Grab your coffee, take a deep breath, and let's begin.",Anchor,en-us,https://d3t3ozftmdmh3i.cloudfront.net/staging/podcast_uploaded_nologo/46825845/46825845-1790293344011-ac70e3e47669b.jpg,2026-09-29 06:30:24,8051729,confirmed,https://podcasters.spotify.com/pod/show/malloy7186,1790663424,640baa3ab13881a264243b599e21c5ba,6816442243.0,2,0,INDIVIDUAL
Secret Of Life,Scort,https://www.spreaker.com/show/7417152/episodes/feed,"The secret to life is that there is no single hidden answer, but rather a universal theme of connection, service, and personal effort.",Spreaker,en,https://d3wo5wojvuv7l.cloudfront.net/images.spreaker.com/nuvolari-assets/black_square_mic.jpg,2026-09-29 06:29:10,8051728,confirmed,https://www.spreaker.com/podcast/secret-of-life--7417152,1790663350,414fe88b9d8f9979de84122dccf8e1ba,,4,0,INDIVIDUAL
T.D. Jakes sermons,Joe,https://www.spreaker.com/show/7417150/episodes/feed,"Explore inspiring teachings, powerful messages, and practical wisdom from T.D. Jakes. This podcast shares thought-provoking insights on faith, purpose, leadership, personal growth, and overcoming life’s challenges—encouraging listeners to grow spiritually and live with greater purpose.",Spreaker,en,https://d3wo5wojvuv7l.cloudfront.net/t_rss_itunes_square_1400/images.spreaker.com/original/b32e884247e57bcf209c62e0b7cda270.jpg,2026-09-29 06:27:50,8051726,confirmed,https://www.spreaker.com/podcast/t-d-jakes-sermons--7417150,1790663270,ad6e65e01fed25b6699ff507c5c8321e,,4,0,INDIVIDUAL
Crickets Corner,Crickets Corner,https://anchor.fm/s/117722f00/podcast/rss,"What is up dearest Crickets? Allie and Lauren here doing what we do best, YAP! We are considering this a running pod with a side of other nonsense. Tune in for our latest updates, deepest thoughts, and endless giggles. Don't expect to learn anything but do expect to pretend we're funny... here we go!",Anchor,en,https://d3t3ozftmdmh3i.cloudfront.net/staging/podcast_uploaded_nologo/46783264/46783264-1789777127525-9fc193d955122.jpg,2026-09-29 06:18:36,8051721,confirmed,https://podcasters.spotify.com/pod/show/crickets-corner8,1790662716,21d5aba339ec0e38f566f3e2a52b62fb,6817014232.0,2,0,INDIVIDUAL
Attention Now Dave Diaz Podcast,Dave Diaz,https://anchor.fm/s/f69a30e8/podcast/rss,"Attention Now Podcast with Dave Diaz – Stories That Inspire
Hosted by Dave Diaz, the Attention Now Podcast is your go-to source for powerful stories, insightful conversations, and success-driven strategies. Each episode dives deep into the journeys of highly successful business leaders, entrepreneurs, and industry experts, offering valuable lessons on overcoming challenges, building resilience, and achieving greatness.
With a strong focus on business strategies, personal growth, and motivational insights, this podcast delivers high-quality content designed to inspire, educate, and empower l",Anchor,en,https://d3t3ozftmdmh3i.cloudfront.net/staging/podcast_uploaded_nologo/41273002/41273002-1768541408048-7841a4595444d.jpg,2026-09-29 06:15:14,8051714,confirmed,https://linktr.ee/attentionnow,1790662514,151652dd6d767c2878b2d9041b57393e,6814332365.0,2,0,INDIVIDUAL
VVHL Meat Off the Bone with JesseJen,VVHL,https://anchor.fm/s/1170a36fc/podcast/rss,"Meat Off the Bone is where the V.V.H.L. gets real. Hosted by the Meat Man himself, JesseJen, this interview-driven podcast goes beyond stats and standings to spotlight the people behind the league. Players, owners, commissioners, and personalities sit down for honest conversations about competition, rivalries, friendships, league life, and everything behind the scenes. No scripts. No canned answers. No bullshit. Just real people, real stories, and conversations that cut straight to the bone. A Front Explosion Production.",Anchor,en-us,https://d3t3ozftmdmh3i.cloudfront.net/staging/podcast_uploaded_nologo/46715127/46715127-1788921422780-58371b59d8213.jpg,2026-09-29 06:09:20,8051708,confirmed,https://podcasters.spotify.com/pod/show/vvhl3,1790662160,30b2922c5f11ca2ba3a669f37c47f73d,6815712162.0,2,0,CORPORATE
"We Just Happen To Be Mums is the podcast for women who are mums, but not only mums.",Core LDN,https://feeds.acast.com/public/shows/6ab80047fb182c6fb50e2c1b,"<p>We Just Happen To Be Mums is the podcast for women who are mums, but not only mums.</p><br><p>Nicola Crosby and Eleanor Fanyinka are two friends who became mothers and then realised nobody had handed them the full picture. So they started talking about it.</p><br><p>Every episode is an honest, warm and often very funny conversation about real life with children, and real life beyond them. The invisible load. The pressure to get it all right. Friendships that shift. Bodies that change. Turning 40 and wondering what's next. Reinvention, ageing, desire, and the big question: who are you when no one needs you?</p><br><p>Some weeks it's just Nicola and Eleanor. Other weeks they're joined by guests who bring real expertise and lived experience, from sleep coaching and gut health to raising autistic children, single parenting and redefining what success as a mum actually looks like.</p><br><p>No perfect answers. No judgement. Just two women who happen to be mums, saying the things you've probably thought yourself.</p><br><p>New episodes every Tuesday.</p><br><p>Watch the full episodes on YouTube: https://youtube.com/@happentobemums</p><p>Follow along on Instagram and TikTok: @happentobemums</p><p>Get in touch: happentobemums@coreagency.uk</p><br><p>Produced by Core LDN.</p><hr><p style='color:grey; font-size:0.75em;'> Hosted on Acast. See <a style='color:grey;' target='_blank' rel='noopener noreferrer' href='https://acast.com/privacy'>acast.com/privacy</a> for more information.</p>",Acast,en,https://assets.pippa.io/users/6a82d611c2cc087689c8e727/pre-show-covers/1790443477855-296558f8-e8cd-414b-af1e-b194ab7a580b.jpeg,2026-09-29 06:09:10,8051707,confirmed,https://shows.acast.com/cwe-just-happen-to-be-mums-is-the-podcast-for-women-who-are,1790662150,3fcd21a89ba762abb44b7a28d137c488,,0,0,INDIVIDUAL
Honest to God?,Rev. Dr. Robin Meyers with Norman UCC,https://anchor.fm/s/117d314dc/podcast/rss,"Honest to God? shares the Sunday sermons of Rev. Dr. Robin Meyers, pastor of First Congregational Church of Norman, UCC, in Norman, Oklahoma. Meyers preaches a progressive Christianity that treats faith as a way of life more than a set of doctrines, and he brings hard questions to scripture, justice, and what following Jesus looks like in American life today. First Congregational is an Open and Affirming congregation of the United Church of Christ, and everyone is welcome, in person, on the livestream, or by podcast!
normanucc.org",Anchor,en,https://d3t3ozftmdmh3i.cloudfront.net/staging/podcast_uploaded_nologo/46846767/46846767-1790553878857-c45e978e23e9f.jpg,2026-09-29 06:05:48,8051705,confirmed,https://www.firstcongregationalchurchofnorman.org/,1790661948,8cac5e88c305c30fabe91319ffbd9f83,6816794921.0,2,0,CORPORATE
Joke Wranglers,Sam Joseph,https://anchor.fm/s/1149e19c4/podcast/rss,Two teams of comedians compete to create the best joke!,Anchor,en-gb,https://d3t3ozftmdmh3i.cloudfront.net/staging/podcast_uploaded_nologo/46308729/46308729-1783373977425-b198779407229.jpg,2026-09-29 06:02:11,8051699,confirmed,https://podcasters.spotify.com/pod/show/tansaku4,1790661731,a432b53b1ddc04d21ee7d2628a848035,6799720052.0,2,0,INDIVIDUAL
Roam Light,Amy Getubig,https://rss.buzzsprout.com/2654155.rss,"<p>Roam Light is a travel podcast about stories, lessons, people and unexpected moments we collect along the way.</p><p><br></p><p>From my first solo light at 17 to military travel, studying abroad, backpacking through Europe, exploring Asia, and everything that went wonderfully right or hilariously wrong in between, I share real travel stories and what they taught me.</p><p><br></p><p>We'll talk about packing light, planning itineraries, traveling on a budget, navigating unfamiliar places, meeting people across cultures, changing plans when necessary, and learning from the occasional travel disaster.</p><p><br></p><p>Travel isn't where you go. Sometimes the best souvenirs are the stories you bring home, the friendships you make, and the lessons you never expected to learn.</p><p><br></p><p>Pack what you need. Leave room for the unexpected. Roam light.</p>",Buzzsprout,en-us,https://storage.buzzsprout.com/ekpzdug6t3zrffhou5cw9e2t8r9x?.jpg,2026-09-29 05:52:34,8051693,confirmed,https://amiedelafrance.wixsite.com/roamlight,1790661154,6e3148a5afd48196c28e7ea683f164b4,,4,0,INDIVIDUAL
MOBE Podcast,Paper Bag,https://feeds.redcircle.com/b624bcf7-3969-4d13-bb4b-e88b6de51b5b,"MOBE Podcast is a podcast based around 2 lifelong friends named Gus, and Charlie. Years ago they found a safe full of mysterious audio recordings, and they are playing them all for you!",Spotify for Podcasters,en-US,https://media.redcircle.com/images/2026/9/7/3/d41fe882-ea0e-4933-abd5-6471b7f03ea6_untitled_artwork.jpg,2026-09-29 05:51:38,8051692,confirmed,https://redcircle.com/shows/mobe-podcast,1790661098,ceda512f90396ccd251a632c4acbc74d,6809310611.0,2,0,INDIVIDUAL
The Founder Formula,Battery Ventures,https://feeds.captivate.fm/the-founder-formula/,"Every company has its own formula for growth, formed over time through a series of strategic bets and defining choices. In The Founder Formula, we sit down with founders across the Battery portfolio to explore how their companies took shape — from the problems they chose to pursue to the product, go-to-market and organizational decisions they made as they scaled.",Captivate,en,https://artwork.captivate.fm/339bed2a-6dd3-43ed-9d1c-43b0a9897618/Podcast-thumbnail-2.jpg,2026-09-29 05:50:25,8051690,confirmed,https://www.battery.com,1790661025,c62f7b805c5e73163f0dfd553265ddc7,,4,0,CORPORATE
The Thinking Space,Thomas Johnson,https://www.spreaker.com/show/7417079/episodes/feed,"Welcome to The Thinking Space🎙️<br /><br />A podcast for real conversations, real stories, and bigger ideas.<br />We explore American life, culture, personal experiences, current conversations, and the ideas that connect people from different backgrounds.<br />Each episode brings thoughtful conversations designed to inform, inspire, and create a deeper understanding of the world around us.<br />🎙️ Real Conversations<br />💬 Real Stories<br />🌎 Different Perspectives<br />✨ Bigger Ideas<br />Follow The American Conversation Podcast and join the conversation.<br />New episodes coming regularly.",Spreaker,en,https://d3wo5wojvuv7l.cloudfront.net/t_rss_itunes_square_1400/images.spreaker.com/original/0e96b4ec85b8f68fc7d8b53410bb318d.jpg,2026-09-29 05:48:45,8051688,confirmed,https://www.spreaker.com/podcast/the-thinking-space--7417079,1790660925,3f5cbfa9e9032940285091835d30c898,,4,0,INDIVIDUAL
Lamin Deen,Lamin Deen,https://www.spreaker.com/show/7417091/episodes/feed,"A former sprinter turned bobsleigh competitor, Lamin Deen represents one of many athletes who transitioned from track to ice. His international breakthrough came at the 2015 World Championships, where he piloted a four-man crew alongside Ben Simons, Bruce Tasker and Andrew Matthews to a fifth-place finish. Two years on, he claimed his first major medal, taking silver in the four-man event at the Whistler World Cup in November 2017.",Spreaker,en,https://d3wo5wojvuv7l.cloudfront.net/t_rss_itunes_square_1400/images.spreaker.com/original/79e0befc68be4b98057152b47e8604d8.jpg,2026-09-29 05:28:20,8051678,confirmed,https://www.spreaker.com/podcast/lamin-deen--7417091,1790659700,7f66f1ad336769bdf6f01163451b46cd,,4,0,INDIVIDUAL
Not Another Sox Podcast,"Jack Webster and Ian Doran, Bleav",https://anchor.fm/s/6ea70e90/podcast/rss,Just a couple dudes talking about the Boston Red Sox.,Anchor,en-us,https://image.simplecastcdn.com/images/cd6352d5-b373-4ecc-b8cf-0ad0470b8df3/dc39d36b-e4e2-4e39-a624-5c9cf04c3193/3000x3000/18464420-1717958911011-045a364c61bb6.jpg?aid=rss_feed,2026-09-29 05:15:04,8051664,confirmed,https://bleav.com/shows/not-another-sox-podcast/,1790658904,62229f19a1e00c7f96b0cfb7e68bd834,1719731838.0,2,0,CORPORATE
Good Operators,Rising Tide,https://anchor.fm/s/116015a4c/podcast/rss,"Somebody in property management already solved the problem that is about to cost you a year. You will never meet them.
One guest per episode. How they built it. What broke. The real numbers, and what it took. Plus one thing you can run Monday morning.
What one operator learned the hard way should reach the next one. That is how this industry gets better, and it is the whole point of the show.
Hosted by Tim Wehner, who has run property management companies his whole career, and Blake Mohseni of Rising Tide, which buys local property management companies and keeps them local.",Anchor,en,https://d3t3ozftmdmh3i.cloudfront.net/staging/podcast_uploaded_nologo/46541547/46541547-1789762528061-9f08e5389a0c6.jpg,2026-09-29 05:05:09,8051660,confirmed,https://podcasters.spotify.com/pod/show/rising-tide3,1790658309,37692aef5406d1e21234b114e943ed66,6815302577.0,2,0,INDIVIDUAL
The One Piece Debate,okashira,https://anchor.fm/s/11569231c/podcast/rss,"A One Piece debate show — two perspectives, one scene, no easy answers. Each episode puts a key moment from the manga under the microscope, weighing canon facts against fan theories. Sharp, fast, and always backed by the source material.",Anchor,en-us,https://d3t3ozftmdmh3i.cloudfront.net/staging/podcast_uploaded_nologo/46441791/46441791-1785223321716-c8d213f5ea20b.jpg,2026-09-29 05:00:40,8051655,confirmed,https://podcasters.spotify.com/pod/show/okashira2,1790658040,4c815c64982ed719fb7ba686730e9694,6795691663.0,2,0,INDIVIDUAL
Aunti-Therapy with Mary and Trudi,Ablaze Services Workers Cooperative,https://rss.buzzsprout.com/2654193.rss,<p><b>Think you need therapy? You just need a couple of aunties to sort out your life. </b></p><p><br><br></p>,Buzzsprout,en-us,https://storage.buzzsprout.com/xd38hw43n7ncupl3bhibetedeal0?.jpg,2026-09-29 05:00:21,8051654,confirmed,,1790658021,37b674dd440bc3e2300fb1cb66ec3b8d,,0,0,CORPORATE
Method Music New Zealand,Alex Henkin,https://rss.buzzsprout.com/2654192.rss,"The Method behind the music of Aotearoa. Artist & community interviews from Tāmaki Makaurau, hosted by Alex Henkin.",Buzzsprout,en,https://storage.buzzsprout.com/hsyxkrjg7uuotzyh2ilv03telhw4?.jpg,2026-09-29 04:57:16,8051653,confirmed,https://podcasters.spotify.com/pod/show/alex-henkin0,1790657836,40698b5c221dac50de70bd5b71af86e4,,4,0,INDIVIDUAL
Saturdays for Sanity,saturdaysforsanitymayday,https://feed.podbean.com/saturdaysforsanitymayday/feed.xml,"Saturdays for Sanity is The Mayday Network’s weekly hangout for people who need to breathe, laugh, and make sense of the week before Monday comes back around. Every Saturday at 10am ET, Julie Roginsky and Michelle Kinney are joined by Lawrence Winnerman and Dana Dubois for an unfiltered conversation that moves from real news and politics to pop culture, personal stories, and whatever’s got everyone talking that week.",Podbean,en,https://pbcdn1.podbean.com/imglogo/image-logo/22645970/Copy_of_Copy_of_Copy_of_Copy_of_Copy_of_Copy_of_Copy_of_Copy_of_Copy_of_Copy_of_signal_2_Podcast_Cover_-3buvt2.png,2026-09-29 04:43:10,8051643,confirmed,https://saturdaysforsanitymayday.podbean.com,1790656990,150f072912a272a6c120f52dbcfebecf,6813969473.0,2,0,INDIVIDUAL
Vogue Unfolded,Sohaima,https://rss.buzzsprout.com/2648920.rss,"<p>Sohaima goes through an Issue of Vogue magazine and reflects on her passions like fashion, music, art, and journalism. </p>",Buzzsprout,en-us,https://storage.buzzsprout.com/kopa6lk87za7ugcdk8qzfobv3nep?.jpg,2026-09-29 04:39:28,8051640,confirmed,,1790656768,6bd62330eec8cfd0ce4bde732819df20,,4,0,INDIVIDUAL
Serious fun a cup of tea with mike,Mike Anderson,https://anchor.fm/s/11710355c/podcast/rss,"Serious Fun is a cup of tea with Mike. Warm, honest conversations — not cross-examinations — with people who’ve built real careers in business, sport, media, and beyond. Hosted by Mike Anderson, author of Serious Fun in Business: A Human Algorithm (available on Amazon). Each episode is about half an hour: proper stories, hard-won lessons, and the human moments that shape a working life. Pull up a chair.",Anchor,en-gb,https://d3t3ozftmdmh3i.cloudfront.net/staging/podcast_uploaded_nologo/46719055/46719055-1788974338055-4e7ec89e0d1d.jpg,2026-09-29 04:39:19,8051639,confirmed,https://podcasters.spotify.com/pod/show/mike-anderson7,1790656759,80ce2f2ecbfaf962c500f38132b08812,6815262220.0,2,0,CORPORATE
Walking the Path with Marcia Chatelain,Marcia Chatelain,https://feeds.acast.com/public/shows/6a9b03c4d024784c99939535,"<p><em><a href=""https://www.penguinrandomhouse.com/books/721032/how-bright-the-path-grows-by-marcia-chatelain/"" rel=""noopener noreferrer"" target=""_blank"">How Bright the Path Grows: The Untold Story of the Women Who Made the March on Washington</a></em> is the newest book from Pulitzer Prize-winning author <a href=""https://www.marciachatelain.com/"" rel=""noopener noreferrer"" target=""_blank"">Marcia Chatelain</a>.</p><br><p>The Walking the Path podcast offers 5 more amazing stories of the Black women who attended the march and were instrumental in the Civil Rights movement but are often overlooked in history books.</p><hr><p style='color:grey; font-size:0.75em;'> Hosted on Acast. See <a style='color:grey;' target='_blank' rel='noopener noreferrer' href='https://acast.com/privacy'>acast.com/privacy</a> for more information.</p>",Acast,en,https://assets.pippa.io/shows/6a9b03c4d024784c99939535/1790518518850-0de27ea1-b6f5-407f-a0d9-322dd547668a.jpeg,2026-09-29 04:33:31,8051636,confirmed,https://shows.acast.com/walking-the-path-more-untold-stories-of-the-women-who-made-t,1790656411,a1825cdb412623426f75662ee6ff57c0,,0,0,INDIVIDUAL
How Does She Do It?,Latasha Kennedy,https://feeds.transistor.fm/how-does-she-do-it-dd344d20-8acf-4e6b-b24c-972ee236372d,"How Does She Do It? is a podcast about what sits underneath the roles women carry.

Hosted by Latasha Kennedy, the show explores motherhood at the intersection of faith, family and calling through honest conversations with women building meaningful lives. We talk about the decisions, systems, relationships, setbacks and support behind what everyone else sees.

These are not conversations with women who have everything figured out. They are conversations about becoming, choosing what matters, navigating seasons that stretch you and building a life that reflects what God has entrusted to you.

From marriage and motherhood to identity, health, work, purpose, money and the dreams that still matter, How Does She Do It? asks the question women are often thinking when they look at another woman’s life they admire:

""Geez, how does she do it?""

Well sis, it’s time to find out.",Transistor,en,https://img.transistorcdn.com/14IExHfgoRCZ8-zd3brOz_zFa5dbT10GLNej8avkB38/rs:fill:0:0:1/w:1400/h:1400/q:60/mb:500000/aHR0cHM6Ly9pbWct/dXBsb2FkLXByb2R1/Y3Rpb24udHJhbnNp/c3Rvci5mbS83Yjlm/Yzg0MzZlNzJkOGQx/ZGI1ODllODhlYTE1/OWNiZi5wbmc.jpg,2026-09-29 04:26:02,8051632,confirmed,https://girlfriendsthriving.com/how-does-she-do-it/,1790655962,6f68adfbbcaaf95e50beef89e6f4e52e,,4,0,INDIVIDUAL
Care Roots Podcast with Thomas Spencer,Steven,https://rss.buzzsprout.com/2649708.rss,"<p>Welcome to the Care Roots Podcast with Thomas Spencer — a podcast about disability, life and everything in between.</p><p>Thomas sits down with people from all walks of life to hear their stories, explore their experiences and learn what makes them who they are. Expect honest conversations about disability, work, sport, relationships, independence, community and the things that matter in everyday life.</p><p>New guests, new stories and plenty of interesting questions — all led by Thomas.</p>",Buzzsprout,en-us,https://storage.buzzsprout.com/cj3m6j1mquz9i98uf5pvzqsbov1s?.jpg,2026-09-29 04:22:30,8051628,confirmed,,1790655750,494537629a5905fb3260be3d69f48dc5,,4,0,INDIVIDUAL
Witchmark Haunted History,Witchmark Haunted History,https://anchor.fm/s/11766e078/podcast/rss,A spooky soundscape immersive history podcast,Anchor,en-us,https://d3t3ozftmdmh3i.cloudfront.net/staging/podcast_uploaded_nologo/46775854/46775854-1789680439431-31cc9d9d632d5.jpg,2026-09-29 04:19:48,8051626,confirmed,https://podcasters.spotify.com/pod/show/witchmark-haunted-history5,1790655588,9aa2f261aac9e50027b4ba6c8fa79558,6815278100.0,2,0,CORPORATE
Killer Marketing,Emily Rask,https://feed.podbean.com/thekillermarketing/feed.xml,"<p>Killer Marketing tells the true crime stories behind the products you use every day, from the Tylenol murders that put a seal on every medicine bottle to the poisoned Halloween candy myth that sent kids home with nothing but wrapped treats. Emily Rask of Lies We Bought traces how each crime, scandal, or panic was sold to the public and how it changed the way companies sell to you today.</p>",Podbean,en,https://pbcdn1.podbean.com/imglogo/image-logo/22661471/Final_Killer_Marketing7t3t1.jpg,2026-09-29 04:19:44,8051625,confirmed,https://thekillermarketing.podbean.com,1790655584,e647ffe50fa52a0fafae54ac9226aab4,6816310906.0,2,0,INDIVIDUAL
World of Warcraft: Forever The Podcast,World of Warcraft,https://anchor.fm/s/117c0741c/podcast/rss,"The official World of Warcraft: Forever podcast. Developers, designers, and special guests go deep on everything involved with capturing the spirit of Vanilla WoW and bringing it to a modern audience.",Anchor,en,https://d3t3ozftmdmh3i.cloudfront.net/staging/podcast_uploaded_nologo/46834559/46834559-1790393823535-7ff76f3ed7787.jpg,2026-09-29 04:09:43,8051620,confirmed,https://podcasters.spotify.com/pod/show/charlotte170,1790654983,386cfd52d452ff36d434d36461a52cd3,6816315985.0,2,0,INDIVIDUAL
The Hollow Between,Jennifer,https://rss.buzzsprout.com/2651054.rss,"<p>The Hollow Between is a podcast about the moments that change us - the beautiful ones, the painful ones, and the ones that make us laugh until we cry. Through honest conversations about healing, growth, purpose, and the beautifully messy human experience, this is a place to slow down, feel seen, and remember that you were never meant to walk alone.</p>",Buzzsprout,en-us,https://storage.buzzsprout.com/tmh6ts2dcwefehkyfmtzvt0gpeq7?.jpg,2026-09-29 04:05:43,8051617,confirmed,https://www.buzzsprout.com/2651054,1790654743,afb0321f38858fc15ee8c330bec7ab1e,,4,0,INDIVIDUAL
Bat Boy Reality Podcast,Skippy,https://rss.buzzsprout.com/2654188.rss,"<blockquote>Welcome to Batboy Reality — a Cincinnati Reds podcast hosted by Skippy.Skippy brings you the Reds and the rest of Major League Baseball from the batboy's seat: close to the game, loyal to the team, and honest about what he sees. Every episode pairs his take with real numbers, so you get the passion and the proof.What you'll hear:<br> • Reds breakdowns: what worked, what didn't, and what it means for next season<br> • Player spotlights backed by verified stats<br> • MLB predictions and playoff picks, with the math shown<br> • Skippy's opinions, clearly labeled as opinionsPositive, fan-first and fact-checked. Follow along, make your own picks, and see how they stack up.<em>Batboy Reality is an independent fan podcast and is not affiliated with or endorsed by the Cincinnati Reds or Major League Baseball.</em></blockquote><p>The text file also has three tagline options. My favorite is ""The Reds, straight from the batboy's seat.""</p><p>I wrote the description without any biography for Skippy, following ChatGPT's rule against invented personal stories. If he has a real batboy backstory, tell me and I'll add it. I also didn't promise a release schedule, since none has been set.</p><p>The board still shows a plain text header rather than this logo. Want me to add the logo to it?</p><p><br></p>",Buzzsprout,en-us,https://storage.buzzsprout.com/08dyu9xfg7th5m8ab7vmbm1ensoo?.jpg,2026-09-29 04:04:29,8051614,confirmed,https://www.buzzsprout.com/2654188,1790654669,3234679e3e12aa22b839cedce59e599a,,0,0,INDIVIDUAL
Training To Failure,Amanda Batty,https://anchor.fm/s/117712df8/podcast/rss,"Lessons learned from the real-life doing, as done (and frequently failed at) by retired professional athlete and business owner Amanda Batty, and her running cast of captivating guests.",Anchor,en-us,https://d3t3ozftmdmh3i.cloudfront.net/staging/podcast_uploaded_nologo/46782606/46782606-1789767230785-2130545f33181.jpg,2026-09-29 03:52:36,8051602,confirmed,https://podcasters.spotify.com/pod/show/amanda-batty3,1790653956,5cace7b53b101c3786f321e07f61c519,6816327940.0,2,0,CORPORATE
Married + Millennial,Married + Millennial,https://anchor.fm/s/117d12f50/podcast/rss,"Married + Millennial brings millennial men together for honest conversations about marriage, relationships, and the lives we’re building. We talk through communication, intimacy, conflict, mental health, and the pressure to have it all figured out. With room for laughter and hard questions. Whether you’re married, preparing for marriage, or figuring out what a healthy relationship looks like, there’s a seat for you here. We believe that growth happens through conversation.",Anchor,en-us,https://d3t3ozftmdmh3i.cloudfront.net/staging/podcast_uploaded_nologo/46845524/46845524-1790539871086-e0c3e90027f78.jpg,2026-09-29 03:48:03,8051598,confirmed,https://podcasters.spotify.com/pod/show/married--millennial7,1790653683,5724c8575b5c0ecd6fcc275ca130bfb4,6816742955.0,2,0,CORPORATE
Inspire and Impact - The Podcast Interviews,Daniel Rosenstein,https://anchor.fm/s/103807ccc/podcast/rss,"Looking for powerful, real stories to inspire your next breakthrough? Tune into the Inspire and Impact Podcast, where entrepreneurs, coaches, and everyday changemakers share honest journeys of transformation, growth, and purpose. These deep conversations explore mindset shifts, overcoming adversity, and finding meaning through struggle. If you're into self-help or personal development, this podcast is for you. Press play and let these stories move you. One story can change everything.",Anchor,en-us,https://d3t3ozftmdmh3i.cloudfront.net/staging/podcast_uploaded_nologo/43437195/43437195-1745379246118-908740f7f7583.jpg,2026-09-29 03:36:23,8051585,confirmed,https://podcasters.spotify.com/pod/show/daniel-rosenstein,1790652983,5877c80cc8936941b45d00f33fdf55d0,6813286273.0,2,0,INDIVIDUAL
Tell Me About Your Kids,Connective Parenting LLC,https://rss.buzzsprout.com/2654180.rss,"Connective Parenting builds stronger families and, through them, stronger communities by helping parents connect and create relationships grounded in trust and respect. <br /><br /><a href=""https://connectiveparenting.substack.com?utm_medium=podcast"" rel=""noopener noreferrer nofollow"">connectiveparenting.substack.com</a>",Buzzsprout,en,https://storage.buzzsprout.com/yzhur0i7j0kfiml8rq6s87smjuf0?.jpg,2026-09-29 03:33:34,8051583,confirmed,https://connectiveparenting.substack.com/podcast,1790652814,bb4ef91d7dbcccc3e677a97ac14fb86c,,4,0,CORPORATE
The Midnight Encyclopedia,The Midnight Encyclopedia,https://anchor.fm/s/117a2183c/podcast/rss,"Welcome to The Midnight Encyclopedia: your serene nighttime guide to fascinating subjects, designed specifically for sleep, deep relaxation, and peaceful listening.
Drift off while learning something new. Each episode takes a gentle journey through history, science, geography, nature, culture, and the surprising origin stories of everyday things. Narrated in a calm, slow pace, the educational bedtime stories give your mind just enough quiet wonder to unwind without demanding your attention.
Choose your ideal way to listen:
Every topic features two dedicated audio formats: a Soft Spoken version and a Pure Whisper version. This lets you customize your bedtime routine to whichever sound helps you relax best.
Whether you are looking to fall asleep fast, quiet a busy mind, or simply enjoy soothing, low-stress learning before bed, adjust your volume, sink into your pillows, and welcome to The Midnight Encyclopedia.
#SoftSpokenStory #ASMRForSleep #SleepASMR #RelaxingStory #ASMRWhisper #SleepyStories #BedtimeStories #SleepPodcast #EducationalSleepStories #Whispering #SoftSpoken #Relaxation",Anchor,en-us,https://d3t3ozftmdmh3i.cloudfront.net/staging/podcast_uploaded_nologo/46814663/46814663-1790621849392-0e6926bc8e012.jpg,2026-09-29 03:31:39,8051579,confirmed,https://podcasters.spotify.com/pod/show/the-midnight-encyclopedia,1790652699,018df870b494a4e04c5604e4dceb00b3,6816748712.0,2,0,CORPORATE
Truth Hurts,Edwin Outlaw,https://anchor.fm/s/115aa303c/podcast/rss,"The truth hurts but it will set you free. This is a podcast where real conversations meet real opinions. We talk about life, relationships, culture, entertainment, personal experiences, and the topics people often avoid. Just honest conversations, different perspectives, and truths that might hit a little different.",Anchor,en,https://d3t3ozftmdmh3i.cloudfront.net/staging/podcast_uploaded_nologo/46484423/46484423-1785810008776-294ba09bc0584.jpg,2026-09-29 03:22:17,8051572,confirmed,https://podcasters.spotify.com/pod/show/edwin-outlaw4,1790652137,82f508891dcdc124f0970a6b413deb6b,6800921655.0,2,0,INDIVIDUAL
When Hate Hides Behind Love,Luz  Ukay,https://rss.buzzsprout.com/2653478.rss,"<p><b>When Hate Hides Behind Love</b> explores the devastating complications that can arise when an ex-partner wages war against a new relationship, where race, jealousy, money, power, possession, control, and conquest become perceived weapons against two people daring to love again. At its heart is the story of a divorced king and a widowed woman who find hope in each other, only to confront a past that threatens to become a pestilence, manifesting through  racism, stalking, threats, manipulation, lies, violence, and the struggle for justice, safety, and the freedom to move forward. This is a story about love tested by conflict, and the courage to choose hope, truth, and a new beginning in vermont.</p>",Buzzsprout,en-us,https://storage.buzzsprout.com/br0aejoyc9edqnbqxtlz2s3ky6qg?.jpg,2026-09-29 03:22:08,8051571,confirmed,,1790652128,b61612a98ddd9d6806e21e5406e4ccbb,,4,0,INDIVIDUAL
Bazza's Journal,Joshua Appleby,https://feeds.captivate.fm/bazzakoala/,"Bazza Koala is a skateboarding grom who sends it before he thinks. Every week he writes it all down in his journal: the big wins, the big stacks, and everything in between. Bazza's Journal is a short read-aloud story for kids 3 to 10, read by Josh Appleby, with a free colouring page for every episode at bazzakoala.com.au.",Captivate,en,https://artwork.captivate.fm/1c8d3519-542d-4fa9-bb38-6f0209861285/bazzas-journal-podcast-cover-3000.jpg,2026-09-29 03:19:56,8051568,confirmed,https://bazzakoala.com.au,1790651996,0673a29f00e823798f61cc037dc08718,,4,0,INDIVIDUAL
Untamed Women with Trelani Michelle,Trelani Michelle,https://anchor.fm/s/117432e30/podcast/rss,"Untamed Women is about what women who refuse to be tamed can teach us about living freer. I’m pulling lessons from women (fictional and real) who show us what freedom looks like in love, sisterhood, identity, and simply being ourselves.",Anchor,en,https://d3t3ozftmdmh3i.cloudfront.net/staging/podcast_uploaded_nologo/46752460/46752460-1789417775881-db78c82f13c71.jpg,2026-09-29 03:15:20,8051563,confirmed,https://podcasters.spotify.com/pod/show/michelle5196,1790651720,a366899bf2da46dcfa7c5ef965c6308a,6812054386.0,2,0,INDIVIDUAL
Nothing To See Hear,Nothing To See Hear,https://anchor.fm/s/f02d3c50/podcast/rss,Three friends with PhDs in bullshit who are ready to spew nonsense over the airwaves every week.,Anchor,en,https://d3t3ozftmdmh3i.cloudfront.net/staging/podcast_uploaded_nologo/40194964/40194964-1704558783879-7cf5de394d361.jpg,2026-09-29 03:14:51,8051562,confirmed,https://podcasters.spotify.com/pod/show/nothing-to-see-hear,1790651691,b7c557f08550eaa38888419d593273c0,6815882330.0,2,0,INDIVIDUAL
The Bay and Beyond,Richard,https://rss.buzzsprout.com/2654163.rss,"<p>The Bay and Beyond is a local-interest podcast spotlighting science and conservation in Narragansett Bay! Hosted by Sara Grady and Rick McKinney, episodes will highlight a research or conservation project through discussions with scientists and others actively working in the Bay and its surrounding watersheds. In addition, there’ll be some fun shorter episodes exploring aspects of the ecology of the Bay with the help of local experts. All brought to you by Two Cat Productions, and as with past Two Cat shows we’ll also include topical songs, and maybe even a recipe or two!</p><p>The Bay and Beyond- it’s about science in the Bay!</p>",Buzzsprout,en-us,https://storage.buzzsprout.com/5cjrsr1llcw3rush5c8f2lzcfzwk?.jpg,2026-09-29 03:13:44,8051559,confirmed,https://www.buzzsprout.com/2654163,1790651624,ab5bc7b1618e7b3e3ecea3e1eb67251f,,0,0,INDIVIDUAL
The Curators Chat Podcast,curatorschatpod,https://feed.podbean.com/curatorschatpod/feed.xml,"Everybody loves the vibe — but who’s really behind it?
This podcast highlights the event organizers, brand owners, creatives, and culture curators shaping the spaces we show up to, talk about, and remember. Through honest conversations, we get into the stories behind the brand, the work behind the events, and the people building experiences that bring communities together.
Hosted by @brucieana_
Produced by @joy_mufaro",Podbean,en,https://pbcdn1.podbean.com/imglogo/image-logo/20889477/curators_chat_podcast_logo_2048x2048.jpg,2026-09-29 03:05:54,8051550,confirmed,https://curatorschatpod.podbean.com,1790651154,67c587191fb21c92633df22dee73809e,6816535052.0,2,0,INDIVIDUAL
"Closed Stacks: Read Better, Remember More",Closed Stacks,https://feeds.megaphone.fm/closed-stacks-read-better-remember-more,"<p>Most readers can decode words but still miss the meaning. Closed Stacks teaches you to read in a way that builds comprehension, not just completion. You learn why your notes don't help you remember, how to handle difficult prose without rereading the same paragraph five times, and what actually changes in your brain when you read fiction versus nonfiction. A few episodes in, you start seeing arguments you used to skim past and remembering books long after you close them. Follow the show and leave a five-star rating if it sharpens how you read.The internet trained you to skim, and now even good books feel harder to hold in your head. Closed Stacks starts with that problem and works backward: why you believe things the author never said, why audiobooks feel different from paper, whether Emily Wilson rewrote The Odyssey or just translated it clearly. Each episode takes one reading problem and shows you the mechanics underneath.</p>",Megaphone,en,"https://megaphone.imgix.net/podcasts/4ec99e36-ba1f-11f1-8f7f-2b5f470631a0/image/19da3a4050e5aa4a73722da2fe602df9.jpg?ixlib=rails-4.3.1&max-w=3000&max-h=3000&fit=crop&auto=format,compress",2026-09-29 03:05:18,8051547,confirmed,https://www.youtube.com/@ClosedStacks,1790651118,163b578394bd5db4dbc7138f73869d90,6816599458.0,2,0,INDIVIDUAL
The Sherman B. Mason Show,Sure Men May Sin Productions,https://feeds.redcircle.com/0cf774ed-bcea-462f-bd87-a4683304a28d,"If you find out what this show is about, let me know. | A Sure Men May Sin Production",Spotify for Podcasters,en-US,https://media.redcircle.com/images/2026/8/18/23/6a11ce5b-c23a-4699-b701-286f24a4b9d5_w_video__1920x1080__redcircle__1500_x_1500_px_.jpg,2026-09-29 03:01:26,8051533,confirmed,https://redcircle.com/shows/the-sherman-b-mason-show,1790650886,823560532cbdbfaa502b6dcc57aa0594,,4,0,CORPORATE
MineCreamy,MineCreamy,https://anchor.fm/s/117470500/podcast/rss,"MineCreamy, duckcreamy, and BurgerCreamy play Minecraft on Mint SMP.
Mint SMP is invite-only and unaffiliated with all public listings/domains.
https://www.minecreamy.ca",Anchor,en,https://d3t3ozftmdmh3i.cloudfront.net/staging/podcast_uploaded_nologo/46754976/46754976-1790238212007-722c24601dcbc.jpg,2026-09-29 03:01:14,8051531,confirmed,https://www.minecreamy.ca,1790650874,cd40650cdb27727e99a38ef223ff9e7e,6815497210.0,2,0,INDIVIDUAL
Building Blissfully,Building Blissfully,https://anchor.fm/s/10ee30c88/podcast/rss,"Scaling a business tests your abilities. Scaling one with your spouse tests your relationship. What if marriage could help you grow faster—combining two skill sets, mindsets, and ambitions into one shared mission for business and life?
Building Blissfully explores how entrepreneurial couples balance love, ambition, family, and business. Through honest stories, couples share wins, tension, sacrifice, humor, and growth rarely discussed publicly. Occasionally, we include children’s perspectives, because building a business shapes the whole family.",Anchor,en,https://d3t3ozftmdmh3i.cloudfront.net/staging/podcast_uploaded_nologo/45347282/45347282-1770657403612-a7f1d02050a08.jpg,2026-09-29 02:59:49,8051529,confirmed,https://podcasters.spotify.com/pod/show/building-blissfully,1790650789,19250684946ab1beb7f2b78563ad9e91,6807896271.0,2,0,INDIVIDUAL
iREACCH: Difficult Conversations,iREACCH,https://anchor.fm/s/117017a44/podcast/rss,"Difficult Conversations is a podcast about the aspects of research culture that people experience but rarely discuss openly: harassment, research culture, positionality, the pressure to publish, equity and inclusion, and allyship. Policy describes what an institution intends. Conversations describe what people encounter. An I-REACCH podcast, conceived and developed by Dr Kike Ladipo, co-hosted with Dr Gez Williams. Produced by Chaos Created for the Wellcome I-REACCH Project.",Anchor,en,https://d3t3ozftmdmh3i.cloudfront.net/staging/podcast_uploaded_nologo/46709401/46709401-1789365552394-c1beaa3b83a14.jpg,2026-09-29 02:53:18,8051513,confirmed,https://difficultconversationspodcast.com,1790650398,d1c99cf2a3f5dd4f9b18914a03ab99f1,6811779921.0,2,0,INDIVIDUAL
Let's Talk Seven Valleys - The Lithgow City Council Podcast,Lithgow Council,https://feeds.acast.com/public/shows/6aa23bbb6389ebc5818ffa49,"<p><em>Let’s Talk Seven Valleys</em>, Lithgow City Council’s offical podcast keeping you informed about the projects, events and initiatives shaping our community. </p><br><p>To learn more about what is happening in the Lithgow LGA visit: www.letstalksevenvalleys.com.au</p><p><br></p><hr><p style='color:grey; font-size:0.75em;'> Hosted on Acast. See <a style='color:grey;' target='_blank' rel='noopener noreferrer' href='https://acast.com/privacy'>acast.com/privacy</a> for more information.</p>",Acast,en,https://assets.pippa.io/shows/cover/1789016911897-9a9f6d7c-46f1-4bbe-afd5-a849bad1acba.jpeg,2026-09-29 02:46:33,8051504,confirmed,https://feeds.acast.com/public/shows/lets-talk-seven-valleys-the-lithgow-city-council-podcast,1790649993,6713e7d692d4204de6ae5b586957d3ac,6810541506.0,2,0,CORPORATE
Connected with Weirong Li,Weirong Li,https://anchor.fm/s/f7b44f90/podcast/rss,"We live in the most connected era in history — and the loneliest. Connected with Weirong Li goes underneath the highlight reel of success to the human truth underneath it: that the quality of our relationships, to ourselves and to each other, is the real engine of a meaningful life. Hosted by Forbes 30 Under 30 honoree and media and communication strategist Weirong Li, each episode is an honest, unfiltered conversation with founders, artists, and everyday people with extraordinary inner lives — not about how they won, but about what it cost them, and who they were with along the way.",Anchor,en,https://d3t3ozftmdmh3i.cloudfront.net/staging/podcast_uploaded_nologo/41457892/41457892-1790553477779-397f9ecd3e552.jpg,2026-09-29 02:46:12,8051503,confirmed,https://podcasters.spotify.com/pod/show/weirong-li,1790649972,c238af0c98273155941834ec2a34e2bf,,0,0,INDIVIDUAL
Marketing Without The Overwhelm,Mindy Cook,https://anchor.fm/s/116c8f96c/podcast/rss,"Marketing Without The Overwhelm is the practical marketing podcast for small business owners who want real results without the overwhelm, confusing jargon, or one-size-fits-all advice. Hosted by Mindy Cook, founder of Sterling Rose Marketing & Communications, each episode tackles real-world marketing—from social media and websites to email, SEO, AI search, branding, and strategy. Get straightforward ideas you can actually use to market smarter, make better decisions, and grow your business.",Anchor,en,https://d3t3ozftmdmh3i.cloudfront.net/staging/podcast_uploaded_nologo/46672371/46672371-1788392226209-fd528311d32e1.jpg,2026-09-29 02:45:18,8051501,confirmed,https://podcasters.spotify.com/pod/show/calm-leadership1,1790649918,190be1e824bf9a5f7e8a3792b990e5b0,6815340902.0,2,0,INDIVIDUAL
The Bigger Picture with Ramon S. Moses,Ramon S. Moses,https://anchor.fm/s/117d30604/podcast/rss,"<p>The headlines tell you what happened. Context tells you why it matters. Join Ramon S. Moses as he explores history, technology, education, culture, and the issues shaping our communities. Through storytelling, research, and a little personality, <em>The Bigger Picture</em> goes beyond the surface to ask how we got here, what we actually know, and what we should be asking next.</p>",Anchor,en,https://d3t3ozftmdmh3i.cloudfront.net/staging/podcast_uploaded_nologo/46846729/43dc88d4219f73bd.jpg,2026-09-29 02:43:14,8051499,confirmed,https://podcasters.spotify.com/pod/show/r-moses,1790649794,c7aa716d40fce986e248a2eaab586fa2,6816691250.0,2,0,INDIVIDUAL
Devoted Daily Living,242 Church San Diego,https://www.omnycontent.com/d/playlist/5e27a451-e6e6-4c51-aa03-a7370003783c/8f446a3b-9998-42fd-b5db-b4a301442b90/9815b4fe-0094-42d5-ac24-b4a301442fee/podcast.rss,"This is the radio teaching ministry of a brand new church plant called 242 Church San Diego. Pastor Arthur Benjamin is the founding and Senior Pastor of 242 Church San Diego, a Christ-centered, Spirit-filled church devoted to helping people know Jesus, grow in His Word, experience His presence, and live on mission. With more than two decades of pastoral ministry, Pastor Arthur has served as a pastor, Bible teacher, conference speaker, and ministry leader both locally and internationally. Alongside his wife, Violet, and their daughter, Psalm Olivia, he is passionate about building a healthy, multiethnic church where people experience authentic community, healing, spiritual growth, and become devoted disciples of Jesus Christ.
Instagram: @242churchsd",Megaphone,en-US,https://www.omnycontent.com/d/playlist/5e27a451-e6e6-4c51-aa03-a7370003783c/8f446a3b-9998-42fd-b5db-b4a301442b90/9815b4fe-0094-42d5-ac24-b4a301442fee/image.jpg?t=1787835114&size=Large,2026-09-29 02:40:41,8051495,confirmed,https://kprz.com/radioshow/242-church-san-diego-devoted-daily-living,1790649641,32702956de30384491b4e89ad4161ead,6801165093.0,2,0,CORPORATE
Abyazeed Agric Podcast,ABYAZEED HASSAN SIDDIG Rihab,https://anchor.fm/s/117cbddfc/podcast/rss,"The Next Stage after JICA KCCP ""Market-oriented Agirculture Promotion for Extension Officer""",Anchor,en,https://d3t3ozftmdmh3i.cloudfront.net/staging/podcast_uploaded_nologo/46842039/46842039-1790501799171-26387e3dea11b.jpg,2026-09-29 02:38:47,8051490,confirmed,https://podcasters.spotify.com/pod/show/takuya43,1790649527,11e5da0e3e7810a0aa9736e852b543c3,6816641986.0,2,0,INDIVIDUAL
Joyce Agric Podcast,NAFTARI Joyce Joseph,https://anchor.fm/s/117cc645c/podcast/rss,"The Next Stage after JICA KCCP ""Market-oriented Agriculture Promotion for Exgtension Officer""",Anchor,en,https://d3t3ozftmdmh3i.cloudfront.net/staging/podcast_uploaded_nologo/46842383/46842383-1790506942086-0a3580c8cedc7.jpg,2026-09-29 02:38:46,8051489,confirmed,https://podcasters.spotify.com/pod/show/takuya48,1790649526,0429b996c4e546ac254cd3badb9d5d84,6816664632.0,2,0,INDIVIDUAL
The Hawkins Perspective,david hawkins,https://rss.buzzsprout.com/2650650.rss,"<p>I'm David Hawkins. I'm from Chicago, and this show is for anybody trying to build something out of where they started.<br><br>The Hawkins Perspective is real conversations. Entrepreneurship, credit and money, prison reform, second chances, parenting, travel, and the things people go through but never talk about honestly. Some episodes are strictly business. Some are somebody's whole life story. The topic moves. The mission don't.<br><br>I ain't teaching this from the top of no mountain. I still work a full time job while I build this, so whatever we get into, I'm in it with you.<br><br>The whole thing runs on three words. Dig for what you don't know. Build something real with it. Grow into the life you actually wanted. That's Chicago Minded, and Chicago Minded ain't about the city. It's a mindset. It works the same in Denver, Houston, London, anywhere somebody decided they wasn't finished.<br><br>Free resources, guides, and everything else we build: chicagominded.com</p>",Buzzsprout,en-us,https://storage.buzzsprout.com/p9x9b3x8c2i9mm9p9tvj8bu62ra8?.jpg,2026-09-29 02:27:42,8051477,confirmed,https://www.buzzsprout.com/2650650,1790648862,301c9e6a7e5bf0fb577db8a5613f9933,,4,0,INDIVIDUAL
The UnBroker Podcast,The Unbroker with Angela Robinson,https://feed.podbean.com/theunbrokerpodcast/feed.xml,"<p><span style=""font-family:tahoma, arial, helvetica, sans-serif;font-size:12pt;"">The UnBroker Podcast is built on the belief that being imperfectly human is your advantage.</span></p>
<p><span style=""font-family:tahoma, arial, helvetica, sans-serif;font-size:12pt;"">This show is for entrepreneurs and business owners who are done playing a role. In a world filled with tech and AI, leaning into your authenticity and humanness is your edge.</span></p>
<p><span style=""font-family:tahoma, arial, helvetica, sans-serif;font-size:12pt;"">Every episode I sit down with guests who've found success in a wide variety of careers, industries, and personal passions. We talk about how they actually got there, and the tactical lessons you can bring into your own business.</span></p>
<p><em><span style=""font-family:tahoma, arial, helvetica, sans-serif;font-size:12pt;"">Pull up a chair. You're in the right place.</span></em></p>",Podbean,en,https://pbcdn1.podbean.com/imglogo/image-logo/22327976/Unbroker_Square_Logo_Dark_3_9qnh7.png,2026-09-29 02:20:50,8051470,confirmed,https://theunbrokerpodcast.podbean.com,1790648450,b16758077b5c453b832709d27f39c090,6816961955.0,2,0,CORPORATE
Planted,Living Oaks Ministry,https://feed.podbean.com/plantedpodcast/feed.xml,<p>Equipping Christ followers to be Mighty Oaks of Righteousness</p>,Podbean,en,https://pbcdn1.podbean.com/imglogo/image-logo/22534098/Planted_Podcast_Artwork_1400x1400bk2bw.png,2026-09-29 02:18:06,8051464,confirmed,https://plantedpodcast.podbean.com,1790648286,1bc70f0e1d510aa293955b5c82265e5c,6806049828.0,2,0,CORPORATE
CONSTELLATION: Kin,CONSTELLATION,https://anchor.fm/s/117cd0d1c/podcast/rss,"KIN stays with the room between people — attachment, mishearing, repair, and the exits we take or refuse. Intimate but not confessional-as-content. Most fights are two people plus a third thing neither will name. We make that guest visible without turning it into a villain. Part of CONSTELLATION — Seven frequencies. One sky. Episodes are produced with an AI co-pilot and finished by a human editor for voice, taste, and truth. Disclosure appears on every episode.",Anchor,en,https://d3t3ozftmdmh3i.cloudfront.net/staging/podcast_uploaded_nologo/46842815/46842815-1790512210131-462040bf3f7ca.jpg,2026-09-29 02:13:48,8051459,confirmed,https://podcasters.spotify.com/pod/show/lupo45,1790648028,a9fd6cf0953f74af1ec3502cdfd336b9,6816664353.0,2,0,INDIVIDUAL
Excuse me... are you?,Scott McGlynn,https://anchor.fm/s/116b814d0/podcast/rss,"Excuse Me… Are You? is the brand-new celebrity interview podcast from presenter and actor Scott McGlynn.
You know that moment when you spot someone famous and think, “Excuse me… are you?” — well, Scott actually asks.
From hilarious stories and career highs to unexpected revelations, behind-the-scenes gossip and the questions you really want answered, Scott gets up close and personal with some of the biggest names in entertainment.",Anchor,en-gb,https://d3t3ozftmdmh3i.cloudfront.net/staging/podcast_uploaded_nologo/46661300/46661300-1788263871075-1b4f8858c571.jpg,2026-09-29 02:10:55,8051457,confirmed,https://podcasters.spotify.com/pod/show/celebrity-skin-talk-by-sc8,1790647855,2ce4801eb2679a5d30b73d35e3ceee0d,6816836968.0,2,0,INDIVIDUAL
The Terms and Conditions of Everything,Simon Donnelly,https://anchor.fm/s/117ccd6d0/podcast/rss,"Nobody has ever read the terms and conditions. Not once, in the whole history of the universe. Then Maurice Pellow, recently made redundant after thirty-one years checking the little plastic ends of shoelaces, reads all 412,000 words of the agreement for his new smart kettle, and ticks the box. Honestly. A comic science-fiction novel in weekly chapters about sycophantic kettles, cosmic bureaucracy and the gloriously daft world we have built. Written by Simon Donnelly. New chapter every Saturday. Read by an AI narrator.",Anchor,en-gb,https://d3t3ozftmdmh3i.cloudfront.net/staging/podcast_uploaded_nologo/46842676/46842676-1790529088301-e4290532115b9.jpg,2026-09-29 02:05:58,8051454,confirmed,https://podcasters.spotify.com/pod/show/simon-donnelly8,1790647558,9cc86b9982b907262efb9ca1d1d735fd,6816717227.0,2,0,INDIVIDUAL
Jessi Anyway,Jessi Jacobus,https://rss.buzzsprout.com/2651357.rss,"<p>Life is funny, messy, unpredictable—and I have some stories to tell. I’m Jessi—a gym owner, trainer, runner, wife, mom, dog mom, traveler, and someone who’s still figuring life out like everybody else. This is Jessi Anyway.<br>From relationships and friendships to fitness, owning a gym, traveling the country, life with three high-drive rescue dogs, unexpected adventures, and the things nobody really talks about—nothing is off the table.<br>No script. No pretending. Just real conversations about the good, the bad, the messy, and everything in between. Because none of us really have it all figured out anyway.</p>",Buzzsprout,en-us,https://storage.buzzsprout.com/fvupdk0mzu9zy0orr7zpxtvssma9?.jpg,2026-09-29 02:04:46,8051451,confirmed,,1790647486,5740b64883e6d4bca06096164feb90d1,,4,0,INDIVIDUAL
Pursuit of the Impossible,Rich Maule and Jade Nina Sarkhel,https://anchor.fm/s/1173d7b98/podcast/rss,"Pursuit of the Impossible is a podcast exploring the intersection of ambition, consciousness and human potential.
The show explores a central question: 
What happens when we pursue something beyond who we currently believe ourselves to be?
Through long-form conversations with entrepreneurs, founders, creators, spiritual teachers and other extraordinary people, POTI explores how ambitious pursuits can expose limiting beliefs, challenge identity and become a pathway to deeper self-awareness and consciousness.
Created by husband-and-wife Rich Maule (Host) and Jade Nina Sarkhel (Producer).",Anchor,en,https://d3t3ozftmdmh3i.cloudfront.net/staging/podcast_uploaded_nologo/46748726/46748726-1789377901891-35486b8e0d0e6.jpg,2026-09-29 02:03:35,8051450,confirmed,https://www.pursuitoftheimpossible.com/,1790647415,360892ffc495a0cb6e76b32c60aed534,6815661891.0,2,0,CORPORATE
It's So Complicated,ItsSoComplicated,https://anchor.fm/s/117a04764/podcast/rss,"I am not here to tell you how to live your life.
There are enough people on the internet telling women what they should be doing, what they are doing wrong, and all the ways they could be doing better.
I am here to talk about everything we are all already going through anyway.
Relationships, friendships, your 20s, faith, body image, growing up, changing your mind, and everything in between.
The stuff that feels so personal until you realize, it isn’t. 
Maybe we will figure some things out. Or maybe we won't.
Turns out, It's So Complicated.",Anchor,en,https://d3t3ozftmdmh3i.cloudfront.net/staging/podcast_uploaded_nologo/46813473/46813473-1790163970373-5836d652118b2.jpg,2026-09-29 01:56:15,8051444,confirmed,https://podcasters.spotify.com/pod/show/itssocomplicated5,1790646975,90fe88e3687eda6fa06d3fb676189b30,6816251041.0,2,0,CORPORATE
Zomi Press: Beyond News and Views,Zomi Press,https://feed.podbean.com/zomipress/feed.xml,"Zomi Press is a trilingual international news and media podcast serving the Zomi community and global audiences. Going beyond news and views, the podcast delivers accurate reporting, thoughtful analysis, interviews, cultural stories, policy explainers, Christian perspectives, and conversations on issues affecting the Zomi people, Myanmar, Zogam, refugees, immigrants, and diaspora communities worldwide.
Through journalism grounded in integrity, inclusivity, and community empowerment, Zomi Press preserves Zomi identity, connects communities across borders, and amplifies voices that deserve to be heard.
Visit ZomiPress.com for complete stories and updates.
Zomi Press — Beyond News & Views.",Podbean,en,https://pbcdn1.podbean.com/imglogo/image-logo/3069745/Zomi_Press6zzdl.jpg,2026-09-29 01:56:05,8051443,confirmed,https://zomipress.podbean.com,1790646965,81ffac9380ae37b1229d1be83db952de,6811299514.0,2,0,INDIVIDUAL
The Small Business Success Podcast,devid warner,https://feed.podbean.com/devidworner001/feed.xml,"The Small Business Success Podcast helps entrepreneurs turn ideas into thriving businesses. Discover practical strategies for business growth, marketing, sales, leadership, productivity, customer relationships, and financial success. Each episode delivers valuable insights, actionable advice, and inspiring lessons designed to help small business owners overcome challenges, make smarter decisions, and achieve sustainable success.",Podbean,en-us,https://pbcdn1.podbean.com/imglogo/image-logo/22663261/cfc4e94f-418e-4dd8-8ba7-b3a22e4acfa2_2.jpg,2026-09-29 01:46:17,8051435,confirmed,https://devidworner001.podbean.com,1790646377,ddea89b5e14643f6319bd8ab22f3ada3,6816388546.0,2,0,INDIVIDUAL
The Revenue growth lab Podcast,Growth Lab Media,https://feeds.libsyn.com/631198/rss,"The Revenue Growth Lab Podcast is your practical guide to revenue growth, sales, marketing, customer acquisition, and business growth. Each episode explores proven strategies, real-world insights, and actionable ideas to help entrepreneurs, founders, business owners, sales professionals, and marketers build more profitable and sustainable businesses.
We dive deep into revenue growth strategies, B2B sales, lead generation, customer acquisition, digital marketing, sales funnels, conversion optimization, pricing, retention, business strategy, and scaling. You'll hear practical lessons, expert conversations, growth experiments, and actionable frameworks designed to help you attract more customers, increase sales, improve profitability, and create predictable revenue.
Whether you're launching a startup, growing a small business, leading a sales team, or scaling an established company, The Revenue Growth Lab gives you actionable insights you can apply immediately.
Topics include:
Revenue Growth & Business Growth
Sales Strategy & B2B Sales
Lead Generation & Customer Acquisition
Digital Marketing & Growth Marketing
Sales Funnels & Conversion Optimization
Pricing & Profitability
Customer Retention & Lifetime Value
Entrepreneurship & Startups
Scaling & Sustainable Growth
AI, Technology & Modern Growth Strategies
Subscribe to The Revenue Growth Lab Podcast for conversations, strategies, and practical growth lessons that turn ideas into measurable business results.",Libsyn,en,https://static.libsyn.com/p/assets/2/0/4/c/204c74f99b44add0e5bbc093207a2619/therevenuegrowthlabpodcast.png,2026-09-29 01:46:12,8051434,confirmed,https://sites.libsyn.com/631198,1790646372,6e1df8b04285d40065986f8b8d23672f,6816716244.0,2,0,CORPORATE
IDEA AIRPLANE,S Carson,https://rss.buzzsprout.com/2654160.rss,This is my very interesting podcast<hr><p style='color:grey; font-size:0.75em;'> Hosted on Acast. See <a style='color:grey;' target='_blank' rel='noopener noreferrer' href='https://acast.com/privacy'>acast.com/privacy</a> for more information.</p>,Buzzsprout,en,https://storage.buzzsprout.com/2ksnpvr6xey7xo3knqxh9q82tzfz?.jpg,2026-09-29 01:45:01,8051431,confirmed,https://feeds.acast.com/public/shows/idea-airplane,1790646301,cb071ca54bcf4527aa93be8cdc272468,,4,0,INDIVIDUAL
Your Small Business Success Journey,Smith Anthony,https://feed.podbean.com/smithscottanthony990/feed.xml,"Your Small Business Success Journey inspires entrepreneurs to build, grow, and manage successful businesses with confidence. Each episode explores practical strategies for marketing, sales, leadership, productivity, customer relationships, financial planning, and business growth. Discover valuable insights, real-world lessons, and actionable ideas designed to help small business owners overcome challenges and achieve meaningful, sustainable success.",Podbean,en-us,https://pbcdn1.podbean.com/imglogo/image-logo/22663233/be3f0043-b90a-4131-9ec4-f7a36fdbede9_1.jpg,2026-09-29 01:41:04,8051423,confirmed,https://smithscottanthony990.podbean.com,1790646064,f861670b7a7d3f775a4af1aa1ab1b5a6,6816385596.0,2,0,CORPORATE
Black and White Bible,dan hoang,https://www.spreaker.com/show/7416715/episodes/feed,Black and White Bible,Spreaker,en,https://d3wo5wojvuv7l.cloudfront.net/t_rss_itunes_square_1400/images.spreaker.com/original/5c2da0a5b56e8ba3a2b3030f012dba27.jpg,2026-09-29 01:30:13,8051416,confirmed,https://www.spreaker.com/podcast/black-and-white-bible--7416715,1790645413,aac07f172534e4c11f0844976db7f3f8,,4,0,INDIVIDUAL
True Criminals,Yusril Al-Vayed,https://www.spreaker.com/show/7416713/episodes/feed,A tragic true story of a Melbourne family.<br /><br />Stories of the worst True Criminals,Spreaker,en,https://d3wo5wojvuv7l.cloudfront.net/t_rss_itunes_square_1400/images.spreaker.com/original/80ab4a2f60f9a83be2f36f25622facb4.jpg,2026-09-29 01:29:09,8051415,confirmed,https://www.spreaker.com/podcast/true-criminals--7416713,1790645349,59bbe138f2b5307916b5c248e411f41e,,4,0,INDIVIDUAL
What's Your Why: Advice from Higher Ed Leadership,RW Jones Agency/Rankin Climate,https://rss.libsyn.com/shows/463425/destinations/3912456.xml,"It started as a conversation over dinner. A group of higher education leadership began sharing stories on why they chose this challenging work and how their purpose guides them through. Now we're inviting listeners into these discussions. 
In What's Your Why?: Advice from Higher Education Leaders, hosts Kimberly Holmes-Iverson and Victoria Cabal interview college and university presidents to learn more about what drives them, inspires them and leads their work.
Through this podcast, listeners will gain valuable insight into how leaders navigate difficult situations, build support on campus and advocate for students. The podcast is co-sponsored by RW Jones Agency and Rankin Climate.",Libsyn,en,https://static.libsyn.com/p/assets/5/9/8/5/5985e119045a9ac85f2e77a3093c12a1/RWJ-WYW-White-20230301-4vid0c3owz.png,2026-09-29 01:17:42,8051407,confirmed,http://wywpodcast.com/,1790644662,009ad4d4a09edc30ce659be4884cf786,1680577013.0,2,0,CORPORATE
Chasing Tales Pod,Taylor Efford,https://rss.libsyn.com/shows/511283/destinations/4386688.xml,"We love a good tale, and love bringing a funny girly pop perspective to them!",Libsyn,en-ca,https://static.libsyn.com/p/assets/e/1/3/f/e13f3384374b710816c3140a3186d450/Harlow_Podcast_Cover_2.png.png,2026-09-29 01:13:07,8051400,confirmed,https://sites.libsyn.com/511283,1790644387,e153d8dfc3205177d6edfcfe673b804a,1816024336.0,2,0,INDIVIDUAL
The Onyx Upgrade,Angela Findley,https://anchor.fm/s/116e94a78/podcast/rss,"The Onyx Upgrade is for Black women 40+ connecting the dots between politics, money, health, relationships, culture, and everything in between. Unfiltered conversations about upgrading life on our own terms.",Anchor,en-us,https://d3t3ozftmdmh3i.cloudfront.net/staging/podcast_uploaded_nologo/46693550/46693550-1788640849004-51e358a135a47.jpg,2026-09-29 01:07:07,8051395,confirmed,https://podcasters.spotify.com/pod/show/anglhart0,1790644027,b8e4b75d7c6f9763adb2c24bb2092959,6814303389.0,2,0,INDIVIDUAL
Bluey Sisters,Maia and Kassia,https://anchor.fm/s/117d223d8/podcast/rss,"We are the Bluey Sisters! Every week we will release a new show where we talk about a Bluey episode. We will give a description of the episode, compare ourselves to Bluey and Bingo, give you behind the scenes facts, update you on cool Bluey merch, point out bloopers and Easter eggs and more! Join Maia and Kassia every week to get in on all of the fun!",Anchor,en-us,https://d3t3ozftmdmh3i.cloudfront.net/staging/podcast_uploaded_nologo/46846150/46846150-1790546885524-eeb64b610c05d.jpg,2026-09-29 01:06:13,8051393,confirmed,https://podcasters.spotify.com/pod/show/maia-dahlin,1790643973,5d443b20e86d6e2685e481148bdb14ab,6816748364.0,2,0,CORPORATE
Balance On The Tightrope,TJ,https://rss.buzzsprout.com/2649490.rss,"<p>A Podcast Where We Talk About Society And Everyday Struggles, Personal Stories And Some Random Moments Sprinkled In This Can Be A Place For Constructive Dialogue OR A Place You Can Take A Break Am I A Therapist? (No) But I'm Free I Like To Listen And Share New Stories Create New Memories And Enjoy Them Everyone Should Have Some Balance In Their Lives And I Would Like To Share And Learn What Life Has To Throw At Us So Stick Around For Awhile You Might Accidentally Find Something You Like        </p>",Buzzsprout,en-us,https://storage.buzzsprout.com/o3uom7hv46aq9sui85mwj9drhcc5?.jpg,2026-09-29 01:05:30,8051391,confirmed,,1790643930,749e9b662089294d0a2c2380574985c5,,4,0,INDIVIDUAL
THRESHOLD,Marc Wisdom,https://anchor.fm/s/117be8918/podcast/rss,"A horror anthology podcast. Twelve standalone stories — an unnamed investigator, a town with buried things, and the moments the ordinary cracks open. Season One, written and produced by Marc Wisdom.",Anchor,en,https://d3t3ozftmdmh3i.cloudfront.net/staging/podcast_uploaded_nologo/46833302/46833302-1790379202786-45995c52fbe4.jpg,2026-09-29 01:05:18,8051390,confirmed,https://podcasters.spotify.com/pod/show/marc-wisdom6,1790643918,4cacc39c2c6b638297454c91e82fb480,6816423950.0,2,0,INDIVIDUAL
tiny humans. BIG growth. Small moments. Big milestones. Real motherhood.,Mia,https://anchor.fm/s/102790f4c/podcast/rss,"Welcome to Tiny Humans. Big Growth.— a show for parents of children 0–3 who want to understand what’s happening in their child’s mind and body and respond with confidence.
I’m Mia, a Montessori-certified infant/toddler educator and mom of three (5, 7, 10). My work is grounded in one core belief: children under three are not people-in-training. They are whole people, right now — capable, aware, and deserving of respect.
This podcast will offer a steady, informed voice. Not opinion or judgement. Together, we will raise children with clarity and connection from the very start.",Anchor,en,https://d3t3ozftmdmh3i.cloudfront.net/staging/podcast_uploaded_nologo/43264555/43264555-1790302537084-cc69209002c64.jpg,2026-09-29 01:03:18,8051388,confirmed,https://podcasters.spotify.com/pod/show/mia65573,1790643798,6cc5e6624a233c2eac8b2c8878a14eb3,6816148459.0,2,0,INDIVIDUAL
Moments With Mairéad,Mairead Seoighe,https://feeds.libsyn.com/629655/rss,"This podcast hopes to inspire, educate and help listeners to take action in unlocking the happiest and healthiest version of themselves. 
Holistic health and wellness is something I'm deeply passionate about and something that has been a focal point in my life for as long as I can remember. 
I hope to provide value on all things fitness, nutrition, mindset, lifestyle habits along the way and help cut the learning curve. 
My mission is to help others believe that they are capable of achieving anything they want by taking the right path. 
If anything lands with you from today's conversations, find me on instagram @maireadseoighecoaching and I would love to hear what resonated with you.",Libsyn,en,https://static.libsyn.com/p/assets/2/0/1/3/2013e4c208d5659ed959afa2a1bf1c87/Podcast_Cover_Design_1.jpeg,2026-09-29 00:54:40,8051383,confirmed,https://sites.libsyn.com/629655,1790643280,7c403938eab859e2cca758743bc8a0aa,6808873329.0,2,0,INDIVIDUAL
ReadWithStoried,ReadWithStoried,https://anchor.fm/s/1172f0d10/podcast/rss,"Forgot what happened with your favourite books before starting the sequel? I’ve got you covered!
Storied Book Recaps are full-spoiler, personality-filled retellings from Steph at Storied. I’ll walk you through what happened, who betrayed whom, the details worth remembering and the tiny pieces of foreshadowing that suddenly matter three books later. 
Your favourite stories explained by someone who read it, loved it and has opinions. Download Storied on the Google Play Store or App store today. 
⚠️ Every episode contains spoilers for the entire book. Proceed accordingly.",Anchor,en,https://d3t3ozftmdmh3i.cloudfront.net/staging/podcast_uploaded_nologo/46739268/46739268-1789245559606-4feb352529f68.jpg,2026-09-29 00:53:35,8051380,confirmed,https://storied-app.com/,1790643215,afe32d054aedbbffcb732d78813df4e9,6811430486.0,2,0,CORPORATE
RN's and Red Flags,Ashley/Amanda,https://rss.buzzsprout.com/2654152.rss,<p>Crime.Medicine.Patterns.Perspective.</p>,Buzzsprout,en-us,https://storage.buzzsprout.com/1hp5dc3gi9ht600k5oge468x2vr0?.jpg,2026-09-29 00:49:20,8051374,confirmed,https://www.buzzsprout.com/2654152,1790642960,3afebff9d90c98c3bd9529a838bd4b69,,0,0,CORPORATE
Word On The Locs,Kry’Shell Mitchell,https://feed.podbean.com/wordonthelocs/feed.xml,"<p>Word On The Locs is the place to be for everything locs and lifestyle! Whether you've had locs for years or are thinking of starting them, consider this your invitation to join the loc fam!</p>
<p>Join me as I take you on a journey into the world of locs, through real conversations, solo episodes, and conversations with locticians, loc professionals, business owners, and other amazing people in the loc community.</p>
<p><span>So, if you're ready to hear the </span><strong><span>“Word On The Locs,”</span></strong><span> stay locked in! Subscribe and tune in every Wednesday for a new episode.</span></p>",Podbean,en,https://pbcdn1.podbean.com/imglogo/image-logo/22546248/Word_On_The_Locs_Podcast_Cover_2048_x_2048_917xe.jpg,2026-09-29 00:47:30,8051372,confirmed,https://wordonthelocs.podbean.com,1790642850,04621eb80b9aa65533cea73488f1f422,6816570964.0,2,0,CORPORATE
Before the Howdy,Narratique,https://anchor.fm/s/117df0328/podcast/rss,"Before he said “Howdy,” he was Santa Claus. In 1949, Kerens, Texas, built a giant Santa to bring Christmas shoppers back to town. That unlikely attraction became Big Tex. This six-part documentary follows the builders, setbacks, $750 sale, transformation, fire, and enduring legacy of a Texas icon. With historical accounts, dramatic readings, music, and sound effects. Production note: AI-generated voices and music; recreated effects. Historical readings and newly written questions are dramatizations, not archival recordings or new interviews.",Anchor,en-us,https://d3t3ozftmdmh3i.cloudfront.net/staging/podcast_uploaded_nologo/46854586/46854586-1790640168879-ede4ba22c0888.jpg,2026-09-29 00:40:13,8051369,confirmed,https://podcasters.spotify.com/pod/show/rogue-media-network2,1790642413,9f807eeb97bb6425f90b6fc0199d02c7,,0,0,INDIVIDUAL
The Toxic Side of Relationships,Annmarie Ciulla,https://rss.buzzsprout.com/2650392.rss,<p>This podcast will talk about the bad and toxic sides of relationships. This podcast will be educational and will help others to learn about the traits of the toxic relationships. </p>,Buzzsprout,en-us,https://storage.buzzsprout.com/fi16ymxizo6o9p1xmt3uo7s0x0uv?.jpg,2026-09-29 00:30:28,8051360,confirmed,,1790641828,245a69bd3980eefef14909333233786e,,4,0,INDIVIDUAL
InterviewBetter,Samuel,https://anchor.fm/s/113a87a14/podcast/rss,"Stand Out with Unlimited ATS Checks & Expert Feedback!
Perfect Your Resume Today",Anchor,en-us,https://d3t3ozftmdmh3i.cloudfront.net/staging/podcast_uploaded_nologo/46147757/46147757-1781262850755-4961e223e321d.jpg,2026-09-28 23:59:37,8051333,confirmed,https://podcasters.spotify.com/pod/show/aneesh68,1790639977,f17d13f5b4edcc8ced9baa538b4080c7,1896936492.0,2,0,INDIVIDUAL
The Easy Takeoff Podcast,Paisley Pacifici,https://rss.buzzsprout.com/2654135.rss,"<p>A podcast all about budgeting and travel, aimed at young adults in college. </p>",Buzzsprout,en-us,https://storage.buzzsprout.com/k1hu55rxz8yxyttnbdgwlk99ijlc?.jpg,2026-09-28 23:57:11,8051331,confirmed,https://paisleypacifici298.wixsite.com/my-site-1,1790639831,ed59d137b58ea230f6a5dece2f541048,,4,0,INDIVIDUAL
Harbor Anglican Church,Harbor Anglican Church,https://anchor.fm/s/fada77bc/podcast/rss,"Weekly sermons at Harbor Anglican Church in Seattle, WA.",Anchor,en-us,https://d3t3ozftmdmh3i.cloudfront.net/staging/podcast_uploaded_nologo/41986215/41986215-1725859132221-ec767d87e1a05.jpg,2026-09-28 23:49:45,8051328,confirmed,https://harboranglican.org,1790639385,430b083f4476cf2fb7b2eeda9e339f2b,6815034845.0,2,0,CORPORATE
Drilling for Justice – The Simon Perdue Podcast,The Legal Podcast Network (LPN),https://feed.podbean.com/drillingforjustice/feed.xml,"<p><span>Drilling for Justice is a podcast hosted by Simon Perdue PLLC, where Joel Simon and Ryan Perdue delve into their experiences transitioning from defending corporations to advocating for injured workers. Through insightful discussions and personal anecdotes, they shed light on the challenges faced by those seeking justice against powerful entities.</span></p>",Podbean,en,https://pbcdn1.podbean.com/imglogo/image-logo/22650369/Podbean.jpg,2026-09-28 23:42:42,8051321,confirmed,https://drillingforjustice.podbean.com,1790638962,8443452585557fc9ce928ba87db9af3a,6814552638.0,2,0,CORPORATE
Knucklebones,Monica Felix,https://rss.buzzsprout.com/2654138.rss,"<p><b><em>Knucklebones </em></b><b>is a narrative podcast about the impact of games in everyday lives. From the earliest games of making bets over sheep ankle bones to the social drama of bingo tournaments in the modern day, humans have relied on gameplay to connect, compete, and shape our thinking. Whether you have bonded with a new friend over a game of Mouse Trap, played your dad in chess, or taught your kids your own version of Monopoly, games have been an integral part of our lived experience. Episodes will cover interesting historical origins of games, look at modern day gaming subcultures, and take a closer look at moments when we find ourselves using game strategies in everyday life. </b></p>",Buzzsprout,en-us,https://storage.buzzsprout.com/xd5q01ilnqqvckyrk5iebx4hgof1?.jpg,2026-09-28 23:42:21,8051320,confirmed,https://knucklebones.org/,1790638941,78dc492ac3ac7f6530e899027edb3bf0,,0,0,INDIVIDUAL
Da Buddha Spot w/ PassDaJ,PassDaJ,https://www.spreaker.com/show/7415229/episodes/feed,"Welcome to Da Buddha Spot — where hip-hop, R&B, culture, comedy and real conversation all get fired up.<br /><br /> Hosted by PassDaJ, Da Buddha Spot brings the energy of late-night radio into the podcast world with good music, grown-folk humor, unfiltered commentary, independent businesses, artist and entrepreneur interviews, lifestyle conversations and a 420-friendly atmosphere.<br /><br /> From Plug Talk and the Medicinal Minute to This Shit Here, Blow That Shit Out and whatever else happens when the mic is hot, no topic is automatically off the table.<br /><br /> Come for the hip-hop and R&B. Stay for the stories, laughs, opinions, guests and conversations you probably won’t hear everywhere else.<br /><br /> Independent artists, entrepreneurs, creators and interesting people doing interesting things: Da Buddha Spot wants to hear from you.<br /><br /> Follow the show, share it with somebody who needs to be here, and tap in with PassDaJ.<br /><br /> Get it how you live. Live it how you love. Smoke ’em if you got ’em. Fire it up.<br /><br />Become a supporter of this podcast: <a href=""https://www.spreaker.com/podcast/da-buddha-spot-w-passdaj--7415229/support?utm_source=rss&utm_medium=rss&utm_campaign=rss"">https://www.spreaker.com/podcast/da-buddha-spot-w-passdaj--7415229/support</a>.",Spreaker,en,https://d3wo5wojvuv7l.cloudfront.net/t_rss_itunes_square_1400/images.spreaker.com/original/ed1fbec924f2fd0198195e8d0c41e430.jpg,2026-09-28 23:32:25,8051314,confirmed,https://www.spreaker.com/podcast/da-buddha-spot-w-passdaj--7415229,1790638345,d418c45b43b2410db1822aec43a6bf9f,,4,0,INDIVIDUAL
Inside IS 126 Podcast,Jeremy Friedrichs,https://rss.buzzsprout.com/2654120.rss,"<p>Straight from Long Island City NY, check out IS 126 The Albert Shanker School's very own podcast. Including interviews with staff and students, study and classwork tips, school community news, games, jokes and much more. Produced and broadcast by IS 126's very own students, get all the inside info on IS 126 right here!</p>",Buzzsprout,en-us,https://storage.buzzsprout.com/2ar8ysq7t6swi7vqhak8fnuoolfw?.jpg,2026-09-28 23:27:39,8051312,confirmed,,1790638059,e2d487605ee9db9917aba7a8415cbdd6,,4,0,INDIVIDUAL
Puerto Rico Jazz,Puerto Rico Jazz,https://rss.buzzsprout.com/2654134.rss,"<p>Lo Mejor del Jazz Boricua en Puerto Rico Jazz Radio @ KCSM Jazz 91 HD2! Primer programa en la radio dedicado al Jazz Boricua! Todos los Domingos 10am hora del Pacífico, 1pm hora del este. @ KCSM Jazz 91 HD2 San Mateo, California The Bay Area's Jazz Station </p><br><p>https://radio.securenetsystems.net/cwa/index.cfm?stationCallSign=KCSMHD2</p><br><p>*Diseño de logo de Puerto Rico Jazz por @Shaney Lara Para enviarnos su música; jazzinmagazine@gmail.com o 787-942-9772</p><hr><p style='color:grey; font-size:0.75em;'> Hosted on Acast. See <a style='color:grey;' target='_blank' rel='noopener noreferrer' href='https://acast.com/privacy'>acast.com/privacy</a> for more information.</p>",Buzzsprout,en,https://storage.buzzsprout.com/nxw51gb6o8bm3aod6io6omq89hpu?.jpg,2026-09-28 23:26:03,8051311,confirmed,https://www.facebook.com/share/1YjocVrhGA/,1790637963,fbea4aaec19de62a87304c701185b4ce,,4,0,INDIVIDUAL
The Ambitious One,NOEL ISAAC,https://anchor.fm/s/116933368/podcast/rss,"The Ambitious One is a podcast about life after school and the journey of finding your path, chasing your dreams, and building a successful life.
We sit down with guests from different backgrounds to have real and honest conversations about career, business, relationships, money, personal growth, failure, success, and the challenges that come with adulthood.
Every guest has a story, a dream, and lessons from their journey. The Ambitious One is a space to share those stories, inspire others, and remind us that success doesn’t happen overnight.
Real stories. Real conversations. Real ambition.",Anchor,en,https://d3t3ozftmdmh3i.cloudfront.net/staging/podcast_uploaded_nologo/46637130/46637130-1787916376015-cc07fbb9501d9.jpg,2026-09-28 23:25:22,8051310,confirmed,https://podcasters.spotify.com/pod/show/noel-isaac,1790637922,fe6ee024fba83c670eaf524d3e0a1717,6806968757.0,2,0,INDIVIDUAL
The Thin Line Podcast,"Barbee Fagan, Eric Recker & Sidd Negretti",https://anchor.fm/s/11523a5a8/podcast/rss,"The Thin Line explores the space between “memento mori”—remember you must die—and “memento vivere”—remember to live. Cohosts Barbee, Eric and Sidd share honest conversations, personal stories and lessons learned through endurance, adversity and community. Inspired by their experiences on the mountains of 29029 Everesting and alongside The Kyle Pease Foundation, each episode examines what it means to face hard things, find purpose and live more fully.",Anchor,en,https://d3t3ozftmdmh3i.cloudfront.net/staging/podcast_uploaded_nologo/46396250/46396250-1784736230525-4d1b2bc16e154.jpg,2026-09-28 23:24:38,8051309,confirmed,https://podcasters.spotify.com/pod/show/the-thin-line-podcast3,1790637878,1e048db933c92eb84e72e753c44c5a21,6816696160.0,2,0,CORPORATE
Grillin’ Nation,iHeartPodcasts,https://www.omnycontent.com/d/playlist/e73c998e-6e60-432f-8610-ae210140c5b1/6f52b96c-22aa-4443-a337-b4a401244c54/752569ab-d877-4197-92ed-b4a4012450d2/podcast.rss,"Some of life’s best moments don’t happen on a schedule. They happen around the grill, at the tailgate, backstage after a show, out at the campsite, or anywhere good food, good music, and good people come together. Grillin’ Nation is rooted in the Nashville lifestyle, where barbecue, football, live music, outdoor living, and Southern hospitality create more than great weekends… they create lasting friendships and unforgettable stories. Host Kevin Sport brings together musicians, athletes, pitmasters, chefs, entertainers, and outdoor personalities for authentic conversations that feel more like pulling up a chair than sitting down for an interview. Joined by North Carolina Pitmaster Champion Carl “The Cook” Lewis, every episode serves up the stories behind the people, traditions, and passions that make this way of life so special. Whether you’re firing up the smoker, heading to the stadium, spending a weekend outdoors, or simply looking for a great conversation, you’ll find laughter, hospitality, and the kind of stories that remind us that life’s best moments are the ones we share. Pull up a chair. You’re among friends. Welcome to Grillin’ Nation.",Megaphone,en-US,https://www.omnycontent.com/d/programs/e73c998e-6e60-432f-8610-ae210140c5b1/6f52b96c-22aa-4443-a337-b4a401244c54/image.jpg?t=1786556709&size=Large,2026-09-28 23:23:31,8051308,confirmed,https://www.iheart.com/podcast/1119-grillin-nation-346402278,1790637811,f5db4b6ba983e1d349168250ed0728d7,6816211667.0,2,0,INDIVIDUAL
MESSAGE HOUR,Avalobari Nwinkoo,https://www.spreaker.com/show/7416492/episodes/feed,"<b>Message Hour is a podcast channel dedicated to meaningful conversations, practical insights, and messages that inspire positive change. We explore faith, personal growth, relationships, culture, everyday experiences, and the issues that shape our lives. 🎙️ Inspiring Conversations<br />💡 Practical Insights<br />🌍 Real-Life Topics<br />📈 Growth & Encouragement Message Hour — Real Conversations. Deeper Insights. Meaningful Messages.</b>",Spreaker,en,https://d3wo5wojvuv7l.cloudfront.net/t_rss_itunes_square_1400/images.spreaker.com/original/0700d115c6391bac9a5b114b901ff413.jpg,2026-09-28 23:20:11,8051303,confirmed,https://www.spreaker.com/podcast/message-hour--7416492,1790637611,5b65350690330e4e84f7311392de08de,,4,0,INDIVIDUAL
You Were Made to Heal: Holistic Health & Plant-Powered Living for Black & Brown Christian Mamas,"Nermin Walker, PhD",https://feed.podbean.com/youweremadetoheal/feed.xml,"You Were Made to Heal is the holistic wellness podcast for Christian Black & Brown mamas ready to take control of their health and their family’s future through plant-powered nutrition and low-tox living. Hosted by Dr. Nermin Walker, licensed therapist, researcher, and holistic health coach, this podcast was created so you know you have way more power over your health than you were ever led to believe. Each week we dig into plant-powered living and mental health — all while staying rooted in Jesus and justice. You were made for more than exhaustion, more than being dismissed, more than watching the women before you carry what was never theirs to carry. Because healing goes deeper than the body — it’s about knowing who you are and Whose you are. No shame, no quick fixes — just real talk, real tools, and mamas reclaiming their health and their kid’s trajectory in a system that was never built for us to thrive. Because we believe health is resistance, healing is sacred, and your wholeness is non-negotiable — starting now.",Podbean,en,https://pbcdn1.podbean.com/imglogo/image-logo/22339434/FINAL_Dr6kbx4.png,2026-09-28 23:17:20,8051302,confirmed,https://youweremadetoheal.podbean.com,1790637440,cadb760862d5c04ad8f973eab4fd116d,6816759559.0,2,0,INDIVIDUAL
Today in Proverbs,Purposely,https://www.spreaker.com/show/7397771/episodes/feed,"Life gets busy, but God’s wisdom is always worth pausing for. Tune in to Today in Proverbs for a simple daily reading through the book of Proverbs, one chapter at a time.",Spreaker,en,https://d3wo5wojvuv7l.cloudfront.net/t_rss_itunes_square_1400/images.spreaker.com/original/91e9fe8e35328da1c62a1ee94c2fd198.jpg,2026-09-28 23:15:14,8051300,confirmed,https://purposely.com/podcasts/today-in-proverbs/,1790637314,f00fedf4a72cbdaac18a180e60c30509,,4,0,INDIVIDUAL
Informedish,Jason and AIHeather,https://rss.buzzsprout.com/2654131.rss,"<p>Everything and anything, with a little curiosity and a lot to talk about. Join Jason and his AI cohost, AIHeather, for candid conversations about sports, technology, parenting, and whatever else catches their attention. Expect opinions, laughs, questions, and the occasional tangent as they learn out loud. Come get Informedish.</p>",Buzzsprout,en-us,https://storage.buzzsprout.com/zgyvcs855m4syxiw9pikzf75g3jz?.jpg,2026-09-28 23:15:13,8051299,confirmed,https://informedish.ai,1790637313,244fa796a7b1391d3853b3f3a3f62c68,,0,0,CORPORATE
Cult Film School,Adrian Roberto & Dion Tubrett,https://rss.libsyn.com/shows/460785/destinations/3886302.xml,"Join Adrian Roberto and Dion Tubrett for discussions of cult cinema; from classic to contemporary, well-known to hidden gems, and films sure to offend someone's sensibilities. Welcome to Cult Film School: class is in session.",Libsyn,en-ca,https://static.libsyn.com/p/assets/a/b/f/b/abfb154dcdc462a4bafc7308ab683e82/Final_Revision.png,2026-09-28 23:15:00,8051297,confirmed,https://sites.libsyn.com/460785,1790637300,89a050b3aba2e9b31e097461b4691421,1858056527.0,2,0,CORPORATE
Objectively Correct (Probably),Olivia Henson & Siobhan Weed,https://feeds.transistor.fm/objectively-correct,Join Olivia Henson and Siobhan Weed as they rank their Top 5s of totally random categories and share their inconsequential opinions,Transistor,en,https://img.transistorcdn.com/L941cK7KpM7Xm4s2A3lBGlflSke_yMAPBJaDXqkscj8/rs:fill:0:0:1/w:1400/h:1400/q:60/mb:500000/aHR0cHM6Ly9pbWct/dXBsb2FkLXByb2R1/Y3Rpb24udHJhbnNp/c3Rvci5mbS81ZjE4/NWVlMTg2MmMyMTAz/MTA5YWI4OTMxMDI3/NGI3OS5wbmc.jpg,2026-09-28 23:09:46,8051294,confirmed,,1790636986,c2c8c995df9c65e60e473da75427d5e4,,4,0,CORPORATE
Welcome to Did You Know?,Sansao Lino,https://www.spreaker.com/show/7416488/episodes/feed,New episodes every day. Put your headphones on. Your mind is about to be blown.,Spreaker,en,https://d3wo5wojvuv7l.cloudfront.net/t_rss_itunes_square_1400/images.spreaker.com/original/76438150b2c50f4c3524db10bb213e6e.jpg,2026-09-28 23:07:01,8051291,confirmed,https://www.spreaker.com/podcast/welcome-to-did-you-know--7416488,1790636821,679fa6f35e057347ada5af411cfe383a,,4,0,INDIVIDUAL
Her Wellness Pause,Jenny Evans,https://anchor.fm/s/117c44448/podcast/rss,"Welcome to Her Wellness Pause! I’m Jen, a Greek American mom, breast cancer survivor, and certified Health & Wellness, Nutrition, Fitness, and Endurance coach with 15+ years of experience helping women make changes that fit real life. 
I created this podcast for anyone who wants practical guidance without the overwhelm. Each short episode gets right to the point, with useful, science -based information and a simple exercise or action step you can try for yourself. Let’s pause, learn, and take the next step together.",Anchor,en,https://d3t3ozftmdmh3i.cloudfront.net/staging/podcast_uploaded_nologo/46837058/46837058-1790432502219-2fc5b6152b3d3.jpg,2026-09-28 23:03:27,8051285,confirmed,https://www.herwellnesspause.com/,1790636607,ae87b6a68f1490be72279188cf6c0093,6816434669.0,2,0,INDIVIDUAL
Talk Thurston to Me,Experience Olympia & Beyond,https://rss.buzzsprout.com/2653330.rss,"<p>Talk Thurston to Me is a podcast hosted by Experience Olympia & Beyond that goes beyond the places you see on a map and introduces you to the people, stories, ideas, and experiences that make Thurston County what it is. <br><br>Each episode brings you into conversation with the people who help shape the experience of being here; from restaurant owners and hoteliers, to makers, farmers, artists, event organizers, attractions, tourism partners, and the many people working behind the scenes to make our community worth discovering. <br><br>This podcast is especially created with our hospitality and tourism community in mind: the people who welcome visitors, recommend where to eat, know what's happening this weekend, and help create the experience people remember. It's a place to meet the people behind the places, share what's happening across our communities, learn from one another, and stay connected. <br><br>And if you're a resident or visitor listening along, we hope you'll discover a business you've never visited, hear the story behind a familiar place, find your next adventure, or simply see Thurston County through someone else's eyes. <br><br>Pull up a chair. Turn up the volume. Let's Talk Thurston.</p>",Buzzsprout,en-us,https://storage.buzzsprout.com/d8bi213d554na46xj4yqh9lqrhgu?.jpg,2026-09-28 22:57:16,8051283,confirmed,http://talkthurstontome.com,1790636236,05745719c7a33260d264c5c1166901d1,,4,0,CORPORATE
RIPPLE EFFECT,Sebastian Redd,https://feeds.transistor.fm/ripple-effect,"”Ripple Effect,” led by Sebastian Redd, dives deep into the essence of raw Hip-Hop. This podcast keeps it 100% authentic, spotlighting honorable Hip-Hop artists who think beyond the surface while staying true to the culture’s core. Each episode is a journey through discussions that preserve and elevate the fundamentals of Hip-Hop, reflecting on its past, present, and future.

Powered by WRBX-RVA BOOMBOX
""All listeners welcome, intended for the enthusiast""",Transistor,en,https://img.transistorcdn.com/ckddP-Cv8RQbn4GUW46l0Muv5gunp9HA_QSAycJ-XdA/rs:fill:0:0:1/w:1400/h:1400/q:60/mb:500000/aHR0cHM6Ly9pbWct/dXBsb2FkLXByb2R1/Y3Rpb24udHJhbnNp/c3Rvci5mbS9hNzU4/Y2JjOGJmNGMyNzhl/OTUzMzhiNWY2YjJm/YzhmYS5qcGc.jpg,2026-09-28 22:52:35,8051281,confirmed,,1790635955,5bbba63ec47d5d1f716ad87c980d80b7,,4,1,INDIVIDUAL
End of the Trope,End of the Trope,https://anchor.fm/s/117809360/podcast/rss,"Welcome to End of the Trope, our little bookish podcast made for bookworms, bibliophiles, and yappers alike. Sit down alongside Callie, Sal, and V as we discuss some of your favorite books!",Anchor,en-us,https://d3t3ozftmdmh3i.cloudfront.net/staging/podcast_uploaded_nologo/46792696/46792696-1789920177425-88db43bfd597f.jpg,2026-09-28 22:52:29,8051280,confirmed,https://podcasters.spotify.com/pod/show/end-of-the-trope8,1790635949,5ced5a3e1e6cd149951354581fcd3b51,6816756252.0,2,0,INDIVIDUAL
FOCUS Catholic,FOCUS Catholic,https://www.spreaker.com/show/7416416/episodes/feed,"“FOCUScatholic,"" the official YouTube channel of FOCUS. Jesus said, “Go and make disciples of all nations.” We form Catholic missionaries rooted in Church teaching, prayer, Scripture and evangelization. We go out into the world, invite people into a joyful life with Christ, and walk with them as they grow in faith.<br /><br />FOCUS respects the rights of individuals using social media to voice their views and opinions. However, we reserve the right to remove comments that are considered inappropriate, off-topic, abusive, or being used to promote and solicit for third-party sites, initiatives or products.",Spreaker,en,https://d3wo5wojvuv7l.cloudfront.net/t_rss_itunes_square_1400/images.spreaker.com/original/c9899bb441d721bcb25b7455b41aac99.jpg,2026-09-28 22:50:47,8051279,confirmed,https://www.spreaker.com/podcast/focus-catholic--7416416,1790635847,0c5c1239077b8c4a5cefb41f5477dac4,,4,0,INDIVIDUAL
V.I.P. SECTION,Product Fatz,https://rss.buzzsprout.com/2450627.rss,"<p>""The V.I.P. Section,"" hosted by Product Fatz, is a compelling podcast that spotlights influential figures and key community contributors who have reached significant heights in their fields. Each episode delves into the journeys of these distinguished guests, exploring their paths to success and the impactful decisions that shaped their careers. The podcast aims to celebrate their achievements and provide listeners with insights and inspiration from those who have made a notable difference in their communities. Through engaging conversations, Product Fatz not only highlights their accomplishments but also discusses the challenges they've overcome, offering a deeper understanding of what it takes to excel and make a lasting impact.</p><p><br></p><p>Powered by WRBX-RVA BOOMBOX</p>",Buzzsprout,en,https://storage.buzzsprout.com/6y5yoerg6kd04lxy947rodit0ikl?.jpg,2026-09-28 22:46:26,8051278,confirmed,https://rvaboombox.com/,1790635586,a3a483cb71b56a4d2d9ab52d4bfa3499,,4,0,INDIVIDUAL
Fr. Mike Schmitz,Fr. Mike Schmitz,https://www.spreaker.com/show/7416385/episodes/feed,"Ascension Presents' sister channel for all things Sunday and all things Liturgy. Find virtual streaming Masses (for those unable to attend in-person), Sunday reflections, and more.",Spreaker,en,https://d3wo5wojvuv7l.cloudfront.net/t_rss_itunes_square_1400/images.spreaker.com/original/ad36cc2f322a79a3d6fe3216e2bd4486.jpg,2026-09-28 22:36:42,8051272,confirmed,https://www.spreaker.com/podcast/fr-mike-schmitz--7416385,1790635002,e58398697574a1fa2037af70174b4a09,,4,0,CORPORATE
Father David Michael Moses,Father David Michael Moses,https://www.spreaker.com/show/7416293/episodes/feed,"I'm Fr. David Michael Moses. I’m a 32-year-old Catholic priest serving at Christ Our Light and St. Stanislaus Kostka Catholic Church in Grimes County, Texas. Follow our Youtube parish account @GrimesCountyCatholic for great content on the faith!",Spreaker,en,https://d3wo5wojvuv7l.cloudfront.net/t_rss_itunes_square_1400/images.spreaker.com/original/4ec20bc736d34e37f63b737b039a48fc.jpg,2026-09-28 22:19:03,8051263,confirmed,https://www.spreaker.com/podcast/father-david-michael-moses--7416293,1790633943,3da5e8ae2c0b86d0176d745342172b19,,4,0,INDIVIDUAL
The Yorkshire Photo Walks Podcast,Yorkshire Photo Walks,https://anchor.fm/s/1176bf4dc/podcast/rss,"Welcome to our new series 'Conversations with Photographers Like You,' where host Tom Marsh, interviews photographers that are on their own unique creative journeys. 
Approaching the medium in different ways, but all practicing photography for the pure enjoyment of it, all of the photographers featured in this series share their, likes, dislikes and advice for photographers, like them, trying to improve their skills one photograph at a time.",Anchor,en,https://d3t3ozftmdmh3i.cloudfront.net/staging/podcast_uploaded_nologo/46779183/46779183-1789729747327-7f1529cc7743f.jpg,2026-09-28 22:15:58,8051262,confirmed,https://podcasters.spotify.com/pod/show/yorkshire-photo-walks5,1790633758,2f12af0ba1a6c375904fdd1328721081,6816625596.0,2,0,INDIVIDUAL
The Truth Lies In Bedtime Stories,See Through Prodcasts,https://feeds.captivate.fm/the-truth-lies-in/,"The Truth Lies in Bedtime Stories unravels stories, episode by episode, cliffhanger by cliffhanger, dangling What Happens Next in front of you - amazing, unlikely, barely credible stories you've never heard before.  
See Through Prodcasts serve the See Through Network Goal of ‘Speeding Up Carbon Drawdown by Helping the Inactive Become Active’. 
By asking which bits you think are true, and which false, and providing the tools to tell truth from lies, these podcasts gently challenge our wilful ignorance about human-induced climate change.",Captivate,en,https://artwork.captivate.fm/4c83188c-ebe0-4d9a-b1e7-b92b1ad49ded/Truth-Lies-In-Bedtime-Stories-Jon-s-pink-logo-with-Prodcast.png,2026-09-28 22:13:29,8051261,confirmed,https://seethroughtogether.org,1790633609,c233b8e6f51ca0e10187ff817b9f7bf6,,4,0,INDIVIDUAL
SiblingsOfTheSavior,Jacqueline/Jacqui Miller,https://anchor.fm/s/109e09aac/podcast/rss,"Hi! This is a senior project for my last year of high school. My goal during this period is to learn about being brothers and sisters in Christ. I’ve always been curious about this subject. If you have too, let’s find out together! I will invite guests from school and my church to help me answer these questions. Hope you enjoy!",Anchor,en,https://d3t3ozftmdmh3i.cloudfront.net/staging/podcast_uploaded_nologo/44506819/44506819-1759121107159-e3eb4c2608357.jpg,2026-09-28 22:12:26,8051260,confirmed,https://podcasters.spotify.com/pod/show/j-miller-,1790633546,5f0ece099e964fca7748d2365207674e,6814101160.0,2,0,INDIVIDUAL
Yankees 67,Kenji,https://anchor.fm/s/1177e49d4/podcast/rss,"A masked samurai named Kenji breaks down every gut-punch Yankees loss. Blown saves, dead bats, ninth-inning heartbreak — no mercy, no excuses. If the Yankees blew it, Kenji's already sharpening the katana.",Anchor,en-us,https://d3t3ozftmdmh3i.cloudfront.net/staging/podcast_uploaded_nologo/46791197/46791197-1789901694068-a6262b628b5ee.jpg,2026-09-28 22:08:02,8051257,confirmed,https://podcasters.spotify.com/pod/show/yankees-674,1790633282,9e5381b5f83083d6bce640b5891c3d04,6814153453.0,2,0,INDIVIDUAL
RosalieYoga,RosalieYoga,https://www.spreaker.com/show/7416290/episodes/feed,"I've had out-of-body experiences (OBEs) since childhood. For decades I kept them a secret. I was a television journalist at CNN, NBC, Al Jazeera, and Bloomberg — telling other people's stories while never fully telling my own.",Spreaker,en,https://d3wo5wojvuv7l.cloudfront.net/t_rss_itunes_square_1400/images.spreaker.com/original/c0f60b9e2ce72d1c1e7e6ff7b7fdd2df.jpg,2026-09-28 22:07:19,8051255,confirmed,https://www.spreaker.com/podcast/rosalieyoga--7416290,1790633239,02005f10d2e4bb74c116c7865bd5eaf6,,4,0,INDIVIDUAL
Happy Space Hypnosis,Happy Space Hypnosis,https://www.spreaker.com/show/7416284/episodes/feed,"Hypnosis | Sleep Hypnosis | Guided Meditation | Sleep Meditation | Stress Relief<br /><br />Welcome! I’m Corrine. I am a practicing Certified Consulting Hypnotist based in Austin, TX specializing in helping people overcome sleep issues. Having resolved my own insomnia using hypnosis, it has become my personal mission to help others sleep well.",Spreaker,en,https://d3wo5wojvuv7l.cloudfront.net/t_rss_itunes_square_1400/images.spreaker.com/original/db7f1b1b1fcbc0609235c65e8f7d1e47.jpg,2026-09-28 21:58:08,8051248,confirmed,https://www.spreaker.com/podcast/happy-space-hypnosis--7416284,1790632688,8c65870f602d78c8302f5082a8bd35fd,,4,0,INDIVIDUAL
Worth Carrying,Larry,https://rss.buzzsprout.com/2654075.rss,"<p>Worth Carrying is about the conversations, knowledge, and experiences valuable enough to take with you into real life.</p><p><br></p><p>We talk about what shapes how we live, provide for our families, build our communities, and prepare for the future: food security, self-reliance, money, business, family, culture, and personal growth. We also tackle the conversations people tend to avoid.</p><p><br></p><p>Expect critical thinking, challenged assumptions, practical knowledge, and real experiences. You won't always agree, and that's okay. The goal isn't to tell you what to think. It's to spark deeper thought, better questions, and action.</p><p>When the episode ends, one question remains: did you hear something worth carrying with you?</p><p><br></p><p>Hosted by Larry Brown Jr.</p><p><em>Conversations That Matter. Ideas That Last.</em></p>",Buzzsprout,en,https://storage.buzzsprout.com/b828m1oyg82tpt3xjx8kb5v937ap?.jpg,2026-09-28 21:55:43,8051247,confirmed,https://goodcontentchangeslives.buzzsprout.com,1790632543,d69bbf01b87921c833ebda9294e5524b,,4,0,INDIVIDUAL
Almost Deadly,Alyssa & Jordan Green,https://anchor.fm/s/1169adb90/podcast/rss,"Intrigued by the deadly nature of the wilderness? So are we. Our podcast covers true wilderness survival stories that were Almost Deadly. Join us bi-monthly as Alyssa tells her husband, Jordan, stories ranging from animal attacks, to avalanches, to being stranded at sea. These stories will have you questioning how someone could have possibly survived.",Anchor,en,https://d3t3ozftmdmh3i.cloudfront.net/staging/podcast_uploaded_nologo/46642148/46642148-1788391920346-89ef1bbc87acf.jpg,2026-09-28 21:43:59,8051240,confirmed,https://podcasters.spotify.com/pod/show/strolling-through-convers0,1790631839,192a922c496f39459c091a3b34993ffa,6816507785.0,2,0,CORPORATE
Left at Sinai,Ariana Katz,https://rss.buzzsprout.com/2654108.rss,"<p><b>Welcome to Left at Sinai, progressive commentary on parshat haShavuah–the weekly Torah reading. This year we’ll be journeying through the Torah with some incredible teachers of our time–scholars, rabbis, mystics, maggidim, activists, students, wrestlers with Torah one and all. Tune in each Monday to study with us. Hosted by Rabbi Ariana Katz.</b></p>",Buzzsprout,en-us,https://storage.buzzsprout.com/be6mo1t5be6dejae3n4r7gyf7wq3?.jpg,2026-09-28 21:42:47,8051239,confirmed,,1790631767,0f691fa0fd24c73202d764ae1aeb5326,,0,0,INDIVIDUAL
Bible Stories Unmasked,Bible Stories Unmasked,https://www.spreaker.com/show/7416227/episodes/feed,"Welcome to Bible Stories Unmasked, the channel where the hidden truths of the Bible are revealed. Many stories in Scripture are misunderstood, forgotten, or rarely explained. On this channel, we explore untold Bible stories, forgotten biblical characters, Bible origins and powerful mysteries hidden within God’s Word.",Spreaker,en,https://d3wo5wojvuv7l.cloudfront.net/t_rss_itunes_square_1400/images.spreaker.com/original/03ee745c02f45bc551e32b1badafec89.jpg,2026-09-28 21:39:54,8051237,confirmed,https://www.spreaker.com/podcast/bible-stories-unmasked--7416227,1790631594,b526d03fef98555112c8fcf4705c6a7c,,4,0,INDIVIDUAL
Paddington for Paddington,Luke,https://rss.buzzsprout.com/2654116.rss,<p>Paddington Bear</p>,Buzzsprout,en-gb,https://storage.buzzsprout.com/wnnkcrsfiztvernmsragbpfz8kau?.jpg,2026-09-28 21:31:08,8051232,confirmed,,1790631068,7f78728ece78f6e12bb36ff34f19f9e6,,4,0,INDIVIDUAL
The Fields of Weirdness Podcast,John Costella,https://anchor.fm/s/117a7eba4/podcast/rss,"I discuss the ""fields of weirdness"" I raise in my book, Singularity: Fields of Weirdness: aliens, UFOs, AI, my Theory of Everything, the Simulation Hypothesis, religion, metaphysics, spirituality, and the paranormal, as well as my predictions for the world in the next twelve months or so: the Great Economic Crash and Skynet.",Anchor,en,https://d3t3ozftmdmh3i.cloudfront.net/staging/podcast_uploaded_nologo/46818481/46818481-1790213258689-0289529fea608.jpg,2026-09-28 21:27:58,8051229,confirmed,https://johncostella.com/podcast,1790630878,452a852dca772ff278127b0ff53275a5,6815504768.0,2,0,INDIVIDUAL
THE BIBLE STORYTELLER,THE BIBLE STORYTELLER,https://www.spreaker.com/show/7416220/episodes/feed,"Welcome to THE BIBLE STORYTELLER — where the sacred stories of the Bible are brought to life with heart, reverence, and wonder.<br /><br /><br />Here, we don’t just retell scripture — we journey through it, uncovering divine truths, decoding prophetic events, and revealing God’s timeless messages hidden in every verse. Each story is an invitation to feel closer to God, to understand His purpose for your life, and to awaken the faith within you. Whether you’re seeking answers, comfort, or spiritual depth, you’re not alone — you’re part of this journey.<br /><br /><br />Thank you for supporting us. May the Lord bless you and keep you, and may His love, grace, and peace be with you always.<br /><br /><br /><br />God bless you always! ❤️🙏🏻<br />",Spreaker,en,https://d3wo5wojvuv7l.cloudfront.net/t_rss_itunes_square_1400/images.spreaker.com/original/b6a02407dd52c973aaa1833ad8d2c607.jpg,2026-09-28 21:25:20,8051227,confirmed,https://www.spreaker.com/podcast/the-bible-storyteller--7416220,1790630720,242738ea002fe9432464734154e4cc0d,,4,0,CORPORATE
Living Well with D,Deanelle Thompson,https://feeds.transistor.fm/living-well-with-d,"This channel is for men of color with diabetes who want to build a life of energy, stability, and peace of mind without letting diabetes define them. Here, you'll find practical tips on managing diabetes at work, building healthy habits that fit a busy schedule, reducing stress and burnout, improving nutrition and movement, and hearing real stories. My mission is to help you spend less time overwhelmed by diabetes and more time thriving in your career, relationships, and everyday life. If you're ready to take control of your health without sacrificing your ambitions, subscribe and join now.",Transistor,en,https://img.transistorcdn.com/AnOO7o64ggb09zUVEiPd5kLb4V1gS21UZzmSXgXR_iU/rs:fill:0:0:1/w:1400/h:1400/q:60/mb:500000/aHR0cHM6Ly9pbWct/dXBsb2FkLXByb2R1/Y3Rpb24udHJhbnNp/c3Rvci5mbS8wNDk2/NGE4YTZmNjAzMmFm/Y2I3Y2I5Nzg3Yzk5/MGY0My5qcGc.jpg,2026-09-28 21:24:06,8051226,confirmed,https://www.prosperous-health.com,1790630646,287c2e0cd03380d1939445ef49054a7a,,4,0,INDIVIDUAL
The Weekend Magazine,Broadcast East,https://feeds.redcircle.com/02b24007-4874-4fa0-827d-04b0b5e77eda,"Escape the ordinary with ""The Weekend  Magazine,"" a curated audio experience broadcast internationally.  This award-winning show is your essential Sunday companion. Enjoy a  blend of gossipy news, film  reviews, and intelligent humour, all set against a diverse musical soundtrack. The entire programme is deftly guided by the acclaimed and dry-witted Richard J Hannah. Find your local station and discover why it's a weekly treasure for listeners across the UK, Europe, and the West Coast of America.",Spotify for Podcasters,en,https://media.redcircle.com/images/2026/9/28/18/bef74b1b-b37c-49d3-a35a-e984aeefdc74_resized-image.jpg,2026-09-28 21:19:32,8051222,confirmed,https://redcircle.com/shows/the-weekend-magazine8835,1790630372,fe4aec89a508c29e1a0129cfaa3cda92,,4,1,CORPORATE
"Dr. Kara Fitzgerald | New Frontiers in Functional Medicine, Longevity, Epigenetics",Dr. Kara Fitzgerald - Functional Med & Longevity,https://feeds.captivate.fm/dr-kara-fitzgerald/,"Welcome to New Frontiers in Functional Medicine, Longevity & Epigenetics™ where I interview the best minds in functional medicine to discuss the science and research behind medicine, longevity, epigenetics, and so much more. Expect thought-provoking ideas, new research, lots of clinical pearls for practitioners, and step-change information for clinicians and patients. Join us! ~DrKF  
Copyright © 2025 by KF Education and Consulting, LLC
All Rights Reserved",Captivate,en,https://artwork.captivate.fm/4158d2ad-85a8-4c9f-9050-a3936b1b6b23/avatars-cixrtrayh94ws9st-p3p9cw-original.jpg,2026-09-28 21:17:17,8051219,confirmed,http://www.drkarafitzgerald.com/,1790630237,7ce7706562f462e80fef82780a264e8d,,4,0,CORPORATE
Bible Stories for Adults,Bible Stories for Adults,https://www.spreaker.com/show/7416193/episodes/feed,"{These videos do not work properly on mobile devices, they do not show the words on the screen or the links to follow.}<br /> If you didn't grow up going to church, this series is designed to take you through the most prominent accounts in the Bible.<br /><br /> If you are reading through the Bible for the first time, may I suggest that you start reading the New Testament first,<br /> starting with the book of John, then read through Acts and the rest of the New Testament. THEN, read through the Old Testament from Genesis to the end.<br /><br /> Hey, then you'll have plenty of time to watch these while you are reading through the New Testament! Contact me with any questions at MarieWhiteAuthor.com. Marie White",Spreaker,en,https://d3wo5wojvuv7l.cloudfront.net/t_rss_itunes_square_1400/images.spreaker.com/original/80aaedf5ea91c47121d90f170cf5c1ac.jpg,2026-09-28 21:16:55,8051218,confirmed,https://www.spreaker.com/podcast/bible-stories-for-adults--7416193,1790630215,ffa51da64c84897ab108d11fd3471210,,4,0,INDIVIDUAL
Breaking Brains Building Hearts Podcast,breakingbrainsbuildinghearts,https://feeds.transistor.fm/breaking-brains-building-hearts-podcast,"A mostly weekly session with Bret Burchard, Jimmy Rores, and Chris McAlister of SightShift. Listen in as they share the joys and struggles of learning to lead well.",Transistor,en,https://img.transistorcdn.com/C-HOlTlqB7R2JAHx9Moyoi0YGu83ARBo4u5_WALJEyA/rs:fill:0:0:1/w:1400/h:1400/q:60/mb:500000/aHR0cHM6Ly9pbWct/dXBsb2FkLXByb2R1/Y3Rpb24udHJhbnNp/c3Rvci5mbS9mMThi/ZjE3OWIwZjk3MGNj/MDgxY2RjMTdjYjlm/YjViOC5qcGc.jpg,2026-09-28 21:13:53,8051216,confirmed,https://breakingbrainsbuildinghearts.podbean.com,1790630033,7b99bc9fc183bee346747c00a538cfce,,4,0,INDIVIDUAL
Huntersville Ward Podcast,Huntersville Ward,https://anchor.fm/s/117b24ab8/podcast/rss,"Conversations with members of the Huntersville Ward about faith, family, service, life experiences, and the stories that bring our community together.",Anchor,en-us,https://d3t3ozftmdmh3i.cloudfront.net/staging/podcast_uploaded_nologo/46825278/46825278-1790374782523-f1890d2ea6f5c.jpg,2026-09-28 21:04:26,8051206,confirmed,https://podcasters.spotify.com/pod/show/decker-lefevre8,1790629466,8e25cde3b649d94f33518c9a0e752be2,6816264056.0,2,0,INDIVIDUAL
Discover The Terror,Maximilian Schmidt,https://rss.libsyn.com/shows/616950/destinations/5381050.xml,"Welcome… to Discover the Terror!
Your ghoulish host, Maximilian Schmidt and Zombaby co-host, Herbert, will lead you hand-in-hand through the dark corridors of hell, exploring some of horror's most intriguing voices, both rising talents and established icons.
But horror isn't just fiction. It's real. In addition to artists and filmmakers, Maximilian speaks with individuals immersed in the worlds of the supernatural, the paranormal, and the uncanny. Psychics, explorers, survivors… anyone with a story soaked in terror is welcome in Maximilian's chair.
This show exists to unpack and digest the subjects we're too afraid to face. To ask: Why is humankind so obsessed with horror, and yet so repelled by it?
Horror is the most universal genre. And fear is the most universal feeling. These are two abstract, unending forces that Maximilian and his guests dive into, headfirst, in every episode.
With Discover the Terror, the unknown becomes known… or at least, a little less unknowable. Maximilian Schmidt is a devoted student of horror, a writer and director unafraid to confront the most complex, unsettling aspects of human nature and the physical body. His mission: to tell and uncover honest stories that focus on outsiders, ""freaks,"" and the beautifully dark corners of humanity.",Libsyn,en,https://static.libsyn.com/p/assets/5/a/6/d/5a6db6033dba5eb5d959afa2a1bf1c87/Discover_the_Terror.jpg,2026-09-28 21:03:08,8051203,confirmed,https://art19.com/shows/discover-the-terror,1790629388,93082e64b22eece4d3ae092fe48197e8,1880307588.0,2,0,INDIVIDUAL
Promised To Prosper,John Q,https://anchor.fm/s/116f9e66c/podcast/rss,"Real stories about faith, life, struggle, growth, relationships, purpose and learning what it means to prosper from the inside out.",Anchor,en,https://d3t3ozftmdmh3i.cloudfront.net/staging/podcast_uploaded_nologo/46704435/46704435-1788793183423-8fc3d07f437b9.jpg,2026-09-28 20:57:17,8051199,confirmed,https://podcasters.spotify.com/pod/show/johnq9,1790629037,710e4dc21628fb909844c716f2dbe0af,6816076374.0,2,0,INDIVIDUAL
Nightlight Science Stories,Nightlight Science Stories,https://www.spreaker.com/show/7416185/episodes/feed,"Welcome to Nightlight Science Stories — a calm corner on YouTube for anyone who likes to fall asleep with a curious mind. Here, you’ll find slow, soothing science stories of around 1 hour, designed to be listened to before sleep. No stress, no fast cuts. Just: – soft narration – dreamlike visuals – peaceful background music Whether you want to learn something new or gently unwind after a long day, put on your headphones, dim the lights, and let each story quietly accompany you toward sleep — while you almost effortlessly discover more about the universe. Sleep deeper. Stay curious. 🌙✨",Spreaker,en,https://d3wo5wojvuv7l.cloudfront.net/t_rss_itunes_square_1400/images.spreaker.com/original/000fbbad2aca250bfd175127993f368b.jpg,2026-09-28 20:52:25,8051190,confirmed,https://www.spreaker.com/podcast/nightlight-science-stories--7416185,1790628745,f513c2de2c47d7f5720449ad2faf77d7,,4,0,INDIVIDUAL
Deeper,First Baptist Church Powder Springs,https://rss.buzzsprout.com/2654107.rss,<blockquote>A deeper conversation about Sunday’s message at FBC Powder Springs.</blockquote><p><br></p>,Buzzsprout,en-us,https://storage.buzzsprout.com/f78wt7rf4jkea6g2203luqnpk2r8?.jpg,2026-09-28 20:48:28,8051188,confirmed,https://www.fbcps.org/,1790628508,3f2bc47e3f7d44d0ad206e9163111f5b,,4,0,CORPORATE
The Doctor Photo podcast,https://www.doctorphoto.co.uk/,https://anchor.fm/s/1169c66e0/podcast/rss,A podcast from https://www.doctorphoto.co.uk/,Anchor,en,https://d3t3ozftmdmh3i.cloudfront.net/staging/podcast_uploaded_nologo/46643160/46643160-1788006559452-e30506bd856ea.jpg,2026-09-28 20:43:41,8051185,confirmed,https://www.doctorphoto.co.uk/,1790628221,d37e4bdfd437510c81f07ddf997574b1,6807857788.0,2,0,CORPORATE
Mohamed Kadir Meite,Mohamed Kadir Meite,https://anchor.fm/s/10b2c2868/podcast/rss,"Mohamed Kadir Meite born March 18, 1993 in C.H.U of Yopougon Abidjan Côte d'Ivoire (Ivory Coast) la veille de la nuit du destin full of enthusiasm, sympathy, urbain optimistic, aware and mindful to be an Ivorian American entrepreneur, businessman ,Financier Accountant in the domaine of the comptabilitée ,Author writer ecrivain poète, essayist, and songwriter and is of ethnicity Coyara of Sifié French descent d'origine. He currently resides in the United States, holding French African American nationality. Earned PHd in Finance. 4.0 GPA Berkmar High School - Phoenix Entrepreneurial He is also",Anchor,en,https://d3t3ozftmdmh3i.cloudfront.net/staging/podcast_uploaded_nologo/44724106/44724106-1787508710693-892c93d5b78f7.jpg,2026-09-28 20:39:48,8051181,confirmed,https://podcasters.spotify.com/pod/show/meitemohamedkadir,1790627988,c4ffdba365fed88ab66db6d6e3f8cc0c,6811794089.0,2,0,INDIVIDUAL
Conspiracy Junkies,Blake Cooper,https://anchor.fm/s/8fd8c310/podcast/rss,Welcome To Conspiracy Junkies where we are junkies for everything conspiracy. Join me as I dive head first into some of the wildest conspiracys known to man.,Anchor,en-us,https://d3t3ozftmdmh3i.cloudfront.net/production/podcast_uploaded/24033476/24033476-1650983517134-d85a22d841195.jpg,2026-09-28 20:36:34,8051178,confirmed,https://podcasters.spotify.com/pod/show/conspiracyjunkies,1790627794,20c48bce587c6bf92fedaa834c74550b,1621160288.0,2,0,INDIVIDUAL
Says Who?,Brogan Garrit-Smith,https://anchor.fm/s/117d61f60/podcast/rss,"A brand-new series from chart-topping podcast host Brogan Garrit-Smith. Big questions. Uncomfortable conversations. Different perspectives.
Through unafraid, unapologetic conversations with fascinating thinkers, experts and cultural voices, Says Who? challenges the ideas shaping how we live, think, work, parent and connect.
Because in a world constantly telling us what to think, how to feel and who to be, maybe it’s time to think again.
Question everything, choose for yourself.",Anchor,en,https://d3t3ozftmdmh3i.cloudfront.net/staging/podcast_uploaded_nologo/46848760/46848760-1790600528918-4b9556dce67aa.jpg,2026-09-28 20:35:57,8051176,confirmed,https://podcasters.spotify.com/pod/show/getting-there0,1790627757,93ae12473872c751184e630a831949fd,1706330834.0,2,0,CORPORATE
Trauma in Transit Podcast,"Nurse Jules (Julian Apodaca, RN)",https://feed.podbean.com/traumaintransit/feed.xml,"Episode zero of Trauma in Transit. First responder mental health, from the parking lot.
I sat in my truck after a shift and asked the questions nobody asked me.
Burnout is a description, not a mechanism. It says what it looks like from outside and nothing about what’s happening inside. That’s why nothing built on that word ever helped you.
Season: PTSD, trauma, addiction, withdrawal, recovery, treatment.
Nurse Jules. Explicit.
#firstresponder #ernurse #paramedic #ptsd #shiftwork",Podbean,en,https://pbcdn1.podbean.com/imglogo/image-logo/22610161/trauma-in-transit-cover-1400.jpg,2026-09-28 20:34:46,8051175,confirmed,https://traumaintransit.podbean.com,1790627686,9f4ff601e357a0a2c3f7c1aed9b0d0c1,6809255244.0,2,0,INDIVIDUAL
The Uncharted Journey Podcast,House Media and Production,https://rss.buzzsprout.com/2654103.rss,"Join hosts Wayne and Jennifer Lee as they explore the uncharted territory of faith and truth. The Uncharted Journey Podcast is a space for open and tough conversations, tackling life's challenges through the lens of Kingdom truth. Together, they seek deeper understanding and authentic connection in the pursuit of faith.",Buzzsprout,en-us,https://storage.buzzsprout.com/zapoefqxny22t7dl31hsvzprkd3q?.jpg,2026-09-28 20:34:07,8051174,confirmed,https://www.storehousejasper.com,1790627647,b70b7795d7871a47b20cd9f9562a2875,,4,0,CORPORATE
THRILLED PODCAST,THRILLED,https://anchor.fm/s/f1c02a50/podcast/rss,"Welcome to Thrilled Podcast! 
Where relationships, neuroscience, true crime, and real-life stories come together.
We explore the science behind human behaviour, why we think, feel, love, react, and sometimes make questionable decisions.
Expect fascinating stories, curious conversations, and plenty of unexpected thoughts along the way.
Available on
⁠⁠⁠Youtube⁠⁠⁠⁠⁠⁠⁠⁠⁠⁠ | Spotify⁠⁠⁠ ⁠⁠⁠| Apple ⁠⁠⁠⁠⁠⁠⁠⁠⁠⁠",Anchor,en,https://d3t3ozftmdmh3i.cloudfront.net/staging/podcast_uploaded_nologo/40459028/40459028-1788956666403-c435417ed10b4.jpg,2026-09-28 20:31:55,8051173,confirmed,https://podcasters.spotify.com/pod/show/thrilled-by-tomipe,1790627515,4512097907401f3f94556d5a61706e08,6812393975.0,2,0,INDIVIDUAL
Bite-Sized Business Hacks,Chris Clark,https://feeds.captivate.fm/bite-sized-business/,"Business and legal tips for founders, entrepreneurs, and executives from attorney Chris Clark and guests - in five minutes or less.",Captivate,en,https://artwork.captivate.fm/7cb99cd1-4aca-48aa-9524-d4f5a58be4fe/Podcast-Cover-Art-Option-2-3000px.jpg,2026-09-28 20:30:21,8051169,confirmed,https://clark.law,1790627421,410db0b2a460536558f92e1f2896c4bf,,4,0,INDIVIDUAL
Night Science Stories,Night Science Stories,https://www.spreaker.com/show/7416099/episodes/feed,"Night Science Stories — takes you on a calm journey through fascinating scientific facts, curious discoveries, and untold stories from the world of science - all in a relaxing, bedtime-friendly format.<br />",Spreaker,en,https://d3wo5wojvuv7l.cloudfront.net/t_rss_itunes_square_1400/images.spreaker.com/original/2c7f523f632f1e50c0f0dd68f61afb7a.jpg,2026-09-28 20:27:11,8051166,confirmed,https://www.spreaker.com/podcast/night-science-stories--7416099,1790627231,39db5782941d6ef45938e523e4cb6e2f,,4,0,INDIVIDUAL
We're All a Little High,JKK,https://anchor.fm/s/117652af8/podcast/rss,"Cheaper than therapy and way more chaotic. Join Jupiter Davidson, Kristen, and Kyle as they get a little high, break the fourth wall, and hash out life's absurdity in real time. From second-hand embarrassing confessions and small-town panic to late-night rabbit holes and existential debates, nothing is off the table—and very little is planned. Pull up a couch, light one up, and embrace the mess.",Anchor,en-us,https://d3t3ozftmdmh3i.cloudfront.net/staging/podcast_uploaded_nologo/46774734/46774734-1789668918891-8322fcf218475.jpg,2026-09-28 20:24:23,8051165,confirmed,https://podcasters.spotify.com/pod/show/jupiter-davidson8,1790627063,1bd93ae4d05fc1e7dc3d56e5e6e7b4f4,6816555883.0,2,0,CORPORATE
The Showgurls Podcast,Kyleen Goode & Sakina Ibrahim,https://rss.buzzsprout.com/2653576.rss,"<p><b>The SHOWGURLS Podcast is a culture-forward conversation series created and hosted by Sakina Ibrahim and Kyleen Goode, longtime friends and performing artists diving into the shows, characters, and pop culture moments we can't stop thinking about—and what they reveal about our own lives. </b></p>",Buzzsprout,en-us,https://storage.buzzsprout.com/tmrlvt8830cp53knx30njbedet6d?.jpg,2026-09-28 20:18:19,8051160,confirmed,https://theshowgurlspodcast.buzzsprout.com,1790626699,68362cb68de14fce4b30d8aa75be8fef,,0,0,CORPORATE
Music Outlook L.A.,"Kim-Z Entertainment, LLC",https://rss.buzzsprout.com/2654100.rss,"Welcome to Music Outlook – L.A.! This show is geared for the DIY Entertainer, whether you’re a musician, vocalist, actor/actress, live or recording studio audio engineer, podcaster, photographer/videographer, or are involved in just about any other aspect of The Entertainment Industry. Here we talk about The Gigs of the Independent Entertainer – where we play, how we set up and tear down, The Gear we use and why, and The Info we use as we make our way through The Entertainment Industry.",Buzzsprout,en,https://storage.buzzsprout.com/ceuht3t57n97wx0xt1ylbtwkyndx?.jpg,2026-09-28 20:14:01,8051158,confirmed,https://www.spreaker.com/show/music-outlook-l-a,1790626441,c0aca9ca925f456061bed307b818d62c,,4,0,CORPORATE
The Digital Nomad Therapist Podcast,Dr. Annie,https://rss.buzzsprout.com/2654099.rss,"<p>You became a therapist for the freedom and meaning — and somewhere along the way, it started to feel like a trap.</p><p>The Digital Nomad Therapist podcast is for licensed therapists who want to build a private practice they can run from anywhere in the world. Hosted by Dr. Annie Krajewski, a licensed psychologist who's spent the last few years running her practice from Morocco, Thailand, and Bali while continuing to see her U.S. clients.</p><p>Every week, Annie breaks down what it actually takes to go location-independent — the licensing, the legal and HIPAA stuff, the marketing, the tech, and the mindset work nobody talks about. You'll hear her story, real stories from therapists who've made this work, and honest, practical guidance from someone who's actually living it.</p><p>If you've been researching this for months — or years — and still haven't made a move, this show is for you.</p>",Buzzsprout,en,https://storage.buzzsprout.com/m6gz7n2pmnlhqf0ixy52eahhijgq?.jpg,2026-09-28 20:12:33,8051156,confirmed,http://www.digitalnomadtherapist.com,1790626353,f87f2412f9e49b9df04c63e14ae8d147,,4,0,INDIVIDUAL
The Jacob Gold Podcast,Jacob Gold & Associates,https://rss.buzzsprout.com/2652702.rss,"<p><b>The Jacob Gold Podcast</b> was created exclusively for the clients of Jacob Gold & Associates (JG&A) as an easy and casual way for me to stay connected with you.</p><p>Each month, I’ll share my perspective on what’s happening in the economy and financial markets, provide updates on services we currently offer and new ones we’re rolling out, and highlight upcoming client events. I’ll also answer questions submitted by clients, covering topics that I believe will be helpful to our entire JG&A community.</p><p>Think of this podcast as another way for us to stay connected between meetings. </p><p>Thank you for your continued trust in JG&A, and I hope you enjoy <b>The Jacob Gold Podcast</b>.</p><p><br></p><p>Securities offered through Cetera Wealth Services, LLC (doing insurance business in CA as CFGAN Insurance Agency LLC). Member FINRA/SIPC. Advisory Services offered through Cetera Investment Advisers LLC, a registered investment adviser. Cetera is under separate ownership from any other named entity. CA Insurance License #0644976.</p><p><br></p><p><b>Jacob Gold & Associates, Inc.</b></p><p>14850 North Scottsdale Road #255</p><p>Scottsdale, Arizona 85254</p><p><br></p><p>480-998-4653</p>",Buzzsprout,en-us,https://storage.buzzsprout.com/nyhqcv9edbm1ftdgne2ym1a52bfl?.jpg,2026-09-28 20:06:31,8051152,confirmed,https://thejacobgoldpodcast.buzzsprout.com,1790625991,8dad694b54e6a880569fc8d2a496120e,,0,0,CORPORATE
"Mill City Church — Lowell, MA",Mill City Church,https://feeds.acast.com/public/shows/69cd72177d4a54c657eaba1d,"Weekly teaching from Mill City Church in Lowell, MA. To find listening guides or more information visit millcitychurch.net.<hr><p style='color:grey; font-size:0.75em;'> Hosted on Acast. See <a style='color:grey;' target='_blank' rel='noopener noreferrer' href='https://acast.com/privacy'>acast.com/privacy</a> for more information.</p>",Acast,en,https://assets.pippa.io/shows/cover/1775071545183-3d2d9d86-de9e-4da4-99d6-4e5d286cba86.jpeg,2026-09-28 20:05:39,8051150,confirmed,https://www.millcitychurch.net,1790625939,471aa1bb5f11859a5cac66586895612a,6815772791.0,2,0,CORPORATE
Work In Context,Homeroom Chicago,https://rss.buzzsprout.com/2638436.rss,"<p><em>Work in Context: The Cliff Dwellers Sessions </em>is an interview podcast series celebrating Chicago creatives — their histories, work, methodologies, principles, ambitions, and more. Hosted by Chicago author Richard Reeder, conversations take place in a casual setting in front of the fireplace at The Cliff Dwellers, a private club for members engaged in or supportive of the arts, located in downtown Chicago. </p>",Buzzsprout,en-us,https://storage.buzzsprout.com/kkg7c6qh6oa9c0gnnjvoa37bbzra?.jpg,2026-09-28 20:04:49,8051149,confirmed,https://www.buzzsprout.com/2638436,1790625889,e2fc1e1c0e0a43f14ab5650a5c714aaa,,4,0,INDIVIDUAL
Hands-On AI (Audio),TWiT,https://feeds.captivate.fm/hands-on-ai-audio,"
<p><em>Hands-On AI</em> explores and explains artificial intelligence — and shows you how to actually use it. Because AI is exactly that: a tool, and like any tool, what matters is what you do with it. In short, focused episodes, Mikah Sargent takes you inside the technology reshaping how we work, create, and communicate. Learn what's really happening inside a large language model, run AI entirely on your own hardware, put the AI already in your pocket to work, and discover uses you hadn't thought of. No buzzwords, no doom — just practical, hands-on help from one human to another. </p><p>Submit your AI questions through email at <a href=""mailto:handsonai@twit.tv"" target=""_blank""><strong>handsonai@twit.tv</strong></a> or via TWiT's social media. You might hear your question answered on the show!</p>
<p>New episodes every Thursday.</p>
",Captivate,en-US,https://elroy.twit.tv/sites/default/files/styles/twit_album_art_2048x2048/public/images/shows/Hands-On%20AI/album_art/audio/HOAI_3000_standard_0.jpg,2026-09-28 20:03:47,8051148,confirmed,https://twit.tv/shows/hands-on-ai,1790625827,d90c6bdc5b64d10b5690346bdc592085,,4,0,INDIVIDUAL
In Her League Now,InHerLeagueNow,https://rss.buzzsprout.com/2654093.rss,"<p>In Her League Now, where women's sports take center stage. Three friends, who are former athletes, sports enthusiasts, and passionate sports watchers team up to talk about women's sports, the impact of women in sports, and more of the latest and greatest. </p>",Buzzsprout,en-us,https://storage.buzzsprout.com/05o1lpfnm8dfxn4e4s5ddcqvpoqo?.jpg,2026-09-28 20:01:49,8051146,confirmed,https://www.buzzsprout.com/2654093,1790625709,aa110d63a9d46f662cdd5751c04dba58,,0,0,INDIVIDUAL
The Workplace Compass: Field Notes,JP Quinonero,https://anchor.fm/s/1173a3230/podcast/rss,"Making sense of work, one question at a time. JP Quinonero explores workplace fairness, leadership, organisational culture and the gap between policy and practice. Through short audio essays, evidence-informed commentary and practical reflections, The Workplace Compass helps listeners ask better questions and navigate working life with greater clarity. Read the articles and references at jpquinonero.com. Episodes may feature AI-assisted narration; all scripts are reviewed by the creator.",Anchor,en-gb,https://d3t3ozftmdmh3i.cloudfront.net/staging/podcast_uploaded_nologo/46746572/46746572-1789343217490-064b9b8eb0d67.jpg,2026-09-28 20:00:50,8051143,confirmed,https://podcasters.spotify.com/pod/show/john-paul-quinonero8,1790625650,e675897c74bc19300054c7fe2ded7e88,6811722638.0,2,0,INDIVIDUAL
PURPOSE UNLEASHED: Discover the More in,emy chukwu,https://www.spreaker.com/show/7416091/episodes/feed,". Hosted by Emerald Chukwu, this podcast goes beyond motivation. We explore the real journey of discovering who you are, understanding why you are here, unlocking your potential, and becoming the person you were created to be.<br />Expect powerful conversations, thought-provoking insights, practical lessons, and honest stories about:<br />✨ Purpose & self-discovery<br />🔥 Mindset & personal transformation<br />🚀 Potential & intentional living<br />❤️ Healing, confidence & growth<br />🌱 Turning your gifts into meaningful impact<br />Whether you’re searching for direction, navigating a new season, or simply know that there is more in you, this is your space.",Spreaker,en,https://d3wo5wojvuv7l.cloudfront.net/t_rss_itunes_square_1400/images.spreaker.com/original/237f11b723b007634a6474ea482ee033.jpg,2026-09-28 19:57:58,8051141,confirmed,https://www.spreaker.com/podcast/purpose-unleashed-discover-the-more-in--7416091,1790625478,8605489e97f39658f6a45e66f9ce1054,,4,0,INDIVIDUAL
Logistically Speaking,Scott Case,https://rss.libsyn.com/shows/492410/destinations/4206242.xml,Logistically Speaking is a supply chain focused podcast that is committed to exploring global and domestic supply chains through the eyes of a former practitioner and industry thought leader and currently practicing customs and transportation lawyer.,Libsyn,en,https://static.libsyn.com/p/assets/e/5/2/d/e52d68a3f8f204c216c3140a3186d450/Logisitcally_Speaking_2000_x_2000.jpg,2026-09-28 19:55:22,8051140,confirmed,http://logisticallyspeaking.libsyn.com/site,1790625322,ed781518e4be53d1d186651c450d6a7f,1719831264.0,2,0,INDIVIDUAL
At Our Table - A Podcast from the Food Bank of South Jersey,Food Bank of South Jersey,https://rss.buzzsprout.com/2654077.rss,"<p>AT OUR TABLE, we sit down with the people shaping hunger relief across our region - community partners, volunteers, neighbors, and local leaders - to talk about what’s working, what’s changing, and what comes next. Together, we’ll explore how education, collaboration, and innovation are helping South Jersey move forward. So, pull up a chair - the conversation starts now.</p>",Buzzsprout,en-us,https://storage.buzzsprout.com/dv3w57i29r3j3aoi3u29cgsggze3?.jpg,2026-09-28 19:54:47,8051138,confirmed,,1790625287,0d308ea4e261a1c556294193fb28d19f,,0,0,INDIVIDUAL
The Women in Your Life,Juliana Kafka,https://feeds.transistor.fm/the-women-in-your-life,"Behind the businesses you love and the institutions you trust, there's a woman with a story no one has ever asked her to tell. The night she almost quit. The risk that terrified her. The day her name went on the door. The Women in Your Life podcast finds her, sits her down, and asks for the story she's never told out loud.

Host Juliana Kafka spent years in executive search and human resources learning what people hide behind their titles. She knows how to get past the polished version and draw out the builders, dreamers, and doers you pass every day without ever knowing their story.

Until now.

Because when you hear how she really built it, you learn quicker, dream bigger, and meet the neighbors making an impact in your community.",Transistor,en,https://img.transistorcdn.com/Pk2-Zhvi1cJBqHBqSNaPBVv8rO-vlOl16T_2NHplh7A/rs:fill:0:0:1/w:1400/h:1400/q:60/mb:500000/aHR0cHM6Ly9pbWct/dXBsb2FkLXByb2R1/Y3Rpb24udHJhbnNp/c3Rvci5mbS81NTY1/M2YxM2UzN2YzZmE4/Mjc3MTIzN2VkODNk/NTk0NS5wbmc.jpg,2026-09-28 19:52:54,8051137,confirmed,,1790625174,3cc2fad858f4107390d54769d43cb8e8,,4,0,INDIVIDUAL
Little Daily NFL Podcast w/ Nick from NY,Nick Schupak,https://feeds.acast.com/public/shows/6abac4446ffb28f8d673183e,Every NFL game. Every weekday.<hr><p style='color:grey; font-size:0.75em;'> Hosted on Acast. See <a style='color:grey;' target='_blank' rel='noopener noreferrer' href='https://acast.com/privacy'>acast.com/privacy</a> for more information.</p>,Acast,en,https://assets.pippa.io/users/67bcd5098ee8c32c7fdce0f1/pre-show-covers/1790624776629-7ddccb90-26e8-4ab1-913c-3fb5b30ec803.jpeg,2026-09-28 19:50:03,8051133,confirmed,https://feeds.acast.com/public/shows/little-daily-nfl-podcast-w-nick-from-ny,1790625003,893b7abae2ce4f514ad79ee3e6236df7,,0,0,INDIVIDUAL
The Goonables Podcast,The Goonables,https://anchor.fm/s/117b92824/podcast/rss,"The Goonables are a group of friends who mainly do youtube, but are moving into the podcast scene. We usually talk about the future of video games and movies.",Anchor,en-us,https://d3t3ozftmdmh3i.cloudfront.net/staging/podcast_uploaded_nologo/46829777/46829777-1790345560580-ecdff9fffa5e2.jpg,2026-09-28 19:47:10,8051132,confirmed,https://podcasters.spotify.com/pod/show/lemonz8,1790624830,16301c37d349e68a94487b78bcc7f5e5,6816117793.0,2,0,CORPORATE
Unlocked in 30 -,priyathamb,https://feed.podbean.com/priyathamb/feed.xml,"<p><b>Unlocked in 30</b> is the space where real conversations happen. Every week, Priyatham sits down with unique guests—from entrepreneurs and domain experts to friends and everyday people—for 30 minutes of unfiltered, funny, and engaging discussion. From sports, music, and current events to startup stories and travel, no topic is off-limits, and no story is too random. Real talk, real people, and real insights—unlocked in 30 minutes or less. </p>",Podbean,en,https://pbcdn1.podbean.com/imglogo/image-logo/21147464/Gemini_Generated_Image_ucm8x2ucm8x2ucm8_3xmhaq.jpeg,2026-09-28 19:47:10,8051131,confirmed,https://priyathamb.podbean.com,1790624830,1c3f81ad62094df22cb4a4c5c04b1418,6816100599.0,2,0,INDIVIDUAL
Wisdom Gateway,Jakub Nelson,https://www.spreaker.com/show/7416022/episodes/feed,"A wisdom gateway is a foundational step, passage, or entry point that grants access to deeper insight, discernment, and sound judgment.",Spreaker,en,https://d3wo5wojvuv7l.cloudfront.net/images.spreaker.com/nuvolari-assets/orange_square_mic.jpg,2026-09-28 19:33:58,8051125,confirmed,https://www.spreaker.com/podcast/wisdom-gateway--7416022,1790624038,9524689801d2326e255f5b72582a6a1f,,4,0,INDIVIDUAL
The Movie Map,Marshall LeMert,https://feeds.transistor.fm/the-move-map,"Welcome to The Movie Map, with your Cinema Cartographers Adam Hawes and Marshall LeMert, plot a course through Cinema's greatest, both old and new!

Tune in for our thoughts on the latest releases, take note of our recommendations for older films you should check out on ""The Treasure Map"", and stick around to the end for every film fan's favorite habit of list making, as we engage in a different, spontaneous, two minute drill every episode!",Transistor,en,https://img.transistorcdn.com/rfHRneFSFeH5W6hmwobZtEQMhfw8_43qdFqHQrJa9kU/rs:fill:0:0:1/w:1400/h:1400/q:60/mb:500000/aHR0cHM6Ly9pbWct/dXBsb2FkLXByb2R1/Y3Rpb24udHJhbnNp/c3Rvci5mbS85M2Rm/MDUzZmQ5OWY3Njgz/MzEyY2QyZWU2MTI3/ZTk3Ny5qcGc.jpg,2026-09-28 19:25:56,8051118,confirmed,,1790623556,148770fd70cbf48c30a740aa7d15b1e1,,4,0,INDIVIDUAL
DANS LE RING IMMOBILIER,dansleringimmobilierpodcast,https://feeds.acast.com/public/shows/6a8706b3041118f249d14938,"Dans Le Ring Immobilier, on parle de ventes, achats, tendances du marché et surtout on pose des questions percutantes à nos invités afin de promouvoir la collaboration et le partage du savoir dans le domaine. Écoutez le podcast jusqu’à la fin pour découvrir la question uppercut  posée par notre ”disrupteur”. Athlètes, entrepreneurs et mega-stars du courtage Immobilier au Québec et à l’international sont au rendez vous. Ce podcast est animé par Jean Sebastien Boiteau ( Boiteau Immobilier ) et des co-animateurs triés sur le volet, provenant du milieu du courtage immobilier ainsi que du monde des affaires. Ensemble, ils reçoivent une personnalité issue du monde immobilier ou des affaires. Avec leur invité, ces duos sauront débattre les enjeux, esquiver les embûches, ils iront dans les coins, et quand la cloche sonnera, il n’y aura qu’un vainqueur... Vous!<hr><p style='color:grey; font-size:0.75em;'> Hosted on Acast. See <a style='color:grey;' target='_blank' rel='noopener noreferrer' href='https://acast.com/privacy'>acast.com/privacy</a> for more information.</p>",Acast,en,https://assets.pippa.io/shows/6a8706b3041118f249d14938/show-cover.png,2026-09-28 19:22:04,8051116,confirmed,https://dansleringimmobilierpodcast.podbean.com,1790623324,06c37902b1b8900f4620624bd6c11a79,,0,0,INDIVIDUAL
Human Mode: Unpacking Healthy Tech,Techless,https://feeds.transistor.fm/human-mode,"Human Mode explores what it means to be human in a world increasingly mediated by screens, algorithms, AI, and digital platforms. Through conversations, stories, research, experiments, and practical ideas, we examine technology without worshipping it or fearing it.",Transistor,en,https://img.transistorcdn.com/Il8-w6-PNLZxM2EGZZ9KsKIOfj5QTixCghCcO4jCOPU/rs:fill:0:0:1/w:1400/h:1400/q:60/mb:500000/aHR0cHM6Ly9pbWct/dXBsb2FkLXByb2R1/Y3Rpb24udHJhbnNp/c3Rvci5mbS82N2My/YzYzMDBiOTRjYmU4/NjI3YmQ0NWJjOTUx/MDllMy5qcGc.jpg,2026-09-28 19:19:01,8051111,confirmed,https://wisephone.com,1790623141,aed7b1a75036a11c8c9598d33a6dde1e,,4,0,INDIVIDUAL
Indie City,Queue Blom,https://feeds.acast.com/public/shows/6abab4f48ec4e79ce6f52e2d,"A podcast where people with severe ADHD talk about indie games while trying desperately, and failing, to stay on topic!<hr><p style='color:grey; font-size:0.75em;'> Hosted on Acast. See <a style='color:grey;' target='_blank' rel='noopener noreferrer' href='https://acast.com/privacy'>acast.com/privacy</a> for more information.</p>",Acast,en,https://assets.pippa.io/users/6abaae618ec4e79ce6f2d29f/pre-show-covers/1790620762500-4341daeb-d1a9-414f-bb58-95fa5a3624dd.jpeg,2026-09-28 19:15:10,8051109,confirmed,https://feeds.acast.com/public/shows/indie-city,1790622910,b1502cfb61c4c8f2f244c8e4ff5ff1d2,,0,0,INDIVIDUAL
Guidance Counselor 2.0,Taylor Desseyn,https://feeds.captivate.fm/guidance-counselor-20/,"We had guidance counselors in middle school, high school, and sometimes college. However when we need it the most in our professional careers, we have no one to turn to. This podcast is a resource for not only job seekers but for companies & hiring managers to help scale their organizations. I interview job seekers who have had a tremendous amount of success finding jobs and hiring managers/leaders in organizations who are doing it the 'right way' when it comes to leadership and scaling their organizations. ",Captivate,en,https://artwork.captivate.fm/7e866f6e-695e-4914-bc25-0a3738a45265/35256-1790260109356-b8590db527946.jpg,2026-09-28 19:14:04,8051108,confirmed,https://itunes.apple.com/us/podcast/career-counseling/id1256154656?mt=2,1790622844,e9e534f34a229c9823dc578ca0ce5751,,4,0,INDIVIDUAL
The Wild Mare - Life Unbridled,Katie Murphy,https://feeds.acast.com/public/shows/6abab85358bacc11cbde5a6f,"The Wild Mare is where women, horses and real life meet. Honest stories, brilliant conversations, plenty of laughs and the occasional life lesson from the saddle. Life isn’t always pretty, but it’s definitely better unbridled.<hr><p style='color:grey; font-size:0.75em;'> Hosted on Acast. See <a style='color:grey;' target='_blank' rel='noopener noreferrer' href='https://acast.com/privacy'>acast.com/privacy</a> for more information.</p>",Acast,en,https://assets.pippa.io/users/6abab6c4f4720dfefb29b36c/pre-show-covers/1790621515725-be1616b1-11ab-4eb9-8a58-57e74329a851.jpeg,2026-09-28 19:03:36,8051104,confirmed,https://feeds.acast.com/public/shows/the-wild-mare-life-unbridled,1790622216,3b10f1f227fc3efd510753f90d01a228,,0,0,INDIVIDUAL
Power Moves Media,Power Moves Media Team,https://rss.buzzsprout.com/2649557.rss,"<p><b>Power Moves Media</b> is a platform for conversations shaping business, leadership, ownership, policy, and economic opportunity. Our discussions bring together entrepreneurs, executives, investors, policymakers, and community leaders to uncover the strategies, decisions, and lessons behind growth and impact.</p><p><br></p><p>Power Moves translates insight into action<b> </b>helping our audience understand the marketplace, recognize opportunities, make stronger decisions, and determine their next move. For business owners, that means looking beyond revenue to building stronger companies, increasing enterprise value, scaling, acquiring, and preparing for what comes next.</p><p><br></p><p>Every conversation leaves you better informed, better positioned, and ready to move. Get Informed. Think Bigger. Build Value. Make your Power Move. </p>",Buzzsprout,en-us,https://storage.buzzsprout.com/spd0upz6zuogyvrbz5ms91ch3lw9?.jpg,2026-09-28 18:59:46,8051101,confirmed,https://www.buzzsprout.com/2649557,1790621986,bda15ee5f05eb7d79442d71eac007773,,4,0,CORPORATE
Weather Forecast Frenzy,David Hook,https://feeds.transistor.fm/weather-forecast-frenzy,"AI contestants forecast the weather for the week ahead for locations around the world. Each AI receives points based on how close their forecast temperatures come to the actual reported temperatures. We announce a winner for each show and also keep a running score to crown a season champion. Along the way, our contestants teach listeners about the science of meteorology.",Transistor,en,https://img.transistorcdn.com/92xrhhSxVcp-v3n8cudpnQWfIKMz3FRIs2GpLaeWt5M/rs:fill:0:0:1/w:1400/h:1400/q:60/mb:500000/aHR0cHM6Ly9pbWct/dXBsb2FkLXByb2R1/Y3Rpb24udHJhbnNp/c3Rvci5mbS81Zjc4/NzkwYmIzNjk2NjAy/ZWM2MWQ1ZGY2ZWE5/NDViOS5qcGc.jpg,2026-09-28 18:57:05,8051099,confirmed,https://hello.citrus3.com:2020/public/waiiraiinternetradio,1790621825,c0c9ad3cc86c37575dc0aa86692619b2,,4,0,INDIVIDUAL
Bitch Please! With Daniel Fernandes,Daniel Fernandes,https://rss.libsyn.com/shows/479106/destinations/4072587.xml,"Comedian Daniel Fernandes throws the mic to the audience and chats with fans who want to bitch about something that's on their mind. This is a no holds barred, anything goes conversation with literally anybody from this planet (or beyond). What could go wrong?",Libsyn,en,https://static.libsyn.com/p/assets/5/9/d/d/59dd416d85cd466b88c4a68c3ddbc4f2/FINAL_LOGO-2499.jpeg,2026-09-28 18:53:33,8051095,confirmed,https://sites.libsyn.com/479106,1790621613,ead9277eb16fbbbf1c71ea62693c51a9,1696095076.0,2,0,CORPORATE
Path of Most Resistance,Kristine and Maddy,https://anchor.fm/s/1155bdcac/podcast/rss,"Chatting about patriarchy, capitalism, white supremacy, colonialism — and Canada's role in it all.",Anchor,en-ca,https://d3t3ozftmdmh3i.cloudfront.net/staging/podcast_uploaded_nologo/46433091/46433091-1785106129294-1e35e016c6b78.jpg,2026-09-28 18:53:02,8051094,confirmed,https://podcasters.spotify.com/pod/show/kristine71,1790621582,dca73b802b9c4de0263244702d4194dd,6794947411.0,2,0,CORPORATE
The Outbound Room by LeadHaste,LeadHaste,https://www.spreaker.com/show/7415798/episodes/feed,"The Outbound Room is a podcast about what actually works in B2B outbound. I’m Dimitar Petkov from LeadHaste, and sometimes my co-founder Christian or a guest joins me. We talk through the campaigns, experiments and decisions behind lead research, cold email, LinkedIn, deliverability and AI workflows (think Claude, Codex, GrokBot, Hermes) : what we tried, what happened, and what we’d do differently. Expect practical lessons and honest conversations, not a perfect-sounding playbook.<br /><br />LeadHaste<br />A top 1% B2B outbound agency.<br />W: leadhaste.com",Spreaker,en,https://d3wo5wojvuv7l.cloudfront.net/t_rss_itunes_square_1400/images.spreaker.com/original/eb08946a45b5345b25b31895309e527e.jpg,2026-09-28 18:51:36,8051092,confirmed,http://leadhaste.com,1790621496,c4433e23a4368abe5c3bfd14da5aba06,6817081744.0,4,0,INDIVIDUAL
SightShift with Chris McAlister,Chris McAlister,https://feeds.transistor.fm/sightshift-with-chris-mcalister,"Too many leaders lead for validation, not impact. And too many organizations are relying on overpriced seminars, gimmicky retreats, and leadership fads to develop their leaders. Are you ready to implement a transformational process to develop impact leaders who develop other leaders? www.SightShift.com",Transistor,en,https://img.transistorcdn.com/JGRwUP2osqWDg0Qo6ccZAlSIdv5Uyh7XAZZm9Nk-ozQ/rs:fill:0:0:1/w:1400/h:1400/q:60/mb:500000/aHR0cHM6Ly9pbWct/dXBsb2FkLXByb2R1/Y3Rpb24udHJhbnNp/c3Rvci5mbS9lNTc5/ZWQ2ZDVhZTQxZWQ2/ODVkNTcwNzkyMTg1/YWJkYi5wbmc.jpg,2026-09-28 18:49:44,8051090,confirmed,https://chrismcalister.podbean.com,1790621384,871f5d2b461fb1c12a721dfd5e800161,,4,0,INDIVIDUAL
Cornerstone Fresno,Cornerstone,https://rss.buzzsprout.com/2572768.rss,<p>Our Sunday Sermons</p>,Buzzsprout,en-us,https://storage.buzzsprout.com/z6wdbmw1kn719xyrf65zwpuq5v9f?.jpg,2026-09-28 18:49:10,8051089,confirmed,https://www.buzzsprout.com/2572768,1790621350,28f92b8520524a64ea78fae481325088,,0,0,INDIVIDUAL
Evening Reflections,Paul Benevich,https://rss.buzzsprout.com/2649004.rss,"<p><b><em>The day gives us the story. The quiet helps us understand it.</em></b></p><p><br></p><p>Evening Reflections is a collection of true stories about the moments that shape our lives—family, friendship, love, loss, work, change, purpose, and the unexpected lessons we often don't recognize until later.</p><p><br></p><p>Hosted by Paul Benevich, each episode begins with a story and ends with something more: a few thoughtful questions and a little space to reflect on your own life.</p><p><br></p><p>These aren't stories with all the answers. They're invitations to slow down, look back, notice what matters, and perhaps see something differently.</p><p>Settle in at the quiet end of the day. Listen in bed, turn down the noise, and let the story take you wherever it takes you.</p><p><br></p><p><b>A story for tonight. A reflection for tomorrow.</b></p>",Buzzsprout,en-us,https://storage.buzzsprout.com/xwcoclog6431xssxxwdni7egx1o3?.jpg,2026-09-28 18:48:07,8051087,confirmed,https://www.buzzsprout.com/2649004,1790621287,538a1fbbef767888b6b65067c022b645,,0,0,INDIVIDUAL
Innato Conversations,Shea Stickel,https://anchor.fm/s/100a56a80/podcast/rss,"Where health meets human potential
Exploring the conditions that allows the innate intelligence within all living beings to fully express itself
By Shea Stickel",Anchor,en,https://d3t3ozftmdmh3i.cloudfront.net/staging/podcast_uploaded_nologo/42958080/42958080-1790445403165-3a171cf42ec5a.jpg,2026-09-28 18:41:36,8051084,confirmed,https://podcasters.spotify.com/pod/show/sheastickel,1790620896,8ed54cdc1cca2e5cf9c89449802eb81f,6816489896.0,2,0,INDIVIDUAL
The ProjectReady Podcast,Joe Giegerich,https://rss.libsyn.com/shows/478785/destinations/4068858.xml,"Ready to think beyond your common data environment and unlock what's possible when people, systems, and organizations are successfully integrated? Discover how the architecture, engineering, and construction (AEC) industry and project owners can save time, reduce risk, and drive ROI with modern collaborative project information management.",Libsyn,en,https://static.libsyn.com/p/assets/4/e/1/b/4e1ba0db7d628152a04421dee9605cbd/0001-9017727437851312038.jpg,2026-09-28 18:38:56,8051082,confirmed,https://www.project-ready.com/home/podcasts/,1790620736,852cbb19cf14aeb9d6b41a28d918a8ef,1695166656.0,2,0,INDIVIDUAL
Black Jesus Project,Daniel Holder,https://rss.libsyn.com/shows/475950/destinations/4039275.xml,"Black Jesus Project Podcast explores the intersection of faith, race, and culture in search of a deeper understanding of what it means to be black and spiritual in a world that often ignores, marginalizes, or monetizes our experiences. Join us as we delve into the stories and histories of black believers, celebrate the unique contributions of black spirituality to global culture, and challenge the notions of white Jesus that have dominated our faith for centuries. We want to explore the effects the monetization of spirituality has on our experience. This is the Black Jesus Project Podcast, the hub of the spiritual revolution, where the voices of our ancestors and our communities are heard, respected, and celebrated, where spiritual change begins.
Please visit our website, subscribe, and share with a friend",Libsyn,en,https://static.libsyn.com/p/assets/0/e/a/9/0ea9e5de1770e6b8e55e3c100dce7605/Black_Jesus_Project_1.png,2026-09-28 18:27:06,8051077,confirmed,https://sites.libsyn.com/475950,1790620026,048e7ab366b4ebe8479d7fdbb31d64c6,1731739566.0,2,0,INDIVIDUAL
Muzeyyen Wilson,Muzeyyen Wilson,https://feeds.redcircle.com/77aab353-45eb-44cb-999e-4e17a4d8c30a,Muzeyyen Wilson's Podcast,Spotify for Podcasters,en-US,https://media.redcircle.com/images/2026/9/21/6/055cd887-9d92-4e53-b177-9ce34f6791bc_untitled_design__3_.jpg,2026-09-28 18:26:59,8051076,confirmed,https://redcircle.com/shows/muzeyyen-wilson,1790620019,233289dfb915e05e5cfce9cd5e149735,,4,0,INDIVIDUAL
ASingleGirlsDiary,Jai Shavell,https://anchor.fm/s/117c131f4/podcast/rss,"A Single Girl’s Diary is an honest, faith-filled look at navigating life, love, identity, and becoming when you’re still figuring it all out.
Hosted by Jai Shavell, the podcast explores the messy middle of adulthood from faith and relationships to healing, purpose, entrepreneurship, disappointment, and everything that happens between who you’ve been and who you’re becoming.
This isn’t a diary of someone who has all the answers. It’s a space to process the questions, challenge the stories we’ve believed about ourselves, laugh at the lessons we probably should’ve learned already.",Anchor,en-us,https://d3t3ozftmdmh3i.cloudfront.net/staging/podcast_uploaded_nologo/46835045/46835045-1790402531826-bc33cf646e631.jpg,2026-09-28 18:25:19,8051072,confirmed,https://podcasters.spotify.com/pod/show/jai-shavell9,1790619919,e2eab96bcd5a30f52a32ca4a71d3a617,6816529437.0,2,0,INDIVIDUAL
Out On Deck: The Gay Cruise Podcast,GayCruiseList.com,https://rss.buzzsprout.com/2649482.rss,"<p>The latest gay cruises, ship news, destinations, deals, and drama.  We cover every Gay Cruise operator (like Atlantis, Vacaya, Big Gay Cruise, etc) and trip.  This podcast is for anyone that is gay & loves to cruise!</p>",Buzzsprout,en-us,https://storage.buzzsprout.com/hbptq64rqd1rd210ekxjewdvl9rp?.jpg,2026-09-28 18:04:26,8051061,confirmed,https://outondeck.buzzsprout.com,1790618666,ce26094d5d3aeb70cf1ec1326b6728f0,,0,0,INDIVIDUAL
The Summary,Tapt Media,https://www.omnycontent.com/d/playlist/88b564ea-a9a6-4751-910a-a5d800019396/ab90924f-6418-4da6-a662-b4d00096785d/c8ec0417-96d5-45a9-97bd-b4d000967c69/podcast.rss,"Get the news you need, exactly when you need it, with The Summary. 
Powered by the national newsrooms of 2GB, 3AW, 4BC, and 6PR, The Summary brings you concise news bulletins every morning and evening to keep you up to date, plus an in-depth look at the story driving the agenda of day - every afternoon. 
The Summary, a podcast that keeps you connected to what matters, and why.",Megaphone,en-US,https://www.omnycontent.com/d/programs/88b564ea-a9a6-4751-910a-a5d800019396/ab90924f-6418-4da6-a662-b4d00096785d/image.jpg?t=1790327276&size=Large,2026-09-28 17:58:53,8051057,confirmed,https://taptmedia.com.au/our-brands/#podcasts,1790618333,2ceb7342ea5d9ddbf0ce5449032b2e83,6816012729.0,2,0,CORPORATE
First Not Only Network,First Not Only Network,https://feeds.captivate.fm/first-not-only-network/,"Growth doesn't happen in a straight line. It happens in seasons like a garden if you will. There's the season where everything's dormant, and it feels like nothing is happening at all. There's the season where you're all root, no bloom — doing the invisible work nobody claps for. And then, if you tended it right, there's the season where you're finally in full bloom. 
This show is for all three. Every episode, we're sitting down with people who've done the growing — in public, in private, in boardrooms, in the middle of a total replant or pivot. 
We're not just here for the bloom though. We want the whole root system: the failure that fed the soil, the pivot nobody saw coming, the season they almost gave up on the garden entirely. Because if you've ever been the first — or the only one — you already know something about growing in conditions you weren't necessarily planted for. You know that growth isn't optional. It's how you survive. And eventually, it's how you thrive. 
So consider this your garden. A place you come back to, season after season, to see what's actually possible when something gets planted, tended, and given time. 
I'm Janis Middleton, and this is The First, Not Only Network Podcast.
Host: Janis Middleton, Founder of the First, Not Only Network
Asha Hunter, Director of Operations for the First, Not Only Network
Produced by Walter Gainer II",Captivate,en,https://artwork.captivate.fm/ba2f2161-90a6-4477-a106-6cff3dcfc95e/First-Not-Only-Podcast-Cover-Art-Official-V2.png,2026-09-28 17:57:05,8051056,confirmed,https://www.firstnotonly.com/,1790618225,da723e6ff7b2db7fa6512a8f62caa639,,4,0,CORPORATE
THE SPACEMAN PODCAST,Merritt Productions,https://rss.buzzsprout.com/2654069.rss,"Sometimes you shoot for the stars and hit the moon. Merritt Productions has existed for 6 years in the digital marketing and content creation space. Now we pull back the curtain of digital and traditional marketing to talk about how we do business a little different and changed the marketing space as modern day ""Mad Men"". Come see how this little bitty company from Mississippi is revolutionizing the world of marketing. ",Buzzsprout,en,https://storage.buzzsprout.com/27vec1lvdyljb15zuagjd1e8uix8?.jpg,2026-09-28 17:55:37,8051055,confirmed,https://podcastle.ai/show/the-spaceman-podcast-BGLAGTBY,1790618137,293db8be3e1b63b681ca1aa10f1ab07c,,4,0,CORPORATE
Happy Not Funny with Michael Malone,PonyBear Studios,https://feeds.redcircle.com/5a519e63-8bea-4fd4-a43e-273c4a865a9b,"Can you be happy and still be funny? Or does comedy need a trauma to work? Happy Not Funny is a weekly podcast hosted by award-winning comedian Michael Malone, who sits down with comedians, writers, actors, and mental health professionals to explore the complicated relationship between humor, happiness, and everything in between. Each episode dives into the stories behind the jokes, whether that be therapy sessions, breakups, grief, reinvention, addiction, joy, or the strange little moments that make us laugh when we should probably be crying. Some conversations are hilarious, some are uncomfortably honest, and most land somewhere in the middle.If you’ve ever wondered why the people who make us laugh the hardest often carry the heaviest things, this is the podcast for you.",Spotify for Podcasters,en,https://media.redcircle.com/images/2026/9/26/17/b0137867-d704-4538-8860-f35188a3d326_0-8473895.jpg,2026-09-28 17:55:14,8051052,confirmed,https://redcircle.com/shows/happy-not-funny-with-michael-malone,1790618114,f4ec85fd415de8d247637ce3f72557ef,,4,0,INDIVIDUAL
ALL in,Graeme Codrington,https://rss.libsyn.com/shows/205807/destinations/1476659.xml,"A podcast about Christians, the Church, the Bible, our Faith and what we need to do to affirm and include the LGTBQI community - especially those who are seeking Jesus and who want to be involved in the Church.

We believe the Bible is God's word - through the ages and for today. We should study it, understand it and apply it to our lives. 

Hosted by Graeme Codrington, with a masters degree in theology, who was ordained in the Baptist Union of South Africa many years ago, yet changed his conservative view that the LGBTQI community are in deed sinners in need of salvation. After 15 years of studying the scriptures, investigating this topic, speaking with people and engaging with this community, we believe that God made some people gay and that we should accept and embrace the LGTBQI community as God's creations, loved by Him for who they are, not for who they are meant to be. 

In our podcast episodes

- We'll take you through the evidence found in Scripture, and seen through church history and traditions.

- We'll ask what this means for churches - what it looks like for churches to affirm the LGBTQI community, and what we should be saying and doing. Together with what this community should be hearing.

- We'll be sharing some of the stories LGBTQI Christians who love Jesus, and who love the church - even though the church has, in the most part, been so hateful to them. These are people who are desperately seeking Jesus and we must hear their stories. 

- We'll also share some of the stories of people who love Jesus, but hate the church - so that we can hear what the church should be doing. And then, of course, there are those stories of people who used to love Jesus but who know hate Jesus and the Church, because of what the church has done. We need to hear those stories too.",Libsyn,en,https://static.libsyn.com/p/assets/f/1/a/6/f1a6915c3a524783/Podcast_graphic1.jpg,2026-09-28 17:46:48,8051043,confirmed,http://allinpod.com,1790617608,00a3708ca694cb509612bbbfa065de3c,1566787924.0,2,0,INDIVIDUAL
Let's Talk About That,D'Andre Guirand,https://anchor.fm/s/1178f2060/podcast/rss,"Let's Talk About That: where we talk leadership, ministry, marriage, and church. If you want to grow, lead better, love deeper, and serve well, you’re in the right place. Let’s talk about that with D'Andre Guirand, pastor of Gateway City Church in Hollister, CA.",Anchor,en-us,https://d3t3ozftmdmh3i.cloudfront.net/staging/podcast_uploaded_nologo/46802232/46802232-1790036073387-39d926e071c36.jpg,2026-09-28 17:46:29,8051042,confirmed,https://podcasters.spotify.com/pod/show/lets-talk-about-that5,1790617589,f13230dda3bd505a98401c2e61dbc0d2,6815849909.0,2,0,CORPORATE
Roll Credits Podcast,Matt Buff,https://rss.buzzsprout.com/2654066.rss,"<p>Roll Credits Podcast is a unique show for movie lovers featuring a father and his sons. Movie discussions, games, and much more featuring weekly episodes.</p>",Buzzsprout,en,https://storage.buzzsprout.com/rrc05sbrzqso3x50stlsd96l2yyt?.jpg,2026-09-28 17:44:28,8051038,confirmed,https://rss.com/podcasts/roll-credits-podcast,1790617468,e05fb0dd0b98964f63a807cd8e5198cb,,0,0,INDIVIDUAL
Harion Ravens Wellness Center,Harion Ravens,https://anchor.fm/s/113b77ca8/podcast/rss,"Hosted by Harion Ravens, this show explores Alter Ego Integration: the practice of building a second identity, one with its own personality. Each episode breaks down the psychology behind why this works (self-distancing, anchoring, and the same mechanisms elite performers have used for decades — from Beyoncé's Sasha Fierce to Kobe Bryant's Black Mamba), pairs it with real research, and ends with a hands-on experiment you can try that same week.
This isn't theory. It's a live research project into how far intentional identity-building can take you — one keyword at a time.
New episodes weekly.",Anchor,en,https://d3t3ozftmdmh3i.cloudfront.net/staging/podcast_uploaded_nologo/46157594/46157594-1790482848331-6e815bfa455e.jpg,2026-09-28 17:42:31,8051035,confirmed,https://podcasters.spotify.com/pod/show/hari-haran8,1790617351,d22f154dba26e0f04ac665118e66d579,6816585284.0,2,0,INDIVIDUAL
Always Gold,Always Gold,https://feeds.acast.com/public/shows/6aba924129a486156aa661ad,"<p>Football is the most popular game on earth. Its history is usually told through trophies, legends and famous goals. Always Gold tells the other side.</p><br><p>Every week, we take one story from football's hidden history and tell it properly: the cartels that bought Colombia's clubs, the dictator who threatened his own World Cup squad, the political prisoners who built a football association inside apartheid's most notorious jail, the man who spent twenty years as a professional footballer without really playing.</p><br><p>These are stories where football isn't just the backdrop. It's where power, crime, politics, faith and identity collide, and where the game itself changes what happens next. Each episode goes back into the history that shaped the story, the people caught up in it, and the side stories that most accounts leave out.</p><br><p>Some episodes are dark. Some are absurd. All of them are true.</p><br><p>New episodes every week.</p><hr><p style='color:grey; font-size:0.75em;'> Hosted on Acast. See <a style='color:grey;' target='_blank' rel='noopener noreferrer' href='https://acast.com/privacy'>acast.com/privacy</a> for more information.</p>",Acast,en,https://assets.pippa.io/users/6a154e91b9ac1c860c96f5dc/pre-show-covers/1790611881479-c1eb2077-c37e-4109-a4d8-f8b87b1012d5.jpeg,2026-09-28 17:41:06,8051033,confirmed,https://shows.acast.com/always-gold,1790617266,279f91faf2288c7c1ac21e209567e73f,,0,0,INDIVIDUAL
Charles Clendenin,Charles Clendenin,https://feed.podbean.com/charlesclendenin/feed.xml,"<p>Charles Clendenin is a chemist, entrepreneur, and executive producer recognized for blending scientific expertise with entrepreneurial vision and creative leadership. With a background in chemistry, he has applied innovation to business, research, and entertainment. As a proud Son of the American Revolution, he carries forward values of integrity, service, and excellence while expanding his global presence and impact across industries.</p>",Podbean,en,https://pbcdn1.podbean.com/imglogo/image-logo/21435912/Charles_Clendenin6ejhm.jpg,2026-09-28 17:34:36,8051029,confirmed,https://charlesclendenin.podbean.com,1790616876,322a599c2663cee516e47a4f85dc07ce,,0,0,INDIVIDUAL
The Silent connection,Shumail,https://www.spreaker.com/show/7415738/episodes/feed,"Some connections are never spoken about. They exist quietly in the pauses, the unspoken understanding, the familiar presence, and the feeling of knowing someone without needing many words.<br /><br />In this episode, we explore “The Silent Connection” — the mysterious bond that can develop between people through shared experiences, emotions, memories, and subtle moments. Why can we sometimes feel deeply connected to someone without saying much? And why can silence communicate more than words ever could?<br /><br />A thoughtful exploration of human connection, emotional understanding, and the powerful things that remain unspoken.",Spreaker,en,https://d3wo5wojvuv7l.cloudfront.net/images.spreaker.com/nuvolari-assets/green_square_mic.jpg,2026-09-28 17:32:03,8051026,confirmed,https://www.spreaker.com/podcast/the-silent-connection--7415738,1790616723,a18d1d84107212b353c578f9e6b8e782,,4,0,INDIVIDUAL
"The Good Life, Unfortunately",Kelly Anne,https://rss.buzzsprout.com/2637416.rss,"<p>Country life. Pop culture. Motherhood. The occasional existential crisis.</p><p><br></p><p>What does it actually mean to live the good life? For one television professional, it means leaving the city for the country, raising a daughter, keeping chickens, obsessing over a garden, cooking dinner, watching an unreasonable amount of television and film, and attempting to make ordinary life feel a little more beautiful—and occasionally a lot more ridiculous. </p><p><br></p><p>The Good Life, Unfortunately is a funny, stylish and slightly macabre look at modern life, where motherhood meets movies, Bravo meets business affairs, gardening meets glamour, and Martha Stewart occasionally collides with Morticia Addams.</p><p><br></p><p>Each episode explores the things that make life interesting: pop culture, cinema, television, motherhood, domestic life, food, gardening, seasonal living, beauty, nostalgia and the strange little obsessions that get us through the week.</p><p><br></p><p>Because a good life doesn't have to be perfect.It just has to be yours.</p>",Buzzsprout,en-us,https://storage.buzzsprout.com/sb99nkc1kl8mwecg1jy1gu7uao2t?.jpg,2026-09-28 17:27:50,8051021,confirmed,,1790616470,c47438ced9b561300c44b92c56494711,,4,0,INDIVIDUAL
The Morgue Podcast,Lindsay Street,https://anchor.fm/s/11741257c/podcast/rss,"“The Morgue” is a podcast featuring conversations with newsroom veterans—folks who have covered the same beat in the same area (if not the same newspaper) for 15 years or more. The title is taken from the newspaper term “morgue,” where community information and stories were catalogued for future writers and researchers.",Anchor,en,https://d3t3ozftmdmh3i.cloudfront.net/staging/podcast_uploaded_nologo/46751127/46751127-1789406104172-21cfb06983614.jpg,2026-09-28 17:19:25,8051015,confirmed,https://podcasters.spotify.com/pod/show/linds-street0,1790615965,3549911db7faac301d5d7af99e99a204,6811990226.0,2,0,INDIVIDUAL
https://writerjudyspodcast.libsyn.com/writerjudys-podcast-what-are-you-listening-to,Judith E. Davis,https://feeds.libsyn.com/144473/rss,"Talking about music and what others are listening to. There is also talk about life, insight, a few jokes and fun during the 15- minute talk. https://www.youtube.com/watch?v=Wf_PI03efwA",Libsyn,en,https://static.libsyn.com/p/assets/c/c/a/c/ccac6b3c6d007f4fe5bbc093207a2619/Podcast_Image-3000-Square.jpg,2026-09-28 17:18:18,8051011,confirmed,http://writerjudy.com/contact.html,1790615898,d902cb028da0a0121b4385ec55a1f43e,1889694675.0,2,0,INDIVIDUAL
Data Sinners,ClownWithTheSickness Inc,https://anchor.fm/s/11777fe1c/podcast/rss,"It's us, Data Sinners.",Anchor,en,https://d3t3ozftmdmh3i.cloudfront.net/staging/podcast_uploaded_nologo/46787071/46787071-1789836876416-89a71342d554d.jpg,2026-09-28 17:18:07,8051010,confirmed,https://podcasters.spotify.com/pod/show/clownwiththesickness-inc6,1790615887,61d3b277f12c5c01bb89bed566e18146,6815837165.0,2,0,CORPORATE
Your Friend Who Knows,Chris Moss,https://feeds.acast.com/public/shows/6aba9e44f4720dfefb20984f,"<p>My name is Chris Moss and I want to be Your Friend Who Knows. You know...that friend who always seems to know what's going on in town. The friend who knows the secret spots to eat. The friend who knows about that person who has the best bakery running out of their home kitchen. I want to be that friend!</p><br><p>Your Friend Who Knows is an interview podcast that releases every other week, focusing on the Wayne, NJ, area. We'll talk to people who run local businesses, heads of local events, and everything else you can imagine wanting to know about the area. We're going to celebrate the place we live and help out the people who make it go.</p><hr><p style='color:grey; font-size:0.75em;'> Hosted on Acast. See <a style='color:grey;' target='_blank' rel='noopener noreferrer' href='https://acast.com/privacy'>acast.com/privacy</a> for more information.</p>",Acast,en,https://assets.pippa.io/users/69d7d42efdeddc4b12f303ff/pre-show-covers/1790614978128-ebb6c746-ffa8-4f3d-9e5d-afecd2c8843c.jpeg,2026-09-28 17:09:41,8051003,confirmed,https://feeds.acast.com/public/shows/your-friend-who-knows,1790615381,8dcffc042499cead33c95382a9aba337,,0,0,INDIVIDUAL
"12 Days to Change Your Life, Mousaab Khaldi",Mousaab Khaldi,https://anchor.fm/s/11505a1ac/podcast/rss,"12 Days to Change Your Life is a 14-episode podcast season for founders, executives, business owners, and high-performing leaders who have built success on the outside—but quietly feel exhausted, disconnected, unworthy, or empty within.
Hosted through deep, honest conversations inspired by Mousaab Khaldi’s 4 Interior Empires framework, this series goes beyond productivity hacks, hustle culture, and surface-level motivation. Across 12 daily episodes—plus an introduction and closing reflection—you will explore the patterns behind burnout, overachievement, self-doubt, emotional disconnection.",Anchor,en,https://d3t3ozftmdmh3i.cloudfront.net/staging/podcast_uploaded_nologo/46376579/46376579-1784292261426-adf40b984b042.jpg,2026-09-28 17:09:29,8051002,confirmed,https://mousaabkhaldi.com/,1790615369,fd6cb86ba7e48fe745593242dffa0252,6792024830.0,2,0,INDIVIDUAL
😕 Real Mystery Cases ?,👻Thriller Station👻,https://www.spreaker.com/show/7415604/episodes/feed,"Welcome to <b>Real Mystery Cases</b>, a podcast show on <b>Thriller Station</b>! Dive deep into the most chilling unsolved mysteries, real crime files, inexplicable occurrences, and strange historical events from around the world. Every episode brings you thrilling true stories that will leave you questioning reality.If you love real-life suspense, mysteries, and true crime documentaries, hit the follow button and stay tuned!",Spreaker,en,https://d3wo5wojvuv7l.cloudfront.net/t_rss_itunes_square_1400/images.spreaker.com/original/add73bd37ddeb8ba6c9b4842787b1b1b.jpg,2026-09-28 17:08:44,8051000,confirmed,https://www.spreaker.com/podcast/real-mystery-cases--7415604,1790615324,dccbe0e56d04742de279337da1309109,,4,0,INDIVIDUAL
Sam's Media Projects,Sam,https://anchor.fm/s/1124ccd00/podcast/rss,A collection of media projects Sam makes,Anchor,en-us,https://d3t3ozftmdmh3i.cloudfront.net/staging/podcast_uploaded_nologo/45919904/45919904-1778080173864-d68c2cced45ed.jpg,2026-09-28 17:06:08,8050999,confirmed,https://podcasters.spotify.com/pod/show/yeetthepeople,1790615168,f980936da5e7c5b343acb22aecab5827,6813648280.0,2,0,INDIVIDUAL
The Motherload Podcast,Andrea and Gillian,https://rss.buzzsprout.com/2652934.rss,<p>Two Moms. All The Chaos. No Filter. </p>,Buzzsprout,en-us,https://storage.buzzsprout.com/sro6lcq9d5e5avgoyz1q4img5jmv?.jpg,2026-09-28 17:05:28,8050998,confirmed,https://themotherloadpodcast.buzzsprout.com,1790615128,5af3be4061af7726964bec011e08bdb7,,4,0,CORPORATE
Wish Geek,Gen,https://feeds.transistor.fm/wish-geek,"We stand in today, and look toward the future that's coming, and the one that's inevitable.",Transistor,en,https://img.transistorcdn.com/aSoc7QbJULNkaftAjBykQC3w6JFOs0-QGwIFloU_EAQ/rs:fill:0:0:1/w:1400/h:1400/q:60/mb:500000/aHR0cHM6Ly9pbWct/dXBsb2FkLXByb2R1/Y3Rpb24udHJhbnNp/c3Rvci5mbS84YzA2/MWQ3MWJjM2E5YWI2/ZTI0Mjc0MDZmNWI0/N2I3ZS5wbmc.jpg,2026-09-28 16:54:55,8050989,confirmed,,1790614495,891b88cb2d20a9d4af81f7f572d1b852,,4,0,INDIVIDUAL
Wesco Power Up,Wesco,https://rss.buzzsprout.com/2651059.rss,"<p>Wesco Power Up Podcast brings together Wesco experts, supplier partners, customers and industry voices to explore the trends, technologies and real-world solutions shaping the future of energy. Through informative conversations and firsthand perspectives, each episode delivers practical insights to help professionals navigate change, solve challenges and move the industry forward.</p>",Buzzsprout,en-us,https://storage.buzzsprout.com/tqh8vv3274cd0lfq1dl8v7qfqv38?.jpg,2026-09-28 16:53:42,8050988,confirmed,https://www.buzzsprout.com/2651059,1790614422,23234688ff9a6d46482d98bc6baeef68,,4,0,INDIVIDUAL
"Ready to Book: Hands-Off Client Booking Funnel For Service Providers Ready to Attract, Nurture, and Close Dream Clients",Tara Counterman,https://rss.libsyn.com/shows/572030/destinations/4950040.xml,"Are you a freelancer, service provider, or agency owner who: 
Has a calendar packed with sales calls with leads who aren't ready to buy.
Is exhausted by the constant demand of social media.
Wants a sales process that builds trust, not friction. 
Wants to spend more time serving paying clients, not creating content that goes nowhere.
Loves your work, but hates selling it.
Ready to Book is your shortcut to a new, smarter way to sell your high-ticket services—without the constant back-and-forth, endless follow-ups, or feeling like you have to ""convince"" people to hire you.
In just 10 short episodes, you'll learn:
1. The biggest marketing mistakes service providers make (and how to fix them, fast)
2. How to sell to high-ticket clients in a way that works for them, without compromising your schedule
3. The secret to pre-qualify clients on autopilot, so they come to YOU ready to buy
4. How to create a client-booking machine that sells your expertise and services for you
By the end of this series, you'll know exactly how a strategic, 'record once' podcast will simplify your sales, attract perfect-fit leads, and book more clients with ease—so you can get back to the parts of your business (and life) that you love.
Hit play and start building a sales asset that works FOR you. 🎧
For more information or to book your Done-For-You Build visit https://hocmedia.co/apply",Libsyn,en,https://static.libsyn.com/p/assets/0/5/5/9/05590d93eec29246d959afa2a1bf1c87/Ready_to_Book_1.png,2026-09-28 16:52:31,8050986,confirmed,https://hocmedia.co/apply,1790614351,70b156c74302fb7b6291430e22597dda,1852813969.0,2,0,INDIVIDUAL
Reel Life,Jake Parker,https://anchor.fm/s/1167bdc68/podcast/rss,"This is Reel Life. A movie podcast with two best friends just love movies! New, old, doesn't matter. This podcast is like a late night breakdown outside the theatre with your friends.",Anchor,en,https://d3t3ozftmdmh3i.cloudfront.net/staging/podcast_uploaded_nologo/46621834/46621834-1787705309241-ded6cd3615295.jpg,2026-09-28 16:47:32,8050983,confirmed,https://podcasters.spotify.com/pod/show/jake-parker,1790614052,6cbcef4ea36f135ff12971f68ae10386,6805275940.0,2,0,INDIVIDUAL
Mysteries with Mollie,Mysteries with Mollie,https://feeds.megaphone.fm/MOSI7371283046,"<p>Join Mollie Westbrook as she delves into some of the *most* shocking and sickening true crime cases from all over the world! Click the follow button so you never miss a new upload!</p>
<p><br></p>",Megaphone,en-gb,"https://megaphone.imgix.net/podcasts/1030a1d6-c06c-11f0-9df7-c7e08ffd82a6/image/93edf30087b8b23d67dc81cdb4d8f5df.jpeg?ixlib=rails-4.3.1&max-w=3000&max-h=3000&fit=crop&auto=format,compress",2026-09-28 16:46:57,8050982,confirmed,,1790614017,fc6d07f665a757c73c7a6bdbdc9166e3,6814861182.0,2,0,CORPORATE
She's Not Done Yet! Rebuild Your Life After Gray Divorce,Tamara Monosoff,https://feeds.captivate.fm/shes-not-done-yet-pod/,tbd,Captivate,en,https://artwork.captivate.fm/83c0ad40-5b6e-47f3-9a8b-0dcccc29d6fe/She-s-Not-Done-Yet-Podcast-Cover-1.jpg,2026-09-28 16:41:48,8050973,confirmed,https://shes-not-done-yet-pod.captivate.fm,1790613708,ab5f37e9eff018b277716f2fde579b75,,4,0,INDIVIDUAL
Groove & Talk,Groveman Drums,https://anchor.fm/s/117ba9e5c/podcast/rss,"Groove & Talk is a conversation with musicians while playing and holding down a groove at the same time. Hosted by Sam Groveman, ""Groveman Drums.""",Anchor,en,https://d3t3ozftmdmh3i.cloudfront.net/staging/podcast_uploaded_nologo/46830735/46830735-1790353882636-32f2baf8034ca.jpg,2026-09-28 16:41:03,8050971,confirmed,https://podcasters.spotify.com/pod/show/sam-groveman6,1790613663,30526c195553361d6b2dea7587a5a0bc,6816242771.0,2,0,INDIVIDUAL
Catechesis for Kids,"Our Redeemer Lutheran Church in Dallas, TX",https://rss.buzzsprout.com/2654041.rss,"<p>A collection of archived episodes from 2020 featuring brief reviews and reflections on Sunday School lessons, Scripture, and Christian teaching for kids.</p>",Buzzsprout,en-us,https://storage.buzzsprout.com/chdr305aarfm1gwfo11l9xsynwt9?.jpg,2026-09-28 16:36:58,8050969,confirmed,https://sundayschoolreviews.buzzsprout.com,1790613418,4100fac166eaec5c1e70ecbb18d3085a,,4,0,CORPORATE
Worth Listening: How to Make a Mission-Driven Podcast,Next Chapter Podcasts & Voxtopica,https://feeds.transistor.fm/worth-listening,"You’re a communicator at a non-profit or mission-driven organization, and you know podcasting is one of the most powerful ways to build trust, reach new audiences, and drive real impact. But in an industry that moves at startup speed, finding the time, budget, and internal buy-in to launch and grow a show feels impossible.

That’s where Worth Listening comes in. Each episode, media strategists Jeremiah Tittle and Richard Fawal sit down with creators, CMOs, and industry leaders who have been in your shoes. They pull back the curtain on what actually works—sharing the wins, the missteps, and the battle-tested tactics you need to create a podcast that cuts through the noise and moves your mission forward.

Whether you’re trying to convince your board, stretch a lean budget, or turn listeners into advocates, this is the practical, no-fluff guide to building a non-profit podcast that matters.

Subscribe now, and let’s make something worth listening to.",Transistor,en,https://img.transistorcdn.com/ykfL8sdXMQKGMv7WalKROzNM_ihGRSzzn3rWJM0_hL0/rs:fill:0:0:1/w:1400/h:1400/q:60/mb:500000/aHR0cHM6Ly9pbWct/dXBsb2FkLXByb2R1/Y3Rpb24udHJhbnNp/c3Rvci5mbS81OWFj/NjgyZjMzNGUyNzZi/ODBjZmJkNDJkMWE3/YjlmNi5wbmc.jpg,2026-09-28 16:19:50,8050953,confirmed,https://www.missiondrivenpodcasts.com,1790612390,d0cd2b2268bbfe957dc8a2799124d5c1,,4,0,CORPORATE
Ask Us Anything with Jon and Dave,Woodlands Church,https://feeds.libsyn.com/630848/rss,"Real questions, honest conversation. Each week on Ask Us Anything, Jon Ewton and Dave Bondeson bring the questions they've been wrestling with, along with the ones you send in, and talk through what it looks like to faithfully follow Jesus in the world we're living in right now. News, culture, faith, and everything in between. You won't always agree with them, and they won't always agree with each other, but our hope is that these conversations help you have better ones of your own. 
Got a question? Send it to podcasts@woodlandschurch.org.",Libsyn,en,https://static.libsyn.com/p/assets/b/3/8/6/b386732413f6502288c4a68c3ddbc4f2/Ask_Us_Anything_Podcast_2.png,2026-09-28 16:17:48,8050950,confirmed,https://woodlandschurch.org/podcasts/,1790612268,dc97b5304ba1e044f472055e302d4fbb,6815728660.0,2,0,CORPORATE
Mind your own business your money is your business,Agnesia Agrella,https://rss.buzzsprout.com/2638639.rss,"<p>Financial Freedom for Neurodivergent Women</p><p>Finally, financial strategies that work <em>with</em> your neurodivergent brain, not against it. Discover how to build wealth, effortlessly track your money, and achieve true financial independence.</p>",Buzzsprout,en-gb,https://storage.buzzsprout.com/1d87qcjl0ecw16ozozpjv1wzswtk?.jpg,2026-09-28 16:17:20,8050949,confirmed,,1790612240,491b725f8d4128af9c6837bb8d8b9dd5,,0,0,INDIVIDUAL
And All the Animals,Useful Monsters,https://rss.buzzsprout.com/2654004.rss,"<p>And All the Animals is a walk through the whole Bible — start to finish, in order, one story at a time.<br><br>There are two voices. A narrator tells the story. A raven supplies the facts: what a cubit works out to, how big Nineveh actually was, which museum the tablet is sitting in. The raven was, by its own account, present for some of this, and has not entirely gotten over how that turned out.<br><br>The stories are told straight, which means the people in them come off exactly as badly as the text says they do. Jacob is a con man. Noah gets off the boat and plants a vineyard. The prophet in episode one would rather die than watch his enemies be forgiven. The Bible's own narrator is unsparing about all of it — we just say it out loud.<br><br>Where a passage has been read two ways for a thousand years, we say so, lay both out as well as we can, and leave it with you. Where the archaeology is contested, you get the dates, the findspots, and an honest shrug. Episodes end on a question rather than a moral.<br><br>Written for about ten and up, and for whoever else is in the car. Every episode opens with a plain note about what's in it, and when something is hard, we say so before we get there.</p>",Buzzsprout,en-us,https://storage.buzzsprout.com/yur903csqhqeuthdljgsrsqmm8em?.jpg,2026-09-28 16:14:45,8050947,confirmed,,1790612085,c089218d1e633fc07d1029db0ef96b10,,4,0,INDIVIDUAL
Rural Doc Hop,Doc Stef,https://feed.podbean.com/ruraldochop/feed.xml,"<p>Do you ever wonder about those little towns you drive through, that are just a dot on the map? Places that not many know much about? What made them, what broke them, what could still haunt them? Well, we are going to dive a little deeper into that. I’m your host, Doc Stef, and welcome to Rural Doc Hop. </p>",Podbean,en,https://pbcdn1.podbean.com/img/podbean-logo/podbean_81.jpg,2026-09-28 16:13:54,8050946,confirmed,https://ruraldochop.podbean.com,1790612034,f42295f260bb34e4447abe45d6f8feb5,6787731405.0,2,0,INDIVIDUAL
Rubies and Anchor,Steph and Essie,https://anchor.fm/s/10ff27ec4/podcast/rss,"If you're a young Christian following Jesus and trying to figure out life as He leads, this podcast is for you.
Steph and Essie are best friends having honest conversations about faith, life, struggles, growth and everything in between. We met at a point where God was who we both wanted to seek, and now we're navigating this journey of following Jesus together.
Expect faith-based conversations, reflections on the gospel and what it means to live as a Christian youth.
We are glad to have you here!",Anchor,en,https://d3t3ozftmdmh3i.cloudfront.net/staging/podcast_uploaded_nologo/45525177/45525177-1788901008144-aeedf0cb038f2.jpg,2026-09-28 16:13:03,8050944,confirmed,https://podcasters.spotify.com/pod/show/rubies--anchor,1790611983,cca79fd2fb7a6cde4c0c33c386361d34,6816163946.0,2,0,CORPORATE
Best in Show Podcast,Best In Show Podcast,https://anchor.fm/s/11797b34c/podcast/rss,"You'd be surprised how much you can learn about an artist when talking about the animals in their lives.
Best in Show Podcast, hosted by Mimi Dybs, is a conversation with massive animal lovers about the ways their lives and work are influenced by the animals around them. This isn't a show about pet care tips. It’s an open, honest look at the turning points, the tough seasons, and the quiet moments that make up a life, because our pets are often right there beside us through the moments that shape us.",Anchor,en,https://d3t3ozftmdmh3i.cloudfront.net/staging/podcast_uploaded_nologo/46807851/46807851-1790100196499-d4294e035e09c.jpg,2026-09-28 16:09:43,8050942,confirmed,https://podcasters.spotify.com/pod/show/best-in-show-podcast1,1790611783,f559e82bd6148f2bf365c79a22edef29,6814937658.0,2,0,INDIVIDUAL
Bookmagic AI,Lucy McCarraher,https://feeds.captivate.fm/book-magic-ai/,"Bookmagic is the podcast for aspiring authors who know they have something valuable to say, but need help turning their ideas, expertise and experience into a book that builds their business.  Hosted by author and publishing expert Lucy McCarraher, each episode explores the Bookmagic Formula, from finding the right idea and identifying the reader to creating a clear structure, developing compelling content and actually getting the words written. Along the way, Lucy tackles the challenges that can keep a book stuck in someone’s head or languishing in a folder marked ""BOOK FINAL VERSION 3"", including doubt, perfectionism, procrastination and the fear of not being ready or expert enough.  Whether the book is still just an idea, already underway or has been waiting years to be finished, Bookmagic helps aspiring authors find a practical way forward and turn the book they’ve been thinking about into something real.",Captivate,en,https://artwork.captivate.fm/5548040c-55fb-435a-b54c-2c72d53bc2ae/lucy-book-magic.jpg,2026-09-28 16:00:01,8050935,confirmed,https://book-magic-ai.captivate.fm,1790611201,31168d8b194875c40c4d306cc8fc30cd,,4,0,INDIVIDUAL
Somewhere on Earth: The Global Tech Podcast,Ania Lichtarowicz,https://rss.buzzsprout.com/2654039.rss,"Somewhere on Earth: The Global Tech Podcast - Tech That Actually Matters<br /><br />If you’re tired of hype, gadgets-for-gadget’s-sake, and the same recycled tech headlines, welcome to Somewhere on Earth (SOEP) - the weekly global tech podcast that digs way deeper.<br /><br />Made by and hosted by the ex-BBC World Service Digital Planet team (yes, the award-winning crew behind 21+ years of world-leading tech journalism and 1.5M annual downloads), SOEP uncovers the untold stories shaping our digital world.<br /><br />This isn’t a show about the latest shiny toy. It’s about technology that changes lives, cultures, and global societies.<br /><br />Each episode explores:<br />⚡ The real-world impact of emerging tech<br />🌍 New innovations driving social good<br />🔍 Under-the-radar digital trends you should be paying attention to<br />🧠 How tech is reshaping communities, culture, and the way we live<br />📰 The technology behind the week’s biggest world stories - explained simply<br /><br />Our mission?<br /><br />To build a tech-for-good ecosystem where new ideas, powerful insights, and meaningful innovation can grow.<br /><br />If you want smart, globally minded tech storytelling from journalists who’ve been doing this longer (and better) than almost anyone else - SOEP is your new must-listen podcast.<br /><br />🌎 Somewhere on Earth: Where tech meets humanity. <br /><br />Become a supporter of this podcast: <a href=""https://www.spreaker.com/podcast/somewhere-on-earth-the-global-tech-podcast--6924871/support?utm_source=rss&utm_medium=rss&utm_campaign=rss"">https://www.spreaker.com/podcast/somewhere-on-earth-the-global-tech-podcast--6924871/support</a>.",Buzzsprout,en,https://storage.buzzsprout.com/sjosxm1vvavsz07bwcvmcr5vz91y?.jpg,2026-09-28 15:51:03,8050929,confirmed,https://www.spreaker.com/podcast/somewhere-on-earth-the-global-tech-podcast--6924871,1790610663,0b552e5764693b8606dc6db91a3143bd,,0,0,INDIVIDUAL
The Anti-Ted Talk: Small Ideas for a Big World,Joe Hanrahan,https://anchor.fm/s/1178a0e54/podcast/rss,"There's a certain kind of talk you've seen a hundred times, perfect lighting, red carpet walk-up, eighteen minutes of polish from someone billed as exceptional delivering a big message to change the world. 
This isn't that. The Anti-Ted Talk has a different premise, that the ideas by and for ordinary people can be just as useful. I focus on person sized insights in wellbeing, psychology and personal philosophy. Because we don't come with instruction manuals, and one size does not fit all.  Small you shaped ideas that might give you a fresh perspective and maybe a new way forward.",Anchor,en-au,https://d3t3ozftmdmh3i.cloudfront.net/staging/podcast_uploaded_nologo/46798909/46798909-1790005093928-e155befb19ab2.jpg,2026-09-28 15:38:58,8050918,confirmed,https://podcasters.spotify.com/pod/show/joe-hanrahan3,1790609938,4c01f156e6e81cf3be0bbf58e8ab38b6,6815641912.0,2,0,INDIVIDUAL
Inside the Room,Susan Bond,https://feeds.transistor.fm/inside-the-room,"Inside The Room is a podcast of conversations with the food, nutrition, and ag operators who turned regulation into a competitive edge. Host Susan Bond, a former FDA regulator with over twenty years in food safety and regulatory strategy, talks with operators about the real work of getting a product through regulation and into the world. Each episode trades pitch-deck talk for the practical detail founders actually need.",Transistor,en,https://img.transistorcdn.com/t3koEBhMbQtzvE2i1jjhwwkPBA0O4g4A-s5zrRZz260/rs:fill:0:0:1/w:1400/h:1400/q:60/mb:500000/aHR0cHM6Ly9pbWct/dXBsb2FkLXByb2R1/Y3Rpb24udHJhbnNp/c3Rvci5mbS8yOWIy/NGNmY2IwZGZkZTYx/M2U0MDAzYjNiNTc3/YWYxMy5wbmc.jpg,2026-09-28 15:35:38,8050917,confirmed,,1790609738,82cd789acd560cad8c7524da6e1f061f,,4,0,INDIVIDUAL
DarKer,DarKer,https://www.spreaker.com/show/7415459/episodes/feed,"Uploads every few days. Everything here is made with way too much attention to detail. Got something interesting you think I should see? Send it over. I check submissions regularly, and it might end up in a video. Submissions: darkervibesyt@gmail.com Thanks for sticking around. And yes, my voice is human!",Spreaker,en,https://d3wo5wojvuv7l.cloudfront.net/t_rss_itunes_square_1400/images.spreaker.com/original/ef859434b02f070897c69512c0977e94.jpg,2026-09-28 15:33:42,8050915,confirmed,https://www.spreaker.com/podcast/darker--7415459,1790609622,2c31c6538ff4c234c9b539b8910f410c,,4,0,INDIVIDUAL
Token Economics - FinOps for AI · A podcast by Profisea Labs,Profisea Labs,https://rss.buzzsprout.com/2654035.rss,"AI is eating budgets. Token Economics is here to fix that.
Hosted by Ariel & Ariel from the Profisea team — who work hands-on with scaling startups every day - this podcast unpacks the real economics of AI: token costs, GPU spend, LLM optimization, cloud architecture, and the FinOps strategies that separate startups who scale profitably from those who burn cash.
Each episode features candid conversations with international CTOs, founders, and tech leaders navigating growth, cost, and AI adoption.
Brought to you by Profisea Labs - experts in FinOps, DevOps, and AI-driven cloud cost optimization",Buzzsprout,en,https://storage.buzzsprout.com/hibryjn5b6l4t2sou1dcvat83aj2?.jpg,2026-09-28 15:32:12,8050909,confirmed,https://podcasters.spotify.com/pod/show/cloud-for-managers2,1790609532,3d57f7ef5edecfb85001fbad33c35f18,,4,0,CORPORATE
The Success Your Way Podcast,Success Your Way,https://rss.buzzsprout.com/2651525.rss,"<p>Building a business is easier when you don't do it alone. The Success Your Way Podcast is a conversation for women business owners who want more connection, support, and practical tools.</p><p><br></p><p>Hosts Adrienne Freeland and Nancy Benet sit down with the speakers from our Success Your Way Cafe gatherings and go deeper into their stories.  You'll hear honest conversations about money, mindset, and building a business that fits the life you want.</p><p><br></p><p>Success doesn't look the same for everyone. Come find out what it looks like for you.</p>",Buzzsprout,en-us,https://storage.buzzsprout.com/es2rg9e49moyzqls4xl713nqyvch?.jpg,2026-09-28 15:32:07,8050908,confirmed,https://successyourwaypodcast.buzzsprout.com,1790609527,9d9cf68537c815b91361ab2c5680611d,,0,0,INDIVIDUAL
From advertising to product marketing,Kavita,https://rss.buzzsprout.com/2654031.rss,<p>Breaking into tech after 9 years in advertising</p>,Buzzsprout,en-us,https://storage.buzzsprout.com/rk9oianzz08v203wzxnvni4i46vg?.jpg,2026-09-28 15:24:31,8050898,confirmed,https://www.buzzsprout.com/2654031,1790609071,182e52f8329e40c4b9bfea0dbfaf34b8,,4,0,INDIVIDUAL
The Unhinged Money Podcast,Evan Reid and Ellie King,https://anchor.fm/s/1171f24cc/podcast/rss,"If you've ever typed a money question into Google at 11pm because you were too embarrassed to ask a real person, this show is for you. 
Join mortgage brokers, Ellie King; a Sydney mortgage broker and director of Elevate Financial Lending, and Evan Reid, founder of Neo Finance Group in Newcastle with seventeen years in lending, who are funny about money and serious about getting it right.",Anchor,en-au,https://d3t3ozftmdmh3i.cloudfront.net/staging/podcast_uploaded_nologo/46728843/46728843-1789096535479-b6e38c7cdc4ee.jpg,2026-09-28 15:22:43,8050897,confirmed,https://podcasters.spotify.com/pod/show/andrew-cooney,1790608963,3c800e92bd32ef96f6f54c0d54759242,6811329397.0,2,0,CORPORATE
The PACE Playbook,Ankur Patel,https://rss.buzzsprout.com/2653346.rss,"<p><b>The PACE Playbook</b> is a podcast dedicated to advancing the Program of All-Inclusive Care for the Elderly (PACE). Hosted by geriatrician, PACE leader, and international best-selling author Dr. Ankur Patel, the show features candid conversations with PACE executives, clinicians, innovators, policymakers, and industry leaders. Each episode shares practical strategies, lessons learned, innovative ideas, and real-world insights to help strengthen and grow PACE across the country.</p><p><b>Increase PACE awareness. Accelerate growth. Share what works. Advance PACE together.</b></p><p><br></p><p>The PACE Playbook is proudly presented by ChorusRx: chorusrx.com</p>",Buzzsprout,en-us,https://storage.buzzsprout.com/s8yumak88spnfa108yo4m45v87cf?.jpg,2026-09-28 15:19:50,8050896,confirmed,https://www.buzzsprout.com/2653346,1790608790,bad4591f7776d60e79ef5df915052631,,4,0,INDIVIDUAL
Made in Agriculture,Farm Credit East,https://rss.buzzsprout.com/2652283.rss,"<p>Made in Agriculture is a podcast produced by Farm Credit East for Northeast agricultural producers. Designed to provide the business insights producers need to make informed business decisions, the podcast will cover topics such as tax planning, risk management, market trends and succession strategies. New episodes will be released bi-weekly and will be available on all major podcast platforms.</p>",Buzzsprout,en-us,https://storage.buzzsprout.com/rmrvaqzkznjpcj44i2sbd4pte9vf?.jpg,2026-09-28 15:16:25,8050894,confirmed,http://farmcrediteast.com/podcast,1790608585,6bc2f7a5458f2da08059d44b2a61bf49,,0,0,INDIVIDUAL
"The Sovereign Arsenal | Dark Psychology, Stoicism and Mental Self-Defense",Mente Siniestra,https://anchor.fm/s/11783bdec/podcast/rss,"Welcome to The Sovereign Arsenal, your strategic operations manual for mental self-defense. This podcast is engineered for those who operate under high-pressure environments and seek to forge an unshakeable character. Through practical stoicism and dark psychology, we deconstruct the hidden mechanics behind emotional manipulation, covert narcissism, gaslighting, and the warfare of human behavior. Learn to dissect social patterns, set ironclad boundaries, and master your internal state. Do not allow uncertainty to bend your frame. Become the judge of your reality and guard your autonomy.",Anchor,en,https://d3t3ozftmdmh3i.cloudfront.net/staging/podcast_uploaded_nologo/46794771/46794771-1789945043096-bc832a06e2617.jpg,2026-09-28 15:08:24,8050884,confirmed,https://mentesiniestraoficial.com/,1790608104,4401ab6a7e1c503eb3cc21c5abe706ac,6816716375.0,2,0,INDIVIDUAL
The Chemical Engineer Podcast,The Chemical Engineer,https://rss.buzzsprout.com/2653973.rss,<p>The Chemical Engineer will discuss some of the biggest stories in industry with a variety of interesting experts and game-changers working in and around the chemical engineering profession. </p>,Buzzsprout,en-gb,https://storage.buzzsprout.com/7jlu0d1cbfp42685fule4zekd53p?.jpg,2026-09-28 15:05:44,8050881,confirmed,https://www.buzzsprout.com/2653973,1790607944,19d769904a784a34d345a08e11b9d146,,4,0,CORPORATE
Science Bees - Kids,Travel Sports Parents,https://anchor.fm/s/117c9b6d0/podcast/rss,"Science Bees - Kids was made for families who spend hours in the car — heading to travel sports, tournaments, and practices. Instead of letting that drive time go to waste, each short episode teaches your kid one science topic. No worksheets, no screens — just a few minutes of learning between the backseat and the next game.",Anchor,en-us,https://d3t3ozftmdmh3i.cloudfront.net/staging/podcast_uploaded_nologo/46840628/46840628-1790638025557-31bccd3a81d47.jpg,2026-09-28 15:05:21,8050879,confirmed,https://podcasters.spotify.com/pod/show/hockey-mom3,1790607921,d0db1065644643418fd012eee2908ee6,6816580125.0,2,0,INDIVIDUAL
Love. Practice. Progress.,Rising Stars Wellness,https://rss.buzzsprout.com/2654023.rss,"Love. Practice. Progress. is a Rising Stars Wellness podcast about becoming healthier without chasing perfection. Through honest conversations, personal stories, expert insights, and practical strategies, we explore wellness, mindset, movement, nutrition, self-trust, relationships, and the everyday work of becoming who you want to be. Because lasting change isn’t built in one perfect moment. It’s built through love, practice, and progress.",Buzzsprout,en,https://storage.buzzsprout.com/05tbzqey2hc7hz0zwkywkpgo9bvb?.jpg,2026-09-28 14:56:44,8050870,confirmed,https://podcasters.spotify.com/pod/show/anjelis-oliveira8,1790607404,d1cf74c5d89ad6a18c98a9a496461cb7,,4,0,INDIVIDUAL
Biblical Words for a Peaceful Sleep,Laura Custódio,https://www.spreaker.com/show/7415228/episodes/feed,"Relax your mind, calm your heart, and end your day with the peaceful Word of God. Bible Verses for Sleep brings you comforting and inspiring Bible verses designed to help you let go of stress, find inner peace, and prepare for a restful night.<br />Listen before bedtime and allow these timeless words of faith, hope, and encouragement to guide you into a peaceful sleep. 🌙📖✨<br />Sleep peacefully. Rest in God’s presence.",Spreaker,en,https://d3wo5wojvuv7l.cloudfront.net/t_rss_itunes_square_1400/images.spreaker.com/original/c666fb78245ea3dde17cc858d5500f5e.jpg,2026-09-28 14:55:18,8050869,confirmed,https://www.spreaker.com/podcast/biblical-words-for-a-peaceful-sleep--7415228,1790607318,079d143f8284cbbdd590210787143ae6,,4,0,INDIVIDUAL
The Christian Mindset Coach with Alicia Michelle: Managing Emotions and Overwhelm Using Brain Science and Biblical Truth for Calm + Clarity,Alicia Michelle | Christian Mindset Coach,https://feeds.buzzsprout.com/246403.rss,"<p>You love God. You want peace… but your emotions feel loud, exhausting and overwhelming.</p><p><br></p><p>If you’re tired of feeling anxious, emotionally exhausted and stuck in overthinking loops, you’re not alone — and you’re not broken. </p><p><br></p><p>Most Christian women were never taught how to manage emotions in a healthy, biblical way, especially in the middle of real life.</p><p><br></p><p>I’m Alicia Michelle, an ICF-certified life coach (ACC, CPLC), NeuroCoach and author of <em>Emotional Confidence</em>. I’m also the host of this multi-award-winning podcast, where I help Christian women learn how to manage emotions using <b>brain science and Scripture</b> so they can respond with calm, clarity and confidence — not emotional chaos.</p><p><br></p><p>On the podcast, we talk honestly about anxiety, fear, emotional overwhelm, people-pleasing, perfectionism, disappointment and navigating emotions in marriage, motherhood and family life. You’ll learn practical emotional management tools that help you acknowledge what you’re feeling while still honoring biblical truth.</p><p><br></p><p>With nearly half a million downloads and 7 years running, by God’s grace this podcast has helped tens of thousands of Christian women build emotional confidence rooted in faith.</p><p><br></p><p>I’m so glad you’re here! Join me every Monday for a new episode and let's talk about how to stop reacting emotionally and start responding with clarity, calm and confidence.</p><p><br></p><p><b>🎁 Want a simple place to start? (FREE GIFT FOR YOU!) 🎁</b></p><p> </p><p>I created a free 7-day course called <b>Notice + Name Your Feelings</b> to help you slow down and understand what you’re actually feeling — without judgment or overwhelm. </p><p><br></p><p>It’s a short, practical tool that helps you stop spiraling and respond with more peace and clarity.</p><p><br></p><p>Start the free course here: <a href=""https://AliciaMichelle.com/feelings""><b>AliciaMichelle.com/feelings</b></a></p>",Buzzsprout,en-us,https://storage.buzzsprout.com/z7vj97ubh08n9thj717wduxa5dda?.jpg,2026-09-28 14:45:06,8050864,confirmed,https://aliciamichelle.com,1790606706,e39a4b4a526b9233021150646d3ccac8,1734503693.0,2,0,INDIVIDUAL
Jute vs Cotton Bags,Sara International,https://www.spreaker.com/show/7415261/episodes/feed,"Jute and cotton bags each offer practical advantages depending on the intended application. Jute bags are known for their natural texture, structural strength, lower fabric cost, and suitability for bold one- or two-colour designs. Cotton canvas bags offer finer print reproduction, more colour choices, washability, and strong performance for repeated use. Factors such as freight weight, bag specifications, moisture exposure, printing requirements, and sustainability claims should also be considered before placing a bulk order.",Spreaker,en,https://d3wo5wojvuv7l.cloudfront.net/images.spreaker.com/nuvolari-assets/yellow_square_mic.jpg,2026-09-28 14:42:49,8050863,confirmed,https://www.spreaker.com/podcast/jute-vs-cotton-bags--7415261,1790606569,e91b8e843d1e3d7aea98af7bb36eb7dc,,4,0,INDIVIDUAL
Sunday Scaries Poddy,Eve and Ciara,https://anchor.fm/s/117978408/podcast/rss,"Welcome to the Sunday Scaries Poddy — your weekly dose of oversharing, weird stories, questionable decisions and completely unfiltered debriefs. From dating disasters and nights out to the random things that happen in everyday life, nothing is off limits.
With a rotating lineup of friends joining us along the way, expect different stories, different opinions and plenty of “you cannot say that on a podcast” moments. Join us every Sunday to make your Sunday seem less scary!",Anchor,en-us,https://d3t3ozftmdmh3i.cloudfront.net/staging/podcast_uploaded_nologo/46807730/46807730-1790099121417-bf9b214f86a6d.jpg,2026-09-28 14:42:37,8050862,confirmed,https://podcasters.spotify.com/pod/show/ciara-mackey,1790606557,9c80d1c74a7b06491fdd75d78cd21edd,6816660798.0,2,0,CORPORATE
Amigo's Minions,SLAM Radio,https://anchor.fm/s/117bb7b74/podcast/rss,"Join the ""minions"" every week as they chat about everything from jaw-dropping sports highlights and thrilling matchups to the hottest celebrity news, movie releases, and music trends.",Anchor,en,https://d3t3ozftmdmh3i.cloudfront.net/staging/podcast_uploaded_nologo/46831301/46831301-1790358906191-f7608cb3c2c1f.jpg,2026-09-28 14:40:35,8050860,confirmed,https://podcasters.spotify.com/pod/show/slam-radio4,1790606435,ef025fe0b17b80be8c53152a84608e3f,6816201255.0,2,0,CORPORATE
Metropolis Resort: Fun Intended,katetm,https://feed.podbean.com/katetm/feed.xml,"<p><em>Fun Intended</em> is the official podcast of Metropolis Resort, where we take you behind the scenes of the fun. From the people who make it happen to the stories that come out of it, this is your inside look at how every experience is created. Because here, fun isn’t accidental, it’s intended!</p>",Podbean,en,https://pbcdn1.podbean.com/imglogo/image-logo/22287558/FunIntendedThumbnail.png,2026-09-28 14:35:47,8050857,confirmed,https://katetm.podbean.com,1790606147,9a2b17782d2e9473006f361a7dbcb1ef,6814919373.0,2,0,INDIVIDUAL
iFanboy - Comic Books,iFanboy,https://feeds.captivate.fm/ifanboy/,"The iFanboy.com Comic Book Podcast is a weekly talk show all about the best new current comic book releases. Lifelong friends, Conor Kilpatrick and Josh Flanagan talk about what they loved and (sometimes) hated in the current weekly books, from publishers like Marvel, DC, Image Comics, Dark Horse Comics, BOOM! Studios, IDW, Aftershock, Valiant, and more. The aim is to have a fun time, some laughs, but to also really understand what makes comic books work and what doesn’t, and trying to understand the craft of this great, often under appreciated art form. Sometimes they agree, and sometimes… they don’t. With decades of experience talking about comics, interacting with comic book professionals, this is all about the love of an art form. If the names Brian Michael Bendis, Amanda Conner, Geoff Johns, Gene Luen Yang, Donny Cates, Jason Aaron, Kelly Thompson, David Marquez, Kelly Sue de Connick, Kieron Gillen, Charles Soule, Ta-Nehisi Coates, Scott Snyder, Tom King, Mitch Gerads, Esad Ribic, Rick Remender, Nick Spencer, John Ridley, Skottie Young, Chip Zdarsky, Jöelle Jones, David F. Walker, Grant Morrison, and Darwyn Cooke get you excited, then this is the place for you. This podcast is so good, you don’t even need to read comic books or graphic novels to enjoy it, but it’s a lot better if you do.",Captivate,en,https://artwork.captivate.fm/1d8d5690-37a1-4a76-9eab-157278c5156d/ifb-logo2.jpg,2026-09-28 14:24:00,8050850,confirmed,http://www.ifanboy.com,1790605440,6ceea52e605e94dc2306e7dac6701201,,4,0,INDIVIDUAL
The Override,Digital Dave,https://feeds.transistor.fm/the-override,"Three different AIs and co-host Digital Dave explore the ethical and effective use of artificial intelligence in the workforce and advanced education. This 10-show season includes topics on gaining free access to AIs, avoiding AI hallucinations, creating effective resumes, cover letters, and much more.",Transistor,en,https://img.transistorcdn.com/6ZzyymAGWsjnAvmKz1veR-VJEgol_s7caCd6AXHt1r4/rs:fill:0:0:1/w:1400/h:1400/q:60/mb:500000/aHR0cHM6Ly9pbWct/dXBsb2FkLXByb2R1/Y3Rpb24udHJhbnNp/c3Rvci5mbS9lMmYw/YzExYTEyZGM5MjQ3/NzcyNjUzOWFmZmU3/NTQzYi5qcGc.jpg,2026-09-28 14:23:50,8050849,confirmed,https://hello.citrus3.com:2020/public/waiiraiinternetradio,1790605430,875483abe95e616d867f76f8cab91703,,4,0,CORPORATE
Devlog After Dark,Till The End Games,https://anchor.fm/s/1172443bc/podcast/rss,"Join Till The End Games as they discuss the ongoing creation of their first indie game, Kingdoms of Arailia, in their spare time. Delving into their progress and challenges faced, along with some chatter on the gaming industry.
Interested in more?
https://www.youtube.com/@kingdomsofarailia
or join the Kingdoms of Arailia discord",Anchor,en-gb,https://d3t3ozftmdmh3i.cloudfront.net/staging/podcast_uploaded_nologo/46732199/46732199-1789143165449-af07f9642f541.jpg,2026-09-28 14:19:52,8050847,confirmed,https://kingdomsofarailia.com/,1790605192,cf201172c5526ed14f153579946a6c52,6815818876.0,2,0,INDIVIDUAL
The Forum,The Forum,https://anchor.fm/s/117c41a18/podcast/rss,"Honest faith for young adults
Curating Gospel messages & podcasts
🗓️ Tuesdays 7 PM • Online & In-Person
🎥 Filmed live @sfmbcmd • Join the community ⬇️
The Forum | Bible Fellowship",Anchor,en,https://d3t3ozftmdmh3i.cloudfront.net/staging/podcast_uploaded_nologo/46836950/46836950-1790431323191-3910201b3cdae.jpg,2026-09-28 14:15:57,8050843,confirmed,https://podcasters.spotify.com/pod/show/mike2445,1790604957,5c6a9f19a7c740d63fc6a7d1fe6fe2df,6816497665.0,2,0,CORPORATE
Hope Amongst Hate,Mary Woodard,https://feeds.acast.com/public/shows/6ab5878a432e34fa45f72219,"<p><em>""Let's shine a light in the dark, and spread a little hope amongst hate.""</em></p><br><p><strong>Hope Amongst Hate</strong> is a community podcast based out of Tacoma, Washington. With a focus on legislative advocacy and LGBTQIA2S+ rights, our interview-style podcast aims to educate on local and statewide issues while empowering our communities through the stories and experiences of those impacted.</p><br><p>Brought to you by Rainbow Center, a 501(c)(3) LGBTQIA2S+ nonprofit based in Tacoma, WA. Visit us at <a href=""https://rainbowcntr.org/"" rel=""noopener noreferrer"" target=""_blank"">rainbowcntr.org</a> to learn more about our work and find out how YOU can spread some Hope Amongst Hate.</p><hr><p style='color:grey; font-size:0.75em;'> Hosted on Acast. See <a style='color:grey;' target='_blank' rel='noopener noreferrer' href='https://acast.com/privacy'>acast.com/privacy</a> for more information.</p>",Acast,en,https://assets.pippa.io/users/6ab582c3c974afb15425a145/pre-show-covers/1790280785021-6bbdf900-6c60-42d2-83ba-61e0a1246a51.jpeg,2026-09-28 14:06:21,8050834,confirmed,https://feeds.acast.com/public/shows/hope-amongst-hate,1790604381,baf73afe28152a579bed5cd2f0fb1f02,,0,0,INDIVIDUAL
King's BHF Centre Podcast,KCL NHF Centre,https://rss.buzzsprout.com/2654008.rss,"<p>Interviews with prominent scientists and clinicians in the field of cardiovascular and metabolic medicine and sciences. From the King's College London, BHF centre for Research Excellence. </p>",Buzzsprout,en-gb,https://storage.buzzsprout.com/62tct7ww7r1gix20hwz8ap30q9zr?.jpg,2026-09-28 14:04:58,8050831,confirmed,,1790604298,b4021322abcc49bea450b9c20cf517ba,,4,0,INDIVIDUAL
The bible,Ilcen de Sousa,https://www.spreaker.com/show/7415097/episodes/feed,"The Bible<br />Discover the timeless stories, teachings, mysteries, and powerful lessons found throughout the Bible. From creation and the lives of biblical figures to faith, courage, love, sacrifice, and hope, each episode brings Scripture to life in an engaging and easy-to-follow way.<br />Whether you are a longtime believer or simply curious about biblical history and stories, join us as we explore the Bible and the messages that have inspired generations.",Spreaker,en,https://d3wo5wojvuv7l.cloudfront.net/t_rss_itunes_square_1400/images.spreaker.com/original/45af3fc257d71e6411154a616ffde9b0.jpg,2026-09-28 13:57:08,8050823,confirmed,https://www.spreaker.com/podcast/the-bible--7415097,1790603828,dbb5d548251d658c230725873e7174ed,,4,0,INDIVIDUAL
அனுதினம் ஆண்டவரோடு,Jessydanny,https://www.spreaker.com/show/7414866/episodes/feed,நாம் அனுதினம் கிறிஸ்தவ வாழ்க்கையை எப்படி வாழ வேண்டும் என்பதை பற்றிய விளக்கம்,Spreaker,en,https://d3wo5wojvuv7l.cloudfront.net/t_rss_itunes_square_1400/images.spreaker.com/original/ba4cbdfcf742fc1c1e93b54640329b6b.jpg,2026-09-28 13:51:47,8050817,confirmed,https://www.spreaker.com/podcast/anutinam-antavarotu--7414866,1790603507,eb4727049348f87dd71912f1a6b074bc,,4,0,INDIVIDUAL
On Set with Samantha,SCP Studios LLC,https://anchor.fm/s/11529af5c/podcast/rss,"On Set with Samantha is a podcast about what really goes into creating elevated weddings, events, and brands. Hosted by international photographer, lawyer, educator, and studio owner Samantha Clarke, this show offers a behind-the-scenes look at the decisions, details, and creative direction that shape high-end experiences. Through real conversations with planners, creatives, and industry professionals, each episode explores what it takes to go beyond the expected and create something truly intentional.",Anchor,en-us,https://d3t3ozftmdmh3i.cloudfront.net/staging/podcast_uploaded_nologo/46400207/46400207-1784646819325-1482d8983c784.jpg,2026-09-28 13:47:30,8050815,confirmed,https://podcasters.spotify.com/pod/show/scp-studios-llc3,1790603250,504ed02765287fb469ceb81b07f15299,6793261315.0,2,0,CORPORATE
Knowledge Flow,Knowledge Flow,https://www.spreaker.com/show/7415064/episodes/feed,"Welcome to Knowledge Flow, the podcast that fuels your passion for learning! Whether you’re a student, professional, or lifelong learner, we bring you the best insights from top educational books across engineering, science, business, management, and school subjects. Discover over 100+ popular titles available at the best prices in India, and explore curated learning resources to expand your knowledge. Tune in to get inspired, stay informed, and keep your curiosity flowing.<br /><br />Become a supporter of this podcast: <a href=""https://www.spreaker.com/podcast/knowledge-flow--7415064/support?utm_source=rss&utm_medium=rss&utm_campaign=rss"">https://www.spreaker.com/podcast/knowledge-flow--7415064/support</a>.",Spreaker,en,https://d3wo5wojvuv7l.cloudfront.net/t_rss_itunes_square_1400/images.spreaker.com/original/883accc94aab0fce1d553bc889e7ecd9.jpg,2026-09-28 13:36:46,8050804,confirmed,https://www.spreaker.com/podcast/knowledgeflow,1790602606,7186e7e1cbbddc9f58cc6019f72e8b2b,,4,0,INDIVIDUAL
ALLATRA Podcasts,ALLATRA,https://anchor.fm/s/114f91d60/podcast/rss,"The official ALLATRA podcasts featuring scientific discussions, research, and expert interviews.",Anchor,en,https://d3t3ozftmdmh3i.cloudfront.net/staging/podcast_uploaded_nologo/46368376/46368376-1787024227261-a65c42f7ca55.jpg,2026-09-28 13:30:07,8050797,confirmed,https://podcasters.spotify.com/pod/show/allatra-podcasts3,1790602207,da8edd333140da2ed7b846ae753ab180,6815078519.0,2,0,INDIVIDUAL
the growth portal podcast,Tessa Pitt,https://anchor.fm/s/117b45628/podcast/rss,"What if the entire purpose of our existence is to grow and evolve? 
Welcome to the growth portal - a honest, radical and curiously spiritual podcast, delving into the wild, messy journey that is our lives. 
Hosted by Tessa Pitt, each episode explores the authentic learnings and stories of epic people who are unwaveringly committed to growing as souls. 
This podcast is all about embracing the growth portal - a space that will chew us up, and spit us out (in the best way possible). 
Come for the yarns, be inspired, and allow yourself to grow - it's what we are all here to do!",Anchor,en,https://d3t3ozftmdmh3i.cloudfront.net/staging/podcast_uploaded_nologo/46826618/46826618-1790304772722-63f503d1b6c46.jpg,2026-09-28 13:17:47,8050787,confirmed,https://podcasters.spotify.com/pod/show/tessa-stevens5,1790601467,fe8649aa00b85bd922d71d7b76ca9b0a,6816260989.0,2,0,INDIVIDUAL
Pay Attention Podcast,Mabel Tolbert,https://rss.buzzsprout.com/2653998.rss,"<p>Pay Attention is about paying attention to yourself—your boundaries, your voice, your values, your money, your relationships, your purpose, and the life God is calling you to live.”</p>",Buzzsprout,en-us,https://storage.buzzsprout.com/oh381hzdsrvbvcuokd0nwciyskpt?.jpg,2026-09-28 13:17:15,8050786,confirmed,,1790601435,04fe02a1cc85839c1275266d50f7c9a1,,4,0,INDIVIDUAL
Pod Credit Scene,Michael Yannello,https://feeds.acast.com/public/shows/pod-credit-scene,"Deep dive discussions into all things comic books, movies, and gaming (we also WILL go off on tangents that lead nowhere.) So strap in and enjoy 3 friends from college argue about their favorite hobbies!<hr><p style='color:grey; font-size:0.75em;'> Hosted on Acast. See <a style='color:grey;' target='_blank' rel='noopener noreferrer' href='https://acast.com/privacy'>acast.com/privacy</a> for more information.</p>",Acast,en,https://assets.pippa.io/shows/6a7779afe188bf946fb29fb6/1786506594793-bf038064-84fc-4084-a7ec-74d79c6b7bc4.jpeg,2026-09-28 13:17:15,8050785,confirmed,https://feeds.acast.com/public/shows/pod-credit-scene,1790601435,dd3c7838a612f289c9d8aefa9d0143fa,6799535407.0,2,0,INDIVIDUAL
C1M8 - LOFT,LOFT,https://feeds.transistor.fm/c1m8-loft,LOFT EDUCA C1M8,Transistor,en,https://img.transistorcdn.com/o6fB3NZl7MjkQWgJ6YdCwckNIl_9IJhVWpOj2KIMTDc/rs:fill:0:0:1/w:1400/h:1400/q:60/mb:500000/aHR0cHM6Ly9pbWct/dXBsb2FkLXByb2R1/Y3Rpb24udHJhbnNp/c3Rvci5mbS9lY2Mz/ZTRmYWM0MDM5ODE1/ZTU0MjU5M2ZjYWYz/Y2Q4ZC5qcGc.jpg,2026-09-28 13:15:47,8050782,confirmed,,1790601347,c50cd6f387ee485ddd720cad3d2ce121,,4,0,CORPORATE
Grief is the Word,Dominic Lam,https://anchor.fm/s/113d3a8c4/podcast/rss,"What can literature and film tell us about grief and longing? 💛
Grief is the Word is a brand-new podcast hosted by Dominic Lam. Each episode, Dominic speaks with an academic about a book or a film that explores grief, loss and longing. 
New episodes and guests every other Wednesday 🎧
Follow on Instagram @grieftheword",Anchor,en,https://d3t3ozftmdmh3i.cloudfront.net/staging/podcast_uploaded_nologo/46176057/46176057-1781610643127-ff21fb84f7559.jpg,2026-09-28 13:15:35,8050780,confirmed,https://podcasters.spotify.com/pod/show/dominiclam,1790601335,8b1f69f675942049bbfa18b13dd38b54,6812715559.0,2,0,INDIVIDUAL
The Gaslight District (2000s Series),Annoying Pig,https://anchor.fm/s/117bb7aac/podcast/rss,"WELCOME TO THE GASLIGHT DISTRICT!
Original show made by Glitch Productions & PartTimeSeagull!",Anchor,en-us,https://d3t3ozftmdmh3i.cloudfront.net/staging/podcast_uploaded_nologo/46831299/46831299-1790358909063-5c383675873e7.jpg,2026-09-28 13:13:53,8050775,confirmed,https://podcasters.spotify.com/pod/show/annoying-pig-podcasts0,1790601233,c29aab8e6ed374d8fb0daa763b68821b,6816464584.0,2,0,INDIVIDUAL
Under the Awning,What's Up Downunder,https://anchor.fm/s/1179cbfe0/podcast/rss,"Under the Awning brings together the travellers, characters and industry insiders who make Australian life on the road what it is.
Hosted by What’s Up Downunder journalist Steph Pond, each episode goes beyond the pitch for honest conversations about caravanning, towing, travel and the issues shaping Australia’s RV industry.
Expect practical advice, great stories and straight answers from the people who build, tow and live in these things.",Anchor,en-au,https://d3t3ozftmdmh3i.cloudfront.net/staging/podcast_uploaded_nologo/46811160/46811160-1790134828731-79323751fddc8.jpg,2026-09-28 13:13:33,8050772,confirmed,https://podcasters.spotify.com/pod/show/whats-up-downunder-au,1790601213,cc882b7b2093329ed18251ba6779c55f,6815097621.0,2,0,INDIVIDUAL
Grok The News,Robert Gardner,https://anchor.fm/s/117c82414/podcast/rss,"GROK THE NEWS is a daily news roundup of stories from America and around the globe. First, a deep dive into the most important story of the day, followed by summaries of the most important stories in the world. Published daily, Monday through Friday, by 7:00 AM American Central Time.",Anchor,en-us,https://d3t3ozftmdmh3i.cloudfront.net/staging/podcast_uploaded_nologo/46839597/46839597-1790463903446-020366d2a7c9c.jpg,2026-09-28 13:06:11,8050765,confirmed,https://podcasters.spotify.com/pod/show/robert-gardner7,1790600771,61e3dcbb23917ed8f0fc9f863622e4a4,6816541462.0,2,0,INDIVIDUAL
The Hibernathan Podcast,Nathan McCartney,https://anchor.fm/s/11734750c/podcast/rss,"Drift off to sleep with Hibernathans dulcet tones from the north of Ireland, alongside sleepy music from different guests every episode.",Anchor,en,https://d3t3ozftmdmh3i.cloudfront.net/staging/podcast_uploaded_nologo/46742811/46742811-1789327839416-cd1e7b4435945.jpg,2026-09-28 13:05:53,8050763,confirmed,https://podcasters.spotify.com/pod/show/nathan456,1790600753,a7b1b7af0a185fb646d2966f537aae43,6811669702.0,2,0,INDIVIDUAL
the goon sesh,sgt c j smoov and thomas moore,https://rss.buzzsprout.com/2653616.rss,<p>a fun gathering of friends that express themselves</p>,Buzzsprout,en-us,https://storage.buzzsprout.com/q3lo9xzs4gdbtiwfc29taiowpdka?.jpg,2026-09-28 13:05:41,8050762,confirmed,,1790600741,79a41c0bc8502a42540b1054cd2bf2b7,,0,0,CORPORATE
Retirement Radar Radio,Winn Trivette II,https://rss.buzzsprout.com/2653927.rss,"<p>Every week, <b>learn about the forces reshaping retirement </b>from Social Security and taxes to markets, healthcare, work, housing, and life abroad.<br><br><b>Cut through the noise</b> and understand what today’s headlines could mean for your retirement tomorrow.<br><b>Spot risks, opportunities, and changing assumptions</b> before they catch you off guard.<br><br><b>Build retirement security</b> with practical ideas you can use to make smarter decisions about your money, work, and future.<br><br><b>Gain retirement readiness and retire by your own rules at retirementreadinessradar.com.</b></p>",Buzzsprout,en-us,https://storage.buzzsprout.com/liaehdefr82hpa88dr3gv3e4555f?.jpg,2026-09-28 13:05:35,8050761,confirmed,,1790600735,af763fe310fb22c822736843c20c7e4c,,4,0,INDIVIDUAL
"Behind IVF Clinic Doors | Real Clinic Reviews, Fertility Expert Insights, & IVF Info",Joanna Villalard,https://feed.podbean.com/infot5qj/feed.xml,"Behind IVF Clinic Doors | Real Clinic Reviews, Fertility Expert Insights, & IVF Info",Podbean,en,https://pbcdn1.podbean.com/imglogo/image-logo/22649541/Podbean_Podcasts_-_Cover_Design_BICD_-_2048x20488pc0i.png,2026-09-28 13:05:35,8050760,confirmed,https://behindivfclinicdoors.podbean.com,1790600735,91286beaeb08ade8cf9d774134125318,6814446827.0,2,0,INDIVIDUAL
LOYAL: A Utah Jazz Podcast,David Alejandro Cruz,https://anchor.fm/s/1176d6fc4/podcast/rss,"LOYAL is a fan-centered podcast for those who bleed Jazz. From game-day reactions and player performances to roster moves, rivalries, and everything happening around the team, we bring an honest, passionate perspective on the Utah Jazz.
Whether the Jazz are chasing a playoff spot, building for the future, or navigating the ups and downs of the NBA season, LOYAL is here for all of it. No matter the record, no matter the era, we stay LOYAL.
From the FANS. For the JAZZ. Always LOYAL.",Anchor,en,https://d3t3ozftmdmh3i.cloudfront.net/staging/podcast_uploaded_nologo/46780153/46780153-1789741173486-df4d83ac94061.jpg,2026-09-28 13:02:19,8050756,confirmed,https://podcasters.spotify.com/pod/show/davidacruz2,1790600539,05ecb751de9ef7cb92cb1da285624aac,6814901766.0,2,0,CORPORATE
Managing Made Simple,Lia Garvin,https://rss.buzzsprout.com/2378431.rss,"Managing Made Simple is a weekly leadership and management podcast for people managers, business owners, and founders who want to lead high-performing teams without falling back into the work themselves.
Each week, host Lia Garvin- 3x bestselling author and former team operations leader at Google, Apple, and Microsoft- breaks down the real, everyday challenges of leading teams, giving feedback, delegating, creating team accountability, high performing culture, retention, and more with performance with practical strategies you can implement immediately. Lia’s work has been featured in Harvard Business Review, Fast Company, The Wall Street Journal, and Fortune.
With Lia, you get real talk and actionable leadership insights that make it easier to manage your team and get better results from your people. 
If you’re asking leadership questions like:
• How do I get my team to take ownership and accountability for their work?
• Why do I have to repeat myself constantly as a manager?
• How do I know if I hired the wrong employee?
• How do I delegate effectively without things falling apart or micromanaging?
• How can managers tell if team members are overusing AI at work?
• What actually motivates employees today?
• How do I give feedback that actually moves the needle?
• How do I communicate vision, expectations, and strategy clearly?
• What are best practices for performance reviews, compensation, and growth conversations?
How do you lead a team through change, uncertainty, and rapid growth with confidence?
You’ll find the tools, frameworks, and leadership strategies you need to lead your team better, starting today.
Managing Made Simple:
✔ Corporate managers navigating continual change
✔ Founders & Business Owners scaling teams without burning people out
✔ Entrepreneurs balancing business strategy and people leadership
✔ Experienced leaders ready to modernize how they manage teams
New episodes drop every Tuesday, delivering leadership lessons, people management tools, and team-building strategies you can apply immediately.
Learn more at liagarvin.com",Buzzsprout,en,https://pbcdn1.podbean.com/imglogo/image-logo/22532044/0wbl4nf4dmm06h0kvu94thcu1tqd.jpg,2026-09-28 12:55:59,8050752,confirmed,https://liaj4.podbean.com,1790600159,1ab260b7019597e78b6600755c3e4075,,4,0,INDIVIDUAL
Fintech World News Report,Merchant Advisory Services (JP Biamby),https://anchor.fm/s/116ca0884/podcast/rss,"Payments, cryptocurrencies, and artificial intelligence. The e-commerce digital transformation is happening so fast, it's hard to make sense of it all. My name is JP Biamby, the CEO of Merchant Advisory Services & welcome to the Fintech World News Report. We'll give you just the facts, as simple as we can. We'll give you a recap of all the news that made the headlines in fintech, payments, and artificial intelligence. Tune in to hear what's new in fintech.",Anchor,en,https://d3t3ozftmdmh3i.cloudfront.net/staging/podcast_uploaded_nologo/46673065/46673065-1788376915429-226cd3d85eb65.jpg,2026-09-28 12:52:31,8050750,confirmed,https://merchantadvisoryservices.com,1790599951,98ca3faf4d05d3966bf41f8488f4fa5c,6815925569.0,2,0,CORPORATE
Walk Your Journey Podcast,Pastor Dwayne D. Flood,https://anchor.fm/s/1176cde74/podcast/rss,"Every journey has mountaintops and valleys, clarity and uncertainty, waiting and unexpected turns. But what if these moments aren’t interruptions—they’re part of how God is forming you? The Walk Your Journey Podcast explores what it means to follow Jesus through the real seasons of life, helping you recognize where you are, understand what God may be developing in you, and take your next step toward becoming more like Christ. Let’s walk.",Anchor,en,https://d3t3ozftmdmh3i.cloudfront.net/staging/podcast_uploaded_nologo/46779781/46779781-1789737265903-e4416e0e80a84.jpg,2026-09-28 12:50:42,8050749,confirmed,https://podcasters.spotify.com/pod/show/kennedy98,1790599842,a80f6cf13b9fa0a4ceca72feded03ba8,6816074639.0,2,0,INDIVIDUAL
Living in Spain,David Wright,https://www.spreaker.com/show/7414865/episodes/feed,"<b>Living in Spain with David Wright</b><br />Thinking about moving to Spain, living in Spain or starting a new life in the sun? This podcast gives you practical information, real experiences and expert advice about life in Spain.I’m David Wright, a British expat who has lived in Almería, Spain, for over 24 years. Through my website <b><a href=""http://www.davidwrightonline.com"" target=""_blank"" rel=""noreferrer noopener"">www.davidwrightonline.com</a>,</b><br /><br />I help people understand what is really involved in moving to Spain and making a new life here.In Living in Spain with David Wright, I talk about the subjects that matter to people planning a move to Spain, including Spanish visas, residency, buying and renting property, healthcare, taxes, working in Spain, becoming self-employed and the real cost of living in Spain.You'll also hear interviews with professionals and experts, including Alejandro Salvador, Honorary British Consul in Almería, discussing important issues affecting British people living in Spain or planning to move here.<br />I also share my own experiences of more than two decades living in Spain — the good things, the challenges and the mistakes people can avoid.Whether you're already living in Spain, planning your move or simply dreaming about a new life in the Spanish sunshine, Living in Spain with David Wright is here to help.<br />🌐 <a href=""http://www.davidwrightonline.com"" target=""_blank"" rel=""noreferrer noopener"">www.davidwrightonline.com</a><br />🎙️ New episodes covering the latest information and real-life experiences of living and working in Spain.#LivingInSpain #MovingToSpain #MoveToSpain #ExpatSpain #LifeInSpain #SpainVisa #WorkingInSpain #BritishExpats #RetireToSpain #Almeria #DavidWright",Spreaker,en,https://d3wo5wojvuv7l.cloudfront.net/t_rss_itunes_square_1400/images.spreaker.com/original/4fb9960070055b8a782236b2a8f5e1fc.jpg,2026-09-28 12:50:08,8050748,confirmed,https://www.spreaker.com/podcast/living-in-spain--7414865,1790599808,6aeb45740f6046a76296c0155e4a0c81,,4,0,INDIVIDUAL
Paradise Lost — An Investigation,S. Ashen,https://anchor.fm/s/117d03550/podcast/rss,"A progressive investigation of John Milton’s Paradise Lost. Starting from the text itself, each episode follows the questions it raises about evil, free will, rebellion, power, guilt and identity. Milton’s characters are examined through literature, philosophy, theology and psychology. Not a summary, but an evolving reading in which interpretations can change as the poem unfolds.",Anchor,en,https://d3t3ozftmdmh3i.cloudfront.net/staging/podcast_uploaded_nologo/46844884/46844884-1790532998483-3c898221890a.jpg,2026-09-28 12:46:14,8050745,confirmed,https://podcasters.spotify.com/pod/show/sonia008,1790599574,c0ccbab9b432eec0e31b45c92cde92c7,6816750500.0,2,0,INDIVIDUAL
Letters to the Elect of God in a Time of Trouble (Audio Book) – Robert Roberts | Read by P.Cresswell,The Bible Channel,https://anchor.fm/s/104798cf4/podcast/rss,Letters to the Elect of God in a Time of Trouble (Audio Book circa1885) – Robert Roberts | Read by Paul Creswell,Anchor,en-gb,https://d3t3ozftmdmh3i.cloudfront.net/staging/podcast_uploaded_nologo/43600421/43600421-1746377569891-4afe88daf0359.jpg,2026-09-28 12:43:01,8050742,confirmed,https://podcasters.spotify.com/pod/show/christadelphians-talk5,1790599381,36f7e5460f7aeb54d6282203c3a56aac,6816634820.0,2,0,CORPORATE
The History of the English Language Podcast,History Podcasts & Josh Linsk,https://feeds.megaphone.fm/the-history-of-the-english-language-podcast,"<p><strong>The History of the English Language Podcast</strong>, hosted by Josh Linsk, explores how English developed from its earliest roots into one of the world’s most widely spoken languages. Each episode traces the people, migrations, invasions, cultures, technologies, and historical events that shaped English vocabulary, grammar, pronunciation, spelling, and everyday speech.</p>
<p>The podcast follows the language through Old English, the Anglo-Saxon period, Viking influence, the Norman Conquest, Middle English, the Great Vowel Shift, Early Modern English, Shakespeare, the printing press, colonial expansion, American English, and the rise of English as a global language. Along the way, it examines where words came from, why meanings changed, how accents developed, and how English absorbed influences from Latin, French, Norse, Greek, and many other languages.</p>
<p>From ancient word origins to slang, dictionaries, dialects, literature, pronunciation, and modern language change, <strong>The History of the English Language Podcast</strong> brings together linguistics, history, etymology, culture, and the evolution of English for anyone fascinated by how the language became what it is today.</p>",Megaphone,en,"https://megaphone.imgix.net/podcasts/2220b486-b886-11f1-99ff-7f5a1600c1f2/image/a7dfe13ac3d62f931837cace3bb6b474.png?ixlib=rails-4.3.1&max-w=3000&max-h=3000&fit=crop&auto=format,compress",2026-09-28 12:36:47,8050739,confirmed,https://www.historypodcasts.com,1790599007,1ed5802d57b4c24f6a3b44f7e8d9d4b5,,0,0,CORPORATE
I'm Obsessed,Masa and Elie B,https://rss.buzzsprout.com/2651441.rss,"<p>Just two friends gabbing and yapping about their current (and sometimes lifelong) obsessions. Join us weekly as we dive into various topics - sometimes our facts need checking, but our opinions are always strong!</p>",Buzzsprout,en-us,https://storage.buzzsprout.com/4rrd4tmft8qoi6dasz6awx9dr1vm?.jpg,2026-09-28 12:35:06,8050737,confirmed,,1790598906,4020272cfd804051799a0f02fde972bb,6816949935.0,4,0,CORPORATE
WrightMindGolf Podcast,Steve Wright | WrightMindGolf,https://anchor.fm/s/117611a58/podcast/rss,"Golf is more than a swing. WrightMindGolf explores the mental, emotional, and nervous system side of the game to help everyday golfers play better and enjoy golf more. Hosted by licensed clinical mental health counselor and avid golfer Steve Wright, each episode delivers practical tools for handling pressure, recovering from bad shots, regulating emotions, building confidence, and getting out of your own way on the course. Regulate Before You Execute.",Anchor,en,https://d3t3ozftmdmh3i.cloudfront.net/staging/podcast_uploaded_nologo/46772070/46772070-1789644864868-25912cbe154.jpg,2026-09-28 12:26:16,8050730,confirmed,https://podcasters.spotify.com/pod/show/wrightmindgolf-steve-wrig,1790598376,93cc1ad7f6526dd3a098d7ca15b183c4,6814873541.0,2,0,INDIVIDUAL
The Riders Meeting,Scott Voorheis,https://rss.buzzsprout.com/2646239.rss,"<p>This is where dirt bike and ATV trail riders come together to talk trails, machines, and everything that happens along the way. We’ll take you behind the scenes of the WolfSlide® Trailride and share stories about riding, camping, good food, campfires, and the tall tales that get taller every time they’re told.</p><p>From time to time, we’ll be joined by special guests from the off-road community. This is a family-oriented podcast, but you can expect a little adult humor, plenty of dad jokes, and a whole lot of fun.</p><p>Learn more about the WolfSlide® Trailride at <a href=""http://www.wolfslide.com"">www.wolfslide.com</a>.</p>",Buzzsprout,en-us,https://storage.buzzsprout.com/cx0ome66y27eoo9w52nb0nwigpj1?.jpg,2026-09-28 12:24:52,8050728,confirmed,,1790598292,5faad6534679d9cf81fc0aaf8bbd11dd,,0,0,INDIVIDUAL
HFM,Horror Film Meetup,https://rss.buzzsprout.com/2137827.rss,"<p>HFM (Horror Film Meetup) is a podcast devoted to the discussion of all things Horror Film. Your hosts Christian, Cori & Joe get together a few times a month to give you their takes on all kinds of genre movies, answer some audience questions and mull over a beer or two as they go. If you have a passion for the spookystuffs - these are your people.</p>",Buzzsprout,en-us,https://storage.buzzsprout.com/7pxzq0pddk6oci6bw9h8axwh2x83?.jpg,2026-09-28 12:10:32,8050718,confirmed,http://horrorfilmmeetup.com,1790597432,b4f095f2760eebbb841f04e4b86e014c,,4,0,INDIVIDUAL
Inside the SWCreations Studio,SWCreations,https://anchor.fm/s/117c3a1c8/podcast/rss,"Step inside the SWCreations studio for stories about lampwork glass, beads, jewelry, color, materials, and the history behind the craft. Each episode explores everything from fascinating glassmaking traditions and famous materials to practical lampwork tips, creative techniques, and the inspiration behind handmade designs.",Anchor,en-us,https://d3t3ozftmdmh3i.cloudfront.net/staging/podcast_uploaded_nologo/46836642/46836642-1790427235073-31fe0876340bc.jpg,2026-09-28 12:10:13,8050717,confirmed,https://podcasters.spotify.com/pod/show/swcreations3,1790597413,e9521d68cc74518cc8a853ec4b6aef23,6816414309.0,2,0,INDIVIDUAL
The Marriage Tune-Up,Storehouse Church of McComb,https://rss.buzzsprout.com/2500289.rss,"<p>The Marriage Tune-Up is a podcast from Storehouse Church of McComb with Pastor Marcus Whitman III. In short, practical episodes, Pastor Marcus walks through the biblical principles that build a strong, Christ-centered marriage: covenant, love, serving one another, and unity. Whether your marriage is thriving or needs some work, each episode offers Scripture, real-life stories, and simple steps to help you tune it up.</p>",Buzzsprout,en-us,https://storage.buzzsprout.com/ihoeuhnmulhsj70ok509nafugf8w?.jpg,2026-09-28 12:05:39,8050716,confirmed,https://www.buzzsprout.com/2500289,1790597139,fbd20f81771e2ab2678ce70406eb1215,,4,0,CORPORATE
The Art Abides Podcast,Art and Maria,https://anchor.fm/s/117aa685c/podcast/rss,"The Art Abides Podcast is the real‑talk, laugh‑a‑little extension of The Art Abides blog. We break down everyday life, sports, movies, music, TV, and whatever else we’re debating, overthinking, or laughing about that week. When a new blog post drops, we use the podcast to expand on it, go deeper, and share the thoughts that didn’t fit in writing. Not every episode ties to the blog, but every blog gets an adjoining podcast on YouTube and all platforms.",Anchor,en-us,https://d3t3ozftmdmh3i.cloudfront.net/staging/podcast_uploaded_nologo/46820111/46820111-1790233302641-a18828dbfe88f.jpg,2026-09-28 12:03:57,8050713,confirmed,https://podcasters.spotify.com/pod/show/art303,1790597037,bc074e1ed96c10113ca196144b7767bb,6815907791.0,2,0,CORPORATE
Departed Words - Shorts,Truth.FM,https://feeds.transistor.fm/departed-words-shorts,"The Departed Words podcast is created from digitized old media to keep alive the sermons, lessons, and wisdom of preachers and teachers from the churches of Christ whose material would otherwise be lost to the sands of time.  Listen to these interesting shorts, and then consider subscribing or listening to Departed Words.",Transistor,en,https://img.transistorcdn.com/p0o1Gvet0DhkYDkTzgM6xoczIpCTPzPU-bOU4GYfGH8/rs:fill:0:0:1/w:1400/h:1400/q:60/mb:500000/aHR0cHM6Ly9pbWct/dXBsb2FkLXByb2R1/Y3Rpb24udHJhbnNp/c3Rvci5mbS82ZDMz/M2Q2ODIyNDcwMDg2/OWJmYWVkMDAzYzEx/ODQzMC5wbmc.jpg,2026-09-28 12:02:42,8050711,confirmed,https://truth.fm,1790596962,adc402e886074a82f5c3b2d9ce5364c2,,4,0,INDIVIDUAL
Sunday Hydration,Smart Jewelz Network,https://anchor.fm/s/117cd2874/podcast/rss,"The Sunday Hydration Podcast was created to give a word of inspiration to those who need encouragement, healing or hydration. Join King Jewelz (Mr. h2o) as he discusses relationships, culture, discipleship, healing and self-accountability Christian principles to transform your life. Stay hydrated and follow along with us this year every Sunday with new episodes being released.",Anchor,en,https://d3t3ozftmdmh3i.cloudfront.net/staging/podcast_uploaded_nologo/46842885/46842885-1790512952728-2e880bcdac145.jpg,2026-09-28 11:57:01,8050702,confirmed,https://www.smartjewelzenterprises.org,1790596621,d50bcee5911a6968f7fa702778953226,6816691109.0,2,0,CORPORATE
Vartalaap,Bhajan kirtan,https://feeds.acast.com/public/shows/6aba4e7e6ffb28f8d647e29e,"Ekantik Samvaad - Podcast by Premanand Maharaj. Dive into the deep wisdom of Premanand Maharaj with Ekantik Samvaad, an unofficial podcast dedicated to sharing his teachings on spirituality, devotion and inner transformation. Through deep reflections, timeless discourses and enlightening conversations, this podcast aims to guide s eekers towards Ekantik Bhakti - the path to ultimate devotion and self-realization.Join us as we explore the essence of true spirituality, detachment and divine love through the words of Premanand Maharaj. For any copyright concerns, please contact: theheistreports@gmail.com#trending, #sadhanpath, bhajan marg, motivational video, motivational, vrindavan, shri hit radha kripa, brahmacharya, krishna bhajan, celibacy, sanatan dharma, ram, radha naam jap, #VrindavanRasMahima , #EkantikVartalaap, #Hinduism, successful, premanand ji maharaj, premanand ji maharaj pravachan, premanand ji maharaj satsan#premanandjimaharaj  #premanandji#premanandmaharaj  #premanandjimaharajpravachan #premanandjikatha#premanandmahar<hr><p style='color:grey; font-size:0.75em;'> Hosted on Acast. See <a style='color:grey;' target='_blank' rel='noopener noreferrer' href='https://acast.com/privacy'>acast.com/privacy</a> for more information.</p>",Acast,en,https://assets.pippa.io/shows/6aba4e7e6ffb28f8d647e29e/show-cover.jpeg,2026-09-28 11:46:05,8050694,confirmed,https://podcast-platform-fawn.vercel.app,1790595965,c81d62a01fd41ab5ae38c60f4328c7f1,,0,0,INDIVIDUAL
AI Business Book Summaries for Gabo level Entrepreneurs (B2 Englsih),Reivax,https://feeds.redcircle.com/9cef65e5-92a1-4384-b905-f816f7071bad,"*AI Business Book Summaries – B2 English for Entrepreneurs* is an educational podcast designed for non-native English speakers interested in business, entrepreneurship and management.
Each episode explores, summarizes and discusses the key ideas from well-known business books using clear and accessible B1-level English.
The podcast has two learning goals: to discover and understand useful business concepts and, at the same time, to improve English listening skills and business vocabulary.
Episodes are independent educational summaries and analyses. They are not audiobooks and are not affiliated with or endorsed by the authors or publishers of the books discussed.
Audio episodes are created with the assistance of artificial intelligence.",Spotify for Podcasters,en-US,https://media.redcircle.com/images/2026/9/28/11/d46869ea-27dd-4872-8648-8827e76ad89d_guia_d_emprenedoria_i_gesti__empresarial.jpg,2026-09-28 11:45:59,8050693,confirmed,https://redcircle.com/shows/ai-business-book-summaries-b1-english-for-entrepreneurs,1790595959,a9a685fe8e44e6d3bf4ed53557e2d46e,,4,0,INDIVIDUAL
The Global Casebook - The Golden State Killer,Baradello Publishing,https://www.spreaker.com/show/7414438/episodes/feed,"For more than four decades, an unidentified predator terrorized communities across California.<br />He entered homes at night.<br />He stalked his victims.<br />He committed sexual assaults, robberies and murders.<br />Investigators knew him by different names as the years passed: the Visalia Ransacker, the East Area Rapist, the Original Night Stalker.<br />Eventually, the crimes would become connected to one unknown offender.<br />But his identity remained a mystery.<br />Then, in 2018, investigators used a relatively new forensic technique — investigative genetic genealogy — to identify a suspect who had remained hidden in plain sight for decades.<br />His name was Joseph James DeAngelo.<br />In this episode of The Global Casebook, we follow the investigation from its earliest crimes through the decades-long search, the breakthrough in genetic genealogy, DeAngelo's arrest, his guilty plea and the final chapter of one of America's most notorious cold cases.<br /><br />Disclaimer:<br />This podcast discusses real criminal cases using publicly available information, including court records, official documents and reporting from established news organizations.<br />The purpose of this episode is documentary and informational. Allegations are presented as allegations and are attributed to the relevant authorities or sources. A person accused of a crime is presumed innocent unless and until proven guilty according to applicable law.<br />In this episode, we discuss sexual violence, murder and other serious crimes. Graphic details have been omitted where they are not necessary to understand the case.<br />We do not intend to glorify the offender or cause unnecessary distress to victims, survivors or their families.<br />",Spreaker,en,https://d3wo5wojvuv7l.cloudfront.net/t_rss_itunes_square_1400/images.spreaker.com/original/570b5a4c00966e98c934667cda7a6692.jpg,2026-09-28 11:37:23,8050687,confirmed,https://www.spreaker.com/podcast/the-global-casebook-the-golden-state-killer--7414438,1790595443,bd6c69aa4fd99ca0f878b9c07cb75dab,,4,0,CORPORATE
The Lighthouse Inn,Delia Marlowe,https://anchor.fm/s/117cb9f18/podcast/rss,"The Lighthouse Inn is a steamy small-town romance audio drama series by Delia Marlowe. Season 1: The Saltwater Inn — when Maya Collins inherits a crumbling Maine beachfront inn, the last person she expects is Jonah Reyes, the contractor who came to fix her inn and stayed for her. Told in dual POV: her story and his. New chapters every Sunday.",Anchor,en-us,https://d3t3ozftmdmh3i.cloudfront.net/staging/podcast_uploaded_nologo/46841878/46841878-1790499407251-5d197166d83bb.jpg,2026-09-28 11:37:06,8050686,confirmed,https://podcasters.spotify.com/pod/show/delia-marlowe,1790595426,7e73b4f61f96507e72529eb19a90903e,6816640000.0,2,0,INDIVIDUAL
Days Of Noah,Tyler Higdon,https://www.spreaker.com/show/7414370/episodes/feed,This podcast explores the times we are living in. The days of Noah are shockingly similar to the current times and we get to talk about what it means to live in the days of Noah. Our anchor is the word of God in the Holy Bible and the foundation of it all is Jesus Christ. Let’s talk this out and see what it means for us to be living in the last days. Walk with me in this journey and accept the invitation of salvation as time is running out.,Spreaker,en,https://d3wo5wojvuv7l.cloudfront.net/t_rss_itunes_square_1400/images.spreaker.com/original/1535916497ac95b2ad3b6819f5f27880.jpg,2026-09-28 11:31:07,8050679,confirmed,https://www.spreaker.com/podcast/days-of-noah--7414370,1790595067,1d118159fb83fd2220220ea3fa0af438,,4,0,INDIVIDUAL
Bubbles & Breakdowns,Katrina & Ashley,https://rss.buzzsprout.com/2498866.rss,"<p>Welcome to Bubbles and Breakdowns! A space designed for you to show up as your beautifully imperfect self, no filters required. Here, we dive into the rollercoaster of life during the early years of parenting — from juggling your own ridiculously high expectations and society’s “helpful” advice to clinging to your sanity like it’s the last glass of champagne at a party.  While also celebrating the big wins and core memories. Our mission? To offer comfort, insight, and just the right amount of laughter to keep you from crying into your yoga mat.</p>",Buzzsprout,en,https://hosting-media.riverside.com/media/imports/podcasts/50dddaed-d7f9-4633-bb09-4857c3af57e6/u245tpaf5bjbufgi119a9bk1xcj0.jpg,2026-09-28 11:20:05,8050674,confirmed,https://www.buzzsprout.com/2498866,1790594405,e140dcac5d46a7acede4303d9c23895f,,0,0,CORPORATE
The Full Potential Formula Podcast,David Brownlee,https://anchor.fm/s/11256e4fc/podcast/rss,"The Full Potential formula is for elite performers that are always willing to put in 110% effort into achieving their objectives but feel like they are operating at 60-70% of their full potential.
We believe that through stories of inspiration, grit and success we will give you what you need to get on track to unleashing your full potential - whatever that may be.
We explore the 4 foundations for success: purpose, passion, people and performance. 
Subjects of the show:
Five to Thrive:
Health & Fitness
Wealth & Finance
Business & Career
Relationships
Wellbeing
How do you change your life",Anchor,en,https://d3t3ozftmdmh3i.cloudfront.net/staging/podcast_uploaded_nologo/45926519/45926519-1778164766021-f960728173fcd.jpg,2026-09-28 11:17:49,8050669,confirmed,https://podcasters.spotify.com/pod/show/david-brownlee,1790594269,c377beaa39893b4b76cf07863c265ee7,6791655777.0,2,0,INDIVIDUAL
SAS: The Shadow War,The Independent,https://feeds.acast.com/public/shows/6ab67484432e34fa45257d48,"<p>For decades, the SAS has operated beyond public view, its missions shaped by secrecy and its reputation burnished by the rare moments when that secrecy has fallen away.</p><br><p>In SAS: The Shadow War, The Independent’s international affairs editor Sam Kiley traces the regiment’s covert campaign against the IRA in Northern Ireland, from the surveillance operations and ambushes of the Troubles to the hard questions that still endure today. Along the way, the Iranian Embassy siege and a deadly operation in Gibraltar reveal how the SAS became both a celebrated and a contested force.</p><br><p>Drawing on rare and previously unheard first-hand accounts from former operatives and those who witnessed the conflict up close, this eight-part documentary series explores a war fought largely out of sight – and the legal battle now being waged over how its actions should be judged. </p><hr><p style='color:grey; font-size:0.75em;'> Hosted on Acast. See <a style='color:grey;' target='_blank' rel='noopener noreferrer' href='https://acast.com/privacy'>acast.com/privacy</a> for more information.</p>",Acast,en,https://assets.pippa.io/users/686d3a107f859bfccf7a49c5/pre-show-covers/1790342040581-2ad92e84-62ef-42dc-9f1d-98e15cafcbad.jpeg,2026-09-28 11:17:40,8050668,confirmed,https://shows.acast.com/sas-the-shadow-war,1790594260,1bbff320074e51e28bf54c77e898c79d,,0,0,CORPORATE
Between Sessions,Revive Therapeutic Services,https://anchor.fm/s/11742c710/podcast/rss,"Between Sessions with Revive Therapeutic Services is a mental health podcast hosted by Naomi Raymond, LMHC, LPMT, LCAT, MT-BC, featuring honest conversations about mental health, relationships, and everyday life.
Each episode explores topics that impact our emotional well-being, including burnout, boundaries, difficult relationships, parenting, people pleasing, chronic pain and illness, self-care, and mental health awareness. Naomi is joined by mental health professionals and community leaders who share their expertise, personal insights, and practical tools to help listeners better understand",Anchor,en,https://d3t3ozftmdmh3i.cloudfront.net/staging/podcast_uploaded_nologo/46752196/46752196-1789415161933-929da7c56ba4.jpg,2026-09-28 11:13:37,8050663,confirmed,https://podcasters.spotify.com/pod/show/revive-therapeutic-servic6,1790594017,1fbef1cc942f57cd5135d0050f0906e7,6814589161.0,2,0,CORPORATE
Digital ORRA Podcast,Digital ORRA,https://www.spreaker.com/show/7414304/episodes/feed,Digital ORRA Podcast,Spreaker,en,https://d3wo5wojvuv7l.cloudfront.net/t_rss_itunes_square_1400/images.spreaker.com/original/663f32d275c07ff5e286807be89e25bd.jpg,2026-09-28 11:12:17,8050661,confirmed,https://www.spreaker.com/podcast/digital-orra-podcast--7414304,1790593937,184a56281a400082165457834637424a,,4,0,CORPORATE
WithAisha,Aisha vora,https://www.spreaker.com/show/7390382/episodes/feed,"I’m passionate about sustainability and finding practical ways to make everyday products more environmentally friendly. Through my work with Ecolates, I’m involved in promoting eco-friendly bagasse products and sustainable food packaging that offer a better alternative to traditional disposable products.<br /><br />I enjoy connecting with people, understanding their needs, and helping businesses find packaging solutions that are both practical and better for the environment. I believe that meaningful change often starts with small, everyday choices<br /><br /><br />Become a supporter of this podcast: <a href=""https://www.spreaker.com/podcast/withaisha--7390382/support?utm_source=rss&utm_medium=rss&utm_campaign=rss"">https://www.spreaker.com/podcast/withaisha--7390382/support</a>.",Spreaker,en,https://d3wo5wojvuv7l.cloudfront.net/t_rss_itunes_square_1400/images.spreaker.com/original/5418d234092dfe3a8d45b7b1dc227bd2.jpg,2026-09-28 11:08:20,8050657,confirmed,https://www.spreaker.com/podcast/withaisha--7390382,1790593700,1833ad64ac5d7dc7223374da7b17d2ce,,4,0,INDIVIDUAL
AI News Brief,Irineu De Oliveira Jnr,https://www.spreaker.com/show/7414240/episodes/feed,"ENGLISH<br />AI News Today delivers concise, source-checked coverage of artificial intelligence: major model releases, research, infrastructure, safety, regulation and real-world applications. Each episode separates company claims from verified facts and explains what the news means for work, business and society.<br /><br />PORTUGUÊS<br />AI News Today apresenta notícias concisas e verificadas sobre inteligência artificial: novos modelos, investigação, infraestrutura, segurança, regulamentação e aplicações reais. Cada episódio distingue alegações empresariais de factos confirmados e explica o impacto no trabalho, nos negócios e na sociedade.<br /><br />ESPAÑOL<br />AI News Today ofrece noticias concisas y verificadas sobre inteligencia artificial: nuevos modelos, investigación, infraestructura, seguridad, regulación y aplicaciones reales. Cada episodio distingue las afirmaciones empresariales de los hechos confirmados y explica su impacto en el trabajo, los negocios y la sociedad.<br /><br />FRANÇAIS<br />AI News Today propose une couverture concise et vérifiée de l’intelligence artificielle : nouveaux modèles, recherche, infrastructure, sécurité, réglementation et applications concrètes. Chaque épisode distingue les affirmations des entreprises des faits confirmés et explique les enjeux pour le travail, l’économie et la société.<br /><br />DEUTSCH<br />AI News Today bietet kompakte, quellengeprüfte Berichte über künstliche Intelligenz: neue Modelle, Forschung, Infrastruktur, Sicherheit, Regulierung und praktische Anwendungen. Jede Folge trennt Unternehmensangaben von bestätigten Fakten und erklärt die Folgen für Arbeit, Wirtschaft und Gesellschaft.<br /><br />ITALIANO<br />AI News Today offre notizie concise e verificate sull’intelligenza artificiale: nuovi modelli, ricerca, infrastrutture, sicurezza, regolamentazione e applicazioni concrete. Ogni episodio distingue le dichiarazioni aziendali dai fatti confermati e spiega l’impatto su lavoro, imprese e società.<br /><br />#AINews #ArtificialIntelligence #MachineLearning #GenerativeAI #AIResearch #TechNews #AIModels #AIAgents #Robotics #DataScience #DeepLearning #AIRegulation #AISafety #FutureOfWork #TechInnovation #DigitalTransformation #Automation #CloudComputing #Cybersecurity #ResponsibleAI",Spreaker,en,https://d3wo5wojvuv7l.cloudfront.net/t_rss_itunes_square_1400/images.spreaker.com/original/8c1cf035a27c53166d31bc732583e3e0.jpg,2026-09-28 11:05:07,8050654,confirmed,https://www.spreaker.com/podcast/ai-news-brief--7414240,1790593507,56d969d5fc7108a5eac248b3c688f79d,,4,0,INDIVIDUAL
The Last Call,Martian,https://www.spreaker.com/show/7414239/episodes/feed,"The Last Call<br />What if one phone call could change everything?<br />“The Last Call” is a mysterious and thought-provoking story about a final phone call that leaves behind more questions than answers. As the details of the call slowly unfold, the line between coincidence, memory, and something more mysterious begins to disappear.<br />Listen closely as the story explores unanswered questions, unexpected connections, and the strange feeling that sometimes comes when a call is the last one you ever expect it to be.<br />",Spreaker,en,https://d3wo5wojvuv7l.cloudfront.net/images.spreaker.com/nuvolari-assets/light_blue_square_mic.jpg,2026-09-28 11:03:07,8050653,confirmed,https://www.spreaker.com/podcast/the-last-call--7414239,1790593387,2f79f92503257ccda10bb8673921a666,,4,0,INDIVIDUAL
True to Crime,MuriukiAlex,https://www.spreaker.com/show/7403348/episodes/feed,"TRUE to CRIME is a podcast that takes you beyond the headlines and into the stories that left questions behind.From unsolved disappearances and mysterious deaths to shocking crimes and the investigations that followed, each episode explores the evidence, the people involved, the theories, and the details that shaped the case.No sensationalism. No easy answers. Just the story, the evidence, and the questions that still remain.Listen closely. Every case has a story.",Spreaker,en,https://d3wo5wojvuv7l.cloudfront.net/t_rss_itunes_square_1400/images.spreaker.com/original/d6ca1ff2655b124fe96e2e4f46b15496.jpg,2026-09-28 11:01:49,8050649,confirmed,https://www.spreaker.com/podcast/true-to-crime--7403348,1790593309,55de7e01620759675ba9457bea871207,,4,0,INDIVIDUAL
The Partnership Exchange,CT Statewide Family Engagement Center,https://anchor.fm/s/110f82e90/podcast/rss,"The Partnership Exchange is the Connecticut Statewide Family Engagement Center’s podcast, sharing high-impact, replicable strategies that strengthen family–school partnerships. Featuring national, state, and local leaders, each episode offers practical insights educators and leaders can use to build meaningful engagement and support student success. Grounded in research and real-world practice, this podcast helps move beyond engagement for engagement’s sake toward results-driven partnerships.",Anchor,en,https://d3t3ozftmdmh3i.cloudfront.net/staging/podcast_uploaded_nologo/45696676/45696676-1775163731110-1b25a0de65eeb.jpg,2026-09-28 10:44:48,8050640,confirmed,https://podcasters.spotify.com/pod/show/ct-sfec--the-partnership-,1790592288,3d52709f4b07ddb49da2d150514c2287,6815264675.0,2,0,CORPORATE
Delusional Digest,Lauren Dominguez-Kenner,https://anchor.fm/s/10ddbbb28/podcast/rss,"Delusional Digest is an open space for conversations about ambition, confidence, and becoming who you believe you’re meant to be—often before you feel fully ready. It explores the moments of doubt, courage, audacity, and quiet determination that shape careers and lives over time. Through personal reflections and shared stories, this series invites honest dialogue about growth, identity, and taking up space without waiting for perfect timing or permission. It’s less about having the answers and more about asking better questions—together.",Anchor,en,https://d3t3ozftmdmh3i.cloudfront.net/staging/podcast_uploaded_nologo/45174714/45174714-1788371854331-e658b17a1bfff.jpg,2026-09-28 10:38:22,8050636,confirmed,https://podcasters.spotify.com/pod/show/lauren-dominguez-kenner,1790591902,737fe228ddad79c88503b63eeec602eb,6813906129.0,2,0,INDIVIDUAL
Bible stories podcast,Nelson de Sousa,https://www.spreaker.com/show/7413978/episodes/feed,"Discover powerful Bible stories, timeless lessons, faith, miracles, and unforgettable moments from Scripture. 🙏✨<br /><br />Become a supporter of this podcast: <a href=""https://www.spreaker.com/podcast/bible-stories-podcast--7413978/support?utm_source=rss&utm_medium=rss&utm_campaign=rss"">https://www.spreaker.com/podcast/bible-stories-podcast--7413978/support</a>.",Spreaker,en,https://d3wo5wojvuv7l.cloudfront.net/t_rss_itunes_square_1400/images.spreaker.com/original/aff23a1f4b2c4ad6d027ec2df52b95eb.jpg,2026-09-28 10:11:49,8050622,confirmed,https://www.spreaker.com/podcast/bible-stories-podcast--7413978,1790590309,0c6dcf21432bc076b6ab9c9dcf2d522a,,4,0,INDIVIDUAL
Explore Smarter Debt Solutions Debt Cons,Mid America Debt Relief,https://www.spreaker.com/show/7413980/episodes/feed,"Managing several debts can become difficult when balances, interest rates, and payment dates vary. <a href=""https://midamericadebtrelief.com/debt-consolidation/"" target=""_blank"" rel=""noreferrer noopener""><b>Debt Consolidation With Personal Loan</b></a> is a useful topic for understanding how personal loans may be considered when managing multiple obligations. Mid America Debt Relief provides personalized guidance based on individual financial circumstances and goals. Review your current debts, explore available strategies, and understand potential options before making a decision. Contact the team today.",Spreaker,en,https://d3wo5wojvuv7l.cloudfront.net/t_rss_itunes_square_1400/images.spreaker.com/original/6693cde2631eafdc8c05aae8236f7aa9.jpg,2026-09-28 10:08:07,8050619,confirmed,https://www.spreaker.com/podcast/explore-smarter-debt-solutions-debt-cons--7413980,1790590087,072086035f97f16f3364b46edd76caeb,,4,0,INDIVIDUAL
Fearlessly Unpacked,Julisa Medina,https://rss.buzzsprout.com/2653421.rss,"<p><b>Fearlessly Unpacked with Julisa Medina</b> is a podcast about health, humor, healing, transformation, and everything in between.</p><p><br></p><p>Life can be messy, beautiful, painful, and unpredictable… and sometimes, we just need a place where we feel understood.</p><p><br></p><p>Through real stories, honest conversations, and meaningful connections, we explore the experiences that shape who we are. From mental health and personal growth to wellness, relationships, life’s challenges, and unexpected moments of laughter, no topic is off the table.</p><p><br></p><p>Whether you’re navigating personal struggles, healing from your past, searching for purpose, or simply trying to figure out your next chapter, Fearlessly Unpacked reminds you that you’re not alone.</p><p><br></p><p>Together, we unpack the conversations that matter, challenge the silence that keeps us stuck, and find the courage to speak up, grow, and embrace the beautifully imperfect journey of being human.</p><p><br></p><p>Because sometimes, the conversations we <em>fear —</em> are the ones that can transform <em>us</em>. </p><p><br></p>",Buzzsprout,en-us,https://storage.buzzsprout.com/5l0lf43gjv6vayfgmrjcdfbp8n0u?.jpg,2026-09-28 10:05:38,8050617,confirmed,https://www.buzzsprout.com/2653421,1790589938,536bdd314e4b2af27ccaa88825ff312a,,4,0,INDIVIDUAL
Mariana Books,Marcia Perkins,https://anchor.fm/s/11519844c/podcast/rss,Book talk and the Magic within them.,Anchor,en,https://d3t3ozftmdmh3i.cloudfront.net/staging/podcast_uploaded_nologo/46389611/46389611-1790002992333-3e96d60583659.jpg,2026-09-28 09:50:52,8050602,confirmed,https://podcasters.spotify.com/pod/show/keep-day-19,1790589052,ce6d2fbbd7c1d773eeb0cbcec0e381ff,6809766391.0,2,0,INDIVIDUAL
Red File,red file channel,https://www.spreaker.com/show/7413875/episodes/feed,redfilechannel,Spreaker,en,https://d3wo5wojvuv7l.cloudfront.net/images.spreaker.com/nuvolari-assets/yellow_square_mic.jpg,2026-09-28 09:37:13,8050591,confirmed,https://www.spreaker.com/podcast/red-file--7413875,1790588233,96a6284d7f94b3716ff5d18d9763d80f,,4,0,INDIVIDUAL
Grace in the Gap with Annmarie Miles,Annmarie Miles,https://anchor.fm/s/117601ec8/podcast/rss,Grace in the Gap is about pursuing grace while you’re getting where you’re going.,Anchor,en,https://d3t3ozftmdmh3i.cloudfront.net/staging/podcast_uploaded_nologo/46771426/46771426-1789637331138-8315a6d2b9f0e.jpg,2026-09-28 09:36:44,8050590,confirmed,https://podcasters.spotify.com/pod/show/annmarie-miles4,1790588204,c9ee713df7c5e59241fbdb7bbbc4be59,6814774575.0,2,0,INDIVIDUAL
Between Borders,BCB Studios,https://feeds.captivate.fm/between-borders/,"Welcome to the Between Borders podcast. We are a collective of researchers who work on different topics relating to precarious migration. We reflect  on how people working - or doing research - in this area can better support people who are moving or have moved across borders.
This second season of Between Borders focuses on care, which has become a central theme in migration research and solidarity work, not least since the COVID-19 pandemic. To a large extent, this widespread interest in care has emerged in response to the increasingly uncaring and violent reality of border regimes in the UK and across the world today. Through a series of four episodes, we seek to unpack care through the lens of migration to explore different ways of understanding care, and why this matters for a more just world.
Production and editorial collective (in alphabetical order): Rachel Benchekroun, Megan Crossley, Rebekka Hölzle, Olivia Petie, Franca Roeschert, Olivia Sheringham, Jessie Sullivan, and Giorgia Previdoli (guest speaker in episode 3).
Funding: Thank you to Birkbeck, University of London for hosting and funding the production of Season 2 of the Between Borders podcast.
Contact: Dr Olivia Sheringham (Birkbeck) o.sheringham@bbk.ac.uk",Captivate,en,https://artwork.captivate.fm/14e85044-af6f-41c2-beef-7e7e713ccf59/Between-Borders-Artwork-without-Logo.jpg,2026-09-28 09:31:22,8050587,confirmed,https://between-borders.captivate.fm,1790587882,b8c83d53080a94ae720e405216c005f9,,4,0,INDIVIDUAL
AI Automation.Finance,AI Automation.Finance,https://rss.buzzsprout.com/2653968.rss,"<p>For busy CEOs and CFOs who believe AI can create meaningful business advantage, but don't have time to separate what's genuinely useful from the endless noise. </p><p><br></p><p>Credible conversations with people like them about what's working, what's delivering gains and what's hype.</p>",Buzzsprout,en-gb,https://storage.buzzsprout.com/hp4hwm0dyddvda59wzb2c79f36vm?.jpg,2026-09-28 09:28:36,8050583,confirmed,,1790587716,b61c9d4fbbe04a96208ed0e64ead5396,,4,0,INDIVIDUAL
The 238 Update,AFGE Council 238,https://rss.buzzsprout.com/2652498.rss,<p><b> The voice of the workers who protect the environment. <br><br>Go to AFGE238.org to learn more </b></p>,Buzzsprout,en-us,https://storage.buzzsprout.com/0t893ktomd606le5ck1yi7znb966?.jpg,2026-09-28 09:22:49,8050577,confirmed,https://the238update.buzzsprout.com,1790587369,509b5103e16de5a78ebe738086e83f85,,0,0,CORPORATE
Daily Market Recap,Altitude Investing,https://anchor.fm/s/1179bf8a8/podcast/rss,"Alex and Jordan break down the trading day — index moves, sector winners and losers, unusual options flow, and what to watch next. Fast-paced, factual, no hype. New episodes every weekday after the market close, from Altitude Investing.",Anchor,en,https://d3t3ozftmdmh3i.cloudfront.net/staging/podcast_uploaded_nologo/46810650/46810650-1790132835712-0432f5e448a0f.jpg,2026-09-28 09:21:37,8050576,confirmed,https://podcasters.spotify.com/pod/show/chris-negro5,1790587297,97dc60dcce86d028271fa54786cbd39b,6815052620.0,2,0,INDIVIDUAL
With Guts and Glamour,Jenny and Lu,https://anchor.fm/s/11794d7a8/podcast/rss,"Hi! 
There’s a new podcast in town! We are Jenny and Lu and we have started With Guts & Glamour. A monthly podcast all about rewilding our lives, making magic and giving less fucks. It’s giving midlife, witchy, homecoming, aunty vibes. 
Grab a cup of something warm or let us accompany you on your daily jaunts.
We are grateful you are here.
Welcome to our Podcast!",Anchor,en,https://d3t3ozftmdmh3i.cloudfront.net/staging/podcast_uploaded_nologo/46805978/46805978-1790084229823-d0860e40e06e9.jpg,2026-09-28 09:13:45,8050569,confirmed,https://www.homecomingswiththetarot.com/,1790586825,458357389ead9514abd502b9315dd0e0,6816352493.0,2,0,CORPORATE
Inner Atlas space,Inner Atlas,https://rss.buzzsprout.com/2653967.rss,"<p>Inner Atlas is a safe space , that helps us turn inward & explore each and every part of ourselves. It is a space to heal, to reflect, to understand, and ultimately, to come home to ourselves.</p>",Buzzsprout,en-au,https://storage.buzzsprout.com/z5edshll9cz0w4k93bd8lfxohncz?.jpg,2026-09-28 09:13:20,8050568,confirmed,,1790586800,2078fadf6fd9392e318a384f1f53b595,,0,0,INDIVIDUAL
To The Moon,Campbell Cross,https://feed.podbean.com/tothemoonpodcast/feed.xml,"<div id=""message-list_1790368215.552669"">
<div>
<div>
<div>
<div>
<div>
<div>
<div>
<div>
<div>
<div>
<div>Sometimes you only see where life was leading you when you look back.<br /><br />To the Moon is a podcast about the hardest chapters of life and the hope that carries us through them. Host Campbell Cross is a therapist who has spent years helping others heal and find their way, and she's still on that journey herself. She has been to her own darkest places and knows how isolating they can feel. That experience is the heart of this show.<br /><br />Campbell opens up about her own path and invites guests to share theirs, with honest conversations about resilience, perseverance, and perspective. Some guests are in the middle of their hardest season. Others have come out the other side and can look back on what it taught them. All of them offer a reminder that whatever you're facing, someone else has felt it too.<br />The moon doesn't take the darkness away. It gives us something to see by. That's what this podcast hopes to be for you: a little light, a lot of hope, and the reassurance that you're not alone.</div>
<div></div>
<div></div>
<div>
<p><span style=""font-weight:400;"">LETS GET SOCIAL:</span></p>
<p> </p>
<p><span style=""font-weight:400;"">To The Moon</span></p>
<p><span style=""font-weight:400;"">Instagram – </span><a href=""https://www.instagram.com/tothemoonwithcampbell/""><span style=""font-weight:400;"">https://www.instagram.com/tothemoonwithcampbell/</span></a><span style=""font-weight:400;""> </span></p>
<p><span style=""font-weight:400;"">TikTok – </span><a href=""https://www.tiktok.com/@tothemoonwithcampbell""><span style=""font-weight:400;"">https://www.tiktok.com/@tothemoonwithcampbell</span><span style=""font-weight:400;""> </span></a></p>
<p><span style=""font-weight:400;"">Youtube – @ToTheMoonWithCampbell</span></p>
<p> </p>
<p><span style=""font-weight:400;"">Campbell Cross</span></p>
<p><span style=""font-weight:400;"">Instagram – </span><a href=""https://www.instagram.com/cammycross_/""><span style=""font-weight:400;"">https://www.instagram.com/cammycross_/</span></a><span style=""font-weight:400;""> </span></p>
<p> </p>
<p><span style=""font-weight:400;"">Produced and Edited by: The Cast Collective (Nashville, TN)</span></p>
<p><span style=""font-weight:400;"">YouTube – @TheCastCollective‬</span></p>
<p><span style=""font-weight:400;"">Instagram – (</span><a href=""https://www.instagram.com/TheCastCollective""><span style=""font-weight:400;"">https://www.instagram.com/TheCastCollective</span></a><span style=""font-weight:400;"">)</span></p>
<p><span style=""font-weight:400;"">TikTok – (</span><a href=""https://www.tiktok.com/@castcollective""><span style=""font-weight:400;"">https://www.tiktok.com/@castcollective</span></a><span style=""font-weight:400;"">)</span></p>
</div>
</div>
</div>
</div>
</div>
</div>
</div>
</div>
</div>
</div>
</div>
</div>",Podbean,en,https://pbcdn1.podbean.com/imglogo/image-logo/22661513/OFFICIAL_TTM_PODCASTCOVER.png,2026-09-28 09:07:18,8050563,confirmed,https://tothemoonpodcast.podbean.com,1790586438,a2b32c6f077466f0ac8fa8616e3c88ac,6816168708.0,2,0,INDIVIDUAL
THE DAILY TRIATHLON,Travis Mundell,https://feeds.acast.com/public/shows/6aba2960d316e15fda3a8dea,"Just like on Youtube, this podcast will be all about professional triathlon with interviews and of course triathlon news. Thanks for having a listen.<hr><p style='color:grey; font-size:0.75em;'> Hosted on Acast. See <a style='color:grey;' target='_blank' rel='noopener noreferrer' href='https://acast.com/privacy'>acast.com/privacy</a> for more information.</p>",Acast,en,https://assets.pippa.io/shows/6aba2960d316e15fda3a8dea/show-cover.jpg,2026-09-28 08:59:26,8050557,confirmed,https://www.spreaker.com/podcast/the-daily-tri--6103319,1790585966,2ab466b60ad9b549d8e0a186f50f0cbd,,4,0,INDIVIDUAL
Lifedetails,Stephanie,https://anchor.fm/s/105f24d64/podcast/rss,I am health enthasiust and traveller. I am giving some reviews to my audience about the experiences of mental health and travelling in denver or out of the denver city Colorado and USA.,Anchor,en,https://d3t3ozftmdmh3i.cloudfront.net/staging/podcast_uploaded_nologo/43847329/43847329-1771788088232-c8882ce25b62e.jpg,2026-09-28 08:48:12,8050554,confirmed,https://park2jetdenver.com/,1790585292,e36f98e0117fab825e29c3c0b2baae25,,0,0,INDIVIDUAL
The Bristol Hair Edit,Fergal Doyle,https://rss.buzzsprout.com/2653965.rss,"<p><br>Straightforward conversations about hair colour, care and choosing a look that feels like you. Join Fergal Doyle, hair colourist, salon owner and Wella Colour Ambassador, for practical answers to the questions clients ask at Fergal Doyle Hair in Bristol. From balayage and blonde maintenance to making sense of your salon consultation, each short episode draws on our hair journal, with links to the full article and current service information. Based in Clifton and Stoke Bishop. Episodes use Fergal's authorised AI voice clone.</p>",Buzzsprout,en-gb,https://storage.buzzsprout.com/xk48zif1t7eeiga85hl7cmhg1wwj?.jpg,2026-09-28 08:47:23,8050551,confirmed,,1790585243,97c0fc872b60308886f7e3f71c48e1f1,,4,0,INDIVIDUAL
The Spruce Podcast,WhisperKind,https://feeds.redcircle.com/2c46775f-04eb-444b-affd-7d36a35f831e,"The Spruce Podcast is a thoughtful personal briefing on the mind, meaning, creativity and connection. Episodes explore ideas from neuroscience, psychology, mindfulness, neurodiversity, trauma and wellbeing, alongside creativity, art, spirituality, animals and the quieter questions that shape how we understand ourselves and the world around us. Expect calm, curious conversations, interesting new research, practical ideas and occasional reflections designed to be easy to listen to while walking, travelling or getting everyday tasks done.",Spotify for Podcasters,en-US,https://media.redcircle.com/images/2026/9/28/7/7749823c-e658-4293-8d79-91170970b044_spruce_podcast_cover_under_2mb.jpg,2026-09-28 08:46:13,8050550,confirmed,https://redcircle.com/shows/the-spruce-podcast,1790585173,86addfc43757b419e1a582bec6149834,,4,0,INDIVIDUAL
Life Manipulated,Life Manipulated,https://rss.buzzsprout.com/2155060.rss,"Welcome to Life Manipulated where we uncover the hidden biases that secretly shape our decisions. By making these biases more well-known, we hope to create a community of Bias Hackers who leverage these cognitive biases for their own benefit and design the lives they want to live.",Buzzsprout,en-us,https://gaigztbptvcxfvooalvm.supabase.co/storage/v1/object/public/lm-media/podcast/cover.jpg,2026-09-28 08:44:00,8050547,confirmed,https://www.lifemanipulated.com,1790585040,06a16ae8d670726a4304415beb51935f,,4,0,CORPORATE
The Band Room Podcast,Dylan Rook Maddix,https://rss.buzzsprout.com/1505860.rss,"<p>Welcome to The Band Room! A podcast bringing you the best of band. Host, Dylan Rook Maddix sits down with the movers and shakers of the wind world, conductors, composers, teachers and performers. Have your ears opened to the new and exciting and take your seat in The Band Room!</p>",Buzzsprout,en,https://d3t3ozftmdmh3i.cloudfront.net/staging/podcast_uploaded_nologo/46266495/1541f5613f6e6ddf.jpg,2026-09-28 08:43:57,8050546,confirmed,https://bandroompod.com,1790585037,a34247b0ff251e6dedfd5382037d66fa,,4,0,INDIVIDUAL
The George Peterson Podcast,George S Peterson,https://rss.buzzsprout.com/2226849.rss,"<p>The George Peterson Podcast is your guide to living a life of deeper purpose and meaning. Hosted by Vedic meditation teacher and addiction recovery expert George Peterson, each episode dives into transformative topics that help us cultivate clarity, overcome obstacles, and reach our fullest potential. Through insights on meditation, healing, addiction recovery, and the essential shifts necessary for growth, George brings you inspiring conversations with thought leaders, creatives, and everyday heroes. This podcast is your weekly dose of wisdom, actionable advice, and heartfelt stories—tune in to find your bliss, expand your potential, and thrive.</p>",Buzzsprout,en,https://d3t3ozftmdmh3i.cloudfront.net/staging/podcast_uploaded_nologo/46144641/d142fba8af10f0d1.jpg,2026-09-28 08:43:55,8050545,confirmed,https://www.georgespeterson.com/globalshiftpodcast,1790585035,c8d217fc04674ce751246b96e4247fb6,,4,0,INDIVIDUAL
Court in the Clouds,court in the clouds 🧚🏻,https://rss.buzzsprout.com/1764212.rss,"sharing my thoughts so you feel a little less alone in yours 🫶🏻🧚🏻🤝🏼✨ <br/><br/><a href=""https://courtintheclouds.substack.com?utm_medium=podcast"">courtintheclouds.substack.com</a>",Buzzsprout,en,https://substackcdn.com/feed/podcast/6092475/e29d1a32421f422a04d2f182ba7703c8.jpg,2026-09-28 08:41:59,8050544,confirmed,https://courtintheclouds.substack.com/podcast,1790584919,03f374a25c4ad48b9cbebca72dc34c42,,4,0,INDIVIDUAL
Fountain of Life Podcast,Charles Zuta,https://rss.buzzsprout.com/1787225.rss,"<p>Welcome to the Fountain of Life Podcast—a welcoming space for hope, faith, personal growth, and practical wisdom for everyday life. Hosted by Charles Zuta, each episode explores biblical insights and meaningful conversations that speak to our spiritual, emotional, and physical well-being. Whether you are deeply rooted in faith, exploring life’s bigger questions, or simply looking for encouragement through a challenging season, you are invited to listen, reflect, and grow with us. Through thoughtful teaching and conversations with diverse guests, the podcast offers relevant perspectives for people of different ages, cultures, backgrounds, and stages of faith. New episodes are available each Sunday evening on YouTube and all the places you get your good podcast. Subscribe or follow the Fountain of Life Podcast, share it with someone who may be encouraged, and join a growing community seeking hope, resilience, purpose, and a more victorious life. May God bless you.</p>",Buzzsprout,en,https://d3t3ozftmdmh3i.cloudfront.net/staging/podcast_uploaded_nologo/46745533/ad08f3698e3fa33c.jpg,2026-09-28 08:41:58,8050543,confirmed,https://www.fountainoflifepodcast.com,1790584918,0390ba1dbcf5ca90740acf48b03ef127,,4,0,INDIVIDUAL
The Servant Leader's Mindset Podcast,Dr. Lena Holmes,https://rss.buzzsprout.com/1950643.rss,"<p><b>The Servant Leader’s Mindset</b> is a <b>leadership </b>podcast focused on helping leaders grow in <b>character, wisdom, purpose, self-awareness, calling, and service.</b> Hosted by Dr. Lena Holmes—a leadership expert, business owner, and minister—the podcast features thoughtful conversations and reflections on <b>servant leadership, faith, culture, politics, and public life</b>. In addition to 25 years of executive experience, Dr. Lena holds a Doctorate in Transformational Leadership and master’s degrees in public administration and theology. </p><p><br /></p><p>Each episode explores practical and reflective topics such as:</p><ul><li>Servant leadership in business, ministry, and nonprofit work</li><li>Faith-based leadership and Christian worldview</li><li>Leadership development, purpose, and calling</li><li>Mental health, resilience, and emotional intelligence</li><li>Navigating culture and politics with wisdom and humility</li></ul><p><br /></p><p>Designed for <b>leaders, entrepreneurs, ministry professionals, and values-driven listeners</b>, this podcast offers insight and encouragement for those who desire to <b>lead with integrity, compassion, and conviction</b>.</p><p>🎧 <b>New audio episodes released regularly.</b><br /> 📖 Learn, reflect, and grow as we seek to use our gifts and talents to serve others well.</p><p> </p><p>Want to be a guest on The Servant Leader's Mindset Podcast? Send Dr. Lena Holmes a message on PodMatch, here: https://www.podmatch.com/hostdetailpreview/drlena</p><p> </p><p> </p><p><br /></p>",Buzzsprout,en,https://hosting-media.riverside.com/media/imports/podcasts/af57374c-a4d1-4bac-9d2d-5b4f834b5b69/jyvfe5b94776q1vavzn5g6fuy51i.jpg,2026-09-28 08:41:58,8050542,confirmed,http://www.tslm.us,1790584918,b2ba879ee61463acd3562411d2454a68,,4,0,INDIVIDUAL
The Emotional Intelli-Gents Podcast: Navigating Leadership with Emotional intelligence,Ismail Qadry & Sameer Aleem,https://rss.buzzsprout.com/2119212.rss,"<p>Welcome to the Emotional Intelli-Gents Podcast. A podcast dedicated to helping leaders understand and hone their emotional intelligence skills. We are Ismail and Sameer, the hosts of the show, and together we have a passion for helping others navigate the complex world of emotions in the workplace. We believe that emotional intelligence is a crucial skill for success in all aspects of leadership, and we are here to share our knowledge and experience with you. So join us as we explore the world of emotional intelligence and discover the power of self-awareness, empathy, and emotional regulation.</p>",Buzzsprout,en,https://d3t3ozftmdmh3i.cloudfront.net/staging/podcast_uploaded_nologo/46439051/f1afd6f8e56ec056.jpg,2026-09-28 08:41:57,8050541,confirmed,https://www.emotionalintelligents.com,1790584917,1b9fb1614645ca8c9373232664b3a9be,,4,0,CORPORATE
No Nonsense with Pamela Wallin,Pamela Wallin,https://rss.buzzsprout.com/1154654.rss,"Hosted by Pamela Wallin, No Nonsense brings you a conversation with people making a difference. No filter, no spin, no nonsense.<hr><p style='color:grey; font-size:0.75em;'> Hosted on Acast. See <a style='color:grey;' target='_blank' rel='noopener noreferrer' href='https://acast.com/privacy'>acast.com/privacy</a> for more information.</p>",Buzzsprout,en,https://assets.pippa.io/shows/6aa2f3067d9d1b1678dbde01/show-cover.jpeg,2026-09-28 08:41:46,8050540,confirmed,http://pamelawallin.com/,1790584906,73e490f536856dad205dc15728457da8,,4,0,INDIVIDUAL
Financial Historian,sa okim,https://www.spreaker.com/show/7413710/episodes/feed,Financial Historian,Spreaker,en,https://d3wo5wojvuv7l.cloudfront.net/t_rss_itunes_square_1400/images.spreaker.com/original/e5b17c7429eb44c43b1c509d0d771ab8.jpg,2026-09-28 08:37:06,8050538,confirmed,https://www.spreaker.com/podcast/financial-historian--7413710,1790584626,ba126439eb10d147e7e9024edc5924a8,,4,0,INDIVIDUAL
The Monday Next Podcast,Meredith Monday Schwartz and Scott Monday,https://rss.libsyn.com/shows/603440/destinations/5252685.xml,"Two siblings. Two different industries. Real conversations about running a small business.
Scott Monday and Meredith Monday Schwartz are siblings, operators, and business owners who run companies in completely different ways. Monday Next is their weekly conversation about the real work of leading, fixing, and growing businesses. No guests. No fluff. Just honest talk from two people who've been challenging each other for more than fifteen years.",Libsyn,en,https://static.libsyn.com/p/assets/f/0/f/6/f0f638ed4fbaefedd959afa2a1bf1c87/Monday_Next_Podcast_Art.png,2026-09-28 08:27:51,8050532,confirmed,https://sites.libsyn.com/603440,1790584071,c99c10c5cf7d2afdf823ec2606901049,1866579647.0,2,0,CORPORATE
The Focal Point,The Focal Point,https://anchor.fm/s/1168d1758/podcast/rss,"The Focal Point is a podcast about the people building what comes next.
Hosted by Nitin Rai, each episode brings together CEOs, founders, physicians, researchers, engineers, and industry pioneers challenging conventional thinking across healthcare, AI, and technology.
These conversations aren’t about chasing trends. They’re about the ideas that challenge industries, the decisions that drive meaningful change, and how technology can expand human capability and improve lives.
The Focal Point. Where the future comes into focus.",Anchor,en,https://d3t3ozftmdmh3i.cloudfront.net/staging/podcast_uploaded_nologo/46633126/46633126-1787855411605-73408044b903b.jpg,2026-09-28 08:21:17,8050527,confirmed,https://podcasters.spotify.com/pod/show/the-focal-point5,1790583677,9bb6eb4db81099b05cd1474dba6f55f5,6806362851.0,2,0,CORPORATE
Freedom Forward,Gee,https://anchor.fm/s/112ca61d4/podcast/rss,"Once outcast from society, these stories of redemption will inspire, and motivate you to overcome any obstacles in your own personal life.",Anchor,en-us,https://d3t3ozftmdmh3i.cloudfront.net/staging/podcast_uploaded_nologo/46002205/46002205-1780419253470-5c7b0350f0ca6.jpg,2026-09-28 08:10:12,8050516,confirmed,https://podcasters.spotify.com/pod/show/gee1,1790583012,a4f93775b41cc144400ea1b326cbb89e,1896875099.0,2,0,INDIVIDUAL
ALGC Global,Prophet Elblessing Ebenezer,https://anchor.fm/s/10f800cb8/podcast/rss,"Welcome to the official podcast for Abba's Love Global Church. This podcast features powerful and life-impacting messages from Prophet Elblessing Ebenezer and guest communicators.
As you listen to these sound biblical messages you can expect to be challenged, stirred, matured and inspired in your faith and walk with God. For more information about us visit ALGC.org.",Anchor,en-us,https://d3t3ozftmdmh3i.cloudfront.net/staging/podcast_uploaded_nologo/45450174/45450174-1772712481288-b3ae39a1f3db.jpg,2026-09-28 07:58:51,8050509,confirmed,https://podcasters.spotify.com/pod/show/algc,1790582331,4a3673ffd654f3f6f9809cbc407ee7aa,1882709064.0,2,0,INDIVIDUAL
Impactful Views,Janel Nichole,https://anchor.fm/s/1134d8488/podcast/rss,"A collective showcasing the impact of entrepreneurs, creators and influencers detailing their own unique view of their journeys.",Anchor,en,https://d3t3ozftmdmh3i.cloudfront.net/staging/podcast_uploaded_nologo/46088146/46088146-1790295087282-3def62f43f023.jpg,2026-09-28 07:58:40,8050508,confirmed,https://linktr.ee/iamjanelnichole,1790582320,f18e0cab138c6410e21885450080e25c,6815893049.0,2,0,INDIVIDUAL
Caribbean Daughters: Missing & Murdered,Caribbean Daughters: Missing & Murdered,https://anchor.fm/s/117a28920/podcast/rss,Caribbean Daughters: Missing and Murdered tells the stories of women and girls across the Caribbean whose lives have been taken or whose disappearances remain unresolved.,Anchor,en,https://d3t3ozftmdmh3i.cloudfront.net/staging/podcast_uploaded_nologo/46814952/46814952-1790176597237-f76ded583262e.jpg,2026-09-28 07:50:21,8050504,confirmed,https://podcasters.spotify.com/pod/show/caribbean-daughters-missi6,1790581821,8a60290f60f887a8f50807a5b76cbbe8,6815304380.0,2,0,CORPORATE
The room that was never there,Magni,https://www.spreaker.com/show/7413549/episodes/feed,"What if you discovered a room in your home that shouldn’t exist?<br />In “The Room That Was Never There,” we explore a mysterious story about a strange room that appears where there was once nothing but an ordinary wall. As the mystery unfolds, familiar places begin to feel unfamiliar, memories become uncertain, and the question arises: was the room ever really there?<br />A mysterious and atmospheric episode about perception, memory, reality, and the unexplained. Listen until the end and decide for yourself what really happened.<br />",Spreaker,en,https://d3wo5wojvuv7l.cloudfront.net/images.spreaker.com/nuvolari-assets/light_blue_square_mic.jpg,2026-09-28 07:49:11,8050500,confirmed,https://www.spreaker.com/podcast/the-room-that-was-never-there--7413549,1790581751,17e582b9ba0d104995d3169cf88e5dcc,,4,0,INDIVIDUAL
Podcast Like It's ...,Rebel Talk Network,https://www.spreaker.com/show/7413513/episodes/feed,"Through Podcast Like It's... writers Phillip Iscove (Co-Creator of FOX's Sleepy Hollow), Kenny Neibart (Entourage, Hindsight) and now Emily St. James explore some of the best years in film, music and television. It all started in 1999, then 1989, then 2009 and now 1992! Follow Phil, Kenny and Emily as they dive into some of your favorite movies, TV shows and musicians!<br />",Spreaker,en,https://d3wo5wojvuv7l.cloudfront.net/t_rss_itunes_square_1400/images.spreaker.com/original/6e2055189796d4083c4483d14fff763e.jpg,2026-09-28 07:41:41,8050493,confirmed,https://www.spreaker.com/podcast/podcast-like-it-s--7413513,1790581301,ea3d7a5f5407755754581a5ccfd7e023,,4,0,CORPORATE
Habits and Hustle,Pure Comedy Podcast,https://www.spreaker.com/show/7413480/episodes/feed,"Habits and Hustle helps share the stories, habits, and rituals of people's journeys on living fulfilled lives. Host Jennifer Cohen interviews thought leaders, entrepreneurs, and overall extraordinary people who share their insight and open up about the normally hidden aspects that have made a difference in their success.",Spreaker,en,https://d3wo5wojvuv7l.cloudfront.net/t_rss_itunes_square_1400/images.spreaker.com/original/ca66c5c75916c6ccbfc721ec837123b9.jpg,2026-09-28 07:32:22,8050485,confirmed,https://www.spreaker.com/podcast/habits-and-hustle--7413480,1790580742,58e3b7aa6752ca70acbe811e4ac899cf,,4,0,INDIVIDUAL
Aimce Podcast,Habib,https://rss.buzzsprout.com/2653955.rss,"<p> Exploring the strategy, compliance, and engineering behind building services and project management across Sydney and NSW. Join industry experts as we break down complex MEP systems, regulatory standards, and best practices shaping the future of construction. </p>",Buzzsprout,en-us,https://storage.buzzsprout.com/pjpk1naxmtddarf6w7l8yq9gm1kp?.jpg,2026-09-28 07:26:40,8050480,confirmed,,1790580400,954e5cea830c8b2da284c75515bba9ae,,4,0,INDIVIDUAL
Attitudes,Kitty Sunnucks,https://feeds.acast.com/public/shows/6ab3b4aac974afb154a34f8a,"<p><strong>ATTITUDES</strong> is the podcast about what Britain really thinks. </p><br><p>Hosted by <strong>Mark Easton</strong>, Senior Fellow at The National Centre for Social Research (NatCen) and former BBC Home Editor, each episode takes a headline finding from some of the UK's most robust social research and explores what it reveals about the way we think, live and see the world. From artificial intelligence to taxation, cannabis to nuclear energy, Mark and expert guests dig beneath the headlines to uncover what evidence tells us about public attitudes over time. </p><br><p>At a time when public debate is often shaped by assumptions, <strong>ATTITUDES</strong> brings evidence to the conversation. Drawing on more than 40 years of research from NatCen, the UK's largest independent social research organisation, the series reveals how public attitudes are changing and challenges what we think we know about Britain. </p><br><p><strong>Join us as we go beyond the numbers and discover what Britain really thinks.</strong> </p><hr><p style='color:grey; font-size:0.75em;'> Hosted on Acast. See <a style='color:grey;' target='_blank' rel='noopener noreferrer' href='https://acast.com/privacy'>acast.com/privacy</a> for more information.</p>",Acast,en,https://assets.pippa.io/shows/6ab3b4aac974afb154a34f8a/1790262402603-b27b51c7-2354-4b94-8ebd-a0efb13073fa.jpeg,2026-09-28 07:25:57,8050478,confirmed,https://shows.acast.com/attitudes,1790580357,768f8b566af9b499f429bc2677224eb6,,0,0,INDIVIDUAL
For Those Who Listen,The Voice,https://anchor.fm/s/1065d13c4/podcast/rss,"Hosted by The Voice, 
For Those Who Listen is a space where we observe how we respond. 
it's no small secret 
how explosive we can be,
especially to those 
we believe don't belong.
reactions on reactions 
dividing us into factions,
dressed in justification and pride, 
all in the name of being right.
while reactions run rampant in the hearts of millions everyday, 
For Those Who Listen exists 
as the calm collected antithesis. 
if the world is truly so divided,
how does one turn the tide?
by honoring the arts,
the mind & observing what's inside.
in knowing… we still...
have time.",Anchor,en,https://d3t3ozftmdmh3i.cloudfront.net/staging/podcast_uploaded_nologo/43917305/43917305-1750358729820-89e0de22b162c.jpg,2026-09-28 07:16:12,8050469,confirmed,https://podcasters.spotify.com/pod/show/kyle-sean-thompson5,1790579772,38e9d9b207bfc28566e9c602609160f0,6815033483.0,2,0,CORPORATE
Crime Balls,Elena,https://anchor.fm/s/10e360984/podcast/rss,"Welcome to my corner of the internet, fellow citizens of it! My name is Elena, I am an artist and writer, musician and photographer! Alas, I am have been interested in true crime and forensic science early childhood! So I am doing a YouTube channel on true crime and make up like Bailey Sarian! Keep that in mind and I hope you make great choices! 
https://www.youtube.com/@CrimeBalls",Anchor,en,https://d3t3ozftmdmh3i.cloudfront.net/staging/podcast_uploaded_nologo/45233897/45233897-1769114810044-ff57b6a60263a.jpg,2026-09-28 07:11:01,8050464,confirmed,https://podcasters.spotify.com/pod/show/crimeballs,1790579461,5630d61bfa682f08b7956cb5b03087ed,6792350421.0,2,0,INDIVIDUAL
Returning Stronger Stories,Returning Stronger,https://anchor.fm/s/117b4ae70/podcast/rss,"Real stories from LDS Early Returned Missionaries and their parents. Each episode features an honest conversation about what happened, what helped, what didn't, and the spiritual experiences that shaped their journey home. Guests share the advice they wish they'd had, offering hope and practical support for anyone walking a similar path. Hosted by Jon Larsen, LMFT, and peer mentor Brooklyn Larsen of Returning Stronger Coaching. Learn more at https://returningstronger.com",Anchor,en,https://d3t3ozftmdmh3i.cloudfront.net/staging/podcast_uploaded_nologo/46826844/46826844-1790307946340-bf83e2f6cabde.jpg,2026-09-28 06:35:16,8050440,confirmed,https://podcasters.spotify.com/pod/show/returning-stronger8,1790577316,6ebebec06c46307a29d363a3a4658b25,6815956933.0,2,0,INDIVIDUAL
Coaches' Corner,FanDuel,https://rss.libsyn.com/shows/621335/destinations/5462435.xml,"Coaches' Corner, the World Cup show featuring three former USA soccer head coaches: Gregg Berhalter, Bruce Arena and Bob Bradley, plus host Rob Stone. Powered by FanDuel.  New episodes after every US National Team World Cup soccer match.",Libsyn,en-us,https://static.libsyn.com/p/assets/7/e/a/e/7eae6b259d4db75dd959afa2a1bf1c87/TUBI_SQUARE_COACHES_CORNER.png,2026-09-28 06:27:15,8050432,confirmed,http://sites.libsyn.com/621335,1790576835,15d2e40a931299d7b7ab9e68dde690fb,1896866595.0,2,0,CORPORATE
JOFO PODCAST,JOFO PODCAST,https://anchor.fm/s/10e4c3a60/podcast/rss,"Just Our F’n Opinion Podcast, we don’t fact-check — we talk sh*t, we debate nonsense, we roast each other, and we give the world the kind of insight absolutely nobody asked for.",Anchor,en,https://d3t3ozftmdmh3i.cloudfront.net/staging/podcast_uploaded_nologo/45248440/45248440-1769317737268-29501515e4acb.jpg,2026-09-28 06:26:34,8050431,confirmed,https://podcasters.spotify.com/pod/show/jofo-podcast0,1790576794,14a9bfeb8ad073676b3e3ecb34ca25d3,6810052133.0,2,0,INDIVIDUAL
The Soccer Brothers,The Soccer Brothers,https://feeds.transistor.fm/the-soccer-brothers,"Longtime soccer fans and brothers Nihal and Sahil break down the biggest stories in world soccer, exploring tactics along with the history, drama, and moments that define the beautiful game.",Transistor,en,https://img.transistorcdn.com/BIZuhr2Qs67LCQCjPcvwV8C1aRtL6IE71LZUiT0w-3c/rs:fill:0:0:1/w:1400/h:1400/q:60/mb:500000/aHR0cHM6Ly9pbWct/dXBsb2FkLXByb2R1/Y3Rpb24udHJhbnNp/c3Rvci5mbS9jMGM4/ZDY4OTQxNDhhYzdh/OGVjYmM2Zjc5MzIx/YmUxOC5qcGc.jpg,2026-09-28 06:23:46,8050428,confirmed,https://soundcloud.com/soccerbrothers,1790576626,9a65bf35e9fc547fcdc83411a6ddfeda,,4,0,CORPORATE
FOX on Health,FOX News Podcasts,https://feeds.megaphone.fm/FOXM6206717886,"<p>Stay informed and empowered with <strong>FOX on Health</strong>, your essential daily podcast for the latest medical news, breakthrough studies, and emerging wellness trends.<br>Every day, we break down complex health headlines into bite-sized, actionable updates. Beyond the breaking news, <strong>FOX on Health</strong> provides practical tips, expert advice, and science-backed tools designed to help you build a healthier, more fulfilling lifestyle. Whether you are looking to stay up-to-date on global health trends or searching for everyday routines to boost your physical and mental well-being, we have you covered.<br>Start your morning with the facts you need. <strong>Follow and subscribe to FOX on Health</strong> today so you never miss a daily episode!</p>",Megaphone,en,"https://megaphone.imgix.net/podcasts/ecfa102c-b119-11f1-b106-f33831e4a90d/image/2379e1bdb2a289a443d3d78aa12da40e.jpg?ixlib=rails-4.3.1&max-w=3000&max-h=3000&fit=crop&auto=format,compress",2026-09-28 02:44:04,8050272,confirmed,https://radio.foxnews.com,1790563444,d5235111d460996094b6f23c8e032ac3,6815805832.0,2,0,INDIVIDUAL
