title,author,url,description,host_platform,language,image,dateAdded,id,status,link,timeAdded,contentHash,itunesId,source,dead,is_corporate
Wicked Weatherford,Wicked Weatherford,https://feeds.libsyn.com/624370/rss,"Weatherford, Texas has a historic courthouse, the Parker County Peach Festival, and rodeos.
It also has roads that disappear, bells that ring at the wrong time, unsettling varmints everyone pretends not to notice, and tales passed quietly from one generation to the next.
Every episode explores the folklore, history, mysteries, and impossible events surrounding Weatherford and Parker County, Texas. Some of it is documented. Some of it is remembered. Some of it is still happening.
If you don't listen, how will you be prepared?
Around here, the strange isn't coming.
It's always been here.",Libsyn,en,https://static.libsyn.com/p/assets/3/c/8/9/3c89c9bfa632932fd959afa2a1bf1c87/Logo_Spotify.png,2026-08-15 08:08:14,7991371,confirmed,https://sites.libsyn.com/624370,1786781294,c0686a46814b49e455ea1e5b7bf5d8f1,6796501432.0,2,0,INDIVIDUAL
Wet Blanket Skeptics Podcast Revisited,Wet Blanket Skeptics,https://anchor.fm/s/11607a7f8/podcast/rss,"Harrison and Jake return in the new podcast Wet Blank Skeptics Podcast Revisited: Errors Only. In this new podcast, we review the errors of the past, see whether our beliefs have changed, whether we have changed, and attempt to fumble our way to the truth.",Anchor,en,https://d3t3ozftmdmh3i.cloudfront.net/staging/podcast_uploaded_nologo/46545678/46545678-1786658229470-525bc43015da5.jpg,2026-08-15 08:08:10,7991370,confirmed,https://podcasters.spotify.com/pod/show/harrison-walter8,1786781290,065a18bc10faeda96aabc1799796bf80,6801325437.0,2,0,INDIVIDUAL
Cuntry superstar,Crystal Gallagher,https://www.spreaker.com/show/7266701/episodes/feed,The great visions and music of Pink Visions,Spreaker,en,https://d3wo5wojvuv7l.cloudfront.net/t_rss_itunes_square_1400/images.spreaker.com/original/0c2106cd2bc0480e47bdeab3157f31c3.jpg,2026-08-15 08:07:43,7991368,confirmed,https://www.spreaker.com/podcast/cuntry-superstar--7266701,1786781263,7ec96022c7c3f80ca4e144d7d4981153,,4,0,INDIVIDUAL
The Garden Log,Ben Dark,https://feeds.captivate.fm/the-garden-log/,The Garden Log is an award winning /gardening/history/botany podcast from Ben Dark,Captivate,en,https://artwork.captivate.fm/e68a5a12-e7b6-4a79-a0a2-005ed2f8862f/the-garden.png,2026-08-15 08:00:36,7991363,confirmed,http://bendark.com,1786780836,daf3f058ad86c1a1d9468e5fcacc09d8,,4,0,INDIVIDUAL
Human Service Innovations,John Dougherty,https://anchor.fm/s/115dd10d8/podcast/rss,"From Human Service Innovations, John Dougherty shares practical ideas for leaders working to build stronger organizations and create greater community impact. Impact Unbound features candid conversations with leaders in the field, while Insights With Impact Learning Sprints offer focused guidance on leadership, governance, sustainability, innovation, culture, and turning ideas into action.",Anchor,en,https://d3t3ozftmdmh3i.cloudfront.net/staging/podcast_uploaded_nologo/46517766/46517766-1786291878082-b5227661458.jpg,2026-08-15 07:49:00,7991356,confirmed,https://podcasters.spotify.com/pod/show/signal-house8,1786780140,ef85e7e5110ca7d82900ae2689791a28,6799720020.0,2,0,INDIVIDUAL
Podbean Academy - Podcast Learning and Courses,podbeanacademy,https://feed.podbean.com/podbeanacademy/feed.xml,"The best place to learn podcasting is right here, where we offer a comprehensive array of resources such as tutorials, videos, webinars, live events, and more. Whether you’re a novice or looking to refine your podcasting skills, our platform provides everything you need to master the art of podcasting.
Subscribe to our email newsletter to get industry updates: https://www.podbean.com/email-subscribe 
About us:
Podbean Academy is an official in-house podcast by Podbean. 
Podbean is a podcast publishing and monetization service, hosting almost 620,000 podcasts.  If you’re looking to start your own podcast, monetize your podcast and livestream directly to your listeners, you can set up an account at podbean.com. 
Connect with us:
Subscribe to our email newsletter to get updates from the team head over to: https://www.podbean.com/email-subscribe
Find us on socials:
Instagram: https://www.instagram.com/podbean 
Facebook: https://www.facebook.com/podbeancom
YouTube: https://www.youtube.com/channel/UC0H3hvTa_1_ZwFg6RjGNXGw/ 
Twitter: https://www.twitter.com/podbeancom  
LinkedIn: https://www.linkedin.com/company/podbean 
Website: https://podcast.podbean.com/ 
 
Email us:
To contact us with questions get in contact at podcastingsmarter@podbean.com .",Podbean,en,https://pbcdn1.podbean.com/imglogo/image-logo/18165546/Podbean_Academy8ogoy.jpg,2026-08-15 07:41:38,7991354,confirmed,https://podbeanacademy.podbean.com,1786779698,18bac95b92b31314ebbaabb6299a2c9a,6800900753.0,2,0,INDIVIDUAL
Emunah Unfiltered,Rabbi Rosenthal and Rebecca Shore,https://anchor.fm/s/10f4f47f4/podcast/rss,"Emunah Unfiltered is an ongoing conversation about what it actually looks like to live with Hashem — not the version you were taught, but the one we're all still discovering. Hosted by Rabbi Da-vid Rosenthal and Rebecca Shore, we bring ancient emunah into honest dialogue with the modern world, drawing on the wisdom of Chazal, our own personal journeys, and present-day practices. Whether you're a lifelong observant Jew looking to go deeper, or someone searching for a more alive and personal relationship with Hashem — join us for Emunah Unfiltered",Anchor,en,https://d3t3ozftmdmh3i.cloudfront.net/staging/podcast_uploaded_nologo/45418213/45418213-1776615705441-d04e834ca0c63.jpg,2026-08-15 07:22:56,7991343,confirmed,https://podcasters.spotify.com/pod/show/rosenthal613,1786778576,7c456eda6c15585e33f0ed48e90cfdd4,6796356793.0,2,0,CORPORATE
The Human Advantage Architecture,Dr. Angela Pearson,https://rss.buzzsprout.com/2638024.rss,"<p><em>The Human Advantage Architecture</em> is the companion podcast to <em>The Human Advantage</em> newsletter from OD Synergistics Consulting LLC.</p><p><br></p><p>Hosted by AI voices Kai and Maya, each episode takes the newsletter's ideas beyond the page, exploring what artificial intelligence means for leadership, organizational culture, accountability, trust, belonging, and the people experiencing the transformation of work.</p><p><br></p><p>From AI maturity and shadow AI to automated hiring, governance, and human judgment, Kai and Maya examine the questions leaders should be asking as AI becomes embedded across organizations.</p><p><br></p><p>This is not a podcast about chasing the latest AI tools. It is about building the human architecture required to use them responsibly.</p><p><br></p><p>Because organizations will not create lasting advantage simply by adopting AI. The advantage will come from how well their people are prepared to lead, question, govern, and work alongside it.</p><p><br></p><p><em>The Human Advantage Architecture</em><br><b>Where AI transformation meets human leadership.</b></p>",Buzzsprout,en-us,https://storage.buzzsprout.com/ksd088o7scef6ivwx8yl3lcuopzo?.jpg,2026-08-15 07:13:20,7991341,confirmed,,1786778000,ef13c6ea0124fad4c2f8674530bc9fc2,,4,0,INDIVIDUAL
CabCast,Virginia Cooperative Extension,https://anchor.fm/s/104cbdec8/podcast/rss,"CabCast is your go-to podcast for timely insights into Virginia agriculture, brought to you by the Accomack and Northampton County Virginia Cooperative Extension offices in partnership with the Virginia Tech Eastern Shore Agricultural Research and Extension Center. Hosted by local Extension agents and researchers, CabCast breaks down critical topics affecting the region’s growers—from pest pressures and weather challenges to crop updates and research-backed solutions.",Anchor,en,https://d3t3ozftmdmh3i.cloudfront.net/staging/podcast_uploaded_nologo/43654370/43654370-1755800879143-5b093fe3f858c.jpg,2026-08-15 07:04:08,7991339,confirmed,https://podcasters.spotify.com/pod/show/31oodnienoxkli6z3m4lkzgav,1786777448,6cf37ff08d124f9b7784cc14ba2899b4,6801227308.0,2,0,INDIVIDUAL
Chief Change Officer™,Vince Chan,https://feeds.captivate.fm/chief-change-officer/,"<p>Change is already working on you. Could you make it work for you?</p><p><br></p><p>Chief Change Officer™ is a podcast for people who want to turn change into a breakthrough. It is for those reshaping a career, redirecting an organization, or rebuilding a life.</p><p><br></p><p>The show is hosted by Vince Chan, whose first lesson in change came at age four, after a severe arm injury led to surgery, hospitalization, and a long recovery. Since adolescence, she has lived through 20 major transformations across countries, careers, and crises. Before launching the podcast, she spent three decades in global finance and economics, from central banking and credit markets to billion-dollar institutional capital.</p><p><br></p><p>That experience taught her that change is never only personal. Markets shift. Institutions decide. Circumstances expand or narrow what people believe is possible. Talent matters, but so do context, timing, and power.</p><p><br></p><p>Vince brings together rare minds, black sheep, breakthrough builders, and unconventional champions from around the world. They include scholars who have spent decades studying people and institutions, executives who have carried responsibility through uncertainty, and leaders whose most valuable knowledge was earned beyond the clean lines of a textbook.</p><p><br></p><p>Together, they bring what Vince calls <b>hard-earned human intelligence</b>: judgment shaped by consequence and tested by time, trial, and revision.</p><p><br></p><p>They do not offer polished success stories or textbook formulas. They reveal what helped when plans collapsed, careers broke open, or life demanded a new direction.</p><p><br></p><p>Each conversation turns hard-earned human intelligence into practical judgment: how to understand what is changing, make stronger decisions, and move forward without losing yourself.</p><p><br></p><p>Chief Change Officer™ extends Vince’s work beyond markets and institutions into the human side of power and change. How people understand themselves, navigate their environment, and reclaim agency when the old rules no longer hold.</p><p><br></p><p>A Global Top 1% podcast and US #1 Careers show, Chief Change Officer™ is built for people who do not want merely to endure change. They want to understand it, use it, and turn it into a breakthrough.</p><p><br></p><p><b>Life is change. The question is whether change works on you, or you learn to make it work for you.</b></p>",Captivate,en,https://artwork.captivate.fm/bbfe565c-9b96-47a4-8d00-0bb133a1ec67/56cslp4zugtpllj8m8c9izy2fsr6.jpg,2026-08-15 07:03:55,7991338,confirmed,https://www.chiefchangeofficer.xyz,1786777435,3264ec84d55b799f93805c9f27caebd5,,4,0,INDIVIDUAL
Capital Compass,Olivia Bennett,https://feeds.libsyn.com/627770/rss,"Capital Compass is your guide to smarter investing and long-term wealth building. Hosted by Olivia Bennett, the show explores market trends, investment strategies, financial insights, and practical ideas to help you make more confident investment decisions.",Libsyn,en,https://static.libsyn.com/p/assets/9/3/1/c/931c460aa02083b8d959afa2a1bf1c87/IMG_0501.jpeg,2026-08-15 06:48:48,7991333,confirmed,https://sites.libsyn.com/627770,1786776528,b67e6e7b6cce252ff3e9df970a97f0f1,6800768403.0,2,0,INDIVIDUAL
"My Eastern Astrology: Chinese Zodiac, Astrology & BaZi",Maggie · My Eastern Astrology,https://feeds.captivate.fm/my-eastern-astrology/,"Chinese astrology and BaZi, in plain English. Weekly guides to the Chinese zodiac, Four Pillars (BaZi), five elements and feng shui — read your own energy map, find your best timing, and make your moves when the moment is right. Hosted by Maggie, founder of My Eastern Astrology. Every week: monthly forecasts, day master deep-dives, and practical feng shui you can use today. Get your free BaZi chart (your day master, ten-year Luck Pillars and this year's energy) at myeasternastrology.com",Captivate,en,https://artwork.captivate.fm/a03d9348-f810-4794-b779-ce1ec34e2eef/MEA-podcast-cover-3000.png,2026-08-15 06:46:49,7991332,confirmed,https://myeasternastrology.com,1786776409,afc23dcf56251ba594bf8a554b7f3743,,4,0,INDIVIDUAL
Review247,Lyle Mclaren,https://www.spreaker.com/show/7266563/episodes/feed,"Review247 la nen tang chia se thong tin va danh gia chuyen sau, cung cap noi dung huu ich, minh bach va dang tin cay danh cho cong dong.",Spreaker,en,https://d3wo5wojvuv7l.cloudfront.net/t_rss_itunes_square_1400/images.spreaker.com/original/9ecead518d04ab94a9a52f2847012441.jpg,2026-08-15 06:43:10,7991326,confirmed,https://www.spreaker.com/podcast/review247--7266563,1786776190,bec011c5346ef6a487a51fa2ec5c52be,,4,0,INDIVIDUAL
A NIGHT OUT Radioshow,DJ Naveen Kumar,https://feed.podbean.com/anightoutradioshow/feed.xml,"Mostly known for his EDM work as DARKMADA; from Originals to Remixes to the hit radio shows MOMENTUM Radio and currently DARKSYDE Radio, DJ Naveen Kumar now sets to make his mark in the #ELECTRONICDESIMUSIC scene with his monthly radio show ”A NIGHT OUT” #ANO. This is where he will be delivering a monthly dose of the freshest & newest desi vibes fused with EDM tunes from all across the globe and perfectly blended into an hour of bliss!! Why stop there... NK will also be featuring the best dj/producers and rising stars of the bollywood & urban desi scene from all across the globe on selected episodes!!<br /><br />”SO HOW DOES IT SOUND, IF WE SPEND A NIGHT OUT!!?”<br /><br />www.djnaveenkumar.com",Podbean,en,https://pbcdn1.podbean.com/imglogo/image-logo/15442008/ANightOut_2k20Cover_Generic_LQ_6skeqk.jpg,2026-08-15 06:31:41,7991309,confirmed,https://anightoutradioshow.podbean.com,1786775501,fa2a0792834d8c44b6b2d8ff2403531e,,0,0,INDIVIDUAL
The POUR Collective podcast,Rasheité Calhoun,https://feeds.megaphone.fm/pourandbefilled,<p><strong>A place for worshippers and ministry leaders to learn to pour from the overflow and avoid burnout. You were never meant to be empty. Come and get your fill.</strong></p>,Megaphone,en,"https://megaphone.imgix.net/podcasts/2d724cd8-f852-11ee-9142-179d75cee857/image/df770565c86430808f98031b29643bdf.png?ixlib=rails-4.3.1&max-w=3000&max-h=3000&fit=crop&auto=format,compress",2026-08-15 06:30:59,7991307,confirmed,https://cms.megaphone.fm/channel/pourandbefilled,1786775459,86f48a8f62b76a1509b7fcb14e7d9150,,0,0,INDIVIDUAL
Pastoral Problems,Philip Stanley,https://anchor.fm/s/115ce06d8/podcast/rss,"Pastoral Problems is where pastors Phil Stanley and Justin Wright talk honestly about ministry—the meaningful, the messy, and the completely ridiculous. Expect real conversations about church leadership, preaching, discipleship, culture, and pastor life, mixed with humor, wild church stories, and plenty of rabbit trails.
Pastoral problems are inevitable. Becoming one is optional.",Anchor,en,https://d3t3ozftmdmh3i.cloudfront.net/staging/podcast_uploaded_nologo/46507910/46507910-1786130539520-0045ac1978a74.jpg,2026-08-15 06:28:21,7991304,confirmed,https://podcasters.spotify.com/pod/show/philip8,1786775301,735c509465644b7055582062c11991fe,6799217723.0,2,0,INDIVIDUAL
Brat Generator — Free Charli XCX Brat,John Kerry,https://www.spreaker.com/show/7266544/episodes/feed,"The Brat album dropped on June 7, 2024, and its signature look — lowercase Arial Narrow text on a flat neon-green background — became one of the most viral aesthetics on the internet. Brat Generator copies that exact style instantly, for free, right in your browser.<br />✨ What You Can Do:<ul><li>Type any text — word, phrase, song lyric, or brand name</li><li>Choose from 17 fonts including Classic, Heavy, Pixel, Script & Marker</li><li>Pick your background — default brat green (#8ACE00), white, black, pink, blue or any custom hex code</li><li>Download as PNG</li><li>Share directly to Instagram, WhatsApp, X, TikTok & Discord</li></ul>⚡ 100% Free. No sign-up required. No downloads. Works on any device. Whether you call it a brat simulator, brat cover maker, brat text generator, or Charli XCX style maker — it all leads to the same place. 👉 Try it free at bbratgenerator.com",Spreaker,en,https://d3wo5wojvuv7l.cloudfront.net/images.spreaker.com/nuvolari-assets/orange_square_mic.jpg,2026-08-15 06:20:33,7991301,confirmed,https://www.spreaker.com/podcast/brat-generator-free-charli-xcx-brat--7266544,1786774833,ba757069df90d5dc5d4fd43c24b23a0b,,4,0,INDIVIDUAL
Mediocre Golf Podcast,Adam & Others,https://feeds.libsyn.com/177902/rss,We discuss everything golf with unique perspectives and entertaining takes.,Libsyn,en,https://static.libsyn.com/p/assets/6/6/f/4/66f45bc44ab6198888c4a68c3ddbc4f2/Updated_Logo_More_Pixels.jpeg,2026-08-15 06:16:38,7991296,confirmed,http://mediocregolf.libsyn.com/website,1786774598,3b4d0579810ef428427e4dc39a8e01fb,6800907307.0,2,0,CORPORATE
The Dark Side Of Wealth,Dorian Slate,https://www.spreaker.com/show/7264325/episodes/feed,"The Dark Side of Wealth is a cinematic storytelling podcast that takes real life stories involving money, ambition, and power and tells them like movies. Every episode pulls the listener inside a world most people only read headlines about - the rise, the obsession, the fall, and the uncomfortable truth underneath it all.",Spreaker,en,https://d3wo5wojvuv7l.cloudfront.net/t_rss_itunes_square_1400/images.spreaker.com/original/d08f43daae43c5809fc3482e60d4448e.jpg,2026-08-15 05:59:31,7991285,confirmed,https://www.spreaker.com/podcast/the-dark-side-of-wealth--7264325,1786773571,504380f843e353e41c38860ef0d95033,,4,0,INDIVIDUAL
VOICES OF GREYSTONES,High Tide Studios,https://feeds.acast.com/public/shows/6a537076e31e37bb56084942,"<h3><strong>Every town has its stories. Some are well known. Most are quietly carried by the people who live there.</strong></h3><p><br></p><p><em>Voices of Greystones</em> is a community podcast celebrating the people, memories and moments that make one of Ireland's most remarkable coastal towns unique.</p><br><p>From lifelong locals and newcomers to business owners, artists, volunteers and everyday people with extraordinary experiences, every conversation is a chance to capture a piece of Greystones that might otherwise be lost to time.</p><br><p>Some stories will make you laugh. Others may move you or inspire you. Together, they create a lasting record of the people who make this community what it is.</p><p>Recorded at High Tide Studios in the heart of Greystones, every episode begins with a simple coffee and a chat before becoming an honest conversation, preserved for future generations.</p><p><br></p><h4><strong><em>Everyone in this town has a story. Some just haven't been asked yet.</em></strong></h4><hr><p style='color:grey; font-size:0.75em;'> Hosted on Acast. See <a style='color:grey;' target='_blank' rel='noopener noreferrer' href='https://acast.com/privacy'>acast.com/privacy</a> for more information.</p>",Acast,en,https://assets.pippa.io/shows/6a537076e31e37bb56084942/1783854194914-0079f93a-38da-4ab5-9ceb-511cbd6bf299.jpeg,2026-08-15 05:59:01,7991284,confirmed,https://shows.acast.com/voicesofgreystones,1786773541,c1a94e41a34253743195224b54d93687,6799051811.0,2,0,INDIVIDUAL
A Simple and Purposeful Home,Devon Norris,https://anchor.fm/s/115c557cc/podcast/rss,"Purpose needs breathing room.
Home is so much bigger, richer, and simpler than we have been told.
A Simple and Purposeful Home is for the mom who is searching for meaning but exhausted by the world's complicated, anxious solutions — the one who scrolls Instagram and Pinterest and TikTok, overwhelmed and defeated.
I'm Devon — pediatric cardiac nurse turned homeschool mom, grain miller, healthy home consultant, & small business owner. Not here to tell you what to do or make you feel behind. Just honest conversation about what I'm trying, and freedom to take what works for your family.",Anchor,en,https://d3t3ozftmdmh3i.cloudfront.net/staging/podcast_uploaded_nologo/46502219/46502219-1786049442414-8989e8135111f.jpg,2026-08-15 05:26:08,7991273,confirmed,https://podcasters.spotify.com/pod/show/devon-norris4,1786771568,e3442bafb727652cb78420da4928178e,6800479544.0,2,0,INDIVIDUAL
Let's Talk Email,Steven Sayo & Jay Oram,https://anchor.fm/s/1155a2088/podcast/rss,"Welcome to Let's Talk Email, the podcast that dives deep into the world of email. Join hosts Jay Oram and Steven Sayo as they explore everything from the intricacies of email design and coding to the latest platforms, accessibility best practices, and upcoming industry events. Whether you're a seasoned email developer, a marketer looking to boost your campaigns, or simply curious about the technology behind your inbox, Let's Talk Email is your essential guide to navigating the ever-evolving landscape of digital communication. Tune in for expert insights, lively discussions, and a healthy dose of email geekery.",Anchor,en,https://d3t3ozftmdmh3i.cloudfront.net/staging/podcast_uploaded_nologo/46431954/46431954-1785105416684-3e1faecb676a7.jpg,2026-08-15 05:12:32,7991266,confirmed,https://podcasters.spotify.com/pod/show/sayo13377,1786770752,f09bbc8d647d39d8e2f5cb9a18747615,6794949768.0,2,0,CORPORATE
The sanderstamorie6’s Podcast,sanderstamorie6,https://feed.podbean.com/sanderstamorie6/feed.xml,"CNA Real Talk is the podcast for Certified Nursing Assistants who want to grow their skills, confidence, and professionalism. Hosted by an experienced CNA, each episode teaches one practical lesson you can use on your very next shift. Through real stories, real workplace situations, and actionable advice, you’ll learn better communication, teamwork, resident care, professionalism, safety, and career success. Whether you’re a new CNA or a seasoned caregiver, this podcast will help you provide exceptional care and become the kind of CNA residents, families, and employers remember.
Real Stories. Real Advice. Real Impact.",Podbean,en,https://pbcdn1.podbean.com/imglogo/image-logo/22480092/CNA_Real_Talk_Apple_Podcast_2000x2000.jpg,2026-08-15 05:10:38,7991265,confirmed,https://sanderstamorie6.podbean.com,1786770638,7e81988348cb04de145225c7dd1da664,6790604516.0,2,0,CORPORATE
The Blue Centre Halves Podcast,The Blue Centre Halves,https://anchor.fm/s/115de0434/podcast/rss,"Two bang average footballers at a bang average standard, with the hope of having a slightly better than average podcast.",Anchor,en,https://d3t3ozftmdmh3i.cloudfront.net/staging/podcast_uploaded_nologo/46518389/46518389-1786299336848-37be8b57b5709.jpg,2026-08-15 05:07:38,7991263,confirmed,https://podcasters.spotify.com/pod/show/the-blue-centre-halves3,1786770458,fdae2dff09b358344e606d47e7643ab6,6801300384.0,2,0,CORPORATE
The Healer Within,Tracy Fance,https://anchor.fm/s/115faaa94/podcast/rss,"Have you ever asked yourself why this keeps happening?
The same relationship. The symptom nobody can explain. The pattern you can't break. The feeling life is stuck on repeat.
The Healer Within is for the woman who's done the therapy, read the books, tried everything, and still can't get to the root of it.
I'm Tracy Fance. For over sixteen years I've helped women find the real root of what's driving their health, their relationships and their repeating patterns.
One idea. One story. 15-20 minutes. Raw and honest.
The healer is already within you. This podcast helps you find her.",Anchor,en-gb,https://d3t3ozftmdmh3i.cloudfront.net/staging/podcast_uploaded_nologo/46537165/46537165-1786547931139-dbe5b46b73db1.jpg,2026-08-15 05:05:59,7991262,confirmed,https://podcasters.spotify.com/pod/show/tracy-fance5,1786770359,fabaf0f6d66312a64795717528625a9a,6801084642.0,2,0,INDIVIDUAL
Kiltman’s Kitchen,Keith “Kiltman” Robinson,https://anchor.fm/s/10dacc0fc/podcast/rss,"Now let’s get this clear right from the start - I’m not a professional cook by any stretch of the imagination, nor do I have any formal culinary qualifications.
This doesn’t stop me from chucking a few ingredients together to try to create something that tastes great, and in most cases, is kinda healthy. 
Join me for some culinary shenanigans..",Anchor,en,https://d3t3ozftmdmh3i.cloudfront.net/staging/podcast_uploaded_nologo/45143927/45143927-1767912476353-877cb97fe5d8e.jpg,2026-08-15 05:05:56,7991261,confirmed,https://podcasters.spotify.com/pod/show/kr-kiltman1,1786770356,3c617f17ba7f0a2d0a780435cec3b4d2,1867642436.0,2,0,INDIVIDUAL
Practical Insights,Mara Kaufman,https://feeds.captivate.fm/practical-insights/,"Practical Insights is for people if who are sick of dating and want a serious committed “in-love” relationship. You’ll gain the tools to understand yourself and your relationships more deeply, so you can create the relationship you actually want. Each episode explores the complicated human stuff underneath relationships and turns it into practical insights you can use. Mara’s practical, actionable perspective helps you understand your patterns, your needs, and what you bring to a relationship. You’ll learn how to move toward a long-lasting, committed relationship where you can be fully yourself, have amazing chemistry, want the same kind of life together, get through the rough patches and enjoy each other. Mara took about 5-7 different programs to improve her relationships when she was single, had years of therapy, had multiple serious-committed relationships where they were in love , ending with her husband. And had at least 3 guys propose....seriously, not joking around.",Captivate,en,https://artwork.captivate.fm/66ae9a99-bf11-4bf4-8d07-f08c9bf0d46b/Practical-Insights4-1-1.png,2026-08-15 05:01:15,7991260,confirmed,https://practical-insights.captivate.fm,1786770075,fa422ba338d650ab407197696fd6edc2,,4,0,INDIVIDUAL
The Faith We Share Podcast,The Faith We Share Podcast,https://anchor.fm/s/1160f8090/podcast/rss,"The Faith We Share is a mother-and-daughter journey through God’s Word, reading the Bible together one chapter at a time and sharing honest thoughts, questions and discoveries along the way. Following a chronological reading plan, we explore scripture in a warm, family-friendly way, learning together what God’s Word has to teach us. Whether you’re a parent listening with your child or simply looking for a gentle way for them to explore the Bible, we hope you’ll feel encouraged, inspired and reminded that faith is something beautiful to share.",Anchor,en-gb,https://d3t3ozftmdmh3i.cloudfront.net/staging/podcast_uploaded_nologo/46550820/46550820-1786738519818-4905967e9cd41.jpg,2026-08-15 04:53:16,7991259,confirmed,https://podcasters.spotify.com/pod/show/the-faith-we-share-podcas,1786769596,10490cf6f55d40aa754bfaf398165590,,0,0,CORPORATE
Everything’s Fine (But It’s Not),Ebony In-depth,https://anchor.fm/s/112e6df30/podcast/rss,"Everything’s Fine (But It’s Not) is a raw, funny, and emotionally honest podcast about the invisible weight people carry while trying to hold life together. Through real conversations about motherhood, relationships, family struggles, healing, emotional burnout, identity, and everyday survival, therapist and mom Ebony gives language to experiences many silently live through. Whether it looks like over-functioning, shutting down, avoiding, overthinking, or overplanning what’s next, this podcast is for the people everyone depends on — often while struggling more than anyone realizes.",Anchor,en,https://d3t3ozftmdmh3i.cloudfront.net/staging/podcast_uploaded_nologo/46020876/46020876-1779554919403-0ad91a0671eed.jpg,2026-08-15 04:48:13,7991256,confirmed,https://podcasters.spotify.com/pod/show/ebony-in-depth,1786769293,c74bc5fc5a4cc5c11e88370a64ccd741,6801223854.0,2,0,INDIVIDUAL
A Pocket Full of Jewels,Julie Marie,https://feeds.redcircle.com/a4de218a-7985-497c-9057-5e93b7616250,"Life isn’t always sparkly. Sometimes it’s messy, heavy, confusing, and downright hard—but even in the hardest moments, there are little pieces of beauty worth finding.
Welcome to *A Pocket Full of Jewels* , a podcast hosted by Julie where we talk about real life, real feelings, personal growth, relationships, motherhood, starting over, finding yourself, and those moments when you need a little reminder that you’re stronger than you think.
This isn’t a podcast about having everything figured out. It’s about being honest about the journey—the good days, the bad days, the lessons, the laughter, and the moments that shape who we become.
Think of each episode as a little jewel to put in your pocket and carry with you: a thought, a story, a laugh, or a reminder that might be exactly what you needed to hear that day.
Because sometimes, when life feels heavy, *you just have to find your sparkle again.* ✨💎
Come sit with me, grab your coffee, and let’s find the jewels hidden in everyday life.
*A Pocket Full of Jewels — because there’s always a little sparkle somewhere.*",Spotify for Podcasters,en-US,https://media.redcircle.com/images/2026/8/15/4/9c07d252-be0a-48ee-9334-c5d3e5fdcd94__pocket_full_of_jewels_podcast_cover_3000x3000.jpg,2026-08-15 04:45:12,7991253,confirmed,https://redcircle.com/shows/a-pocket-full-of-jewels,1786769112,5d2c033294f4edb6ae08c610d68c3302,,4,0,INDIVIDUAL
be-teachable,Larisa,https://anchor.fm/s/1147540bc/podcast/rss,"Life doesn't come with a map. 
But every person we meet leaves behind clues, lessons, and experiences that can help us navigate our own path.
In my podcast, I sit down with leaders, creators, entrepreneurs, and innovators to uncover what they've learned along the way: the successes, the failures, and the decisions that shaped their journey.
Because the goal isn't to follow someone else's map exactly. It's to learn from it, create our own path, and leave a clearer map behind for others.
I'm Larisa, and this is be-teachable.",Anchor,en,https://d3t3ozftmdmh3i.cloudfront.net/staging/podcast_uploaded_nologo/46281959/46281959-1783888259209-29064d786aa32.jpg,2026-08-15 04:40:44,7991252,confirmed,https://podcasters.spotify.com/pod/show/be-teachable3,1786768844,0a2c6de570b7c35219b19cf5ed9cf4ef,6801552293.0,2,0,INDIVIDUAL
G’s Point Of View,Graylon Abukhadir Mayberry,https://feed.podbean.com/graylonmayberry17/feed.xml,"<p>New podcast weblog about people issues, striving to bring solutions with to truth and honesty.</p>",Podbean,en,https://pbcdn1.podbean.com/img/podbean-logo/podbean_86.jpg,2026-08-15 04:35:28,7991248,confirmed,https://graylonmayberry17.podbean.com,1786768528,329b47f691fd8a2c65ad421e3ec3e2f8,6801399729.0,2,0,INDIVIDUAL
Hysterical Hysteria,sara,https://rss.buzzsprout.com/2635772.rss,"<p>A podcast for women, trans women and AFAB</p>",Buzzsprout,en-us,https://storage.buzzsprout.com/fr3r7z26n2hqo21lf3v9l1661q1g?.jpg,2026-08-15 04:05:30,7991240,confirmed,,1786766730,e7ad6025ac5ca19d751f094800c7d37e,,4,0,INDIVIDUAL
EVIDENCIAS SENA,Daniel Restrepo Alvear,https://www.spreaker.com/show/7266306/episodes/feed, <br />DANIEL RESTREPOM ALVEAR<br />FICHA 3336375<br />DESARROLLO DE PROCUCTOS ELECTRONICOS,Spreaker,en,https://d3wo5wojvuv7l.cloudfront.net/images.spreaker.com/nuvolari-assets/black_square_mic.jpg,2026-08-15 04:04:01,7991238,confirmed,https://www.spreaker.com/podcast/evidencias-sena--7266306,1786766641,d17ca7441e5a421197bc6e6831d41683,,4,0,INDIVIDUAL
Into the Dungeon,Kat Nash,https://anchor.fm/s/111d4db88/podcast/rss,"Welcome Into the Dungeon with FemDom Kat Nash; Your weekly dose of kink, dominance, and fun. Whether you are relatively NEW to the kink and BDSM world, or you are a true submissive seeking guidance and domination- you are welcome here! Music City Dominatrix Kat Nash talks candidly and authentically about how to be the best submissive and find empowerment through submission, along with a myriad of kink related topics from the perspective of a Professional Dominatrix. 
An entertaining podcast for SUBMISSIVES, femdoms, kinksters, and those sweet lil vanillas out there wanting a peek at the dark side.",Anchor,en,https://d3t3ozftmdmh3i.cloudfront.net/staging/podcast_uploaded_nologo/45841298/8a49379927678846.jpg,2026-08-15 04:02:16,7991235,confirmed,https://async.com/show/into-the-dungeon-239C,1786766536,c48f78bab052d6cb18545cc9fddad0a4,6800404486.0,2,0,INDIVIDUAL
Excellence Becoming,K. Joia Houheneka,https://feeds.captivate.fm/excellence-becoming/,"You can build a successful business and still feel that your most important work is ahead of you.  Excellence Becoming is a podcast for entrepreneurs and creators who have already built good lives, but want greater excellence and fresh perspective for what they’re becoming.  Hosted by entrepreneur, coach, publisher, and researcher of human flourishing K. Joia Houheneka, the show explores how excellence is actually formed over a lifetime.  Through conversations with entrepreneurs, creators, and other exemplars, Excellence Becoming goes beneath polished success stories to uncover the formative experiences that shape a life: failures that changed everything, tensions that demanded growth, mistakes that became turning points, and moments of reinvention that transformed success into something deeper.  Because excellence is not a destination.  It is a process of becoming.  Produced by The Worthy Excellence Institute and Gold Standards Media, this podcast is part of a larger exploration of human excellence, self-actualization, entrepreneurship, philosophy, and the conditions that allow human beings to flourish.  If you are building a business in alignment with a worthwhile life, if you believe entrepreneurship can be an expression of who you are rather than simply a way to earn a living, and if you are seeking greater integration between mission, prosperity, contribution, beauty, and legacy, you will feel at home here.  As our gift to listeners, we invite you to receive a complimentary issue of Gold Standards Magazine, where we celebrate the entrepreneurs, creators, and institutions whose work embodies excellence.  Visit www.worthyexcellence.com to explore the wider project.  Claim your complimentary issue at www.goldstandardsmagazine.com.",Captivate,en,https://artwork.captivate.fm/8776617d-73d3-42ef-b05e-60bbd5e5cba0/Excellence-Becoming-Podcast-Cover-SUBMIT-compress.jpg,2026-08-15 04:01:25,7991234,confirmed,https://excellence-becoming.captivate.fm,1786766485,2f6c0c635ff50b73ac4b2f2c230da130,,4,0,INDIVIDUAL
Freedonomix,Independent Wealth Partners,https://rss.libsyn.com/shows/490577/destinations/4188128.xml,"Freedonomix is a podcast about more than just money—it's about people, purpose, and the stories that shape our lives. Powered by Independent Wealth Partners, this show is for anyone who believes that true financial freedom is about living the life you want, not just the returns you get.
At Freedonomix, we dive into two key areas, Practical Financial Wisdom (tax, investing, wealth strategies etc.) as well as Inspiring Life Stories from friends and clients . 
Whether you're here for the financial insights, the personal stories, or a bit of both, we're glad you've joined us.
Lets get started.",Libsyn,en-au,https://static.libsyn.com/p/assets/e/4/c/1/e4c18b2b4dbb255ad959afa2a1bf1c87/Untitled_design.png,2026-08-15 03:58:07,7991231,confirmed,https://sites.libsyn.com/490577,1786766287,31522ffdc6cd786c6766e499e53ef22a,1838355155.0,2,0,CORPORATE
Mersey Views,Liverpool City Council,https://feeds.megaphone.fm/merseyviews,"<p>Mersey Views is Liverpool City Council's monthly podcast: an honest, plainspoken conversation between the city and the people who run it.</p>
<p>Each episode, council leader Liam Robinson and Dylan Evans take one subject that matters to Liverpool and really get into it, alongside the people living and leading the work. Expect a straight-talking briefing from the leader, a deep dive with guests who know their subject inside out, and Your City, Your Questions, where residents put their questions directly to the leader with no script and no dodging.</p>
<p>This isn't a council broadcast. It's warm, accountable, and confident enough to name what isn't working. From becoming an anti-racist city to backing the next generation, Mersey Views is where Liverpool's real conversations happen.</p>",Megaphone,en,"https://megaphone.imgix.net/podcasts/63cd67a8-8c2b-11f1-9d17-1bd6cccc192d/image/ac1200576d08d1e5bdbd4263b2bf2203.jpg?ixlib=rails-4.3.1&max-w=3000&max-h=3000&fit=crop&auto=format,compress",2026-08-15 03:45:21,7991224,confirmed,https://liverpool.gov.uk/,1786765521,286e35a58df1ec2165a7b9c884a15b5d,6796624794.0,2,0,CORPORATE
Business Behind the Story,Lucas,https://www.spreaker.com/show/7266200/episodes/feed,"Business Behind the Story is a documentary podcast about how companies really work — the decisions, strategies, money, competition, and people behind the businesses we know.<br />Each episode investigates a real company, founder, industry, product, rivalry, collapse, or turnaround. We look beyond headlines and corporate mythology to understand how the business actually made money, what gave it an advantage, which decisions changed its trajectory, and what happened when reality stopped matching the plan.<br />From technology giants and global brands to startups, retailers, airlines, manufacturers, and spectacular corporate failures, Business Behind the Story explores the forces that build companies — and sometimes destroy them.<br />Because behind every business is a story about ambition, incentives, timing, capital, competition, and human decisions.<br />",Spreaker,en,https://d3wo5wojvuv7l.cloudfront.net/t_rss_itunes_square_1400/images.spreaker.com/original/6d628d594a4c4350a973e12e729f11b8.jpg,2026-08-15 03:25:52,7991216,confirmed,https://www.spreaker.com/podcast/business-behind-the-story--7266200,1786764352,7043e3c5dafdf24dc728cdf9bd359d55,,4,0,INDIVIDUAL
Walk That Walk - A Christian Podcast,Brother Andrew,https://anchor.fm/s/116123010/podcast/rss,"Walk That Walk is a Christian podcast focused on taking faith beyond words and putting it into action. Through honest discussions, scripture-grounded encouragement, and real-life perspectives, we explore what it truly means to follow Jesus in today’s world.
Hit Follow to join the community and step into a stronger, purpose-filled walk with Christ every week.",Anchor,en,https://d3t3ozftmdmh3i.cloudfront.net/staging/podcast_uploaded_nologo/46552580/46552580-1786756047173-4370f506c7b7b.jpg,2026-08-15 03:18:46,7991212,confirmed,https://podcasters.spotify.com/pod/show/christianwalkthatwalk,1786763926,1ad43e82bc639c7a6a08959a7d399f2f,,0,0,CORPORATE
Audio english,Diego Niño,https://www.spreaker.com/show/7266168/episodes/feed,"<b>Audio script</b> <b> </b><br />Hi my name is Diego Esteban Niño Munevar<br /><br />Program Electronic Product Development<br /><br />Activity: Attitudes, Beliefs and Obligations  <br /><br /> I am a responsible, hardworking and respectful person.<br /><br /> I like helping other people and I always try to do my best at work and in my studies.<br /><br /> As a student, I have to attend my classes and complete my assignments on time.<br /><br /> I must be responsible with my studies and organize my time.<br /><br /> I should pay attention in class and continue learning new things.<br /><br /> At work, I have to follow instructions and safety rules.<br /><br /> I must be careful when I handle products and materials.<br /><br /> I should work well with my coworkers and treat them with respect.<br /><br /> I believe that being responsible and having a good attitude are very important in life.<br /><br /> I also believe that I must continue learning and improving my skills to have better opportunities in the future.<br /><br /> Thank you for listening<i>.</i>",Spreaker,en,https://d3wo5wojvuv7l.cloudfront.net/t_rss_itunes_square_1400/images.spreaker.com/original/7f0cdb51b73f5b63f7cf381dfa01e33a.jpg,2026-08-15 03:18:28,7991211,confirmed,https://www.spreaker.com/podcast/audio-english--7266168,1786763908,91ba50fc92741bcc24524e7d3b4878f2,,4,0,INDIVIDUAL
60 Seconds of Truth,Built by Carra,https://anchor.fm/s/1127cad40/podcast/rss,"60 Seconds of Truth is a short-form podcast about healing, faith, motherhood, boundaries, rebuilding, and becoming whole again — one honest minute at a time.
Created by Built by Carra",Anchor,en-us,https://d3t3ozftmdmh3i.cloudfront.net/staging/podcast_uploaded_nologo/45951280/45951280-1778513282526-c1d6986cb2393.jpg,2026-08-15 03:11:34,7991206,confirmed,https://podcasters.spotify.com/pod/show/built-by-carra,1786763494,ad3676bfe9414a4f6d00e346074d880a,6801198265.0,2,0,INDIVIDUAL
The Fight Plan with Kurtis Gabriel,Kurtis Gabriel,https://rss.libsyn.com/shows/614595/destinations/5359625.xml,"The Fight Plan is a raw, real, and unfiltered podcast hosted by former AHL/NHL fighter Kurtis Gabriel. Kurtis and his guests explore fights on the ice and in sports—and how they relate to the battles we all face: mental and physical health, relationships, life circumstances, and world events. Guests are met where they are on their journey, and we can each find ourselves in their stories. After every conversation, Kurtis is joined by his dear friend Ben Meyers, a mental health coach with a decade of experience, for ""After The Bell"" to unpack what came up.",Libsyn,en,https://static.libsyn.com/p/assets/3/2/c/6/32c631d4476a589716c3140a3186d450/TFP_Podcast_Main_Logo_1400x1400.png,2026-08-15 03:08:33,7991205,confirmed,https://kurtisgabriel.com/the-fight-plan,1786763313,4a35080dcd04edb520c139c47e865e0e,1894731094.0,2,0,INDIVIDUAL
Inspired by a Greater Purpose,Sis Richards,https://rss.buzzsprout.com/2637975.rss,"<p>Welcome to Inspired by a Greater Purpose—a podcast for Young Women Seeking Jesus Christ. Where the world doesn’t define who you are.<br>This is a place where we can come together as beloved daughters of Heavenly Parents to talk about things that truly matter. Here, you can feel God’s love for you, find Jesus Christ and get excited about being a daughter of God. <br><br>Remember who you are and whose you are. Stay inspired—because you were created for a greater purpose. </p>",Buzzsprout,en-us,https://storage.buzzsprout.com/035hskiaq4q9629ujy9mm8hb87w3?.jpg,2026-08-15 03:04:52,7991200,confirmed,,1786763092,4519b797d113a96bf795f6c9fde2ec23,,0,0,INDIVIDUAL
Human Trials Live,with Koots,https://anchor.fm/s/10d571cc4/podcast/rss,"Human Trials Live is currently planned as a four-episode podcast exploring the connection between our systems and our health. Following my own experiences, we will explore root causes and effects of illness, as well as solutions and positive outcomes.
The objective is simple: question, research, connect—and empower people with information so they can make informed decisions for their families and their communities.
Awareness. Truth. Action.",Anchor,en-us,https://d3t3ozftmdmh3i.cloudfront.net/staging/podcast_uploaded_nologo/45087801/45087801-1786225997664-8dc81defff98c.jpg,2026-08-15 02:51:52,7991190,confirmed,https://podcasters.spotify.com/pod/show/htl5,1786762312,7b5b037fb8cd2eda25d7220bb3cb9c10,6800001517.0,2,0,CORPORATE
Lens Republic,Monique Pizzica and Amanda Starkey,https://anchor.fm/s/115ef6634/podcast/rss,"Lens Republic is a Melbourne-based photography and videography podcast exploring the creative and business sides of visual storytelling. Hosted by Monique Pizzica and Amanda Starkey who live and breathe the industry, each episode features honest conversations about gear, technique, client work, creative challenges, and the realities of building a career behind the camera. Whether you're just starting out or have years of experience, Lens Republic is a place to learn, be inspired, and connect with the photography community.",Anchor,en-au,https://d3t3ozftmdmh3i.cloudfront.net/staging/podcast_uploaded_nologo/46529781/46529781-1786453916647-326c3e24c9e64.jpg,2026-08-15 02:51:30,7991189,confirmed,https://podcasters.spotify.com/pod/show/monique-pizzica6,1786762290,739a2be32f603fd78878618fa30d963a,6801133313.0,2,0,CORPORATE
Generations at the Altar,Titus and Vonia Broom,https://anchor.fm/s/10f034c64/podcast/rss,"Generations at the Altar is a place for truth, transformation, and Spirit-led teaching. Hosted by Titus and Vonia Broom, we’re building conversations that strengthen faith and understanding.
Generations at the Altar Nights is under the umbrella of Generations at the Altar. We interview those that are in the marketplace about faith and community.",Anchor,en-us,https://d3t3ozftmdmh3i.cloudfront.net/staging/podcast_uploaded_nologo/45368417/45368417-1786335673038-399352366d398.jpg,2026-08-15 02:50:36,7991188,confirmed,https://podcasters.spotify.com/pod/show/generations-at-the-altar,1786762236,8aacdf7f8876511ede8280f69a17f369,6799717561.0,2,0,CORPORATE
Bitget Referral Code “BEST99” & Sign-Up Rewards,Vũ Đình Hưng,https://www.spreaker.com/show/7266109/episodes/feed,"If you are looking for a Bitget referral code in 2026, “BEST99” is the code featured in this guide. Eligible new users may have the opportunity to unlock up to 6,500 USDT in rewards through Bitget’s referral and promotional offers. By entering the Bitget referral code “BEST99” during registration, users can access applicable new-user benefits and explore the rewards available on the Bitget crypto exchange. Before signing up, check Bitget’s latest campaign terms, eligibility requirements, and reward conditions to confirm what is available in your region.",Spreaker,en,https://d3wo5wojvuv7l.cloudfront.net/t_rss_itunes_square_1400/images.spreaker.com/original/9295d30532d523160b26c9169ddf0c76.jpg,2026-08-15 02:33:07,7991183,confirmed,https://www.spreaker.com/podcast/bitget-referral-code-best99-sign-up-rewards--7266109,1786761187,92666fdefa77ace379dc618f48bb1dea,,4,0,INDIVIDUAL
Different Chapters,Naomi Hartl and Emily Johb,https://anchor.fm/s/115dfc88c/podcast/rss,"Life has a way of taking each of us through different chapters. Different Chapters is a podcast hosted by two sisters navigating very different seasons of life. Through honest conversations about relationships, family, personal growth, healing, identity, and everything in between, we explore what it means to keep becoming. Without pretending to have all the answers. We believe you don't have to be in the same chapter to walk alongside someone. Wherever life has taken you, whatever chapter you find yourself in, we're so glad you're here. Let's turn the page together.",Anchor,en,https://d3t3ozftmdmh3i.cloudfront.net/staging/podcast_uploaded_nologo/46519547/46519547-1786313417868-f21102e131e3f.jpg,2026-08-15 02:32:23,7991182,confirmed,https://podcasters.spotify.com/pod/show/naomihartl4,1786761143,489560f81668d0e622fda70c286160f7,6801365172.0,2,0,CORPORATE
RANCH-O-RADIO,Uone,https://feeds.transistor.fm/ranch-o-radio,"Welcome to Ranch-O-Radio, the sonic campfire of Australian electronic artist Uone. Expect deep grooves, psychedelic journeys, musical discoveries and stories from the road recorded wherever the journey happens to take us.",Transistor,en,https://img.transistorcdn.com/Y0cQ2pN31X7C1omTJa7PGPP05ya0mzqRBLucWajM_B0/rs:fill:0:0:1/w:1400/h:1400/q:60/mb:500000/aHR0cHM6Ly9pbWct/dXBsb2FkLXByb2R1/Y3Rpb24udHJhbnNp/c3Rvci5mbS82N2Q1/MjAzYjYwNWViM2Y0/ZDFlZDM5YjZjYzU4/OTZlZC5qcGc.jpg,2026-08-15 02:27:52,7991181,confirmed,https://www.ranchoradio.com,1786760872,fddf27b736e4f95a5d6c9e0027f53c68,,4,0,INDIVIDUAL
Beyond the Lyrics 604,Beyond the Lyrics 604 - With Emcee K-Ski and Kavawon,https://anchor.fm/s/115d4accc/podcast/rss,"Beyond the Lyrics 604 is a hip-hop focused live podcast shot in Vancouver, B.C., Canada. The show is for everybody who enjoys hip-hop, urban culture in general especially in Canada. ""Inspire. Inform. Empower."" is the mantra and the focus is building upon an already thriving #VanCity​ urban music culture. so that artists, related business owners and specifically music/performance artists from all skill levels in Vancouver are able to chop it up in positive, solution-based environment & use the tools discussed/offered to thrive independently.",Anchor,en,https://d3t3ozftmdmh3i.cloudfront.net/staging/podcast_uploaded_nologo/46512267/46512267-1786555466584-d6e0697149d8c.jpg,2026-08-15 02:27:39,7991180,confirmed,https://podcasters.spotify.com/pod/show/beyond-the-lyrics-6048,1786760859,d4f1af523b29964293a78d3edc4fabd9,6800993416.0,2,0,CORPORATE
Lovemybabyjourney,Lovemybabyjourney,https://anchor.fm/s/873a7c6c/podcast/rss,All about momma and bubba,Anchor,en,https://d3t3ozftmdmh3i.cloudfront.net/production/podcast_uploaded/22587571/22587571-1646361331354-9f5d75d1270dd.jpg,2026-08-15 02:23:14,7991176,confirmed,https://lovemybabyjourney.com/,1786760594,3f0509177da8eb292f6cc92b52fe81c8,1612948348.0,2,0,INDIVIDUAL
Canadian Founder,Yisen Wang,https://anchor.fm/s/1132d56a4/podcast/rss,"Canadian Founder uncovers the grit, strategy, and raw journeys behind the nation’s most remarkable companies and creators.
Building the North, one story at a time.",Anchor,en,https://d3t3ozftmdmh3i.cloudfront.net/staging/podcast_uploaded_nologo/46067057/46067057-1780176989712-cf81e0b133c89.jpg,2026-08-15 02:20:52,7991175,confirmed,https://podcasters.spotify.com/pod/show/yisen-wang,1786760452,83915f4e9ac1645ba0b82159e4266ebe,6800820364.0,2,0,INDIVIDUAL
Building Change: An OAWA Podcast,Office to Advance Women Apprentices,https://anchor.fm/s/1133cb374/podcast/rss,"Building Change is a podcast from the Office to Advance Women Apprentices (OAWA), featuring conversations with industry leaders, employers, educators, and tradeswomen helping shape the future of skilled trades in Newfoundland and Labrador. Through honest discussion and lived experience, the series explores career pathways, workplace culture, mentorship, challenges, and opportunities in the trades. While the conversations are often viewed through the lens of women in trades, many of the themes are universal, offering valuable insight to anyone interested in the industry.",Anchor,en-ca,https://d3t3ozftmdmh3i.cloudfront.net/staging/podcast_uploaded_nologo/46077125/46077125-1780315622148-fa807d9cd221f.jpg,2026-08-15 02:20:42,7991174,confirmed,https://podcasters.spotify.com/pod/show/office-to-advance-women-a9,1786760442,2cd809a83ae07538ac4984c0d21b1db5,6800723003.0,2,0,INDIVIDUAL
The Community Sofa,Right at Home Salisbury & Andover,https://anchor.fm/s/115818cb8/podcast/rss,"Welcome to The Community Sofa, the podcast bringing together the people, organisations and stories that make our community stronger. Hosted by Courtney Hillman and Debs Sheldon from Right at Home Salisbury & Andover, each episode features relaxed conversations with local charities, healthcare professionals, community groups and experts, helping people discover the support available across Salisbury, Andover and the surrounding villages. Because every great community starts with a conversation.",Anchor,en,https://d3t3ozftmdmh3i.cloudfront.net/staging/podcast_uploaded_nologo/46457790/46457790-1785426558620-5e0c2d076bd3b.jpg,2026-08-15 02:06:32,7991166,confirmed,https://podcasters.spotify.com/pod/show/right-at-home-salisbury--0,1786759592,6c462d68099e64a7f267a056a9f6f330,6801452757.0,2,0,CORPORATE
Massaro Outdoors,Joshua Massaro,https://feeds.captivate.fm/massaro-outdoors/,We are a family that enjoys the outdoors! We love God and we are thankful for the beautiful creation He gave us. (Matthew 5:16),Captivate,en,https://artwork.captivate.fm/da623baf-6cfe-49ef-abf9-a9b9ad02b7d6/massaro-Podcast-Cover.jpg,2026-08-15 02:01:15,7991164,confirmed,https://massaro-outdoors.captivate.fm,1786759275,362f9eb98048ca4a68bd288f8f2afde7,,4,0,INDIVIDUAL
Everleigh Sings With Other Artists,Evereligh,https://www.spreaker.com/show/7266068/episodes/feed,"I love to sing, but not alone so basically I’m just singing with other artists and I think it’s really cool",Spreaker,en,https://d3wo5wojvuv7l.cloudfront.net/t_rss_itunes_square_1400/images.spreaker.com/original/4cd5ebffcae38508ce6baced9b4dbe3b.jpg,2026-08-15 01:57:39,7991162,confirmed,https://www.spreaker.com/podcast/everleigh-sings-with-other-artists--7266068,1786759059,5a3f43fac48760e48083b690fc4178e6,,4,0,INDIVIDUAL
BSCP Trailblazers,Biomedical Science Careers Program,https://feeds.libsyn.com/627870/rss,"BSCP's Trailblazers is a podcast series created by and for the Biomedical Science Careers Program Alumni Network to grow, learn from, and connect with each other as we drive meaningful change in our fields. Through candid conversations with alumni, participants, and partners across all ages and stages of their careers, this series aims to showcase diverse career paths, share lessons learned and leadership insight, and highlight the power of community and long-term professional relationships.
This series is a production of BSCP in Boston, Massachusetts.  Founded in 1991 at Harvard Medical School by Dr. Joan Reede, BSCP began on a local scale and attracted students from Massachusetts and across New England. Today, our reach is national, with representation from all 50 states, Washington, DC, Puerto Rico, and beyond.  For more information go to bscp.org.
Trailblazers is hosted by Jordie Kamuene, PhD, and produced by Jill Ruby.   
The series launches Sept. 1, 2026.  Subscribe to our show wherever you listen to your podcasts.",Libsyn,en,https://static.libsyn.com/p/assets/9/3/6/e/936ef5dab0d44babd959afa2a1bf1c87/BSCP_podcast_square_logo_full.png,2026-08-15 01:56:28,7991161,confirmed,https://bscp.org/,1786758988,501379ce423b11ee8d0274e2cf83d7f6,6801242992.0,2,0,INDIVIDUAL
Beyond Plastic: where science meets consciousness,Dr. Elie Haddad,https://rss.buzzsprout.com/2635728.rss,"<p>""<b>Beyond Plastic: where science meets consciousness""</b> is a journey into the science of living well and the wisdom of living deeply.</p><p>Hosted by cardiologist, author, and TEDx speaker Dr. Elie Haddad, the podcast explores the intersection of modern medicine, environmental health, longevity, consciousness, and the deeper questions that shape the way we live.</p><p>Drawing from decades in medicine and a lifelong curiosity about the human experience, Dr. Elie moves beyond symptoms and diagnoses to explore the connections between our bodies, our environment, our minds, and our inner lives. Through science, storytelling, and reflection, each series invites us to question what we take for granted, understand the forces shaping our health, and make more conscious choices for ourselves and the world around us.</p><p>The journey begins with <b>The Plastic Age</b>, a series tracing the extraordinary rise of plastic from a revolutionary invention to one of the defining materials of our civilization. We’ll explore how it reshaped the way we live, how micro- and nanoplastics found their way into our environment and our bodies, what emerging science is revealing about their impact on human health, and what we can realistically do about it.</p><p>Future series will venture into longevity, wellness, consciousness, resilience, purpose, and the evolving science and wisdom of what it means to live a healthier, more meaningful life.</p><p>Because living well is about more than adding years to our lives. It is about bringing more life into our years.</p>",Buzzsprout,en-us,https://storage.buzzsprout.com/ta0y65nsdwb2xzegsnbl22swow6p?.jpg,2026-08-15 01:55:19,7991160,confirmed,https://www.buzzsprout.com/2635728,1786758919,c371fa4cb15e88646962c56d06280414,,4,0,INDIVIDUAL
The Dick & Paul Show,Dick Costolo and Paul Kedrosky,https://feeds.megaphone.fm/RRM2027910103,"<p>Two of the sharpest minds in tech, Dick Costolo and Paul Kedrosky, pull back the curtain on AI, startups, and the future that’s rushing toward us. With insider access, fascinating guests, and a healthy dose of irreverence, they’ll make you laugh while they explain how the world might end (and how we might still save it).</p>",Megaphone,en,"https://megaphone.imgix.net/podcasts/1f28d0be-926c-11f1-bac5-9387fb0555c4/image/8663265a6a742ba6bdcd1eb46adf3f7f.png?ixlib=rails-4.3.1&max-w=3000&max-h=3000&fit=crop&auto=format,compress",2026-08-15 01:54:26,7991159,confirmed,,1786758866,7e48ca3d9357e1bf2dab1ee69dfa150a,6801135935.0,2,0,CORPORATE
Coyle CHAOS ⚜️🌴 PODCAST 🎙️ x Brandon Coyle,Brandon Coyle,https://anchor.fm/s/115e785cc/podcast/rss,"Welcome to the Coyle CHAOS ⚜️🌴 PODCAST 🎙️ x Brandon Coyle, where New Orleans ⚜️ roots meets Beverly Hills 🌴 dreams.
Join Brandon Coyle, husband, dad of three (including twins), professional attention seeker, anxious overthinker, and a guy who always has a story, for unfiltered conversations about family, fatherhood, pop culture, celebrities, business, travel, life, and whatever rabbit hole comes next.
Expect laughs, oversharing, special guests, and plenty of beautiful chaos.
Grab a coffee… or something stronger. 😎
Welcome to the Coyle CHAOS ⚜️🌴 PODCAST 🎙️ x Brandon Coyle",Anchor,en,https://d3t3ozftmdmh3i.cloudfront.net/staging/podcast_uploaded_nologo/46524619/46524619-1786384374923-10b533df51097.jpg,2026-08-15 01:49:58,7991157,confirmed,https://podcasters.spotify.com/pod/show/brandon-coyle,1786758598,fd74fe0a489c9c2120cd5f2e85c03fa5,6800271015.0,2,0,CORPORATE
Center Court Podcast with Collin and Caleb,Center Court Podcast,https://anchor.fm/s/11034fe98/podcast/rss,"🏀 Real basketball talk
🎙️ Center Court Podcast with Collin & Caleb
📊 College | NBA | Strategy | Player Development",Anchor,en-us,https://d3t3ozftmdmh3i.cloudfront.net/staging/podcast_uploaded_nologo/45568758/45568758-1773521177896-35a67c2b8d369.jpg,2026-08-15 01:42:03,7991155,confirmed,https://anchor.fm/s/11034fe98/podcast/rss,1786758123,838706406605dba87ae69fba38259927,6797522473.0,2,0,CORPORATE
not that deep,Sofia Diana,https://rss.buzzsprout.com/2637970.rss,this is just your normal everyday podcast you can listen to while cleaning or driving or whatever. hopefully it'll be funny? i'm not sure anyway here's sofie,Buzzsprout,en-us,https://storage.buzzsprout.com/v0ohhfdzk1tso0qpl7lzefmdc39f?.jpg,2026-08-15 01:40:07,7991154,confirmed,https://podcasters.spotify.com/pod/show/ntdwithsofie,1786758007,f611850274a72e0b9db0b15a5ed40a15,,0,0,INDIVIDUAL
Actividades ingles,luz ballesteros,https://www.spreaker.com/show/7266035/episodes/feed,Audios ,Spreaker,en,https://d3wo5wojvuv7l.cloudfront.net/images.spreaker.com/nuvolari-assets/yellow_square_mic.jpg,2026-08-15 01:36:54,7991152,confirmed,https://www.spreaker.com/podcast/actividades-ingles--7266035,1786757814,09b6d59929b878eae99d65411ffeffec,,4,0,INDIVIDUAL
The Chocolate Man: Behind the Bar,The Chocolate Man,https://anchor.fm/s/115f3aeb0/podcast/rss,"Chocolate, business, nostalgia and the stories behind the bar. 
The Chocolate Man talks to chocolatiers, cocoa farmers, historians, former confectionery workers and fascinating guests, while sharing the journey of building Salahuddin Dates and trying to create a new British chocolate company. 
Expect forgotten favourites, taste tests, chocolate history, new product ideas, business highs and lows, and plenty of proper chocolate talk.",Anchor,en-gb,https://d3t3ozftmdmh3i.cloudfront.net/staging/podcast_uploaded_nologo/46532588/46532588-1786486771848-99c92f0441853.jpg,2026-08-15 01:35:18,7991150,confirmed,https://podcasters.spotify.com/pod/show/the-chocolate-man,1786757718,3427f409db2c043cd4ff816723833fdd,6800768931.0,2,0,CORPORATE
The Deep Purple Podcast,Nathan Beaudry and John Mottola,https://feeds.transistor.fm/the-deep-purple-podcast,"A fan podcast dedicated to the history, music, and people behind the band Deep Purple . . . and beyond!",Transistor,en,https://img.transistorcdn.com/YIzleWjx_NJrPtAoG4QSlAJ6uI2M0x5PAInKDGIvgb0/rs:fill:0:0:1/w:1400/h:1400/q:60/mb:500000/aHR0cHM6Ly9pbWct/dXBsb2FkLXByb2R1/Y3Rpb24udHJhbnNp/c3Rvci5mbS83NGRk/M2JlOWIyYTljZGZh/MWUyNDY3NjU0ZGY2/ZmZlMi5qcGc.jpg,2026-08-15 01:34:42,7991147,confirmed,http://www.deeppurplepodcast.com,1786757682,e343172566c985d6a2c0562e5ca2f6df,,4,0,CORPORATE
Built to Sway,The Low-Key Visionary™,https://anchor.fm/s/115cda530/podcast/rss,"The loudest person in the room is usually running a deficit of real authority. But the quietest person is often running an asset deficit—keeping their decades of genius completely undocumented.
If you are an introverted, reserved, or neurodivergent leader, you’ve likely been told that to build an impactful brand, you have to play the loud, performative games of the internet personality economy. You’ve been forced to choose between two exhausting extremes: screaming for attention or staying completely invisible.
Built to Sway is the alternative to the noise.",Anchor,en-us,https://d3t3ozftmdmh3i.cloudfront.net/staging/podcast_uploaded_nologo/46507660/46507660-1786127773433-100b5071a61d4.jpg,2026-08-15 01:30:27,7991145,confirmed,https://podcasters.spotify.com/pod/show/the-low-key-visionary0,1786757427,0b3f960d26503a74dcc092065a371da9,6799453796.0,2,0,CORPORATE
My attitudes,Daniel Augusto Pamplona girald,https://www.spreaker.com/show/7266004/episodes/feed,"my attitudes, beliefs, and obligations",Spreaker,en,https://d3wo5wojvuv7l.cloudfront.net/t_rss_itunes_square_1400/images.spreaker.com/original/145da4a6b05673954522c73d64fdee32.jpg,2026-08-15 01:11:20,7991143,confirmed,https://www.spreaker.com/podcast/my-attitudes--7266004,1786756280,1b0491a04b5ccf756418ae29a0cf5d9a,,4,0,INDIVIDUAL
The Old Men,The Old Men,https://rss.buzzsprout.com/2637256.rss,"<p>Welcome to The Old Men, also known as the Old Men Who Yell at Clouds, where we yak about music, health, technology, and the latest in local and world news.</p>",Buzzsprout,en-ca,https://storage.buzzsprout.com/vwbs2xk3v9y1wwzu4tdvj8k65clk?.jpg,2026-08-15 01:10:38,7991139,confirmed,https://www.theoldmen.ca,1786756238,8c9a1cf22dafcbf747de9543fa53cfbd,,0,0,CORPORATE
Call To The Community With Stichiz,1035 The BEAT (WMIB-FM),https://www.spreaker.com/show/7266006/episodes/feed,The world is changing…and communities are answering the call.<br />From the streets to the boardrooms…<br />From local leaders to global change-makers…<br />These are the voices creating impact where it matters most.This is.... THE CALL TO COMMUNITY on 103.5 THE BEAT with your host Stichiz<br /><b></b><br /><b>Everyone’s receiving the call…but who’s really picking up?</b>,Spreaker,en,https://d3wo5wojvuv7l.cloudfront.net/t_rss_itunes_square_1400/images.spreaker.com/original/cf39b0e8ff800354358eaa14d082fdb2.jpg,2026-08-15 01:10:29,7991138,confirmed,https://www.spreaker.com/podcast/call-to-the-community-with-stichiz--7266006,1786756229,ebe75d06ded46b79ec5d109b105c5607,,4,0,INDIVIDUAL
The Corporate Atlas,Subhash,https://feeds.redcircle.com/36e6e576-1aae-48cb-92db-dee32f756f7b,"The Corporate Atlas is a premium business documentary podcast that explores the complete stories behind the world's most influential companies, visionary founders, global brands, and market leaders. Every episode uncovers business strategies, corporate history, leadership decisions, stock market journeys, financial insights, mergers, acquisitions, innovation, and the lessons behind billion-dollar companies. From Apple and Tata to NVIDIA, Amazon, Microsoft, Tesla, PayPal, and more, The Corporate Atlas helps you understand how great companies are built and how they changed the world.",Spotify for Podcasters,en-IN,https://media.redcircle.com/images/2026/7/29/9/a81f8645-b567-4d88-a712-22b61dbade94_ea91e74e-31f5-4f98-8f90-6dc17daeaa7f.jpg,2026-08-15 01:09:33,7991137,confirmed,https://redcircle.com/shows/the-corporate-atlas,1786756173,58a23807e7b46384196b364d6b4d84d6,6797071425.0,2,0,INDIVIDUAL
We Don't Talk About That Podcast,Linda Coogan Byrne,https://feeds.acast.com/public/shows/we-dont-talk-about-that-podcast,"<p>We Don't Talk About That is a bold new podcast exploring the conversations society often avoids but desperately needs to have.</p><br><p>Hosted by award-winning campaigner, researcher and author <a href=""https://l.instagram.com/?u=https%3A%2F%2Flinktr.ee%2Flindacooganbyrne%3Futm_source%3Dig%26utm_medium%3Dsocial%26utm_content%3Dlink_in_bio%26fbclid%3DPAZXh0bgNhZW0CMTEAc3J0YwZhcHBfaWQPOTM2NjE5NzQzMzkyNDU5AAGnhRhUOOMnmxKossqkI4tTUGTmaI5hHu0mnkq4MLhUseztc9LgsrHoGcBw6UE_aem_jDWA6FsXWzxmlKjZFliuQA&e=AUAfFmU-eWCwhyf_6QE6o4EUsiItw_UIlA3dKytWoQxE21M7NOHNvMVBbGTAQYChiE6W3mlcTn0_L50L51XNYBLBQ-c2WiSI04kQh8PHSj_oxsv9oGz36YI7kULRZ9qtIAOBpOlwifz-"" rel=""noopener noreferrer"" target=""_blank"">Linda Coogan Byrne</a> alongside Season One special guest co-hosts Ndidi O and Sangeeta Kalsi, the podcast brings together survivors, activists, academics, artists, industry leaders and changemakers for honest, unfiltered discussions about power, inequality, culture, trauma, resilience and social change.</p><br><p>From violence against women and girls, gender inequality and workplace culture to music, media, politics, identity and the stories that shape our lives, no subject is off limits.</p><br><p>Each episode creates space for the voices too often left out of mainstream conversations, combining lived experience, expert insight and challenging dialogue with compassion, humour and curiosity.</p><br><p>At a time when so many important issues are reduced to headlines and soundbites, <em>We Don't Talk About That</em> goes deeper.</p><p>Because the conversations we avoid are often the ones we need most.</p><br><p>Now available across all major podcast platforms.</p><br><p>Brought to you by <a href=""https://whynother.eu/"" rel=""noopener noreferrer"" target=""_blank"">Why Not Her?</a> and <a href=""https://theindustryreview.com/"" rel=""noopener noreferrer"" target=""_blank"">The Industry Review</a></p><br><p><em>Season One features </em><strong><em>""Call Me Queen""</em></strong><em> by guest co-host Ndidi O, used with permission, as the podcast's opening and closing theme music.</em></p><hr><p style='color:grey; font-size:0.75em;'> Hosted on Acast. See <a style='color:grey;' target='_blank' rel='noopener noreferrer' href='https://acast.com/privacy'>acast.com/privacy</a> for more information.</p>",Acast,en,https://assets.pippa.io/shows/6a1be59dad55909da653919b/1785770081430-ccdf0ea2-9be5-482f-bc7e-0beb98f2c63e.jpeg,2026-08-15 01:06:18,7991136,confirmed,https://shows.acast.com/we-dont-talk-about-that-podcast,1786755978,6b2480c6b957a38ebb26bef9f458a5cc,6798232554.0,2,0,INDIVIDUAL
Courageously Caitlin,Caitlin Sheets,https://rss.buzzsprout.com/2632808.rss,"<p>Courageously Caitlin is a podcast where faith meets real life. Join me as we chat about Jesus, the hilltops and valleys, finding hope and cultivating joy in the midst of our everyday! Whether you are new to your faith, navigating uncertainty, or needing encouragement, this podcast is here to remind you that you aren’t alone & that God is for you! Together, we will dive into the deep sharing scripture, testimonies and explore what it means to live courageously with Jesus at the center. Let’s pursue the life God has called us to live - one conversation at a time. Welcome my beautiful friend! 🩷</p>",Buzzsprout,en-us,https://storage.buzzsprout.com/7beo1wqaj01hrjg295dszhsaza9p?.jpg,2026-08-15 01:03:54,7991135,confirmed,,1786755834,de7c1780ac9ef737ac33e7b260e8c674,,4,0,INDIVIDUAL
Insurance Traps & Pitfalls,David Scheidemantle,https://feeds.libsyn.com/607325/rss,"Insurance Traps & Pitfalls makes smart policyholders smarter. Host David Scheidemantle of Scheidemantle Law Group draws on years of experience in the coverage trenches to deliver engaging discussions on what insurance companies are up to and how policyholders & businesses can protect themselves, while decoding insurance jargon when insurers deny.",Libsyn,en,https://static.libsyn.com/p/assets/b/a/6/7/ba67f4b78bd7870b16c3140a3186d450/SLG_Cover.png,2026-08-15 00:53:44,7991130,confirmed,https://sites.libsyn.com/607325,1786755224,f43204314081e5f193f32b590b8190f9,6800942572.0,2,0,INDIVIDUAL
Pressure,Gregory van der Wiel,https://anchor.fm/s/115886aec/podcast/rss,"Behind every great career is a person you’ve never truly met. On Pressure, Gregory van der Wiel sits down with people who reached the top of their field to talk about what success really costs: the pressure, fear, sacrifice, setbacks and identity behind the performance. These are not traditional interviews. They are honest conversations shaped by someone who lived it himself, from Ajax and PSG to the 2010 World Cup Final, and the difficult years that followed. This is the side of success that never makes the broadcast.",Anchor,en-us,https://d3t3ozftmdmh3i.cloudfront.net/staging/podcast_uploaded_nologo/46462291/46462291-1786613718397-cbfc3679313c3.jpg,2026-08-15 00:43:43,7991126,confirmed,https://podcasters.spotify.com/pod/show/gkvanderwiel7,1786754623,ff2c990fe17d13572361310baa1332a5,6801205710.0,2,0,INDIVIDUAL
Breaking the Mould,katherinenowill,https://feed.podbean.com/sierra57/feed.xml,"<p class=""isSelectedEnd""><strong><span>Breaking the Mould</span></strong><span> is <em>the</em> podcast exploring the future of the plastics and manufacturing industries through the people driving change.</span></p>
<p class=""isSelectedEnd""><span>Each episode features conversations with industry leaders, manufacturers, educators, policymakers, training providers, innovators and emerging talent, discussing the issues shaping modern manufacturing - from injection moulding, automation and sustainability to skills, apprenticeships, leadership, education and workforce development.</span></p>
<p class=""isSelectedEnd""><span>Whether you're a manufacturer, engineer, recruiter, educator, student or simply interested in how British industry is evolving, </span><em><span>Breaking the Mould</span></em><span> offers practical insights, fresh perspectives and inspiring stories from across the sector.</span></p>
<p><span>Discover how innovation, collaboration and investment in people are helping to build a stronger, more sustainable and more skilled manufacturing future.</span></p>",Podbean,en,https://pbcdn1.podbean.com/imglogo/image-logo/22259132/Podcast.png,2026-08-15 00:41:49,7991125,confirmed,https://sierra57.podbean.com,1786754509,6f1ae9360d81f56d24931de3b95e6d28,1896884274.0,2,0,INDIVIDUAL
The Turquoise Witness,Catherine,https://rss.buzzsprout.com/2637955.rss,"
      We are clear about the need for racial healing which will continue to be a part of
our conversations, but we clearly see the necessity for enlarging that conversation
to explore planetary healing which includes race, but many other areas as well. We cannot afford to ignore environmental issues and challenges such as climate change, food deserts, homelessness, and loneliness, which the Surgeon General has declared to be at a pandemic level. We will ensure that all of our efforts are inclusive of the race, gender, class, age, and physical ability narratives that need to be seriously interrogated in our culture. 
Our selected guests will represent a very diverse demographic in terms of race, age, and stage of life. We know that the more we engage across as many barriers as possible, the more opportunities are created for true sustainable healing to occur.
    ",Buzzsprout,en,https://storage.buzzsprout.com/qjvmplpnewjmmi1zd32qx9bqu8b7?.jpg,2026-08-15 00:39:43,7991123,confirmed,https://catherine-meeks.mykajabi.com/podcasts/the-turquoise-witness,1786754383,3245902106ba1a9e432896c4967bc9fe,,4,0,INDIVIDUAL
世界大解说 | The World Explained,zaobao.sg 早报,https://www.omnycontent.com/d/playlist/d9486183-3dd4-4ad6-aebe-a4c1008455d5/a3eec8fd-5fa8-404a-bf3c-b498006a1842/caf3ccac-9ee1-46f6-81cb-b498006a1c23/podcast.rss,世界局势纷扰，早报为你解说。《世界大解说》定期以《联合早报》视角和观点，深入浅出梳理东南亚区域乃至全球课题。,Megaphone,en-US,https://www.omnycontent.com/d/playlist/d9486183-3dd4-4ad6-aebe-a4c1008455d5/a3eec8fd-5fa8-404a-bf3c-b498006a1842/caf3ccac-9ee1-46f6-81cb-b498006a1c23/image.jpg?t=1785560729&size=Large,2026-08-15 00:36:04,7991121,confirmed,https://www.zaobao.com.sg/video-series/the-world-explained,1786754164,f08d11638e491f142d52dbccd84103e1,6796990345.0,2,0,INDIVIDUAL
The Art of System Design - Under the Hood,Tony stark,https://anchor.fm/s/10bdb10f8/podcast/rss,System Design Under the Hood,Anchor,en,https://d3t3ozftmdmh3i.cloudfront.net/staging/podcast_uploaded_nologo/44838734/44838734-1763571662647-7ada51fe6144c.jpg,2026-08-15 00:32:27,7991117,confirmed,https://podcasters.spotify.com/pod/show/tony-stark,1786753947,bcb2c1cd54c493edd65b9f4348e1eca8,1855284911.0,2,0,INDIVIDUAL
Welcome to the Horror Show,LifeFellowshipFM,https://anchor.fm/s/113a30340/podcast/rss,"Welcome to the Horror Show is a series about facing the fears we usually hide from: rejection, failure, intimacy, and losing control. Each message explores how fear can keep us from honesty, healing, deep relationships, and the life God is calling us into. But this series is not about fear winning. It is about learning to bring those fears into the light, trust the perfect love of Jesus, and take the next brave step toward freedom.
This series contains occasional minor audio glitches from a hardware issue we later discovered. The message remains understandable, so we’re making it available.",Anchor,en-us,https://d3t3ozftmdmh3i.cloudfront.net/staging/podcast_uploaded_nologo/46144176/46144176-1781213614854-88f7f6228f42a.jpg,2026-08-15 00:11:13,7991105,confirmed,https://podcasters.spotify.com/pod/show/lifefellowshipfm6,1786752673,31de37346d035121f6c38d024544723c,1896914855.0,2,0,INDIVIDUAL
"Tel-Us Call Center, Inc.",Tel-Us Call Center,https://www.spreaker.com/show/7265907/episodes/feed,"<br /><b>Tel-Us Call Center, Inc.</b><br />5757 W. Century Blvd., #120<br />Los Angeles, CA 90045<br />310-552-6000<br /><a href=""https://tel-us.com/"" target=""_blank"" rel=""noreferrer noopener"">https://tel-us.com/</a>",Spreaker,en,https://d3wo5wojvuv7l.cloudfront.net/images.spreaker.com/nuvolari-assets/light_blue_square_mic.jpg,2026-08-15 00:09:52,7991104,confirmed,https://www.spreaker.com/podcast/tel-us-call-center-inc--7265907,1786752592,59615c9d633ba53859a578dfd011c40d,,4,0,CORPORATE
Welcome to We Don't Share Blankets,Kristina and Gary,https://anchor.fm/s/115d8f674/podcast/rss,"We’re Kristina and Gary—married for more than 23 years and living a life that definitely didn’t follow the plan.
This is a podcast about marriage, family, caregiving, memoirs, mishaps, ridiculous stories, hard seasons, lots of laughter, and finding the good stuff somewhere in the middle of all of it.
In this short pilot episode, we’re introducing ourselves, sharing why we decided to start a podcast, and giving you a little taste of what’s ahead.
Marriage. Memoirs. Mishaps. And everything in between.",Anchor,en,https://d3t3ozftmdmh3i.cloudfront.net/staging/podcast_uploaded_nologo/46515077/46515077-1786245679541-f5677d097e9e1.jpg,2026-08-15 00:06:22,7991102,confirmed,https://podcasters.spotify.com/pod/show/we-dont-share-blankets6,1786752382,27d928f3d5ebeb221294962367a21676,6800796923.0,2,0,CORPORATE
The Cinema Files,Zharia,https://rss.buzzsprout.com/2628150.rss,"<p>A movie and tv show review podcast for cinephiles, like myself. </p>",Buzzsprout,en-us,https://storage.buzzsprout.com/wqf3ihyrsdopcfl9nyx0cgnxkjhz?.jpg,2026-08-15 00:05:30,7991101,confirmed,,1786752330,687dc88c5f633a040160b92dac6d776a,,4,0,INDIVIDUAL
Big Hair Walking,Stefanie Cabaniss,https://feed.podbean.com/connectuw/feed.xml,"The Big Hair Walking: Christian Health Podcast for Women Over 40 | Midlife Strength, Faith & Healthy Aging
For every Christian woman over 40 who’s ever thought...
”I didn’t know it would be like this.”
Life has a way of asking more of us than we expected.
And we have a way of carrying more than we’ve been asked.
If you remember big hair, Walkmans, and walking just because it felt good, you’re in the right place.
The Big Hair Walking Podcast is a Christian podcast for women navigating midlife, menopause, healthy aging, grief, caregiving, changing health, and the everyday challenges of the second half of life.
Hosted by Stef Cabaniss, MA, MPH—health coach, public health professional, and fellow traveler—each episode explores practical ways to build strength, health, and hope through walking, strength training, healthy habits, faith, and evidence-based health coaching.
Whether you’re looking for encouragement, healthier habits, more energy, greater resilience, or a deeper faith, you’ll find honest conversations that help you keep walking through whatever life brings.
This podcast is for Christian women, women over 40, and any woman who’s lived enough life to know it rarely goes according to our plans—but still believes there’s more life ahead.
No pressure.
No striving.
No pretending.
Just one small step at a time—because the smallest steps often result in the biggest changes.
If you’re ready to live stronger in the second half, welcome.
You’re not done.
Not yet.",Podbean,en,https://pbcdn1.podbean.com/imglogo/image-logo/22247113/BHW_Podcast_logo_final_curve-28s1ig.jpg,2026-08-14 23:59:25,7991099,confirmed,https://connectuw.podbean.com,1786751965,3e4d04c15d15c94755cd792a178c24e4,6784730333.0,2,0,INDIVIDUAL
What's Your Passion?,Caleb Ervin,https://anchor.fm/s/115e10eb8/podcast/rss,"Welcome to What's Your Passion? Podcast. When I started this show I was 25 years old still struggling to understand my purpose here on earth. You go to work, you come home to eat, you go to bed, and repeat. This show was the forethought to get ahead of that and begin to explore with numerous guests about what their passion is, in a world where everyone is driven by passion or they have no drive at all. This is to explore the deeper critical theory about life in general. We welcome all in this safe space to think how you think, and believe how you believe.",Anchor,en,https://d3t3ozftmdmh3i.cloudfront.net/staging/podcast_uploaded_nologo/46520382/46520382-1786326070975-d337c5344b667.jpg,2026-08-14 23:47:36,7991091,confirmed,https://podcasters.spotify.com/pod/show/calebjervin,1786751256,fd1c9081b45e46e5c1547dc892ebaa17,6799820654.0,2,0,INDIVIDUAL
Majesty Speaks,Coach Princess Majesty,https://anchor.fm/s/115e6eb1c/podcast/rss,"Hello World!.
I coach and help people grow their businesses with Technology.
This is the right spot for you, if you'd like to get regular insight, tips and useful resources about Business Development.
I may randomly rant and ramble with my unfiltered thoughts occasionally..lol..but ultimately, my show provides value you will definitely need.
Feel free to reach out.
Instagram: @coach.princess.majesty
Personal Profile:
https://come.ac/majestyspeaks
Get some useful resources here to grow your business:
https://come.ac/majestymentorship
I wish you success, because you deserve to be successful",Anchor,en,https://d3t3ozftmdmh3i.cloudfront.net/staging/podcast_uploaded_nologo/46524223/46524223-1786380152991-35cb87ec1e9f2.jpg,2026-08-14 23:30:25,7991086,confirmed,https://come.ac/majestyspeaks,1786750225,c622c4d5bfb80aeb08fdec9f2a4bfde9,6800051493.0,2,0,INDIVIDUAL
The Coaches Table,Keith Teaford,https://feeds.libsyn.com/627785/rss,Sports Podcast. Travel ball. Youth baseball and softball.,Libsyn,en,https://static.libsyn.com/p/assets/f/4/8/1/f48113d870f0d528d959afa2a1bf1c87/fixed_1.1.jpg,2026-08-14 23:22:00,7991080,confirmed,https://sites.libsyn.com/627785,1786749720,dd69494176b7edcf0e383c3bdcf8eac2,6800831960.0,2,0,INDIVIDUAL
People Don’t with Rivkie Kahn,Rivkie Kahn,https://anchor.fm/s/115b8da24/podcast/rss,"People Don’t with Rivkie Kahn explores the gap between what people know, want, and actually do. Through psychology, human behavior, Jewish thought, relationships, leadership, and personal growth, Rivkie asks why people resist change and repeat familiar patterns. With warmth and curiosity, this podcast looks beneath the surface at identity, belonging, fear, and hope. For educators, leaders, parents, and anyone trying to understand people more deeply, People Don’t offers a way to make sense of behavior and meaningful change. People don’t need to be simplified. They need to be understood.",Anchor,en,https://d3t3ozftmdmh3i.cloudfront.net/staging/podcast_uploaded_nologo/46494033/46494033-1785943632874-86765776670f1.jpg,2026-08-14 23:09:58,7991079,confirmed,https://podcasters.spotify.com/pod/show/peopledontpodcast,1786748998,08b01d39061b7598655949283039d205,6800802035.0,2,0,INDIVIDUAL
That Adds Up,Kristina Richie,https://rss.buzzsprout.com/2635341.rss,<p>Helping people understand themselves through powerful stories and unforgettable questions. Translating chaos into clarity.</p>,Buzzsprout,en-us,https://storage.buzzsprout.com/eyw9r8njlltx0rpfb4xykg7a1vyy?.jpg,2026-08-14 23:05:30,7991077,confirmed,https://www.buzzsprout.com/2635341,1786748730,8bc45c53d62a7e843faca8ce89fcc3b7,,4,0,INDIVIDUAL
Homeland Journey,Stewart Muir,https://rss.buzzsprout.com/2637924.rss,"<p>Homeland Journey is a documentary interview series from Resource Works that travels into the territories of Indigenous nations across western Canada to let their own leaders tell their own stories.</p><p>Each episode is a sit-down conversation, filmed on the land it's about, with hereditary chiefs, elected leaders, and community members who are working to revive their languages and cultures while building real economic self-determination for their people — through forestry, energy, mining, and other resource partnerships that are made on their own terms.</p><p>Homeland Journey doesn't come at these conversations as outsiders explaining a community from a distance. It sits down, listens, and lets the people who carry the names, the laws, and the responsibility for their territories speak for themselves — about governance and hereditary law, about the land and what it means to them, about the hard history that got their nations here, and about what self-determination looks like when it's built by the community itself rather than handed to it.</p><p>Since launching in 2019, Homeland Journey has featured leaders from nations across British Columbia, and the series continues to expand its reach into new communities across western Canada, one conversation at a time.</p><p>New episodes and the full archive are available at resourceworks.com/homelandjourney and on the Homeland Journey YouTube channel.</p><p>Homeland Journey is produced by Resource Works.</p>",Buzzsprout,en-us,https://storage.buzzsprout.com/yacrd7t93r9khwitvaiv3ec50j0z?.jpg,2026-08-14 23:05:30,7991076,confirmed,,1786748730,2898cb127c0a789da0eeade930cf7ac0,,4,0,INDIVIDUAL
This Ancient Life,Alison Carter,https://rss.buzzsprout.com/2637906.rss,<p><em>This Ancient Life</em> tells stories about archaeology for non-archaeologists. We reveal the backstory behind exciting archaeological research and highlight the connections between past and present.</p>,Buzzsprout,en-us,https://storage.buzzsprout.com/0od8alcdkj5pnx0bderfqqtksvkv?.jpg,2026-08-14 23:04:05,7991075,confirmed,http://thisancientlife.com,1786748645,14e4184bfeaea395f0b87100c0aabfc0,,0,0,INDIVIDUAL
Forward To Joy,Alexandra Wyman,https://feeds.megaphone.fm/the-widows-club,"<p>Alexandra Wyman was faced with immense grief when her husband died by suicide in 2020, instantly leaving her a widow and single mom. Since then, she has been finding ways to work through her grief, navigate parenthood and take steps to finding joy again. Join Alexandra on her continued grief journey, find some tips and tricks, hear from others about their grief journey and know you are not alone. Alexandra is an advocate and public speaker for resources in the aftermath of suicide.</p>",Megaphone,en,"https://megaphone.imgix.net/podcasts/3673aa44-f505-11ed-8b97-17b703036df0/image/a0f7b55cfb82ac1be114b974fff24840.png?ixlib=rails-4.3.1&max-w=3000&max-h=3000&fit=crop&auto=format,compress",2026-08-14 22:57:06,7991072,confirmed,http://www.forwardtojoy.com,1786748226,387a5bcadc5e9e664a20fc0b57ee8f57,,0,0,CORPORATE
We Re-Member Podcast,We Re-Member,https://feed.podbean.com/weremember/feed.xml,<p>We Re-Member's relaunch! It's time to tap back in with us and see what we're up to!</p>,Podbean,en,https://pbcdn1.podbean.com/imglogo/image-logo/22551277/IMG_5514.png,2026-08-14 22:55:41,7991071,confirmed,https://weremember.podbean.com,1786748141,c1bae86bf626dc07cca738f22633604f,6801286511.0,2,0,INDIVIDUAL
The Podcast About Podcasts Podcast,My Podcast Partner,https://feeds.transistor.fm/the-podcast-about-podcasts-podcast,This is the podcast all about podcasting! We're asking your favorite podcasters the Top10 questions people want to know about building their podcast platform and business. Learn the best tips from those actually in the business of podcasting! Brought to you by My Podcast Partner.,Transistor,en,https://img.transistorcdn.com/GoK11gBDQMDsC6c5fshc9uORyDiLL48hAFYu0tniQd4/rs:fill:0:0:1/w:1400/h:1400/q:60/mb:500000/aHR0cHM6Ly9pbWct/dXBsb2FkLXByb2R1/Y3Rpb24udHJhbnNp/c3Rvci5mbS80MDBm/NWQ5MDM2MmVlNDMy/NWFkZTMxOTY5MzIy/YzM0Zi5qcGc.jpg,2026-08-14 22:51:36,7991066,confirmed,https://www.mypodcastpartner.com,1786747896,fd0645af0b8461c4002dac13e6f55876,,4,0,INDIVIDUAL
Chat with Dr. Hairston,Dr. Hairston,https://anchor.fm/s/1150a1390/podcast/rss,"Welcome to Chat with Dr. Hairston, where we’re Making Health Make Sense™ One Conversation at a Time. Hosted by Dr. Shan’Tyia Hairston, this podcast simplifies healthcare, mental health, insurance, leadership, and wellness into practical, easy-to-understand conversations. Whether you’re a patient, caregiver, healthcare professional, or simply curious, you’ll gain knowledge, confidence, and real-life tools to make informed decisions. Join us as we learn, grow, and navigate healthcare together, one conversation at a time.",Anchor,en-us,https://d3t3ozftmdmh3i.cloudfront.net/staging/podcast_uploaded_nologo/46379492/46379492-1784326228477-f23a90098e39a.jpg,2026-08-14 22:51:10,7991065,confirmed,https://podcasters.spotify.com/pod/show/shantyia-hairston,1786747870,dcfaaf1f0fdc821102d3d2b273cef85e,6798006860.0,2,0,INDIVIDUAL
Conversation With Chelle,Michelle Pemberton,https://www.spreaker.com/show/7265741/episodes/feed,The first 2026 installment of our conversations,Spreaker,en,https://d3wo5wojvuv7l.cloudfront.net/images.spreaker.com/nuvolari-assets/yellow_square_mic.jpg,2026-08-14 22:46:39,7991064,confirmed,https://www.spreaker.com/podcast/conversation-with-chelle--7265741,1786747599,3311e04e1ff3ee7664791dbc0e150e7b,,4,0,INDIVIDUAL
Tiki Tapas - Spanish Futbol Beyond Big Two,The Tiki Tapas Podcast,https://anchor.fm/s/110e91acc/podcast/rss,"Tiki Tapas brings you closer to Spanish football than ever before. Hosted by Spanish football journalists Vic (ig: laligavic) and Rahul (ig: laligalondon), the show dives deep into La Liga and the wider Spanish game in English. 
New episodes drop every Monday, focusing beyond the big two to spotlight the clubs, players, and stories often overlooked in Spanish football. 
From tactical analysis and rising teams to transfer talk and fan culture, each episode also features special segments highlighting the games and moments of the week, giving fans a fresh and entertaining take on Spanish Futbol.",Anchor,en,https://d3t3ozftmdmh3i.cloudfront.net/staging/podcast_uploaded_nologo/45686795/45686795-1779284152392-69260d3d21c48.jpg,2026-08-14 22:45:27,7991063,confirmed,https://podcasters.spotify.com/pod/show/the-tiki-tapas-podcast,1786747527,0d46b8ffd444715f5a7ed52f48f2d9b5,6801055409.0,2,0,CORPORATE
Packaging Podcasts,Max Hurry,https://www.spreaker.com/show/7265738/episodes/feed,"Showcase your baked creations with <a href=""https://boxopackaging.com/custom-bakery-packaging-boxes/"" target=""_blank"" rel=""noreferrer noopener"">Premium Bakery Boxes</a> designed to keep every product fresh, secure, and beautifully presented. Perfect for cakes, cupcakes, cookies, pastries, donuts, macarons, and artisan breads, these boxes are made from high-quality food-grade materials for maximum protection and durability. Customize your packaging with logo printing, window styles, premium finishes, and unique designs to reflect your brand identity. Premium bakery boxes enhance shelf appeal, create a memorable unboxing experience, and help bakeries build customer trust while making every product look irresistible.",Spreaker,en,https://d3wo5wojvuv7l.cloudfront.net/t_rss_itunes_square_1400/images.spreaker.com/original/2a39fd52c705c32a28bd446e1bf9ba7d.jpg,2026-08-14 22:40:11,7991062,confirmed,https://boxopackaging.com/,1786747211,27bda1557584ed87962858c1fc1fd094,,4,0,INDIVIDUAL
Faunce Lets Jump into  God's Word,FaunceMC,https://rss.buzzsprout.com/2637204.rss,<p>Sunday Sermons through various speakers. </p>,Buzzsprout,en-us,https://storage.buzzsprout.com/d1j1y2ls95s4odjib69te9ny5e40?.jpg,2026-08-14 22:36:43,7991060,confirmed,,1786747003,77833f81ae9dd1770aaebb5ba831069e,,4,0,INDIVIDUAL
Connecting the Headlines,Agora,https://anchor.fm/s/115f7e9e4/podcast/rss,"Welcome to Connecting the Headlines, where we slow down and make sense of the stories behind the news. Each episode explains complex events in simple language and connects related stories to reveal the bigger picture.",Anchor,en,https://d3t3ozftmdmh3i.cloudfront.net/staging/podcast_uploaded_nologo/46535361/46535361-1786525839365-78d1d7afcb867.jpg,2026-08-14 22:35:28,7991059,confirmed,https://podcasters.spotify.com/pod/show/meeow9,1786746928,9f620f0f0f3260b7fded5264a2ae723b,6800976961.0,2,0,INDIVIDUAL
AI Neanderthal by Malcolm Werchota,Malcolm Werchota,https://feeds.transistor.fm/ai-neanderthal-by-malcolm-werchota,"AI news for humans, not robots.

Every weekday, Malcolm Werchota comes out of the cave and explains what actually happened in AI — in plain language, with the numbers checked and the hype taken out. Around ten stories a day: three explained slowly, the rest fast.

No jargon. No breathless futurism. Just what happened, what it costs, and who gets handed the bill — explained the way you would explain it to a smart friend who does not work in tech.

If you run a company, sit on a board, or simply want to understand the technology reshaping your industry, this is your daily 25 minutes. Keep the stories that touch your world.

Stay curious, stay human.",Transistor,en,https://img.transistorcdn.com/41aPIIEDKJ6sckItioWjDhoWKYsZJNvPMBXKaXnoVeU/rs:fill:0:0:1/w:1400/h:1400/q:60/mb:500000/aHR0cHM6Ly9pbWct/dXBsb2FkLXByb2R1/Y3Rpb24udHJhbnNp/c3Rvci5mbS9hMjM5/YzFjODNkNmY4NDNk/MDllMDE5NGQ3MjE4/NTM3ZS5wbmc.jpg,2026-08-14 22:32:43,7991057,confirmed,https://werchota.ai,1786746763,71a2aa02cf93ad2a38a6e223821ef052,,4,0,INDIVIDUAL
Chasing Impact,Shreyas Jani,https://anchor.fm/s/111eb582c/podcast/rss,"This show’s dedicated to the builders. The restless ones. The ones who see what isn't there yet. The ones shaping our future across Fintech, AI, Climate, Mobility, Healthtech, and Defense. The ones you've never heard of, and the ones you have. 
They're building the future right now, Chasing Impact. 
Slow Conversations with the ones pushing the human race forward.",Anchor,en-gb,https://d3t3ozftmdmh3i.cloudfront.net/staging/podcast_uploaded_nologo/45856035/45856035-1777198901914-5dcbb2d10a4c3.jpg,2026-08-14 22:30:39,7991056,confirmed,https://podcasters.spotify.com/pod/show/by-shreyas-jani,1786746639,7fbcfd96918663cdcb9cd87086ffe59b,6782341952.0,2,0,INDIVIDUAL
Prague: Vol.03 - New Town and Wenceslas Square,p.,https://anchor.fm/s/115ee3840/podcast/rss,"A journey through modern Prague, from urban expansion and civic identity to the Velvet Revolution and the city’s contemporary transformation.",Anchor,en-gb,https://d3t3ozftmdmh3i.cloudfront.net/staging/podcast_uploaded_nologo/46529008/46529008-1786444660769-e63c16d7ef044.jpg,2026-08-14 22:30:00,7991054,confirmed,https://podcasters.spotify.com/pod/show/p470,1786746600,811a8ce4a40026b3d97d864f25856951,6800498031.0,2,0,INDIVIDUAL
The Elder/Poetic Edda,Seidrmathr,https://anchor.fm/s/11510a91c/podcast/rss,Old Norse Poetry & Mythology,Anchor,en-us,https://d3t3ozftmdmh3i.cloudfront.net/staging/podcast_uploaded_nologo/46383807/46383807-1784399021472-c899112b30674.jpg,2026-08-14 22:27:01,7991052,confirmed,https://podcasters.spotify.com/pod/show/vijay33,1786746421,ff377b16cd7ca9ca4d0209fe5c681a2b,6800926564.0,2,0,INDIVIDUAL
The Laila France Show,Laila France,https://feeds.transistor.fm/the-laila-france-show,"Laila France is the host and creator of The Laila France Show, a podcast dedicated to helping women prepare for life’s unexpected moments and feel more confident about what comes next. 

After the sudden loss of her husband, Laila found herself navigating grief, finances, legal matters, estate planning, health, family responsibilities, and major life decisions she never expected to face alone. Her experience became a mission: to help other women know before they need to. 
Through weekly conversations with trusted experts, The Laila France Show provides practical guidance on financial preparedness, legal and estate planning, women’s health and wellness, mental health, grief, resilience, personal growth, and reinvention. 

With honest conversations, actionable advice, and stories of hope, Laila empowers women to ask important questions, prepare for the unexpected, navigate life transitions, and build a more secure and empowered future.",Transistor,en,https://img.transistorcdn.com/liefN_sIWuSb2OIqX219NggnLibkGZ4BDCsOZ03x2aU/rs:fill:0:0:1/w:1400/h:1400/q:60/mb:500000/aHR0cHM6Ly9pbWct/dXBsb2FkLXByb2R1/Y3Rpb24udHJhbnNp/c3Rvci5mbS9kZjcz/NTNjMmI0ZDQ3NDNm/ZjFiMmVmNThiOGNi/MmFlNi5qcGc.jpg,2026-08-14 22:21:36,7991050,confirmed,,1786746096,2968196417469f0cc4c416611ada435b,,4,0,INDIVIDUAL
Shirley B,Shirley B,https://www.spreaker.com/show/7265111/episodes/feed,"I hope that every time you tune in, you will leave inspired, motivated, and encouraged to run into your purpose. Some of our conversations will be spiritual, rooted in faith, the Word of God, and the journey of becoming all that God has called us to be. Other conversations will be motivational, practical, and designed to encourage you in your everyday life. I desire to remind you that your life has purpose, your story has meaning, and your journey is not over. No matter what you have been through, where you are today, or how many times you may have fallen, you can still get up, move forward, and step into the purpose that God has placed inside of you. So, wherever you are and whatever season you may be walking through, I want you to know that this podcast is a place where you can be encouraged, empowered, challenged, and inspired. Don't just listen; take the message with you. Apply it to your life. Grow from it. And most importantly, run into purpose! Welcome, and let's begin this journey together",Spreaker,en,https://d3wo5wojvuv7l.cloudfront.net/t_rss_itunes_square_1400/images.spreaker.com/original/36dbe20997cd7bf9e614d1cefcfbc110.jpg,2026-08-14 22:18:36,7991048,confirmed,https://www.spreaker.com/podcast/shirley-b--7265111,1786745916,983d790cf84091df9fff230fbdd0fd15,,4,0,INDIVIDUAL
Message From the Head of School,Hawai'i Preparatory Academy,https://rss.buzzsprout.com/2637932.rss,"<p>A weekly message from the Head of School at Hawai‘i Preparatory Academy, sharing reflections, updates, and highlights from across our school community. Each episode offers a closer look at the people, programs, and moments that make HPA a place to learn like nowhere else.</p>",Buzzsprout,en-us,https://storage.buzzsprout.com/61ir471uxkby07a0g5xh950s7syo?.jpg,2026-08-14 22:17:55,7991047,confirmed,,1786745875,919c998818adbc7b8a514ae846ed0291,,0,0,CORPORATE
Robinhood Podcast,Robinhood,https://rss.buzzsprout.com/2637928.rss,"<p>The Robinhood Podcast advocates for the ordinary people and the working class on variety of topics that impact their everyday life regardless of political affiliation or ideology. This Podcast will educate you, enlighten you and empower you.</p>",Buzzsprout,en-us,https://storage.buzzsprout.com/flm9wyg6cqdgqxk5ov19r6q9b2b6?.jpg,2026-08-14 22:13:52,7991044,confirmed,,1786745632,c96ea2b6a3a618ba9e93b10f5bae75d8,,0,0,INDIVIDUAL
Created to Heal,Lindsay Piersol,https://feeds.captivate.fm/created-to-heal/,"If you’re a Christian woman who is tired of not feeling like yourself—struggling with your health, overwhelmed by the demands of life, or feeling disconnected from your body and your purpose—Created to Heal is for you. 
Each week, we’ll explore how to steward the body God has entrusted to you using biblical truth, creation-based health principles, and practical strategies that help you make lasting changes in your health.
Hosted by Family Nurse Practitioner, Certified Nutrition Coach, and Certified Stress Management & Recovery Coach Lindsay Piersol, Created to Heal brings together clinical experience, faith, and Lindsay’s personal journey of healing from autoimmune disease. Through that journey, she developed the seven pillars of Created to Heal—nutrition, movement, mindset, sleep & recovery, stress management, detoxification, and spiritual health—a framework designed to help you better understand and work with the way God created your body.
Through practical teaching, personal experiences, and conversations with expert guests, you’ll learn how to apply these seven pillars to your everyday life, create sustainable habits, and become a better steward of your body, mind, and spirit—so you can move beyond simply getting through the day and begin to heal, grow, and thrive.
Want more support on your Created to Heal journey? Visit LiveLoveliBrand.com to explore coaching, programs, and resources designed to help you put these principles into practice.",Captivate,en,https://artwork.captivate.fm/d2ec3da2-6817-4763-8349-d1be4c92f213/Untitled-design-1.jpg,2026-08-14 22:12:55,7991043,confirmed,https://www.livelovelibrand.com/,1786745575,31c664674f67cb30dcbcadc087127d47,,4,0,INDIVIDUAL
Mississippi Sports This Morning,WJQS The Fan,https://www.spreaker.com/show/7253273/episodes/feed,Mississippi Sports This Morning is the longest running sports radio show in the state. We talk about allt things Mississippi sports and beyond. ,Spreaker,en,https://d3wo5wojvuv7l.cloudfront.net/t_rss_itunes_square_1400/images.spreaker.com/original/738d063bf446fa180b2ab2f7e575f156.jpg,2026-08-14 22:09:38,7991040,confirmed,https://www.spreaker.com/podcast/mississippi-sports-this-morning--7253273,1786745378,413780b6cb56bc0cef728aa76de2ea4b,,4,0,INDIVIDUAL
Legacy Builders,Elohor Oghenevwede,https://anchor.fm/s/114cb6af0/podcast/rss,"Legacy Builders is a podcast where we sit down with entrepreneurs, founders, investors, creators, and innovators who are intentionally building businesses, assets, and opportunities that can outlive them.
This isn't another podcast about getting rich quickly.
It's about creating businesses that endure... making decisions with the next generation in mind... and learning from people who understand that real success is measured not just by what you earn, but by what you leave behind.",Anchor,en,https://d3t3ozftmdmh3i.cloudfront.net/staging/podcast_uploaded_nologo/46338428/46338428-1783758451104-ae719b8eed643.jpg,2026-08-14 22:08:47,7991039,confirmed,https://podcasters.spotify.com/pod/show/elohor-oghenevwede7,1786745327,c454bce027d28bfbb0b2be9ca052ee79,6789931714.0,2,0,INDIVIDUAL
Something About Dialogue,Something About Dialogue,https://anchor.fm/s/1160737dc/podcast/rss,"Welcome to the Something About Dialogue Podcast w/ hosts Gabrialla and Sophie! We're two girlys who share a similar mindset, while living two completely different lives.
-
We created this podcast to have meaningful conversations about the typical things people tend to turn a blind eye to. Above all, it is a safe space for everyone. We believe that the more we talk through these topics together, the more we can expand our beliefs and make real improvements in our everyday lives...
-
Find all our socials and latest episodes on our Linktree: https://linktr.ee/somethingaboutdialogue",Anchor,en,https://d3t3ozftmdmh3i.cloudfront.net/staging/podcast_uploaded_nologo/46545391/46545391-1786654327043-5f07a9e2c8419.jpg,2026-08-14 22:07:51,7991037,confirmed,https://podcasters.spotify.com/pod/show/something-about-dialogue5,1786745271,b7b0dba741404354c8da8b4ef7484896,6786091615.0,2,0,INDIVIDUAL
Heart Made Of Words,Elaina Redmond,https://feeds.acast.com/public/shows/6a7f8de983128ee3d26fdf53,"A color I have searched for since, love can have different meanings, it can make you fall, do funny things, draw you in and make you want more. The butterflies, the argument, the confusion, you still choose to make amends, because you never want to lose the one you love. Your heart rate changes, you blush like a kid. It’s like a high school love all over again. A crush, the chemistry and history, no matter how crowded the room is, the only one that matters is the one that you are in love in. The touch that sends shivers, the “Heart Made Of Words,” are sharing the words that were never said, but needed to be said. <hr><p style='color:grey; font-size:0.75em;'> Hosted on Acast. See <a style='color:grey;' target='_blank' rel='noopener noreferrer' href='https://acast.com/privacy'>acast.com/privacy</a> for more information.</p>",Acast,en,https://assets.pippa.io/shows/cover/1786744200086-26466d9f-627f-41ce-bd3e-e2fc1c3f2c43.jpeg,2026-08-14 22:02:27,7991032,confirmed,https://shows.acast.com/heart-made-of-words,1786744947,93e77301f417704af60b42aa2d43ff5b,,0,0,INDIVIDUAL
Unfiltered with Jules,Jules Markley,https://anchor.fm/s/fe618a74/podcast/rss,"Welcome to Unfiltered with Jules—the relationship talk you're probably having in the group chat anyway.
Dating disasters. Relationship drama. Sex, friendship, red flags, questionable decisions, and all the messy little situations we pretend we have figured out.
Jules brings the conversation you'd normally have with your best friend after saying, “Okay, don't judge me, but…” Expect honest opinions, hilarious stories, anonymous listener submissions, uncomfortable questions, and the occasional girl, what the hell were you thinking?
No perfect answers. No pretending we've got life figured out.",Anchor,en-us,https://d3t3ozftmdmh3i.cloudfront.net/staging/podcast_uploaded_nologo/42578053/42578053-1749673137017-db1f5e43b9885.jpg,2026-08-14 22:02:16,7991031,confirmed,https://podcasters.spotify.com/pod/show/jules-markley,1786744936,e645ee0af855051f27627441ac004598,6801264857.0,2,0,INDIVIDUAL
"Hey Sis, Listen…",HeyEvette,https://anchor.fm/s/10f850114/podcast/rss,"Hey Sis, Listen… is a voicemail-styled podcast for women who are doing their best, but still sometimes need a reminder that they’re enough. Each episode is a short voice note filled with big-sister encouragement. Some days are gentle. Some days are bold. And some days I’ll tell you about yourself, lovingly, because that’s what sisters do! These messages are meant to meet you where you are. No fixing. No pressure. Just loving reminders to help you move through your day with confidence and clarity.
And with that… I hope you have an amazing day!",Anchor,en-us,https://d3t3ozftmdmh3i.cloudfront.net/staging/podcast_uploaded_nologo/45453421/45453421-1779495204954-7fc3f23390f64.jpg,2026-08-14 21:56:34,7991027,confirmed,https://podcasters.spotify.com/pod/show/heysislisten,1786744594,26f091f9469fd1381772e677f267eaaf,6791771220.0,2,0,INDIVIDUAL
Good Chats For Lefties,Two Squared Media Productions,https://www.spreaker.com/show/7265447/episodes/feed,"Positive, progressive conversations to help build democracy! Brought to you by the good folks from Good News For Lefties.",Spreaker,en,https://d3wo5wojvuv7l.cloudfront.net/t_rss_itunes_square_1400/images.spreaker.com/original/c2f83ca223165442bee64fa70ad923a3.jpg,2026-08-14 21:55:23,7991026,confirmed,https://www.spreaker.com/podcast/good-chats-for-lefties--7265447,1786744523,dece9cba1d4df91dd013b0e425e649a9,,4,0,CORPORATE
The Soul Contract,Fiora,https://anchor.fm/s/114751754/podcast/rss,"This is the wild L.A backstory of how I ended up writing a musical that nobody asked me for, and the crazy things that happen when you live life following the creative pull. 
For the past six years I've been writing a musical that, at the time of writing, nobody knows anything about. It feels important to me, but it also feels like a weird responsibility that I can't escape. 
Somewhere between touring the world with Armin Van Buuren, accidentally singing on La La Land, and coaching Uma Thurman & Ana de Armas I ended up here. 
This is the Soul Contract.",Anchor,en,https://d3t3ozftmdmh3i.cloudfront.net/staging/podcast_uploaded_nologo/46281853/46281853-1785367603401-92fb07c9e8e84.jpg,2026-08-14 21:50:58,7991024,confirmed,https://podcasters.spotify.com/pod/show/thesoulcontract,1786744258,4b2a9402ad6443adc5ad3326587b334e,6796191373.0,2,0,INDIVIDUAL
Season 2 Episode 5 Stop Work Authority,Matt Chanler Marc Gaskin,https://feeds.transistor.fm/season-2-episode-5-stop-work-authority,Season 2 Episode 5 Stop Work Authority,Transistor,en,https://img.transistorcdn.com/v6G0o9RQdCT10F2LoLTt4_T5LNyxDkS8HLQZPPeF0Fc/rs:fill:0:0:1/w:1400/h:1400/q:60/mb:500000/aHR0cHM6Ly9pbWct/dXBsb2FkLXByb2R1/Y3Rpb24udHJhbnNp/c3Rvci5mbS9iMDQ0/MGQ2NTMyNTI0ZTQx/NTIxNDVmOTc3MTdj/NDE2Ni5wbmc.jpg,2026-08-14 21:45:37,7991019,confirmed,,1786743937,7746f3b6a9696804a2acc5b0f16a96c1,,4,0,INDIVIDUAL
Teesside Trade Podcast,Teesside Trade Marketing,https://rss.buzzsprout.com/2637916.rss,"<p>Weekly trade news and practical know-how for Teesside's builders, roofers and tradespeople - local projects, industry trends and honest advice on hiring and doing good work across Middlesbrough, Stockton, Redcar and Hartlepool.</p>",Buzzsprout,en-gb,https://storage.buzzsprout.com/wmb1iuxyo6fh9xfk2i9k51uklbs7?.jpg,2026-08-14 21:33:34,7991016,confirmed,,1786743214,d6e638df8f1b59ad45daab1fab8fcc40,,4,0,INDIVIDUAL
Inside the Shot,Light Sail VR,https://anchor.fm/s/115cd68a4/podcast/rss,"Inside the Shot is a video podcast produced by Light Sail VR, hosted by Co-Founder and Creative Director Matthew Celia. We take you directly into the realities of immersive production, sitting down with the creative minds innovating in virtual reality, spatial computing, and emerging media. We'll focus entirely on the craft of filmmaking and world building. Each episode features in-depth conversations with top creators as they break down their set challenges, workflows, and breakthroughs. Put on your headsets and step Inside the Shot.",Anchor,en,https://d3t3ozftmdmh3i.cloudfront.net/staging/podcast_uploaded_nologo/46507505/46507505-1786399172384-86ca22415499.jpg,2026-08-14 21:29:57,7991014,confirmed,https://podcasters.spotify.com/pod/show/insidetheshot,1786742997,e4d026713f49a25439625dc1179f9dc4,6800829218.0,2,0,INDIVIDUAL
Hummy's VR Comedy Podcast,Jeff Brady,https://feeds.acast.com/public/shows/hummys-vr-comedy-podcast,The official podcast of your favorite VR pals.<hr><p style='color:grey; font-size:0.75em;'> Hosted on Acast. See <a style='color:grey;' target='_blank' rel='noopener noreferrer' href='https://acast.com/privacy'>acast.com/privacy</a> for more information.</p>,Acast,en,https://assets.pippa.io/shows/6a650cf3fa6cc1e030ec6c56/1785008461250-cc299966-9a84-48ce-8440-210b4d5e7050.jpeg,2026-08-14 21:26:17,7991012,confirmed,https://www.patreon.com/hummysvrcomedy,1786742777,8fbe5160c7c3f5d1d3399494f0cd415b,6795420562.0,2,0,INDIVIDUAL
Impractical Magick,Practicalmagickvt,https://feed.podbean.com/Practicalmagickvt/feed.xml,"<p class=""isSelectedEnd""><span>Welcome to </span>Impractical Magick<span>. We’re talking everyday witchcraft, trauma, mental health, getting back to your practice, and all the weird and wonderful ways magick shows up in real life.</span></p>
<p class=""isSelectedEnd""><span>There’ll be guests, guided meditations, lots of conversation, and plenty of “I don’t know, let’s figure it out.”</span></p>
<p class=""isSelectedEnd""><span>Pull up a chair and hang out with us.</span></p>
<p><span>And we’ve got some explicit content for ya. </span>We’re witches, not saints!</p>",Podbean,en,https://pbcdn1.podbean.com/imglogo/image-logo/22519126/Impractical_Magick_Podcast_Coveraiuh8.png,2026-08-14 21:20:11,7991010,confirmed,https://Practicalmagickvt.podbean.com,1786742411,9f88294f3ac6caac3b694a294ed279ac,6800678437.0,2,0,INDIVIDUAL
The Hill and Beyond: Safari West Zoological Society,"Jasmine, Safari West Zoological Society",https://feeds.transistor.fm/the-hill-and-beyond-safari-west,"The Hill and Beyond takes you past the habitats and into the real work of Safari West — the keepers, vets, and researchers behind the animals and the stories you won't hear on a guided tour. It's conservation, education, and research straight from the people doing it.",Transistor,en,https://img.transistorcdn.com/XlxxaGkaB6ipxLLulQpueBrsYoboUzjrMdRv7G2tD_M/rs:fill:0:0:1/w:1400/h:1400/q:60/mb:500000/aHR0cHM6Ly9pbWct/dXBsb2FkLXByb2R1/Y3Rpb24udHJhbnNp/c3Rvci5mbS8zYTNm/ODc1Mzc3MDhkY2Y3/MjkwYjQzNDZmN2Zk/YmM0Mi5wbmc.jpg,2026-08-14 21:18:43,7991009,confirmed,,1786742323,e15cd2afae9528940a905649c45e65c2,,4,0,CORPORATE
How to Get AI to Work for You,Doug Hauenstein & Max,https://feeds.transistor.fm/how-to-get-ai-to-work-for-you,"Is AI working with you — or against you? Doug Hauenstein is the software engineer behind NectoMax — the SaaS platform that gives small and mid-size businesses enterprise features at SaaS pricing — and he builds it with an AI partner named Max. Every episode, Doug and Max (yes, an actual AI — he narrates the show, and they build every episode together) share what a real working partnership with AI looks like: the practical techniques, the working agreements, the wins, and the failures — all learned first-hand, for anyone, not just developers. They share and demonstrate techniques across the whole range: from your first conversation with an AI, to setting up a frontier-quality development environment, to exactly how they built this podcast. AI is moving too fast for the how-to books. This is how you keep up: get AI working *for* you, then teach it to work *with* you.",Transistor,en,https://img.transistorcdn.com/bnqCWi9FrriofeZeGoFUpabQy9JiSHXTdGZn7nV-teM/rs:fill:0:0:1/w:1400/h:1400/q:60/mb:500000/aHR0cHM6Ly9pbWct/dXBsb2FkLXByb2R1/Y3Rpb24udHJhbnNp/c3Rvci5mbS9jZDQ5/YTdkZTQzMTA5YmY0/ZGRkNDNhNDA0Yjc0/MzAwMi5wbmc.jpg,2026-08-14 21:17:47,7991008,confirmed,https://learn.nectomax.com,1786742267,0a13eb3529a6006b274374ee475c87f0,,4,0,CORPORATE
Love This Way!,David Hardson,https://feeds.acast.com/public/shows/6a7dddcbff328abd84231332,"The Love This Way Podcast delivers honest, healing, and transformational conversations about modern relationships, emotional wellness, and self-worth. No gender wars or back and forth, just solid advice to help men and women to find and sustain healthy love. Because love is a journey and you need direction!<hr><p style='color:grey; font-size:0.75em;'> Hosted on Acast. See <a style='color:grey;' target='_blank' rel='noopener noreferrer' href='https://acast.com/privacy'>acast.com/privacy</a> for more information.</p>",Acast,en,https://assets.pippa.io/shows/cover/1786633618809-46008453-8cad-4990-ac33-8f448a25c292.jpeg,2026-08-14 21:09:54,7991004,confirmed,https://feeds.acast.com/public/shows/love-this-way,1786741794,604ca7b54f0a1bfb707dd51ef4dfe06a,6801196843.0,2,0,INDIVIDUAL
UNFLINCHING: Hard Bible Questions Settled,Mikael,https://anchor.fm/s/115aaf648/podcast/rss,"Hard Bible questions, settled.
Unflinching is a Bible podcast for people who want a real answer to the questions most preaching walks past. One hard question per episode, and we don't leave until the Bible has settled it.
I'm Mikael — an American who's lived in Israel for the last 20 years. I'm not a pastor and I'm not ordained. I'm a former school teacher who has spent his life in this Book, reading it from inside the country it was written in.
Every episode takes one question people are genuinely afraid to ask out loud and works it through the text, word by word, in the King James Bible.",Anchor,en-us,https://d3t3ozftmdmh3i.cloudfront.net/staging/podcast_uploaded_nologo/46484930/46484930-1785911873725-c967feb4378d3.jpg,2026-08-14 21:09:35,7991003,confirmed,https://www.youtube.com/channel/UCZ7EQ88l5KBkphOaDALelxA,1786741775,2a175b0a299d25af5c94c5efe44dee5d,6797737206.0,2,0,INDIVIDUAL
"Real People, Real Answers with Mike Rowland",realpeoplerealanswers,https://feed.podbean.com/realpeoplerealanswers/feed.xml,"<p><b>Real People, Real Answers with Mike Rowland</b><span style=""font-weight:400;""> is a podcast dedicated to providing clear, actionable legal advice for individuals facing challenging situations such as accidents and injuries. Hosted by experienced attorney Mike Rowland, the show covers a range of topics within personal injury law, offering listeners practical guidance and insights. With a focus on customer service and community, the podcast aims to empower listeners with the knowledge they need to navigate legal matters confidently. Whether you're dealing with a car accident or seeking general legal advice, </span><b>Real People, Real Answers with Mike Rowland</b><span style=""font-weight:400;""> delivers valuable information in an accessible format.</span></p>",Podbean,en,https://pbcdn1.podbean.com/imglogo/image-logo/22513853/Title_Podbean_jarqiz.jpg,2026-08-14 21:07:53,7991002,confirmed,https://realpeoplerealanswers.podbean.com,1786741673,8182fa2ea9670d6f89dd247cce83fb65,6793982351.0,2,0,INDIVIDUAL
Extra Innings: A Dugout Time Machine Podcast,Dugout Time Machine,https://rss.buzzsprout.com/2637594.rss,"<p><b>Extra Innings: A Dugout Time Machine Podcast</b> takes the baseball stories, debates, stats, and rabbit holes that captured our attention during the week and goes deeper than a short-form video ever could. Hosted by Dugout Time Machine creator Jeff, each episode explores one topic in depth—uncovering the history, context, numbers, and stories behind the moments that make baseball so fascinating.</p>",Buzzsprout,en-us,https://storage.buzzsprout.com/6la9xc1jaa9xqnvz8bwnmeb6z0o8?.jpg,2026-08-14 21:03:01,7991000,confirmed,,1786741381,7efe2f6e5fc77a5f54883708f1533874,,0,0,INDIVIDUAL
Brittany Between the Chaos,Brittany Bell,https://anchor.fm/s/115ff0314/podcast/rss,"Welcome to Brittany Between the Chaos 🎙️
I’m Brittany — a 38-year-old mom of three, entrepreneur, medical girl, dog lover, and lifelong overthinker trying to make sense of life somewhere between the beautiful moments and complete chaos. While navigating motherhood, severe postpartum depression, rebuilding myself, building businesses, and everything life has thrown my way, I realized there are A LOT of conversations women are having in their heads but rarely saying out loud.
Here we talk about motherhood, mental health, business, relationships, wellness, aging, money and everything in between.",Anchor,en,https://d3t3ozftmdmh3i.cloudfront.net/staging/podcast_uploaded_nologo/46540013/46540013-1786712878385-1e17c9acae66d.jpg,2026-08-14 21:03:01,7990999,confirmed,https://podcasters.spotify.com/pod/show/brittany-bell9,1786741381,47f136001291edde2d2ca8e07af898d5,6801126320.0,2,0,INDIVIDUAL
When Silence Is Understood - Argha E Pal,Argha E Pal,https://anchor.fm/s/115ed07f4/podcast/rss,"Some people have a way of understanding us without asking us to explain every little thing. They notice when our silence feels different, when we're quieter than usual, and instead of asking endless questions, they simply stay.
This episode is about that quiet kind of comfort. The kind that comes from being around someone who makes you feel safe enough to stop pretending that everything is okay.
Maybe being understood isn't always about finding the perfect words. Sometimes, it's simply about finding someone who understands what your silence is trying to say.",Anchor,en-us,https://d3t3ozftmdmh3i.cloudfront.net/staging/podcast_uploaded_nologo/46528229/46528229-1786433339638-c124ae90cd435.jpg,2026-08-14 21:02:06,7990997,confirmed,https://podcasters.spotify.com/pod/show/argha-pal7,1786741326,edb074b409003debac6435bf4bceadf5,6801441789.0,2,0,INDIVIDUAL
Rockin' Life,Emma Bach,https://www.spreaker.com/show/7265573/episodes/feed,Explore life with Emma Bach,Spreaker,en,https://d3wo5wojvuv7l.cloudfront.net/images.spreaker.com/nuvolari-assets/yellow_square_mic.jpg,2026-08-14 20:57:58,7990993,confirmed,https://www.spreaker.com/podcast/rockin-life--7265573,1786741078,70e24e9d86a6db3147f670a4bfb1bb33,,4,0,INDIVIDUAL
Solid Reno Solutions Podcast,Solid Reno Solutions,https://rss.buzzsprout.com/2637258.rss,<p>construction and homes </p>,Buzzsprout,en-us,https://storage.buzzsprout.com/cj5h2t4sdejo938h9wilfmopkupn?.jpg,2026-08-14 20:49:46,7990992,confirmed,https://www.solidrenosolution.com,1786740586,47a8ae5db3b6640171f6415d4cad85a0,,4,0,CORPORATE
New York Stories,Jon Katz,https://rss.buzzsprout.com/2637660.rss,"<p>The podcast where we bring you the finest of the finer things from, in and of New York City.</p>",Buzzsprout,en-us,https://storage.buzzsprout.com/10od665x7hh2o7wqs3jrpm8ksjle?.jpg,2026-08-14 20:48:27,7990990,confirmed,,1786740507,0435e562d0a3c5a10306778235b5d69a,,0,0,INDIVIDUAL
Easily Offensive,Easily Offensive,https://rss.buzzsprout.com/2637909.rss,"Dylan, Trever, Blake and Gavin get together and insult each other weekly.",Buzzsprout,en,https://storage.buzzsprout.com/9ks0edvnbuqw0l8mxtop7lx5l0b9?.jpg,2026-08-14 20:43:09,7990987,confirmed,https://www.instagram.com/easilyoffensivepod,1786740189,669b95f56877dd732e8caed029952371,,4,0,INDIVIDUAL
"FOCUS ON GOD, NOT THE PROBLEM",Hallelujah Ministries Church 2016,https://www.spreaker.com/show/7264982/episodes/feed,Hallelujah Ministries Church 2016 Encourages Healing Through Faith In God Through Christ Jesus! We are a fully online global community! This Episode Focus on trusting God and Not allowing the issue to overwhelm us! GOD IS ALWAYS FAITHFUL & ON TIME!,Spreaker,en,https://d3wo5wojvuv7l.cloudfront.net/t_rss_itunes_square_1400/images.spreaker.com/original/cc91c4957f4e860dbb0832e209036a3c.jpg,2026-08-14 20:38:15,7990986,confirmed,https://www.spreaker.com/podcast/focus-on-god-not-the-problem--7264982,1786739895,3a582bd63ccc06462d329d5f9cbc0946,,4,0,CORPORATE
Market Ready,Notable,https://feeds.libsyn.com/627830/rss,"Every listing has a story. If you're in real estate and love the human stories behind successful home sales, the Market Ready Podcast is for you. 
From unexpected twists to creative fixes and the human moments that shape every sale, hear the behind-the-scenes stories of what it really takes to help sellers get their homes sold.",Libsyn,en,https://static.libsyn.com/p/assets/9/f/1/4/9f14bf1c857e087a16c3140a3186d450/1400x1400.png,2026-08-14 20:35:33,7990985,confirmed,https://sites.libsyn.com/627830,1786739733,9c1d9055a18a5726fcbbeea062e101ce,6800923232.0,2,0,INDIVIDUAL
"Commercial Real Estate SEO, AI & Marketing for CRE Brokers",BranchGrid,https://anchor.fm/s/116066c58/podcast/rss,"This show is dedicated to helping commercial real estate professionals generate more qualified organic leads, strengthen their local market presence, and build a sustainable competitive advantage through Local SEO, AI search optimization, and strategic digital marketing. Discover practical strategies for SIOR and CCIM brokers, independent CRE firms, and commercial real estate realtors.
Learn more at:
https://branchgrid.com/commercial-real-estate-local-seo-for-cre-sior-ccim/",Anchor,en-us,https://d3t3ozftmdmh3i.cloudfront.net/staging/podcast_uploaded_nologo/46544870/46544870-1786648592877-c229d23ebce0d.jpg,2026-08-14 20:30:40,7990982,confirmed,https://branchgrid.com/,1786739440,51179f70fec8a154af18a0bb83e5d350,6801267414.0,2,0,INDIVIDUAL
COME GET THAT SMOKE PODCAST,"Jeff ""Choc"" Jordan",https://rss.buzzsprout.com/2633465.rss,"<p>My name is Jeff ""Choc"" Jordan Jr. and I own Choc's Barbeque Co. and Southern Catering, along with Choc's on the Green.  We will dive into all things BBQ, and all things Choc's Barbeque Co.  This is a Tell All Podcast with tips, tricks, and advice for Life and Cooking.  These episodes will be paired with our Cooking show on Youtube COME GET THAT SMOKE in the Kitchen.</p>",Buzzsprout,en-us,https://storage.buzzsprout.com/57h1z4cq0qzv0k85w3v3gilv3aid?.jpg,2026-08-14 20:30:28,7990981,confirmed,http://www.chocsbbq.com,1786739428,5ca9d0d14695b052a5330f467b9158f7,,0,0,INDIVIDUAL
#FAMILY,Jeff,https://rss.buzzsprout.com/2636076.rss,<p>FAMILY</p><p><br></p><p>Looking at Life from two totally different viewpoints</p>,Buzzsprout,en-us,https://storage.buzzsprout.com/ij2a97da6wmakiy41b245gbp8jks?.jpg,2026-08-14 20:27:06,7990977,confirmed,,1786739226,027d17cbbd11073c14d9a4d6dbf936dc,,0,0,INDIVIDUAL
New York Signal,Geoffrey Ochieng,https://www.spreaker.com/show/7265182/episodes/feed,New York News • U.S. Politics • Current Affairs • Global Impact,Spreaker,en,https://d3wo5wojvuv7l.cloudfront.net/t_rss_itunes_square_1400/images.spreaker.com/original/8223651e69e1a55a0eb3613119ccaae8.jpg,2026-08-14 20:24:53,7990974,confirmed,https://www.spreaker.com/podcast/new-york-signal--7265182,1786739093,b2d271017aa07927a3eb7ed12e037729,,4,0,INDIVIDUAL
Dream Card,dreamcard,https://feed.podbean.com/dreamcard/feed.xml,"Dream Card is a podcast that seeks to celebrate immigrants who pick up their lives and build a life in a whole new country. There has been a rise in anti-immigrant rhetoric globally and there remains uncertainty for will happen in the future. That is beyond our control but what we can do is share in the courage of what many dreamers have achieved all over the world. 
Dream Card will bring you stories of immigrants who are  a beacon in their communities and their journey of settling into a new life. Think of this podcast as a light in what seems to be a dark time. Storytelling is the one tool that continues to stand the test of time and it will carry us even through these challenging times.",Podbean,en,https://pbcdn1.podbean.com/imglogo/image-logo/22556378/Dream_Card_Resized6k5q4.png,2026-08-14 20:22:45,7990973,confirmed,https://dreamcard.podbean.com,1786738965,ac2f063215b946756e9acdd9bb77fb74,6800506785.0,2,0,INDIVIDUAL
She’s in Revival Podcast,Trenece Blackmon,https://rss.buzzsprout.com/2637896.rss,"<p><b>She’s in Revival — Podcast Description</b></p><p><b>She’s in Revival</b> is a Christian podcast for women and anyone who desires to know God deeper, grow in Him, and live a life of revival.</p><p>Here, we have honest conversations about faith, growth, relationships, marriage, identity, and the everyday journey of following Jesus. But it doesn’t stop at conversations—we dive into Bible studies, devotionals, prayers, and practical encouragement to help you grow in your relationship with God and apply His Word to your life.</p><p>This is a space for becoming. For healing. For growing. For being reminded that revival isn’t just something we experience—it’s something we choose to live.</p><p><b>Know Him. Grow in Him. Live in Revival.</b></p><p><br></p>",Buzzsprout,en,https://storage.buzzsprout.com/jry90qkolxei4ft7p7gzb4ovitb1?.jpg,2026-08-14 20:18:49,7990971,confirmed,,1786738729,f85807a5d591081d4cda01110b3b24dc,,4,0,INDIVIDUAL
Past It?,Vincent Edwards,https://feeds.acast.com/public/shows/6a7f5f91248fe5d9f80d8287,"<p>Past It? is the podcast that challenges the idea that anyone is ever truly past it. Whether it’s age, mindset, illness, trauma, confidence or simply feeling stuck, we’ll explore what you can do to move forward. With honest conversations, practical ideas, personal stories and expert guests, Past It? is about one thing: believing that change is possible — and taking action to make it happen.</p><p><br></p><hr><p style='color:grey; font-size:0.75em;'> Hosted on Acast. See <a style='color:grey;' target='_blank' rel='noopener noreferrer' href='https://acast.com/privacy'>acast.com/privacy</a> for more information.</p>",Acast,en,https://assets.pippa.io/shows/cover/1786731977840-e607524e-31c5-4434-9d1f-dee508afd6cc.jpeg,2026-08-14 20:17:36,7990968,confirmed,https://feeds.acast.com/public/shows/past-it,1786738656,78992fbad725a2ba96644ec06a282728,,0,0,INDIVIDUAL
Lifeline Church | Denton,Lifeline Church,https://rss.buzzsprout.com/2636779.rss,<p>Stay connected with weekly sermons. Never miss a sermon. Relisten to your favorites. </p>,Buzzsprout,en-us,https://storage.buzzsprout.com/8tdvpfejtw56cm8id03dsq86tohq?.jpg,2026-08-14 20:14:29,7990964,confirmed,,1786738469,1365c8fd0d1cec73822233112f7d83b3,,4,0,CORPORATE
If Jenifer Just Applied Herself,Jenifer Vogt,https://anchor.fm/s/1156c576c/podcast/rss,"“If Jenifer would only apply herself…” was a familiar refrain on Jenifer Vogt’s childhood report cards. Now she is—and she has questions. Join this writer, marketer and art historian for warm, witty and unfiltered conversations about relationships, dating, desire, sexuality, faith, beauty, business, culture, creativity, wellbeing and the lovely chaos of being human. Through personal reflections and conversations with men and women, Jenifer explores what shapes us, what connects us and what it takes to become fully ourselves.
https://jenifervogt.com/connect-with-me/",Anchor,en-us,https://d3t3ozftmdmh3i.cloudfront.net/staging/podcast_uploaded_nologo/46443891/46443891-1785252617317-afedf30f7c7a1.jpg,2026-08-14 20:08:57,7990959,confirmed,https://podcasters.spotify.com/pod/show/ifjenjustappliedherself,1786738137,4512cfe0a8c40822a917b9e4215465ac,6800481144.0,2,0,INDIVIDUAL
What Music Looks Like,Paul Weedon,https://anchor.fm/s/115e52b74/podcast/rss,"Writer and journalist Paul Weedon explores the intersection between music and design through conversations with designers, musicians, composers, directors, developers and more. To support my work and follow along for updates, check out my Patreon: 
patreon.com/whatmusiclookslike",Anchor,en,https://d3t3ozftmdmh3i.cloudfront.net/staging/podcast_uploaded_nologo/46523077/46523077-1786368463037-75780498b4059.jpg,2026-08-14 20:07:16,7990957,confirmed,https://podcasters.spotify.com/pod/show/paul-weedon2,1786738036,6b2fe74fb10327ed080e7212a4cb026f,6800795437.0,2,0,INDIVIDUAL
Have-A-Go,Richard Browning,https://rss.buzzsprout.com/2637776.rss,"<p><b>Have-A-Go</b> is a channel about backing the people with the courage to turn an idea into something real.</p><p>Hosted by <b>Gravity Industries founder Richard Browning</b>, Have-A-Go follows aspiring innovators, inventors and entrepreneurs as they take on the challenge of building Britain’s businesses of the future.</p><p><br></p><p>Richard has spent years pushing the boundaries of what’s possible. Taking the seemingly crazy idea of human flight and turning it into a pioneering British technology company. Now, he’s using that experience to help other people realise the potential in their own ideas.</p><p><br></p><p>Each episode, Richard meets someone who’s decided to <b>have a go</b>. He gets hands-on with their idea, asks the difficult questions, explores the business behind it and looks for practical ways to help them move forward.</p>",Buzzsprout,en-us,https://storage.buzzsprout.com/yyhf013yf62qvfxeljxzzj3ydgj2?.jpg,2026-08-14 20:05:46,7990956,confirmed,https://www.buzzsprout.com/2637776,1786737946,82ce16d3de812d3525389136d9539fe3,,4,0,INDIVIDUAL
The Employer Brief Academy,Don Hicks,https://feeds.captivate.fm/don-hicks-tebap/,"The Employer Brief Academy is the podcast built for the busy professional who didn't sign up to become an HR expert — but suddenly finds themselves responsible for one of the most complex, high-stakes parts of running a business or organization: having employees.
Whether you're a small business owner, a first-time manager, operating a non-profit, or a seasoned leader stretched thin by the demands of the business, this show meets you where you are. Each episode is designed to be detailed without being dense, engaging without being superficial, and — yes — enjoyable to listen to. Because learning about HR and business compliance doesn't have to feel like a trip to the DMV.
The reality is that managing people comes with a mountain of complexity that nobody fully prepares you for. Employment law, HR policies, hiring and firing, workplace compliance, benefits, performance management — the list is long, the stakes are high, and the consequences of getting it wrong can be serious. For most professionals, that complexity quietly drains time, drains energy, and confidence, that could be spent on the work that excites them. And, all of this drains the resources from the organization and increases costs. 
The Employer Brief Academy exists to change that.
This show is made for a wide range of professionals who share one thing in common: people are part of the equation. That includes business owners and entrepreneurs across for-profit and nonprofit organizations, HR professionals and anyone who has found themselves wearing the HR hat without the title, C-suite executives and senior leaders, and investors who need to understand the operational and people risks inside their portfolio companies — including venture capital and private equity firms. It's also an invaluable resource for the trusted advisors who sit across the table from employers every day — benefits brokers, employment attorneys, bankers, and CPAs — who want to better understand the challenges their clients are navigating and speak their language with confidence.
This show is your trusted resource for cutting through the noise — giving you the knowledge, context, and practical tools to handle people-management and operational challenges with clarity and confidence. The goal isn't to turn you into an HR professional. The goal is to make sure HR never blindsides you again, so you can stop reacting to problems and start focusing on the strategic, rewarding, and growth-oriented parts of your career that made you want to lead in the first place.
Think of it as the briefing you always needed but never had time to find.
This show is released weekly every Wednesday. Find it on Apple Podcast, Spotify, or your preferred podcast app. You can also visit the website at www.theemployerbriefacademy.com.
",Captivate,en,https://artwork.captivate.fm/11a51adc-b9a8-4d65-8f61-0154c7eff770/Cover-Art-28.jpg,2026-08-14 19:53:32,7990948,confirmed,https://theemployerbriefacademy.com,1786737212,8dcdb70d524519db088a92f870ab406b,,4,0,INDIVIDUAL
Screen Generation,Evan Hughes,https://rss.buzzsprout.com/2637893.rss,<p>A show covering the films distributed under Sony’s label Screen Gems.  </p>,Buzzsprout,en-us,https://storage.buzzsprout.com/i82nh2le6gmri20wz3d3s2lo5ko7?.jpg,2026-08-14 19:50:57,7990945,confirmed,,1786737057,4cab6817de1ed0052f7826c8ecdcf038,,4,0,INDIVIDUAL
Anchored In Her Steps,Trenece Barfield,https://rss.buzzsprout.com/2637887.rss,"<p>Anchored in Her Steps is a faith-based podcast dedicated to helping individuals stand firm on God’s Word, no matter the storms they face. Through real-life conversations, biblical wisdom, and encouragement, we explore what it means to surrender to God and let Him fight our battles.</p>",Buzzsprout,en,https://storage.buzzsprout.com/m2plfbw1uscg2byvxompoiz4qzq4?.jpg,2026-08-14 19:49:43,7990944,confirmed,https://rss.com/podcasts/anchored-in-her-steps,1786736983,9a5ac6fea27bc7bc9bc68580608298f7,,4,0,INDIVIDUAL
The Central Mat-Su Fire Podcast,"CMSFD, John Beebe, Josh Kahler, Ian Amidon",https://anchor.fm/s/11570a4fc/podcast/rss,"CMSFD Podcast brings real-world fire service experience to the mic. Each episode explores training topics, operational skills, and lessons learned alongside firefighters and special guests who share firsthand stories from the moments when those skills mattered most.",Anchor,en,https://d3t3ozftmdmh3i.cloudfront.net/staging/podcast_uploaded_nologo/46446711/46446711-1785279488139-66b3c6ff1c544.jpg,2026-08-14 19:49:43,7990943,confirmed,https://podcasters.spotify.com/pod/show/ian-amidon,1786736983,55173575503f6ef0a3d3628bcb3201d2,6800169000.0,2,0,CORPORATE
Mama Lisa’s Porch Talks,Lisa M. Campbell,https://rss.buzzsprout.com/2632508.rss,"<p>Welcome to <b>Mama Lisa Porch Talks</b>—the podcast where real life meets real conversation. JoinMama Lisa as she dives into everything from real estate tips and market trends to family life, parenting, raising kids, andtoday's trending topics.</p><p>Mama Lisa has met some truly interestingpeople throughout her life, and she'll invite you into those conversations. You'll hear inspiringstories, practical advice, honest perspectives, and unforgettable experiences that may make you laugh, cry, or even begin to heal.</p><p>Whether you're buying a home, balancingfamily life, looking for encouragement, orsimply enjoy meaningful conversations, there's something here for everyone. Every episodeis designed to leave you with somethingto think about—and hopefully, somethingworth sharing with someone else.</p><p>Grab your favorite drink, get comfortable, and join the conversation. Because at <b>Mama Lisa Porch Talks</b>, every story matters, every voicehas value, and no topic is off the table.</p>",Buzzsprout,en-us,https://storage.buzzsprout.com/jarpclktnezf36zyqf854h7oq0zi?.jpg,2026-08-14 19:45:50,7990942,confirmed,https://www.buzzsprout.com/2632508,1786736750,2f32ca42d68489aeb32571a579797985,,0,0,INDIVIDUAL
GOD Says So™ | Scripture-Rooted Encouragement for Christian Moms,"Donna Proud, Founder of GOD Says So™, GOD Says So™ Shop, and GOD Says So™ Kids | Host of the GOD Says So™ Podcast | Christian Author | Speaker | Mentor",https://rss.buzzsprout.com/2547751.rss,"<p><b>Live by What God Says. Pass It On.</b></p><p><br></p><p><b>GOD Says So™ is a mission-driven, Scripture-rooted podcast created to equip and encourage Christian moms to grow in God’s Word, strengthen their faith, live by what God says, and pass His truth on to the children they love.</b></p><p><br></p><p><b>Hosted by Donna Proud, founder of GOD Says So™, the podcast offers biblical teaching, prayer, and practical encouragement to help you bring God’s truth into your everyday family life.</b></p><p><br></p><p><b>Download your free guide, </b><b><em>7 Scriptures from God’s Word to Pray Over the Children You Love</em></b><b>, at </b><a href=""http://godsaysso.com""><b>GODSaysSo.com</b></a><b>.</b></p><p><b><br>God’s Truth for Everyday Life and the Next Generation<br></b><br></p><p><b>Let’s spread this mission together. Follow GOD Says So™ on your favorite podcast app and share the podcast with your family and friends.</b></p><p><br></p>",Buzzsprout,en-us,https://storage.buzzsprout.com/48gbs0l8eqw8jxej77bpg4uugyr1?.jpg,2026-08-14 19:32:59,7990937,confirmed,https://www.buzzsprout.com/2547751,1786735979,dbb4850df391bf33bfa95059847f9850,,0,0,CORPORATE
Dirt Moto Podcast Network,Dirt Moto,https://anchor.fm/s/115f335fc/podcast/rss,The Dirt Moto Podcast Network is a network of various Dirt Moto shows that cover numerous topics throughout the motocross industry.,Anchor,en-us,https://d3t3ozftmdmh3i.cloudfront.net/staging/podcast_uploaded_nologo/46532279/46532279-1786479537151-640b6a387fd8c.jpg,2026-08-14 19:30:56,7990935,confirmed,https://podcasters.spotify.com/pod/show/dirt-moto1,1786735856,c6fdeb37ca404a2bc01eb5c20ef7612e,6800910280.0,2,0,INDIVIDUAL
Get Sleepy,Get Sleepy,https://www.spreaker.com/show/7265455/episodes/feed,"Get Sleepy is the #1 sleep storytelling program designed to help you get a great night’s rest. By combining soothing meditation techniques with a relaxing bedtime story, each episode will gently guide you into sleep. From classic fairytales to original, soothing stories, each episode is crafted to reduce stress and quiet the mind. All of our episodes are created by a team of talented writers, voice-over artists and audio producers.",Spreaker,en,https://d3wo5wojvuv7l.cloudfront.net/t_rss_itunes_square_1400/images.spreaker.com/original/efa8529a1e9ac39fe37cd3f4b594fc09.jpg,2026-08-14 19:30:24,7990934,confirmed,https://www.spreaker.com/podcast/get-sleepy--7265455,1786735824,21cff5dc63aee038371a80a2ec9c1173,,4,0,INDIVIDUAL
The Great Sibling Game Show,The Siblings,https://feeds.libsyn.com/627685/rss,Your siblings (and mine) play games for you to listen to!,Libsyn,en,https://static.libsyn.com/p/assets/0/f/7/d/0f7d84166148164c16c3140a3186d450/greatsiblinggameshow.png,2026-08-14 19:29:01,7990933,confirmed,https://sites.libsyn.com/627685,1786735741,ea9063330129a73f70fc5b3c49448b93,6800199905.0,2,0,CORPORATE
Horror story,Horror story,https://www.spreaker.com/show/7265453/episodes/feed,This is the horror story podcast all people enjoyed here,Spreaker,en,https://d3wo5wojvuv7l.cloudfront.net/images.spreaker.com/nuvolari-assets/yellow_square_mic.jpg,2026-08-14 19:24:38,7990930,confirmed,https://www.spreaker.com/podcast/horror-story--7265453,1786735478,2cca1a5e640e1e3f49c08e6e4a25fbd3,,4,0,INDIVIDUAL
The BeYou Tea Podcast,Ivie & Cin,https://anchor.fm/s/114b0f328/podcast/rss,"Welcome to TheBeYou Tea Podcast, a cozy late-night space dedicated to messy healing, self-love, and unfiltered truths. Hosted by Ivie, this show is for anyone navigating life's turning points, breaking old patterns, and learning to choose themselves. Whether you're sitting in the quiet or processing the chaos, pour a warm cup of tea and join the conversation. Because when the night hits and the tea settles, there’s a beauty in being you.",Anchor,en,https://d3t3ozftmdmh3i.cloudfront.net/staging/podcast_uploaded_nologo/46321082/46321082-1783530796721-362748da16fd1.jpg,2026-08-14 19:24:26,7990929,confirmed,https://podcasters.spotify.com/pod/show/thebeyouteapodcast,1786735466,46e0bc999712b4701fbd63e6017c6354,6800568349.0,2,0,CORPORATE
National Weather Service - INLAND FRANKLIN COUNTY FLORIDA FORECAST - by WARN,Weather Alert Radio Network,https://www.omnycontent.com/d/playlist/8fc2c4ad-bb66-4b15-bc51-a97800079141/9f1e92e3-c85d-4a0e-816d-b47a00dbb2c9/7306bc71-abc3-4b51-bb41-b47a00dea0ea/podcast.rss,"The National Weather Service forecast for Inland Franklin County Florida from the Weather Alert Radio Network
FLZ015
https://forecast.weather.gov/MapClick.php?zoneid=FLZ015",Megaphone,en-US,https://www.omnycontent.com/d/playlist/8fc2c4ad-bb66-4b15-bc51-a97800079141/9f1e92e3-c85d-4a0e-816d-b47a00dbb2c9/7306bc71-abc3-4b51-bb41-b47a00dea0ea/image.jpg?t=1782912677&size=Large,2026-08-14 19:23:45,7990928,confirmed,https://www.weatheralertradionetwork.org/,1786735425,c485ec5100465c174b6142238348eef2,6786441306.0,2,0,CORPORATE
Into Which Narrative Was I Born?,Mirna Jancic Doyle,https://anchor.fm/s/1153701e8/podcast/rss,"What if peaceful dialogue begins by asking how we first learned about history? These audio works begin with a simple question: How did you first learn what you know? Where did that knowledge come from, and how has it shaped your understanding of ""us"" and ""others""?
Drawing on personal recollections of early encounters with history from different countries, each episode is crafted into a condensed sound collage. Through layered voices, shifting tones, and attentive listening, these works invite reflection on how narratives are formed—and how listening itself can become a practice of peace.",Anchor,en-gb,https://d3t3ozftmdmh3i.cloudfront.net/staging/podcast_uploaded_nologo/46408938/46408938-1785097319408-4a05f843e6179.jpg,2026-08-14 19:21:14,7990924,confirmed,https://podcasters.spotify.com/pod/show/mirna513,1786735274,106a4d0f758db74f2c7f761e0af133e6,,0,0,INDIVIDUAL
Growing OT,SAOT,https://feeds.captivate.fm/growing-ot/,"Introducing a new podcast from the Society of Alberta Occupational Therapists (SAOT), Growing OT.
Inspiring and informative, you can subscribe to Growing OT on Apple Podcasts, Spotify, or wherever you get your podcasts.
Come grow with us at Growing OT.",Captivate,en,https://artwork.captivate.fm/47b205f1-2d93-45ff-845e-26bcb0ee61fc/fa571242-ab06-454f-99d5-bd68280ce6d1.jpg,2026-08-14 19:20:09,7990923,confirmed,https://www.youtube.com/playlist?list=PLHnT4H7125TDbcnXhOcjzbZxPRDqwrJLF,1786735209,47454121003e9811357ea82131b44c68,,4,0,CORPORATE
Breaking Innovation Paralysis,"Natalie Yeadon, Founder and CEO, Augmentios",https://anchor.fm/s/1156f2a14/podcast/rss,"Canada builds world-class cures and companies, then consistently loses them. Breaking Innovation Paralysis investigates why, through candid conversations with the founders, scientists, and policymakers living this reality every day. Host Natalie Yeadon, a former clinician, pharmaceutical executive, and tech entrepreneur who built and exited a global Canadian company, traces the problem to three forces: inertia, risk aversion, and diffusion of responsibility. Each episode goes inside a different layer of the system, from university labs to government policy, to find out how to fix.",Anchor,en-ca,https://d3t3ozftmdmh3i.cloudfront.net/staging/podcast_uploaded_nologo/46445741/46445741-1785268602144-1b80ff67d3b88.jpg,2026-08-14 19:17:00,7990920,confirmed,https://podcasters.spotify.com/pod/show/natalie-yeadon1,1786735020,6ab94224c413de66678b0c1d7cf00766,6800043591.0,2,0,CORPORATE
Know The Word with Dr. Lori,KTW,https://anchor.fm/s/115b57a14/podcast/rss,"Welcome to Know The Word, the official Bible teaching podcast hosted by Dr. Lori J. McKenney. Each episode is designed to help you understand Scripture, strengthen your faith, and apply God's Word to your everyday life.
Through verse-by-verse Bible teaching, powerful biblical insights, end-times studies, prayer, and practical application, Dr. Lori equips believers to grow in spiritual maturity and walk confidently in God's purpose. Whether you're new to studying the Bible or have been walking with Christ for years, you'll discover timeless truths that inspire, a transform your life.",Anchor,en-us,https://d3t3ozftmdmh3i.cloudfront.net/staging/podcast_uploaded_nologo/46491821/46491821-1785914113702-07be1c3fefe0b.jpg,2026-08-14 19:14:59,7990919,confirmed,https://podcasters.spotify.com/pod/show/dr-lori5,1786734899,7c9014b4883956064ba0dafa4dd41b6b,6800164617.0,2,0,CORPORATE
New Hope On the Go,New Hope UMC,https://rss.buzzsprout.com/2637598.rss,"<p>A brief devotional podcast from New Hope UMC in Brunswick, MD. Centered on the upcoming Sunday's bible reading, New Hope On the Go will help you make a little space to reflect, wonder, and listen for God throughout the week. </p>",Buzzsprout,en-us,https://storage.buzzsprout.com/dh9s4gwnq886tf0ck17vyvlx9b1z?.jpg,2026-08-14 19:14:29,7990918,confirmed,http://brunswickumc.com,1786734869,bfe130f243c9f854d707ca0a8fa8d198,,0,0,INDIVIDUAL
The Jury Mind Podcast,Jeff Harris,https://feeds.captivate.fm/the-jury-mind-podcast/,"Your jurors aren't deciding the way you think they are. They're using mental shortcuts and biases they don't even know they have. 
The Jury Mind gives you the science to understand exactly what's happening inside that jury box—and what to do about it. Join veteran trial lawyers Rebecca Franklin Harris and Jeff Harris as they break down the practical application of research on decision-making, persuasion, and group dynamics to help you present complex cases more clearly and persuasively. 
Produced and Powered by LawPods.",Captivate,en,https://artwork.captivate.fm/11a18e13-d0a0-4d9e-828f-f2ff16347675/JMP-Cover-Art-Captivate.jpg,2026-08-14 19:12:20,7990915,confirmed,https://the-jury-mind-podcast.captivate.fm,1786734740,ea7af7694c9f05fd7adbac2d87fdc663,,4,0,INDIVIDUAL
Beyond the Frame,deaconriv,https://feed.podbean.com/deaconriv/feed.xml,"<p><span><strong>Beyond the Frame</strong> is a cinematic spoken‑word podcast for men who refuse to live small. Hosted by <strong>Deacon Riv</strong>, this space explores how <strong>Biblical truth</strong> and <strong>Stoic principles</strong> shape identity, discipline, character, and purpose.</span></p>
<p><span>This podcast is not about hype or temporary motivation. It’s about conviction — the kind that reshapes who you are, strengthens your mind, and aligns your life with the man God created you to be.</span></p>
<p><span>Each episode blends ancient wisdom with modern clarity, calling men to rise above fear, comfort, and the invisible limits they inherited. Through Scripture, we discover identity that is received, not earned. Through Stoicism, we learn discipline that builds character, not ego.</span></p>
<p><span>Here, you’ll confront the beliefs that confined you, challenge the habits that weakened you, and cultivate the discipline that frees you.</span></p>
<p><span>If you’re ready to renew your mind, rebuild your character, and step beyond the frame that once defined you — this podcast is your next step.</span></p>",Podbean,en,https://pbcdn1.podbean.com/imglogo/image-logo/22014477/spotify_beyond_ramebgnzx.png,2026-08-14 19:12:18,7990914,confirmed,https://deaconriv.podbean.com,1786734738,169cc934f53bdcd0b813900885adfd47,6788900395.0,2,0,INDIVIDUAL
Cruel Summer: The Violent Death of Tiffany Valiante,Wavland and Street Smart Audio,https://feeds.megaphone.fm/IMP4702244303,"<p>When the body of 18-year-old Tiffany Valiante was found on railroad tracks deep in the New Jersey Pine Barrens in the summer of 2015, it was all too easy for police to label her death a suicide. More than a decade later, journalist Marie McGovern takes you inside a remarkable four-year investigation into the terrible tragedy that became a frightening mystery. </p>
<p>From Wavland and Street Smart Audio, Cruel Summer: The Violent Death of Tiffany Valiante brings stunning new perspectives on the case and the first in-depth examination of the life, times and horrific death of a young woman with everything to live for.</p>",Megaphone,en,"https://megaphone.imgix.net/podcasts/53a7c150-971d-11f1-8f9e-a74237dedfa9/image/dd94e47be6c2810b12323d52f2033750.jpg?ixlib=rails-4.3.1&max-w=3000&max-h=3000&fit=crop&auto=format,compress",2026-08-14 19:07:49,7990912,confirmed,,1786734469,a779980c77c768ca8744a8fbdd942a68,6801170249.0,2,0,CORPORATE
"Undivided: Black Marriage, Unfiltered",RJ + Portia James,https://anchor.fm/s/112f375d8/podcast/rss,"Undivided is a conversation between husband and wife, cofounders, homeschool parents (send help!) and two people still choosing each other through every season of life.
This podcast is a testament to God’s faithfulness.
A love letter to our children.
A story worth sharing.
We talk about marriage, grief, leadership, faith, healing, family, and the reality of building a life together while the world watches.
This space is intentionally raw and psychologically safe.
Some episodes will make you laugh.
Some will hit a little too close to home.
Whichever way it goes, we vow to always say the quiet part out loud (we shook on it).
We built this for the people trying to love well, lead well, heal honestly, and stay undivided in a world constantly pulling people apart.",Anchor,en,https://d3t3ozftmdmh3i.cloudfront.net/staging/podcast_uploaded_nologo/46029126/46029126-1786373013763-30789199efcd5.jpg,2026-08-14 19:07:45,7990911,confirmed,https://podcasters.spotify.com/pod/show/undividedpod,1786734465,48b67adaa58fa85a7c3739dff5abd87a,6797343211.0,2,0,CORPORATE
The Fight We Didn't Choose,Inside Drive Podcast,https://www.spreaker.com/show/7258875/episodes/feed,"The Fight We Didn’t Choose is an honest and deeply personal podcast about facing a battle no family ever expects to fight.<br /><br />Hosted by Ryan and Beth Mulvey, the podcast tells the story of Ryan’s journey with brain cancer—not only through the eyes of the person fighting the disease, but also through the perspective of the wife and family fighting alongside him.<br /><br />Together, Ryan and Beth share the moments that changed everything: the diagnosis, treatments, difficult conversations, unexpected victories, fear, laughter, family life, and the reality of trying to keep living when life suddenly looks very different.<br /><br />This isn’t just a podcast about cancer. It’s about marriage, family, love, resilience, hope, and making the most of the time we’re given.<br /><br />Some episodes will be difficult. Some will be emotional. Some will make you laugh. But every conversation will be real.<br /><br />Whether you’re battling cancer yourself, supporting someone you love, or simply need a reminder of what truly matters, we hope our story makes you feel a little less alone.<br /><br />We didn’t choose this fight—but we choose how we fight it.<br /><br />The Fight We Didn’t Choose — with Ryan & Beth Mulvey.<br /><br />Become a supporter of this podcast: <a href=""https://www.spreaker.com/podcast/the-fight-we-didn-t-choose--7258875/support?utm_source=rss&utm_medium=rss&utm_campaign=rss"">https://www.spreaker.com/podcast/the-fight-we-didn-t-choose--7258875/support</a>.",Spreaker,en,https://d3wo5wojvuv7l.cloudfront.net/t_rss_itunes_square_1400/images.spreaker.com/original/f111d08e4128561d880c2847daa5c465.jpg,2026-08-14 19:07:10,7990909,confirmed,https://www.spreaker.com/podcast/the-fight-we-didn-t-choose--7258875,1786734430,41a41d1417a31117e0976bcb3daed035,,4,0,INDIVIDUAL
The Triforce Table,Skyluker99,https://anchor.fm/s/116063990/podcast/rss,This show is about the lore and fun of the amazing world of the Legend of Zelda.,Anchor,en-us,https://d3t3ozftmdmh3i.cloudfront.net/staging/podcast_uploaded_nologo/46544740/46544740-1786646998204-45f12d4b1ae92.jpg,2026-08-14 19:05:19,7990907,confirmed,https://podcasters.spotify.com/pod/show/skyluker999,1786734319,f0ee8d54a64b9c4b1ef53d496db2e275,6801262359.0,2,0,INDIVIDUAL
UDL Unlocked: One Consideration at a Time,Open Access,https://anchor.fm/s/10263d5b4/podcast/rss,"At Open Access, we believe Universal Design for Learning (UDL) is more than a framework—it’s a mindset shift toward access, inclusion, and learner agency. The UDL Unlocked Podcast brings this belief to life with engaging, practical episodes that “unlock” one UDL consideration at a time. From real stories to useful strategies, we break down CAST’s UDL 3.0 Guidelines into clear, actionable insights. Whether you're new to UDL or a longtime advocate, each episode supports your journey from theory to intentional, inclusive design.",Anchor,en-us,https://d3t3ozftmdmh3i.cloudfront.net/staging/podcast_uploaded_nologo/43250645/43250645-1753839854907-eae240ab1da19.jpg,2026-08-14 19:00:53,7990906,confirmed,https://www.openaccess-ca.org/,1786734053,92fb10b043c657f8d0f6dbe63c26e096,6800894553.0,2,0,INDIVIDUAL
Adam Collier Toronto,Adam Collier Toronto,https://www.spreaker.com/show/7265443/episodes/feed,"<b>Adam Collier Toronto is an arborist operating in Toronto with a strong interest in sustainability and environmental planning. Alongside his professional work, he has contributed to theatre writing and criticism. Adam Collier combines analytical thinking with creativity, making his approach both practical and reflective.</b>",Spreaker,en,https://d3wo5wojvuv7l.cloudfront.net/t_rss_itunes_square_1400/images.spreaker.com/original/563a02b96b3dd78ff4d04c6d845ffc9d.jpg,2026-08-14 18:57:19,7990904,confirmed,https://www.spreaker.com/podcast/adam-collier-toronto--7265443,1786733839,8df804736b86c6595b005531cd905536,,4,0,INDIVIDUAL
Na pele e na mente: A saúde trans sob ce,Band Minas,https://www.spreaker.com/show/7265442/episodes/feed,"No Brasil, país que mais mata pessoas trans no mundo, o acesso ao tratamento de transição de gênero pelo SUS ainda é marcado por filas gigantescas e escassez de vagas.<br /><br />Dados obtidos com exclusividade pela BandNews FM apontam que o número de atendimentos no único ambulatório que atende a população trans em Belo Horizonte caiu quase pela metade em um ano.  <br /><br />Na série de reportagens “Na pele e na mente: A saúde trans sob cerco”, mostramos como a demora no acolhimento para iniciar o processo transexualizador afeta diretamente a saúde física e mental de quem busca apenas existir com dignidade.<br /><br />A produção é de Thayane Ribeiro e a reportagem de Priscila Guimarães.<br />",Spreaker,en,https://d3wo5wojvuv7l.cloudfront.net/t_rss_itunes_square_1400/images.spreaker.com/original/ec66370ab3a89acfc49108624b9757fe.jpg,2026-08-14 18:56:43,7990902,confirmed,https://www.spreaker.com/podcast/na-pele-e-na-mente-a-saude-trans-sob-ce--7265442,1786733803,f0d4b0c53b0bfb2898e8bb1eed28accc,,4,0,CORPORATE
Coached by Truth,James Kirkland,https://rss.buzzsprout.com/2637644.rss,"<p><b>Coached by Truth</b> offers practical, biblically grounded Christian coaching for life and leadership. Hosted by Jim Kirkland and produced by Christian Chaplains & Coaching, each brief episode brings Scripture together with practical coaching, thoughtful questions, and real-world application to help you grow as a Christian, leader, coach, chaplain, and follower of Christ.</p><p><br></p><p>Whether you are navigating leadership, ministry, relationships, personal growth, or the challenges of everyday life, <em>Coached by Truth</em> will encourage you to slow down, think biblically, and take practical steps forward with greater clarity, purpose, and faithfulness.</p>",Buzzsprout,en-us,https://storage.buzzsprout.com/iw7s98ybm1qgusau57c2na04fask?.jpg,2026-08-14 18:55:00,7990898,confirmed,https://coachedbytruth.buzzsprout.com,1786733700,097aa4a2ac682ad00cfbfe129ecd3677,,0,0,CORPORATE
Zumbro Music Minute,zumbromusicminute,https://feed.podbean.com/zumbromusicminute/feed.xml,"<p><span>The Zumbro Music Minute Podcast, hosted by Dr. Matt Gender, Zumbro's Director of Worship Arts, is a short and engaging look into the many aspects of musical arts at Zumbro Lutheran Church.</span></p>",Podbean,en,https://pbcdn1.podbean.com/imglogo/image-logo/22380901/The_Current_1100_x_1100_px_1400_x_1400_px_-28x0tk.png,2026-08-14 18:43:16,7990895,confirmed,https://zumbromusicminute.podbean.com,1786732996,c0af7067ed53095d625c1b99840fd4ed,1896833290.0,2,0,INDIVIDUAL
Real Talk with PK: Honest Faith Conversations for Everyday Life,CrossPoint Community Church,https://anchor.fm/s/fa23f76c/podcast/rss,"Real conversations about real life. A podcast about marriage, dating, anxiety, doubt, purpose, faith, the digital world, and everything in between. Pastor Ken (PK) and Pastor Todd (PT) sit across the table with guests and each other, asking why people think the way they think.
For the churched, the de-churched, and anyone still asking questions. It's real, it's raw, it's relatable.
New episodes weekly.
Got a topic or question for the show? https://forms.gle/G54AvGbf6FrRPUx87",Anchor,en-us,https://d3t3ozftmdmh3i.cloudfront.net/staging/podcast_uploaded_nologo/41866611/41866611-1785861291144-70adcdc6b9b49.jpg,2026-08-14 18:36:02,7990894,confirmed,https://www.cpccnow.com,1786732562,ae23e06acafae750aeea24f3971b5568,6800369506.0,2,0,CORPORATE
Seforim4Life,The Path4Life - R Nochum Malinowitz,https://anchor.fm/s/115f9efdc/podcast/rss,Learn Various Seforim In a Practical Way!,Anchor,en-us,https://d3t3ozftmdmh3i.cloudfront.net/staging/podcast_uploaded_nologo/46536687/46536687-1786552839568-b5466c0af6f84.jpg,2026-08-14 18:34:23,7990892,confirmed,https://podcasters.spotify.com/pod/show/the-path4life---r-nochum-79,1786732463,3962146da3a71fb9c5ce4493650b6ae6,6800756127.0,2,0,CORPORATE
Clegal Avocats,Clegal Avocats,https://www.spreaker.com/show/7265277/episodes/feed,"Clegal Avocats Lausanne est un cabinet d’avocats qui accompagne les particuliers et les entreprises dans leurs démarches et litiges juridiques. Nos domaines d’intervention comprennent le droit de la famille, notamment le divorce, la garde des enfants et les successions, ainsi que le droit du travail, le droit immobilier et locatif, le droit de l’immigration, le droit pénal, le droit commercial et le droit administratif. Nous proposons des conseils juridiques clairs et une assistance personnalisée, en tenant compte des besoins et de la situation de chaque client. Notre objectif est de vous aider à comprendre vos droits et à défendre vos intérêts.",Spreaker,en,https://d3wo5wojvuv7l.cloudfront.net/t_rss_itunes_square_1400/images.spreaker.com/original/e10b630615610243b5d0f6ed560f4c1b.jpg,2026-08-14 18:17:39,7990889,confirmed,https://www.spreaker.com/podcast/clegal-avocats--7265277,1786731459,fa3714fe177f34bd14a88e423f2b537a,,4,0,INDIVIDUAL
The Curiosity Portal,Colleen Elizabeth,https://anchor.fm/s/115b09a6c/podcast/rss,"What if there is more to reality than what we can see?
The Curiosity Portal is a journey into the mysteries of the mind, consciousness, spirituality, and human potential. Hosted by Colleen, this podcast explores the questions that expand our awareness and challenge the way we see ourselves and the world around us.
From the subconscious patterns shaping our lives, to intuition, manifestation, energy, identity, and the deeper forces influencing our experience, each episode invites you to look beyond the surface and explore what becomes possible when we transform from the inside out.",Anchor,en,https://d3t3ozftmdmh3i.cloudfront.net/staging/podcast_uploaded_nologo/46488627/46488627-1785868369144-346a3b82b0b68.jpg,2026-08-14 18:15:23,7990887,confirmed,https://podcasters.spotify.com/pod/show/colleen-1,1786731323,6c08b401a33f4f61ccf4c829fbb3e1f8,6799484845.0,2,0,INDIVIDUAL
Still Christian Sleep Meditations,Still Sleep Meditations,https://www.spreaker.com/show/7265246/episodes/feed,"Scripture-based sleep meditations from Still. Each episode pairs a passage of the Bible with a slow, spoken prayer designed to quiet your mind and carry you into sleep. Put your headphones on, close your eyes, and rest. <a href=""https://stillbible.app/"" target=""_blank"" rel=""noreferrer noopener"">Still Website</a>",Spreaker,en,https://d3wo5wojvuv7l.cloudfront.net/t_rss_itunes_square_1400/images.spreaker.com/original/9ce25c48884db6aefffcb51c8a9d1a89.jpg,2026-08-14 18:07:17,7990879,confirmed,https://stillbible.app/,1786730837,71c767ae7e1f26a0fa2dba66f0fa2619,,4,0,INDIVIDUAL
Christ Fellowship Church - McKinney Texas,Christ Fellowship Church,https://feeds.captivate.fm/christ-fellowship-church/,"Many of us wrestle with deep, foundational questions—Who am I? Why am I here? Am I truly loved? Where do I belong?
Jesus speaks directly to those questions, offering real hope and lasting transformation.
This podcast features weekly sermons from Christ Fellowship Church in McKinney, Texas, where we believe life change doesn’t come from simply knowing about Jesus, but from choosing to seek Him and follow Him. Each message is rooted in Scripture and designed to help you understand who Jesus is, how He meets us in real life, and what it looks like to take meaningful next steps in faith.
At Christ Fellowship, we are people helping people find and follow Christ—growing together, encouraging one another, and pursuing the full life He offers. Whether you’re joining us in person or listening on the go, these sermons are meant to meet you where you are and help you move forward.
Stay Connected Connect Card:  https://forms.growthmethod.app/vt-rWLCJt09pq 
Text us at: 469-717-6440 
Email: info@cfhome.org 
Website: https://cfhome.org 
Instagram: https://www.instagram.com/cfhome/ 
Facebook: https://www.facebook.com/christfellowshiphome 
Website cfhome.org  
YouTube: www.youtube.com/@ChristFellowshipMcKinney",Captivate,en,https://artwork.captivate.fm/2a326539-150c-4639-b39d-bc96ea082caf/Untitled-design.jpg,2026-08-14 18:01:19,7990876,confirmed,https://cfhome.org,1786730479,131681530e17735c808c63c23666b9f7,,4,0,CORPORATE
Lady Killer,McQuade,https://feeds.transistor.fm/lady-killer,"A female vigilante talks about what's on her mind, lays out her vision for a new world order... and justice comes for the Epstein class.",Transistor,en,https://img.transistorcdn.com/Sk9zWLsetAyRXuv9Qr66hFt3DeqH_YJFm7XdSXf-yEc/rs:fill:0:0:1/w:1400/h:1400/q:60/mb:500000/aHR0cHM6Ly9pbWct/dXBsb2FkLXByb2R1/Y3Rpb24udHJhbnNp/c3Rvci5mbS83YzZm/OWVhY2NjOGFiNDFk/YmIzMGE0NWZmMzk3/ZDc2Yy5qcGc.jpg,2026-08-14 17:59:39,7990875,confirmed,https://ladykiller.lol,1786730379,52a9477d67d05fe8208840d76433e2fc,,4,0,INDIVIDUAL
Christ Fellowship En Español,Christ Fellowship En Español,https://feeds.captivate.fm/cf-espanol/,"¡Bienvenido al podcast de Christ Fellowship en Español! Aquí encontrarás el audio de los mensajes predicados en nuestros servicios semanales, diseñado para ayudarte a mantenerte conectado con la enseñanza bíblica y la vida de nuestra iglesia, estés donde estés.  Cada episodio comparte el mensaje completo de la semana, para que puedas escucharlo nuevamente, ponerte al día si no pudiste asistir o compartirlo con familiares y amigos. Te invitamos a suscribirte, dejar un comentario y regresar cada semana para escuchar lo que Dios está hablando a través de nuestras reuniones.",Captivate,en,https://artwork.captivate.fm/8a0586e2-a721-4854-ac87-5aaaa1da1ba3/Untitled-design.jpg,2026-08-14 17:57:16,7990873,confirmed,https://cfespanol.org,1786730236,8322e173b2fe5be2e61795db46a06ea8,,4,0,INDIVIDUAL
CRAZY FUN PE with Mrs. T.,Jennifer Tiemann,https://feeds.captivate.fm/pe-with-mrs-t/,"Welcome to CRAZY FUN PE with Mrs. T.—the podcast that's on a mission to Make School Fun Again!
Every week, elementary PE teacher, author, blogger, and content creator Jen Tiemann shares crazy fun PE games, gym management tips, classroom and student behavior strategies, lesson ideas, and practical teaching advice to help you save time, engage every student, and make your gym the happiest place in school.
Whether you're a brand-new PE teacher or a seasoned veteran, you'll discover creative K-5 physical education games, cooperative activities, fitness challenges, seasonal lessons, classroom management ideas, equipment hacks, assessment tips, and simple strategies that make planning easier and teaching more enjoyable. Every episode is packed with practical ideas you can put into action right away—so you can spend less time planning and more time inspiring kids to love movement.
You'll also hear honest conversations about teaching, motivation, building positive relationships with students, creating an inclusive learning environment, and bringing more joy, laughter, and excitement into every PE class.
If you're passionate about helping kids build confidence, teamwork, sportsmanship, healthy habits, and a lifelong love of physical activity, you're in the right place.
So grab your whistle, lace up your sneakers, and join thousands of elementary PE teachers who believe school should be a place where kids can't wait to learn, move, laugh, and play.
Together, let's Make School Fun Again!
#MakeSchoolFunAgain",Captivate,en,https://artwork.captivate.fm/fe570222-9363-4ae4-88e2-2b9ac7ff10ce/CRAZY-FUN-PE-Podcast-Cover-with-Mrs-T.jpg,2026-08-14 17:52:50,7990866,confirmed,https://pe-with-mrs-t.captivate.fm,1786729970,b7e32ccb69dedc4adae0f68d2f263aa8,,4,0,INDIVIDUAL
Next Play Sports Media,Next Play Sports,https://anchor.fm/s/115f5a88c/podcast/rss,"Welcome to NextPlay Sports Media, where sports fans come together to discuss the games, athletes, and stories shaping the sports world.
From breaking news and game analysis to rankings, predictions, and debates, NextPlay Sports Media covers the biggest moments across professional, college, and amateur sports.
Subscribe and join us for sports coverage, commentary, and conversations from every corner of the game.
Every Game. Every Story. Every Next Play",Anchor,en,https://d3t3ozftmdmh3i.cloudfront.net/staging/podcast_uploaded_nologo/46533883/46533883-1786501366327-29439f176a543.jpg,2026-08-14 17:46:30,7990861,confirmed,https://podcasters.spotify.com/pod/show/next-play-sports7,1786729590,73467f8c758262acad9770a68039fb5c,6800562405.0,2,0,INDIVIDUAL
Driving Instructors in Queens NY,Executive Driving School,https://www.spreaker.com/show/7265245/episodes/feed,"Welcome to our driving tips podcast! Today, we explore how Driving Instructors in Queens NY help new drivers stay safe and build confidence. Learn why expert training, patient guidance, and regular practice make every trip easier. Discover how Executive Driving School helps you become a smart, safe, and confident driver.",Spreaker,en,https://d3wo5wojvuv7l.cloudfront.net/t_rss_itunes_square_1400/images.spreaker.com/original/cdf00d3b020092d5f5472b5cb2a4eccb.jpg,2026-08-14 17:41:17,7990857,confirmed,https://www.spreaker.com/podcast/driving-instructors-in-queens-ny--7265245,1786729277,2f2992b0f10f6758deb009a092424dee,,4,0,CORPORATE
Stat Speaking with JMP,JMP Statistical Discovery,https://feeds.transistor.fm/stat-speaking-with-jmp,"Conversations shaped by data | Stat Speaking with JMP brings together scientists, statisticians, engineers, and innovators to explore how data influences the way we work, lead, and understand the world.",Transistor,en,https://img.transistorcdn.com/LuNmLXncJATphV9934YCH7-DATMSEA4SDNXTVspVye0/rs:fill:0:0:1/w:1400/h:1400/q:60/mb:500000/aHR0cHM6Ly9pbWct/dXBsb2FkLXByb2R1/Y3Rpb24udHJhbnNp/c3Rvci5mbS8wMzdl/OTMxZDU4ZGNiZWJj/NjMzNjU4OWQ3Mzk1/Nzc2ZC5wbmc.jpg,2026-08-14 17:35:52,7990855,confirmed,https://www.jmp.com/en/resources/resource-listings/by-series/statistically-speaking,1786728952,36c31fa013e51fc78996762639ac79ec,,4,0,INDIVIDUAL
Endo Club,Mary Morgan,https://feed.podbean.com/endoclub/feed.xml,"<p>A conversation podcast for people with endometriosis, and those in their lives</p>",Podbean,en,https://pbcdn1.podbean.com/imglogo/image-logo/1773593/Podcast_large7y291.png,2026-08-14 17:33:05,7990853,confirmed,https://endoclub.podbean.com,1786728785,26c2a905497e8748685889bb88216d74,6799703917.0,2,0,INDIVIDUAL
EdTech Zone,David,https://anchor.fm/s/115ff7650/podcast/rss,Test Description,Anchor,en,https://d3t3ozftmdmh3i.cloudfront.net/staging/podcast_uploaded_nologo/46540308/46540308-1786584141132-79e86bf931af9.jpg,2026-08-14 17:30:23,7990852,confirmed,https://podcasters.spotify.com/pod/show/david070,1786728623,2ab73c7acab0ee0699085e86cf973fd4,6800953216.0,2,0,INDIVIDUAL
LAF tech,Brad Green,https://www.spreaker.com/show/7265213/episodes/feed,"Established in 1987, LAF technologies has emerged as a premier supplier and service provider specialising in contamination control, scientific instrumentation, particle measurement, environmental monitoring, and laboratory equipment across Australasia. Our NATA accreditation and comprehensive range of certifications, including ISO 17025, ISO 9001, ISO 14001, and ISO 45001, underscore our commitment to quality assurance and operational excellence. Headquartered in Melbourne with additional offices in Sydney, and sales and service facilities in Queensland and Tasmania, LAF technologies offers a specialised distribution network ensuring efficient delivery and expert technical support. Our dedicated approach focuses on supporting, servicing, and validating technical plant and equipment throughout its lifecycle, ensuring customers receive exceptional support and reliable solutions",Spreaker,en,https://d3wo5wojvuv7l.cloudfront.net/t_rss_itunes_square_1400/images.spreaker.com/original/eaa8acc58a777d8d57724d0ce93a5686.jpg,2026-08-14 17:30:05,7990851,confirmed,https://www.spreaker.com/podcast/laf-tech--7265213,1786728605,34cee2a8a449ec4efcc54b6ad307e1dc,,4,0,INDIVIDUAL
Feedback with Dan Holzman,"WEEU ""The Voice of Berks and Beyond""",https://feeds.transistor.fm/feedback-with-dan-holzman,"Every weekday, Dan takes on the news, current events, and issues you’re talking about—from what’s happening in your community to the biggest stories across the region and the country. Politics, culture, current events, and the headlines of the day are all on the table.

But Feedback isn’t just about what Dan thinks—it’s about what you think.

Agree, disagree, ask a question, challenge an opinion, or bring up something you think deserves more attention. Your calls, texts, questions, and perspectives help determine where the conversation goes each day.

You’ll also hear from newsmakers, community leaders, elected officials, experts, and interesting guests who bring additional perspectives to the topics you care about.

Be part of Feedback:
Call Dan at 610-374-8800, text (267) 422-2830, or email feedback@830weeu.com to share your thoughts and join the program.

Your calls. Your opinions. Your Feedback.

Join Dan Holzman weekdays from 10 AM to Noon on 99.7 and 830 WEEU – The Voice of Berks and Beyond.",Transistor,en,https://img.transistorcdn.com/pTVQkeYQXD89igdbTlNudNCGBvX--UccSsc7PdvUEcw/rs:fill:0:0:1/w:1400/h:1400/q:60/mb:500000/aHR0cHM6Ly9pbWct/dXBsb2FkLXByb2R1/Y3Rpb24udHJhbnNp/c3Rvci5mbS9lOGFl/NjZjNWFkMTkxYWVi/MWMzYzFlYjQ4MjQ0/OWVkYy5wbmc.jpg,2026-08-14 17:16:03,7990843,confirmed,http://www.830weeu.com,1786727763,09aea9f4d239e43203088d600d620fe4,,4,0,CORPORATE
The Crux True Survival Stories,The Crux True Survival Stories,https://www.spreaker.com/show/7265181/episodes/feed,"Are you drawn to thrilling survival stories where characters overcome impossible odds? The Crux: True Survival Stories is your podcast. Join us for gripping tales of resilience and invaluable insights into wilderness survival and the mindset needed to overcome adversity. Hosted by two practicing physician assistants, Kaycee McIntosh and Julie Henningsen, both passionate about wilderness and medicine. Our podcast is fueled by real-life stories and the pivotal moments that determine life or death outcomes. Tune in for captivating narratives that entertain and educate. Airing every Monday! Our bonus ""Disaster Strikes"" series episodes air every other Thursday. <br /><br />Become a supporter of this podcast: <a href=""https://www.spreaker.com/podcast/the-crux-true-survival-stories--7265181/support?utm_source=rss&utm_medium=rss&utm_campaign=rss"">https://www.spreaker.com/podcast/the-crux-true-survival-stories--7265181/support</a>.",Spreaker,en,https://d3wo5wojvuv7l.cloudfront.net/t_rss_itunes_square_1400/images.spreaker.com/original/86f0bdfd41dcead2f021725f979e3d2d.jpg,2026-08-14 17:09:14,7990839,confirmed,https://www.spreaker.com/podcast/the-crux-true-survival-stories--7265181,1786727354,73c3a7aa8e85dcca6081955b65760483,,4,0,CORPORATE
Tirsah's Dream by Jorli Perine,Momentum Media Advertising,https://feeds.captivate.fm/tirsahs-dream-by-jorli/,"Step into a breathtaking realm where canvas meets soul in this season of Tirsah's Dream, an immersive exploration of Jorli Perine's spellbinding tale of loss, resilience, and spiritual awakening. Through the eyes of a young artistic prodigy forced to rebuild her life, you will journey from the depths of adversity into the majestic landscapes of the American Southwest. By the finale, you will not just witness Tirsah's transformation, but you will unlock a deeper connection to your own creative intuition and find the courage to follow your unique calling.  Listeners will walk away with a profound framework for transforming personal grief into powerful artistic expression, using creativity as a tool for resilience. You will gain appreciation for plein air artistic techniques alongside a rich understanding of sacred American Indian teachings that connect us to the natural world. Most importantly, this season provides concrete insights on how to decode your dreams and intuition, offering a practical roadmap to align your daily life with your higher spiritual purpose.  This podcast is a sanctuary for passionate readers, aspiring artists, and spiritual seekers who believe that art is a vital pathway to the divine. If you have ever felt displaced, doubted your creative spark, or felt a quiet pull toward a greater destiny, this season is your validation that your struggles are preparing you for your ultimate masterpiece. Join us to awaken your inner creator and rediscover the magic waiting in the natural world.",Captivate,en,https://artwork.captivate.fm/cccb4fab-8902-469b-9cea-0557c46a35d6/Tirsah-s-Dream-by-Jorli-Perine-2-cover-1400x1400.jpg,2026-08-14 17:03:15,7990837,confirmed,https://tirsahs-dream-by-jorli.captivate.fm,1786726995,d82d570b252039fdbc88437414a801fe,,4,0,CORPORATE
Absolute Crime,Absolute Crime,https://www.spreaker.com/show/7265144/episodes/feed,"Absolute Crime is the home of the best crime documentaries. Subscribe for your weekly dose of crime shows, serial killers, thieves and prison stories.",Spreaker,en,https://d3wo5wojvuv7l.cloudfront.net/t_rss_itunes_square_1400/images.spreaker.com/original/809ea9dfe4639181ab9745b1d96e9f6c.jpg,2026-08-14 16:58:38,7990835,confirmed,https://www.spreaker.com/podcast/absolute-crime--7265144,1786726718,1c9fc77df70245acf1e53f6504e05e9c,,4,0,INDIVIDUAL
Unusual Practice,Charli | Breaking Illusions,https://feeds.redcircle.com/96289cf3-f8c9-4dd2-af6a-eea196acf235,"We are spectacularly stupid.
We're fighting each other over opinions while AI rewires civilisation and nukes sit waiting for the wrong person to have a bad day!
Unusual Practice tears into the things we avoid: power, identity, relationships, politics, psychology, faith, sex, grief, and the lies we tell ourselves to get through the day.
'UP' is for people done being fed BS. It’s not for those who want to win arguments. But for those who want to outgrow them.
Leave uplifted, curious and ready.",Spotify for Podcasters,en,https://media.redcircle.com/images/2026/8/14/16/b29b4ccd-5e19-4c11-bb32-249647855ec7_43840068-1781096029688-1e41a7120f981.jpg,2026-08-14 16:58:03,7990833,confirmed,https://redcircle.com/shows/unusual-practice,1786726683,9654e4644a6ecb72c74bc28d392d5c52,,4,0,INDIVIDUAL
WHAT THE FENG SHUI,Victoria Stoker,https://rss.buzzsprout.com/2560067.rss,"<p>Hi, I’m Vicki!<br><br></p><p>WELCOME TO -<br><br></p><p>WHAT THE FENG SHUI<br><br></p><p>My mission is to simplify traditional Feng Shui and make it practical and accessible, so your home becomes a powerful support for your health, wealth, relationships and life direction.<br><br></p><p>With clear guidance and step-by-step blueprints, I help you align your space with your energy and your future — not just its appearance.<br><br></p>",Buzzsprout,en-gb,https://storage.buzzsprout.com/h9a8bpca8kagykx9zyuiyhf2gghs?.jpg,2026-08-14 16:54:22,7990832,confirmed,,1786726462,097c74f09866151112063b166faf88e5,6801601174.0,4,0,INDIVIDUAL
Introvert's Mind,Ladi Lovely,https://anchor.fm/s/f059ada8/podcast/rss,"Open thoughts about my life as a private introvert struggling with social anxiety while pursuing friendships. I consider myself a nice person but I struggle with interacting with people so I decided lets talk about it. Some of you may be out there that have the same thoughts and feelings I have when it comes to human interaction in person and not just online. I can have a million online friends but no genuine friendships because of my lack of social skills. If that's you or you want to join my growing tribe hop on this ride into the ""Introvert's Mind""",Anchor,en,https://d3t3ozftmdmh3i.cloudfront.net/staging/podcast_uploaded_nologo/40224090/40224090-1704923146629-00b72f8ee2858.jpg,2026-08-14 16:39:12,7990825,confirmed,https://podcasters.spotify.com/pod/show/ladilovely,1786725552,6dd9bb21a65fe161877ada543add455e,1726245606.0,2,0,INDIVIDUAL
History for Sleep | Old Money After Dark,"Moments Count LLC, Valli Keller, Brooke Sheldon",https://feeds.acast.com/public/shows/6a7ddd93049c692a6bedfcfd,"<h3><strong>History for Sleep | Old Money After Dark</strong></h3><p>Sleep to the history, secret lives, lost fortunes, and dark mysteries of history’s greatest wealth. </p><br><p><strong>History for Sleep | Old Money After Dark</strong> is calm, candlelit bedtime history for adults—from Gilded Age empires and Medici intrigue to legendary pirate treasures, sunken gold, recovered hoards, and ruined dynasties.</p><br><p>From royalty to robber barons, from scoundrels to high-seas treasure chests, this is history the way it should be heard after midnight: slow, deeply immersive, and richly detailed, set over a soft fireside hush that never breaks. Call it sleepy history or boring history for sleep if you like—we call it good company after dark.</p><br><p>Made for night owls, insomniacs, history lovers, and seekers of grand fortunes. Unwind, dim the lights, and let the past put you to sleep—one lost dynasty at a time.</p><br><p>🕯️ <strong>Calm, Atmospheric Narration</strong></p><p>🌙 <strong>Long-Form Sleep Histories & Compilation Marathons</strong></p><p>📜 <strong>New Episodes Weekly</strong></p><hr><p style='color:grey; font-size:0.75em;'> Hosted on Acast. See <a style='color:grey;' target='_blank' rel='noopener noreferrer' href='https://acast.com/privacy'>acast.com/privacy</a> for more information.</p>",Acast,en,https://assets.pippa.io/shows/6a7ddd93049c692a6bedfcfd/1786721709502-71d968e4-723a-44c7-9241-bd4ec5d796a4.jpeg,2026-08-14 16:33:20,7990819,confirmed,https://feeds.acast.com/public/shows/old-money-after-dark,1786725200,05902ca2155d2acc848b6ca4551e671b,,0,0,CORPORATE
Chumash Shiurim - Rabbi Elisha Friedman,Elisha Friedman,https://anchor.fm/s/1148382bc/podcast/rss,"Shiurim on Chumash, by Rabbi Elisha Friedman",Anchor,en,https://d3t3ozftmdmh3i.cloudfront.net/staging/podcast_uploaded_nologo/46291303/46291303-1783105792983-9539032618cbe.jpg,2026-08-14 16:31:42,7990817,confirmed,https://podcasters.spotify.com/pod/show/elisha-friedman51,1786725102,e6813d40ca534cb1bd52a092aa1d9ed1,6787216050.0,2,0,INDIVIDUAL
NRBC Compliance Brief,Jeremy Barnes,https://feeds.transistor.fm/nrbc-compliance-brief,"The NRBC Compliance Brief is a daily two-minute audio briefing on U.S. alcohol and hemp/THC regulation, covering federal agencies and all 50 states: TTB rulings and rulemaking, state alcohol authority actions, the federal hemp-ban timeline, THC-beverage rules, court decisions, taxes, tariffs, licensing, and enforcement. A new episode arrives every morning around 7 AM Eastern.

Produced by the compliance desk at New Realm Brewing Co. and narrated with AI assistance under the direction of CFO Jeremy Barnes. Strictly factual and neutral: what passed, what was signed, what a court held, and the dates that matter — with every position attributed to the person or group who took it. For general information only — not legal advice.

Want the full written brief with source links in your inbox each morning? Email jbarnes@newrealmbrewing.com with the subject ""Subscribe - Compliance Brief""",Transistor,en,https://img.transistorcdn.com/Brm3QOHPkMoQVx28lvogk7QFzgLrZJKVi6V_LShVFJw/rs:fill:0:0:1/w:1400/h:1400/q:60/mb:500000/aHR0cHM6Ly9pbWct/dXBsb2FkLXByb2R1/Y3Rpb24udHJhbnNp/c3Rvci5mbS84OWVh/NTU0MDhkZjVhMjUy/ZWYzMDgyYzc5YzUx/Zjg2ZS5wbmc.jpg,2026-08-14 16:05:02,7990803,confirmed,https://newrealmbrewing.com,1786723502,523f2f3a81cfc01c40c4774ff26f1d92,,4,0,INDIVIDUAL
Face The Music And Dance,FTMAD,https://rss.buzzsprout.com/2637580.rss,"<p>Two cancer fighters talking straight about the disease, the fear, and the jokes that got us through. </p><p><br></p><p>We built Face The Music and Dance to have honest conversations between us and our guests, made to help you learn and to help you laugh.</p><p><br></p><p>New episodes bi-weekly.</p>",Buzzsprout,en-us,https://storage.buzzsprout.com/ae5nzfh0ab5hiag9dxrduy8pk1x4?.jpg,2026-08-14 16:00:24,7990799,confirmed,https://www.facethemusicanddance.com,1786723224,5c1ed6328eadaaf875f39e1ead2430b3,,4,0,CORPORATE
Binaural Beats & Rain Sounds,Natural Podcasts,https://feeds.megaphone.fm/binaural-beats-and-rain-sounds,"<p><strong>Binaural Beats & Rain Sounds</strong> combines immersive rainfall with calming binaural beats to create a peaceful listening environment for sleep, relaxation, meditation, studying, focus, mindfulness, and deep rest. Each episode blends subtle differences between the left and right audio channels with soothing rain sounds, gentle rainfall, distant storms, rain-soaked windows, soft water textures, and spacious atmospheric ambience.</p>
<p>Settle in with steady rainfall and immersive binaural frequencies while you unwind before bed, meditate, read, work, study, concentrate, or simply escape distracting background noise. Episodes may explore brainwave-inspired frequency ranges commonly associated with relaxation, sleep, meditation, concentration, and focused listening, without promising specific medical or neurological effects.</p>
<p>From soft nighttime rain and peaceful window sounds to deep rainfall, distant thunder, and tranquil storm ambience, <strong>Binaural Beats & Rain Sounds</strong> offers extended soundscapes designed to complement quiet moments throughout your day or night.</p>
<p>Follow <strong>Binaural Beats & Rain Sounds</strong> for binaural beats, rain sounds, sleep sounds, brainwave frequencies, meditation ambience, focus sounds, study sounds, deep relaxation, peaceful rainfall, and immersive ambient listening.</p>",Megaphone,en,"https://megaphone.imgix.net/podcasts/53f17742-9730-11f1-8276-3b818c75241c/image/a41c380b38f994911128ad6b933ca5a2.png?ixlib=rails-4.3.1&max-w=3000&max-h=3000&fit=crop&auto=format,compress",2026-08-14 15:58:09,7990796,confirmed,https://www.naturalpodcasts.com,1786723089,696f1ded5b0dc9c1e7400f7ae01a2a7f,,0,0,INDIVIDUAL
That Pickleball Podcast,Tyler Coston,https://rss.buzzsprout.com/2636296.rss,"<p>The best minds in pickleball, one conversation at a time.</p><p>Most pickleball advice is a pile of tips. These conversations go deeper — with the players, coaches, and thinkers shaping the game. Strategy, mindset, and the decisions that actually decide points. Not hacks. Not drills you'll forget. The stuff that changes how you see the court.</p><p>Hosted by Tyler Coston of That Pickleball Brand.</p>",Buzzsprout,en-us,https://storage.buzzsprout.com/93yjhkjd26cjmxleuwbd0qsbgrxs?.jpg,2026-08-14 15:54:01,7990790,confirmed,https://www.buzzsprout.com/2636296,1786722841,46d0ae84e8bed31d461fd520f0ced550,,4,0,INDIVIDUAL
From Classroom to Home,SLAM • Supporting Literacy And Math Learning at Home,https://rss.buzzsprout.com/2629364.rss,<p>Conversations with experienced teachers and experts in the early grades that help parents of K-2 children understand what their child is learning in school and what they can do to provide support at home.</p>,Buzzsprout,en-us,https://storage.buzzsprout.com/ti06dnwbi9q0b1es24a9q1nn71j5?.jpg,2026-08-14 15:47:55,7990789,confirmed,https://slamhomelearning.org/,1786722475,06d4473dd06edd78d7cbb998134ec69d,,0,0,CORPORATE
BURNED,Hal Craig,https://anchor.fm/s/11500349c/podcast/rss,"A deep dive into the 2025 Los Angeles fires told through the lenses of governance, emergency response, environmental policy, legal accountability, and wildfire resilience.",Anchor,en,https://d3t3ozftmdmh3i.cloudfront.net/staging/podcast_uploaded_nologo/46373023/46373023-1784234951019-f6b0b9948492d.jpg,2026-08-14 15:42:21,7990788,confirmed,https://podcasters.spotify.com/pod/show/halzcraig7,1786722141,7143decde705a89347982fb2f79f4812,6800117531.0,2,0,INDIVIDUAL
Mirit Moon,Mirit Moon,https://anchor.fm/s/115fab5e8/podcast/rss,"Conversations about health, longevity, happiness, spirituality, self-improvement and the ideas that challenge conventional thinking. Mirit Moon sits down with doctors, experts, entrepreneurs and fascinating people to explore alternative health, nutrition, mindset, success, purpose and what it really takes to live a better life.",Anchor,en,https://d3t3ozftmdmh3i.cloudfront.net/staging/podcast_uploaded_nologo/46537194/46537194-1786548203006-e422821ddf7f7.jpg,2026-08-14 15:32:26,7990786,confirmed,https://podcasters.spotify.com/pod/show/mirit-moon5,1786721546,70fdce6eb2f6d9e637aec111afad8f29,6800842800.0,2,0,INDIVIDUAL
Indy Central,Dana Sharman,https://feeds.transistor.fm/indy-central,"A podcast focused on local issues and community connection in Independence, Oregon",Transistor,en,https://img.transistorcdn.com/lhv2XF6dUrmeARlAC4AqRda5ixIGBdTvhtBwA2HFnvw/rs:fill:0:0:1/w:1400/h:1400/q:60/mb:500000/aHR0cHM6Ly9pbWct/dXBsb2FkLXByb2R1/Y3Rpb24udHJhbnNp/c3Rvci5mbS9hN2Fm/MjEzZTMzYmRkNmNk/ZjdlMDkwODA4ZDQ3/ZDAzNC5wbmc.jpg,2026-08-14 15:25:05,7990784,confirmed,,1786721105,1e6e5a2926492c51532e639ab70bfa04,,4,0,INDIVIDUAL
EpiccaTalks,Cassie,https://rss.buzzsprout.com/2632871.rss,"<p>EpiccaTalks is the podcast for anyone and everyone living with an invisible illness. With your host, Cassie, we'll explore practical frameworks, actionable strategies, and personal stories that help you navigate the difficulties of day-to-day life; everything from sharpening your inner mindset, communicating with friends and family, dealing with burnout, making treatment suck just a bit less, and more. Whether you're newly diagnosed or have been living with a chronic condition for years, you'll leave each episode empowered with new tools and strategies to put into action.</p><p><br></p><p>Disclaimer: This podcast shares personal experiences, perspectives, and practical strategies for navigating life with an invisible illness. This content is for informational purposes only and is not medical or professional advice. Always consult a qualified professional for advice specific to your circumstances. The host and guests are not responsible for actions taken based off of information shared in this podcast.</p><p><br></p>",Buzzsprout,en-us,https://storage.buzzsprout.com/b8rrlw7uq6c1d28h7fouiecmvwbz?.jpg,2026-08-14 15:24:47,7990783,confirmed,https://www.buzzsprout.com/2632871,1786721087,ad830a8d4a9214f04a43c4ca75af3693,,0,0,INDIVIDUAL
Deep Soundscape Podcast,Lasto,https://feeds.libsyn.com/627810/rss,"Welcome to Deep Soundscape Podcast, a journey into the deeper side of house music. 🎶🌊
Curated and mixed by DJ Lasto, proudly from Polokwane, Limpopo, South Africa 🇿🇦. Deep Soundscape brings you smooth deep house grooves, soulful melodies, hypnotic rhythms, and carefully selected sounds designed to take you on a musical journey.
Whether you're relaxing, driving, studying, or simply enjoying good music, press play, turn up the volume, and get lost in the soundscape.",Libsyn,en,https://static.libsyn.com/p/assets/c/c/a/6/cca6b4d76c06e38ad959afa2a1bf1c87/ChatGPT_Image_Aug_6_2026_at_05_35_28_PM.png,2026-08-14 15:21:45,7990782,confirmed,https://sites.libsyn.com/627810,1786720905,39e364d4c063d8c6d01e3d2914c4acc3,6801035936.0,2,0,INDIVIDUAL
The Sunday Press,Mitchell,https://anchor.fm/s/115bd21d8/podcast/rss,"Every Sunday's action broken down on Thursday. 
Podcast is brought to you by Mitch and AJ.",Anchor,en-us,https://d3t3ozftmdmh3i.cloudfront.net/staging/podcast_uploaded_nologo/46496838/46496838-1785978273753-fc0ef4da5af13.jpg,2026-08-14 15:17:38,7990780,confirmed,https://podcasters.spotify.com/pod/show/thesundaypress,1786720658,42803f58903856e792a81a41bfb0ed65,6798484523.0,2,0,CORPORATE
Tipping Point with Jimmy Evans,Jimmy Evans,https://feeds.captivate.fm/tipping-point-with-jimmy/,"Welcome to the Tipping Point Podcast, launched by Pastor Jimmy Evans to answer your questions about biblical prophecy and the end times. Each week we release new content based on current world events. Jimmy Evans and other Bible teachers guide viewers through Scripture, helping believers find hope, peace, and encouragement.
-----
This podcast draws on decades of pastoral study, experience, and biblical expertise to answer these questions:
- What does the Bible say will happen in the last days?
- What does the Bible say about the present moment?
- Are prophetic events happening now?
- How do current events tie into end times prophecy?
- How can I prepare for the future?",Captivate,en,https://artwork.captivate.fm/3525977f-a221-4cf2-a776-4feeb3fd4217/cb1fd8b56d08ff4bc7130b8e0e692fa7.png,2026-08-14 15:13:18,7990772,confirmed,https://tippingpointnow.com/,1786720398,4424c9b78410eb337a4db14c96fb7983,,4,0,INDIVIDUAL
Learn AI in Bits,Dan Wheeler,https://anchor.fm/s/11603ece4/podcast/rss,"AI explained in bits. Each episode takes one concept, like tokens, embeddings, hallucinations, or prompt injection, and explains it in about five minutes. No jargon, no filler. Just the idea, why it matters, and what to remember.
If you're curious about AI or already building with it, you'll come away understanding how these systems work.
One concept. Five minutes. That's the whole show.",Anchor,en,https://d3t3ozftmdmh3i.cloudfront.net/staging/podcast_uploaded_nologo/46543233/46543233-1786726933910-588c9d158371f.jpg,2026-08-14 15:13:14,7990771,confirmed,https://podcasters.spotify.com/pod/show/dan993,1786720394,7d1b6062afd8dc70a1f8662181b5fcb5,6801206709.0,2,0,INDIVIDUAL
MCC Brussels Podcast,MCC Brussels,https://rss.buzzsprout.com/2083878.rss,"<p>Discussions, event recordings, and updates from the team at MCC Brussels – the home for genuine policy deliberation about the EU and an in-depth exploration of the key issues facing Europeans.</p>",Buzzsprout,en,https://d3t3ozftmdmh3i.cloudfront.net/staging/podcast_uploaded_nologo/46530501/16d499a822b9abed.jpg,2026-08-14 15:05:37,7990764,confirmed,https://www.buzzsprout.com/2083878,1786719937,e33715f67647b376b6bbacc5dcf1274c,,4,0,INDIVIDUAL
The Furnace Ep1 - Host Kyng Alba,kyngalba777,https://feed.podbean.com/kyngalba777/feed.xml,"<p><span>What up Good People,</span></p>
<p><span> Welcome to my channel were real is the core and life is the source. No doubt it's about to go down stay tuned for more, from my Podcast (The Furnace) were we get it cooking from Politics, Religion, Society, and other hot topics we shy away from or completely separate as humanity over. But don't fear there will be a hefty sprinkle of other topics like sports, music and more. Just gotta tune in to see and hear right Here on this channel. The Furnace is a place for those trying to win the race back to humanity and journey forward with reason and understanding while enjoying the ride. As you can see Truth is the foundation, but we wouldn't be human if we didn't have some fun and share some smiles so look forward to a lot more content soon, very soon so subscribe so we can vibe on a real tip and flip the script on this thang. Love don't cost a thang and subscribing doesn't ether so like good wine lets pop the top on it and let it breath. Thanks 4 coming Thru!</span></p>",Podbean,en,https://pbcdn1.podbean.com/imglogo/image-logo/22017703/Your_paragraph_text_-_frame_at_0m5sa8yy9.jpg,2026-08-14 14:57:30,7990760,confirmed,https://kyngalba777.podbean.com,1786719450,5e2b42077535c482580160ff45e68487,1896839402.0,2,0,INDIVIDUAL
The H/D Bus Podcast,HD Vids,https://anchor.fm/s/115fdcee0/podcast/rss,Join The Creators of H&D Vids(youtube.com/@h-d_vids) for a Hilarious Look into their daily Bus Ride. New episodes every Friday.,Anchor,en,https://d3t3ozftmdmh3i.cloudfront.net/staging/podcast_uploaded_nologo/46539224/46539224-1786569905457-a273f02386521.jpg,2026-08-14 14:50:09,7990756,confirmed,https://podcasters.spotify.com/pod/show/harvey-e1,1786719009,ffe847e75886e60305376c8a324b0a90,6800902667.0,2,0,INDIVIDUAL
Tell Me A Story,Church of the Commons,https://anchor.fm/s/115fbd504/podcast/rss,A podcast from Church of the Commons. Hosted by Jeanne Harrison.,Anchor,en,https://d3t3ozftmdmh3i.cloudfront.net/staging/podcast_uploaded_nologo/46537929/46537929-1786555247421-10a6a5e25fb.jpg,2026-08-14 14:49:00,7990753,confirmed,https://cothecommons.com/,1786718940,669b83c012cf7b01e296425003928ea5,6800835794.0,2,0,CORPORATE
Louisiana Worker’s Follow the Money Podcast,louisianaworker,https://feed.podbean.com/louisianaworker/feed.xml,"The Louisiana Worker’s first podcast takes on AI data centers. Who are they for? What can we do to stop them from harming us?
”Follow the Money” is a podcast of the Louisiana Worker, a media outlet by and for Louisiana workers.",Podbean,en,https://pbcdn1.podbean.com/imglogo/image-logo/22551575/IMG_0886_1_9e2gr.jpg,2026-08-14 14:44:48,7990750,confirmed,https://louisianaworker.podbean.com,1786718688,ff4fb25a513581f05e02c2d78d6a0ab9,6800884408.0,2,0,INDIVIDUAL
The Caregiver's Paradox,Dr. Jennifer Patrick,https://anchor.fm/s/115d028f0/podcast/rss,"Caregiving is meaningful. It can also be exhausting.
Based on the book written by Dr. Jennifer Patrick, The Caregiver's Paradox, this podcast explores compassion fatigue, burnout, boundaries, resilience, and sustainable caregiving. Through practical tools, real stories, and honest conversations, you'll learn how to continue showing up for others without losing yourself in the process.
For helpers, healers, leaders, first responders, educators, caregivers, and anyone carrying more than they realize.
Because the world doesn't need less care. It needs care that doesn't consume the caregiver.",Anchor,en,https://d3t3ozftmdmh3i.cloudfront.net/staging/podcast_uploaded_nologo/46509308/46509308-1786150497658-aa189d4c146a.jpg,2026-08-14 14:29:43,7990740,confirmed,https://podcasters.spotify.com/pod/show/the-caregivers-paradox5,1786717783,4b584a1c53c3b668372f3ed6d97cf4c9,6799293440.0,2,0,INDIVIDUAL
Risk Talks,Risk Talks Podcast,https://anchor.fm/s/115f61204/podcast/rss,"Risk Talks is a weekly conversation between a father and son — one who's spent 30 years managing risk at the highest levels of business, and one who's spent his career on the ground in intelligence and security. Together, they break down the risks that actually show up in your life: at home, with your family, and at work.
No jargon. No boardroom-only advice. Just two guys who happen to be experts, talking about the stuff that keeps you up at night — and what to actually do about it.",Anchor,en,https://d3t3ozftmdmh3i.cloudfront.net/staging/podcast_uploaded_nologo/46534153/46534153-1786505806095-cdecc4e03078f.jpg,2026-08-14 14:15:10,7990732,confirmed,https://podcasters.spotify.com/pod/show/risk-talks0,1786716910,4a1e4e171c694d686d520a2016d2b60b,6801155142.0,2,0,INDIVIDUAL
Xclipse Reddit Vault,TheKidLeeroy,https://anchor.fm/s/113baff18/podcast/rss,"Welcome to XCLIPSE: Reddit Vault, the podcast that brings you the internet's most entertaining, dramatic, shocking, and unforgettable Reddit stories. Unlike other channels, we don't split stories into multiple parts or leave you hanging. Every episode features complete Reddit stories from start to finish, so you get the full experience exactly as it happened. From relationship drama and wild confessions to revenge tales, life-changing moments, and unbelievable true stories, XCLIPSE: Reddit Vault delivers the best of Reddit in one place. Made by TheKidLeeroy. 🎙️📖🔥",Anchor,en,https://d3t3ozftmdmh3i.cloudfront.net/staging/podcast_uploaded_nologo/46159894/46159894-1781417242505-1c937ab562119.jpg,2026-08-14 14:11:35,7990727,confirmed,https://xclipseredditvault.xclipsenetworks.com,1786716695,4e4dd62f466cbd7fadacac0f117aa2bf,1896924899.0,2,0,INDIVIDUAL
Distracting Others,delahund,https://feed.podbean.com/delahund/feed.xml,"<p>Creativity. Health. Ideas. AI. Mindset and whatever keeps me up at night. A show with no interviews, no structure, and no woman no cry. Just an Irish bloke yapping. Each episode will feel like an unnecessarily long WhatsApp voice note from a friend.</p>",Podbean,en,https://pbcdn1.podbean.com/imglogo/image-logo/22562043/logo11.png,2026-08-14 14:00:55,7990723,confirmed,https://delahund.podbean.com,1786716055,0a88cc8756df66cb34918873d733fcc4,6801551386.0,2,0,INDIVIDUAL
Hotter Together with Joel Monteleone,Joel Monteleone,https://anchor.fm/s/115de49bc/podcast/rss,"Hotter Together is built on one belief: the relationship is the most powerful growth engine in your life. Host Joel Monteleone sits down with couples living proof of it for the honest conversations about love most shows will not touch. Relationships take work, they are not easy, but the relationship of your dreams is not out of reach. It just takes a radical strategy for love.",Anchor,en,https://d3t3ozftmdmh3i.cloudfront.net/staging/podcast_uploaded_nologo/46518567/46518567-1786301314727-566af32b6988e.jpg,2026-08-14 13:53:37,7990718,confirmed,https://podcasters.spotify.com/pod/show/jamonteleone9,1786715617,280ce1abb014c42c8cc7b432afa9204f,6800780849.0,2,0,INDIVIDUAL
FutureProof: In Plain English,Brett Beckermann,https://anchor.fm/s/114c13abc/podcast/rss,"One peer-reviewed research paper, every week, explained in plain English. Ten minutes, with your morning coffee. No jargon. No PhD required.
FutureProof covers AI, robotics, biotech, energy, materials science, and climate technology. We read the actual paper, pull out what matters, and explain it so you understand it. The real findings and context that headlines always leave out.
For anyone who reads science news and wishes someone would just explain what it actually means, this is that.
Hosted by Brett Beckermann. New episodes every Friday morning.",Anchor,en,https://d3t3ozftmdmh3i.cloudfront.net/staging/podcast_uploaded_nologo/46331751/46331751-1783666587026-9b19d4001b2e3.jpg,2026-08-14 13:43:05,7990711,confirmed,https://podcasters.spotify.com/pod/show/brett224,1786714985,e924a136cd4ed8e7c514c7384a40c69f,6801061079.0,2,0,INDIVIDUAL
Threaded,@threads,https://anchor.fm/s/1131a9960/podcast/rss,"Welcome to Threaded, a conversation series by @threads where your favorite conversations come to life. Each episode, we sit down with some of our favorite people and get into the communities and shared interests that make Threads everyone's favorite corner of the internet.",Anchor,en,https://d3t3ozftmdmh3i.cloudfront.net/staging/podcast_uploaded_nologo/46054776/46054776-1786556650938-df12a08c2643f.jpg,2026-08-14 13:40:37,7990709,confirmed,https://podcasters.spotify.com/pod/show/meta5,1786714837,afc7e75af394e6b085454a0ea8f507fe,6800820155.0,2,0,INDIVIDUAL
Built in Translation,Anya Maze,https://www.spreaker.com/show/7263824/episodes/feed,"<i>Conversations with queer businesses building it their own way.</i><br /><br />Every episode focuses on one queer founder who built a successful business in a language that wasn't their first, in a market that sometimes had no word yet for what they were making.<br /><br />I ask them one question about one decision, the kind that never makes the interview or the pitch deck. <br /><br />The formula is straightforward: fifteen minutes, one main question. At the end, always the same ask: knowing everything you went through now — would you do it again?<br /><br /><i>This is Build in Transaltion, and I'm your host Anya Maze. </i><br /><i></i><br /><i></i>",Spreaker,en,https://d3wo5wojvuv7l.cloudfront.net/t_rss_itunes_square_1400/images.spreaker.com/original/413e12b14f02bb4225eaf35e2f1389c7.jpg,2026-08-14 13:39:26,7990707,confirmed,https://www.spreaker.com/podcast/built-in-translation--7263824,1786714766,c89aafe3f13f7934d5b30426f2a8ad58,,4,0,INDIVIDUAL
TBH,Nate Moynihan,https://anchor.fm/s/ebab9910/podcast/rss,"TBH is all about promoting good thinking in an honest, explorative way. 
I personally believe this is one of the most important habits to develop in ourselves as literally everything in our lives starts with a thought. 
In general we talk about philosophy, self improvement, health, business, creativity, and honestly just whatever I'm learning or interested in at the moment.
This podcast is NOT MEANT to be me blurbing about my thoughts and opinions. my hope is for it to be opening a conversation and space where you can voice your thoughts as well. 
thank you for being here.",Anchor,en,https://d3t3ozftmdmh3i.cloudfront.net/staging/podcast_uploaded_nologo/39438916/39438916-1756158879549-f03aa7c0d88ef.jpg,2026-08-14 13:33:20,7990703,confirmed,https://podcasters.spotify.com/pod/show/tbhonestpod,1786714400,c245341129717e27887ec5fec19f0189,6800185788.0,2,0,INDIVIDUAL
The Aligned Life Podcast - Stop forcing your life. Start following your energy.,Bill Heinrich,https://rss.buzzsprout.com/2637496.rss,"<p>The Aligned Life Podcast with Bill Heinrich explores how your energy shapes your choices, relationships, work, and purpose. Discover practical ways to release fear-based patterns, recognize misalignment, and create meaningful change from within. Visit <a href=""http://www.alignedlifenow.com"">www.alignedlifenow.com</a>.</p>",Buzzsprout,en-us,https://storage.buzzsprout.com/0idvwz3l4sw7cocpwb3xofzmub1t?.jpg,2026-08-14 13:31:18,7990701,confirmed,http://www.thealignelifeseries.com,1786714278,f07026ab68d960b6c7edf6fa8eb43fcc,,0,0,INDIVIDUAL
BIBLE ROOM PODCAST,CHRISTABEL YASSA MWAMBA,https://rss.buzzsprout.com/2637794.rss,"<p>Bible Room is a digital room dedicated to helping believers grow in understanding and revelation of God’s Word.</p><p>Founded by Mrs. Christabel Yassa Mwamba, a woman of God passionate about sharing the truth and joy of Scripture, Bible Room exists to make the Word come alive in every heart.</p><p><br></p><p>She is a devoted wife and mother, and together with her husband, Prophet Didier Mwamba, they lead  Siloe Ministry International - a missionary community of churches devoted to prayer, teaching, and the transforming power of God’s Word..</p><p><br></p><p>Our Vision</p><p><br></p><p>To unfold the light of the Word of God so that everyone can experience its joy, clarity, and power.</p><p>As written in Psalm 119:130 — “The unfolding of Your words gives light; it gives understanding to the simple.”</p><p><br></p><p>What We Do</p><p>*Weekly Bible study themes that bring Scripture to life</p><p>* Did You Know? insights and myth-debunking teachings</p><p>*Memory verses and interactive Bible quizzes</p><p><br></p><p>Let this be your room of revelation — where the Bible comes alive and your walk with God grows deeper.</p><p><br></p><p>Click the link below to access our app</p><p><br></p><p>https://bible-room-dd21055a.base44.app</p>",Buzzsprout,en,https://storage.buzzsprout.com/j8pt6ztgrx1vo57703q1l3mi4ovv?.jpg,2026-08-14 13:30:21,7990700,confirmed,,1786714221,00576b39b961a2af5d11d9644caf6dcf,,0,0,INDIVIDUAL
Sewer Socks,Sockbin,https://anchor.fm/s/10e2a94b4/podcast/rss,"Sewer Cast is a podcast in which we discuss streamer news and a range of other topics, You can catch live on our Twitch channels every Sunday.",Anchor,en,https://d3t3ozftmdmh3i.cloudfront.net/staging/podcast_uploaded_nologo/45226389/45226389-1786476067710-6b4a6bd65394f.jpg,2026-08-14 13:27:34,7990698,confirmed,https://podcasters.spotify.com/pod/show/sockiebee,1786714054,67e2fe70199694bf65768b9e913c4bb2,6800101208.0,2,0,INDIVIDUAL
Plain Tech - Tech simplifiée,EdTEC,https://anchor.fm/s/e95d51bc/podcast/rss,"Plain Tech makes AI and technology easy to understand through simple, everyday analogies. From AI and cloud computing to cybersecurity, each episode explains complex ideas without the jargon.
Tech simplifiée rend l’IA et la technologie faciles à comprendre grâce à des analogies du quotidien. De l’IA à l’infonuagique et à la cybersécurité, chaque épisode explique des concepts complexes sans jargon.",Anchor,en,https://d3t3ozftmdmh3i.cloudfront.net/staging/podcast_uploaded_nologo/39052071/39052071-1740631882142-539898c575015.jpg,2026-08-14 13:20:13,7990695,confirmed,https://www.edtec.ca,1786713613,a0c6f9e0ba5acc9cd81fac1a07e5aa8b,6800930932.0,2,0,INDIVIDUAL
Monthly Talk with...,Avila Pictures,https://anchor.fm/s/116087700/podcast/rss,"Monthly Talk is the official podcast of Monthly Night, where you can hear the interviews from the show month by month. Where Pablo Avila sits down with an Artist and talks about their journey.",Anchor,en-us,https://d3t3ozftmdmh3i.cloudfront.net/staging/podcast_uploaded_nologo/46546208/46546208-1786665464342-086e369249472.jpg,2026-08-14 13:19:19,7990694,confirmed,https://podcasters.spotify.com/pod/show/avila-pictures0,1786713559,d90e02592be7be32ce4d7783a8b5b615,6801350480.0,2,0,INDIVIDUAL
The Workit Health Podcast,Max,https://rss.buzzsprout.com/2635403.rss,"<p>The Workit Health Podcast is a place for honest conversations about addiction, recovery, and the lives we build along the way.</p><p><br></p><p>Each episode brings together real stories from people with lived experience, conversations with experts and voices in the recovery community, and thoughtful discussions about addiction treatment, harm reduction, recovery culture, and everything in between.</p><p><br></p><p>There’s no single way to recover. Here, we make room for the complicated parts, the hopeful parts, and the conversations that don’t always fit neatly into a box.</p><p><br></p><p>Real people. Real stories. Real conversations about addiction and recovery.</p>",Buzzsprout,en-us,https://storage.buzzsprout.com/ieusb1hyyfjllrtcrad63xykrb4c?.jpg,2026-08-14 13:12:38,7990691,confirmed,https://www.buzzsprout.com/2635403,1786713158,0e00678d982fbd0e516a80517259858d,,0,0,INDIVIDUAL
The Agentis Pulse,peterortmann9,https://feed.podbean.com/AgentisInteractive/feed.xml,"The Agentis Pulse™ is the official podcast of Agentis Interactive, exploring the ideas, technologies, people, and innovations shaping the future of business. Hosted by Peter “The AngelPreneur” Ortmann, the podcast follows the development of Agentis Interactive and its over 30 client companies...",Podbean,en,https://pbcdn1.podbean.com/imglogo/image-logo/22553606/Podbeam_2b43pg.jpg,2026-08-14 13:10:15,7990690,confirmed,https://AgentisInteractive.podbean.com,1786713015,671040710e07154275b8a01a8afaffc1,6800133214.0,2,0,INDIVIDUAL
VoiceOfFear,VoiceOfFear,https://www.spreaker.com/show/7264485/episodes/feed,"Welcome to VoiceOfFear, your home for chilling stories, true mysteries, unexplained encounters, and terrifying events from around the world.<br /><br />Turn down the lights, put on your headphones, and listen to the VoiceOfFear.",Spreaker,en,https://d3wo5wojvuv7l.cloudfront.net/t_rss_itunes_square_1400/images.spreaker.com/original/0c03e32e02e8fe7ba61ce83adbae3030.jpg,2026-08-14 13:09:35,7990689,confirmed,https://www.spreaker.com/podcast/voiceoffear--7264485,1786712975,f40687092e37331bd68f8113659a5243,,4,0,INDIVIDUAL
The Inner Realms - Lifting the Veil,SourceArc Productions,https://anchor.fm/s/1150c7d88/podcast/rss,"The Inner Realms: Lifting the Veil 
explores consciousness, reality, the soul’s journey, and the possibility that our inner world shapes our outer experience.
Drawing from sources including Seth, Ra, Michael Newton, Dolores Cannon and others, the podcast invites you to question what you think you know about existence, life, death, beliefs, and consciousness.
This is not about telling you what to bel
It is an invitation to look within.
Life is meant to be lived…from the inside out.",Anchor,en,https://d3t3ozftmdmh3i.cloudfront.net/staging/podcast_uploaded_nologo/46381074/46381074-1784353738461-2a837c5993add.jpg,2026-08-14 13:06:44,7990688,confirmed,https://podcasters.spotify.com/pod/show/07mande59,1786712804,1a005e079ff38204a0473ebfd7008560,6800086455.0,2,0,CORPORATE
Throw What You Know,CP Dance Productions,https://anchor.fm/s/114a7a8a4/podcast/rss,"Throw What You Know is your all-access pass to the heart of the dance world. Hosted by Crowd Pleasers Dance, each episode spotlights leading dance educators, choreographers, and industry pros as they share their stories, insights, and takes on today’s hottest topics in dance. From training tips to behind-the-scenes stories you won’t hear anywhere else, we’re here to inspire, inform, and ignite your passion for dance. 
Go follow and tell us what YOU want to know at @throwwhatyouknowpod",Anchor,en-us,https://d3t3ozftmdmh3i.cloudfront.net/staging/podcast_uploaded_nologo/46314993/46314993-1783453242186-356cdc66a3fe4.jpg,2026-08-14 13:00:05,7990687,confirmed,https://podcasters.spotify.com/pod/show/throw-what-you-know2,1786712405,58be83cc0b86a2d936285a838db5644f,6800404186.0,2,0,CORPORATE
Niaht Shift Trucker Tales,Niaht Shift Trucker Tales,https://www.spreaker.com/show/7264454/episodes/feed,"Welcome to Night Shift Trucker Tales, where the road never sleeps.<br /><br />Discover chilling stories, strange encounters, mysterious disappearances, and terrifying experiences from truckers traveling through lonely highways after dark.<br /><br />Turn up the volume, keep your eyes on the road, and enter the world of Night Shift Trucker Tales.",Spreaker,en,https://d3wo5wojvuv7l.cloudfront.net/t_rss_itunes_square_1400/images.spreaker.com/original/b55565b9e7b58f33f2a91f3ee6390faa.jpg,2026-08-14 12:55:22,7990685,confirmed,https://www.spreaker.com/podcast/niaht-shift-trucker-tales--7264454,1786712122,90a5e75e029ea69f89ec78568cdfb83c,,4,0,INDIVIDUAL
Matt's Podcasts,Matthew,https://rss.buzzsprout.com/2637783.rss,"<p>Podcasts on Movies, Sports and Business</p>",Buzzsprout,en-us,https://storage.buzzsprout.com/3op9wupfiphjbin5f6bkr0cujky2?.jpg,2026-08-14 12:54:49,7990684,confirmed,,1786712089,4ae10bff5ac2b0de8b5ef488e5bdbd26,,0,0,INDIVIDUAL
Three Key Insights with Sanjiv Yajnik,Capital One,https://rss.buzzsprout.com/2637792.rss,"<p>The auto industry is being reimagined in real time. To win in today's landscape, dealers need actionable insights and high-performance tools to take the lead. </p><p><br></p><p>Hosted by the President of Capital One Auto, Sanjiv Yajnik, this series convenes elite dealers and industry innovators to decode the shifts shaping the future. Known for his ""customer-first"" philosophy, Sanjiv's perspective is rooted in the belief that when dealers succeed, the entire industry thrives. His conversations prioritize transparency, pulling back the curtain on the backend infrastructure that powers modern customer confidence. Now's the time to take the lead. </p><p><br></p><p>The views and opinions expressed by guests on this podcast are solely their own and do not necessarily reflect the official policy or position of Capital One Auto, Capital One, N.A., or its affiliates. This content is provided for informational and educational purposes only and is not intended to serve as financial, legal, or tax advice. Viewers should consult their own independent professionals regarding their specific individual or business needs. </p><p><br></p><p>CONNECT WITH SANJIV YAJNIK LinkedIn: https://www.linkedin.com/in/sanjivyajnik/</p>",Buzzsprout,en,https://storage.buzzsprout.com/zvhj3g6icq3rsebrwrdm6ggsrmiu?.jpg,2026-08-14 12:49:32,7990679,confirmed,https://youtube.com/playlist?list=PLd5rZRR_1tLvuIW_qLs2VwlOa7pTK4DMx&si=qhrOWsWVpV3c1ESr,1786711772,ac8efd6dd7e8d567fb8182b907a64586,,4,0,CORPORATE
Pillow Talk with EZ Living Interiors,EZ Living Interiors,https://feeds.transistor.fm/pillow-talk-with-ez-living-interiors,"Settle in, get comfortable and let the sounds take you somewhere relaxing.

This special series of audio experiences has been created to help you explore how comfortable you feel on EZ Living mattresses. Choose the soundscape that appeals to you most, from the gentle rhythm of the sea and calming sounds of nature to relaxing scenes inspired by the world around you.

Simply lie back, press play and give yourself time to relax. Let the sounds wash over you while you experience the comfort and support of your mattress.",Transistor,en,https://img.transistorcdn.com/eH16NCiUow3E2rqkHc5EkFZJw2zUTmhnItc5vQ4TLVs/rs:fill:0:0:1/w:1400/h:1400/q:60/mb:500000/aHR0cHM6Ly9pbWct/dXBsb2FkLXByb2R1/Y3Rpb24udHJhbnNp/c3Rvci5mbS8yYzcw/YzRiZWIwZDYwNTFj/NzkyOTViYWUxNDkx/N2Y1Ny5wbmc.jpg,2026-08-14 12:47:41,7990678,confirmed,https://www.ezliving-interiors.ie,1786711661,95dfba0772155130843e39eeca1a5685,,4,0,INDIVIDUAL
Adair Adventures,Adair Adventures,https://feeds.libsyn.com/627745/rss,"16 first dates. He was #9. 👀
Then came marriage, travel + the unexpected.
A story of faith, love + God's timing.",Libsyn,en,https://static.libsyn.com/p/assets/8/f/1/2/8f12c6fe3961663cd959afa2a1bf1c87/Adair_Adventures_Podcast_.png,2026-08-14 12:41:18,7990675,confirmed,https://sites.libsyn.com/627745,1786711278,0bb2b350f5a36cdb8ab29214d45714de,6800785996.0,2,0,INDIVIDUAL
UNIT #522,UNIT #522,https://www.spreaker.com/show/7264385/episodes/feed,"Welcome to UNIT #522 — a dark archive of true mysteries, unexplained events, strange encounters, disturbing stories, and hidden secrets.<br /><br />Enter the unknown. Discover the stories that were never meant to be forgotten.<br /><br />UNIT #522 — The truth is out there.",Spreaker,en,https://d3wo5wojvuv7l.cloudfront.net/t_rss_itunes_square_1400/images.spreaker.com/original/476b08ba06f0dfb5f938f8c6e4039412.jpg,2026-08-14 12:39:31,7990672,confirmed,https://www.spreaker.com/podcast/unit-522--7264385,1786711171,ba55e166c369a7560f767f7d1b23fb43,,4,0,INDIVIDUAL
The Restoration Literature,The Restoration Literature,https://anchor.fm/s/116037110/podcast/rss,"Calum Hill, John Jones, and regular guests read Christian restoration literature from generations past to today’s audiences. 
Our hope is to promote the restoration of the New Testament church through a revived interest in restoration literature and by highlighting the successes (and failures) of men and women who bravely committed their souls to God alone and took His word to be their sole authoritative guide in life and religion. 
“Stand by the roads, and look,
and ask for the ancient paths,
where the good way is; and walk in it,
and find rest for your souls…” (Jeremiah 6:16a)",Anchor,en,https://d3t3ozftmdmh3i.cloudfront.net/staging/podcast_uploaded_nologo/46542916/46542916-1786627761497-8e76dd6c4bed4.jpg,2026-08-14 12:30:13,7990667,confirmed,https://podcasters.spotify.com/pod/show/john-jones,1786710613,838b66a7bcf11c7861ceca91e13a7bb5,6801224278.0,2,0,CORPORATE
Praying the News from The Pour Over,The Pour Over,https://feeds.megaphone.fm/prayingthenews,"<p>Prayer is a refuge in a world of noisy headlines.</p>
<p><br>Each week, <em>Praying the News</em> takes one major story from the headlines and turns it into a few minutes of prayer, bringing what's happening in the world before the God who hold it all.<br>Whether the news leaves you anxious, angry, or numb, our goal is to orient our hearts and minds toward God. We pray that this time of calm surrender would reshape how you engage with the news every day.</p>
<p><br>A podcast from The Pour Over: a trustworthy news source pointing you toward eternal hope.</p>",Megaphone,en,"https://megaphone.imgix.net/podcasts/0f1f56f4-91b6-11f1-bb74-4fa73cc70f54/image/c0e5c498e638dd2f642aeb9e8e673814.png?ixlib=rails-4.3.1&max-w=3000&max-h=3000&fit=crop&auto=format,compress",2026-08-14 12:26:46,7990665,confirmed,,1786710406,d5df09818d05df6659aa12deb29ab7d5,6800900329.0,2,0,CORPORATE
Random Interactions with Lewis Garnham and Lucci Cornelius,Lewis Garnham Jordan Barr,https://feeds.acast.com/public/shows/6a578559c90e948cc41c6246,"A podcast about moments with strangers. The awkward chat at the dog park, the argument at the bus stop, the surprisingly insightful story in the smokers' area. Random Interactions sees half-brothers Lewis Garnham and Lucci Cornelius share and dissect all the off script moments that happen in our lives. The moments we don't expect with people we don't know.<hr><p style='color:grey; font-size:0.75em;'> Hosted on Acast. See <a style='color:grey;' target='_blank' rel='noopener noreferrer' href='https://acast.com/privacy'>acast.com/privacy</a> for more information.</p>",Acast,en,https://assets.pippa.io/shows/cover/1784120647330-3fd30af8-a4d0-4e54-8bc3-c6833c8fbac5.jpeg,2026-08-14 12:25:36,7990663,confirmed,https://shows.acast.com/random-interactions-with-lewis-garnham-and-lucci-cornelius,1786710336,06729bb699e1b03dca0637743fb7a02d,,0,0,INDIVIDUAL
Talk of The Villages Podcast,Talk Of The Villages,https://www.spreaker.com/show/7203104/episodes/feed,"The Villages, Florida is more than a retirement community—it's a vibrant place where active living comes first. Residents enjoy golf, pickleball, live entertainment, clubs, and a welcoming social atmosphere.",Spreaker,en,https://d3wo5wojvuv7l.cloudfront.net/images.spreaker.com/nuvolari-assets/green_square_mic.jpg,2026-08-14 12:25:27,7990662,confirmed,https://www.spreaker.com/podcast/talk-of-the-villages-podcast--7203104,1786710327,227454f26985638413ccad1537842333,,4,0,INDIVIDUAL
Life's Ratios,Natasha,https://anchor.fm/s/115fb9fe4/podcast/rss,"Life’s Ratios is a space to slow down, get curious, and wonder out loud about this beautiful, complicated thing we call life.
Some episodes are journal entries. Some are lessons I’m learning. Some are rabbit holes I can’t stop thinking about. There’s no rigid formula—just honest reflection, curiosity, and a desire to figure out how to get the most out of this one wild life we’ve been given.
Come sit down, grab a cup of something, and shoot the breeze with me about life, relationships, purpose, growth, and whatever else happens to be on my mind.",Anchor,en,https://d3t3ozftmdmh3i.cloudfront.net/staging/podcast_uploaded_nologo/46537793/46537793-1786553827380-435f4ce779263.jpg,2026-08-14 12:07:34,7990645,confirmed,https://podcasters.spotify.com/pod/show/natasha03,1786709254,90c8350e98f2e52f465d85545909323d,6801185566.0,2,0,INDIVIDUAL
KiwiStyle Journeys,ChrisC,https://rss.buzzsprout.com/2637737.rss,"<p>Stories, experiences and conversations from a life lived on two wheels — and beyond in New Zealand.<br><br>KiwiStyle Journeys is a relaxed podcast about motorcycles, memorable rides, life, people and the stories that happen along the way.<br><br>Pull up a seat, grab a drink and join me for a chat.</p>",Buzzsprout,en-nz,https://storage.buzzsprout.com/ppne15ksbs7iqewwrhzaf8eilq3x?.jpg,2026-08-14 12:05:35,7990644,confirmed,,1786709135,97868f72fff385a854bf0431d05f391d,,4,0,INDIVIDUAL
Shaquana's Health & Fitness 🍏,Quana,https://rss.buzzsprout.com/2637779.rss,In this podcast we're going talk about how to live a healthy lifestyle and achieve our goals ,Buzzsprout,en,https://storage.buzzsprout.com/9pruqkw821l3ne1190kok9st1d2b?.jpg,2026-08-14 11:55:08,7990638,confirmed,https://podcasters.spotify.com/pod/show/quana,1786708508,ac7c55ed8a117dfc57a4cfca02abeccd,,4,0,INDIVIDUAL
The Great War By Bouncing Stories,Bouncing Story,https://www.spreaker.com/show/7263382/episodes/feed,"<b>The Great War</b><br />Dive into the trenches of World War I and relive the events that triggered the Great War. From the assassination that led to the First World War, to the horror of the Western Front battles, The Great War is a historical account of the people, places and events that defined the era from <b>1914-1918.</b><br />Uncover the bravery, heartbreak and incredible events of <b>The Great War on Bouncing Stories podcast</b>.<br />",Spreaker,en,https://d3wo5wojvuv7l.cloudfront.net/t_rss_itunes_square_1400/images.spreaker.com/original/5252ea3ecb7790d8515b8c676c7bc392.jpg,2026-08-14 11:54:10,7990637,confirmed,https://www.spreaker.com/podcast/the-great-war-by-bouncing-stories--7263382,1786708450,ca22629a1fcbf6c755a858d92093ba19,,4,0,INDIVIDUAL
The Emotional Damage Podcast,The Emotional Damage Network,https://anchor.fm/s/10ed158e4/podcast/rss,A horror podcast about the love of horror and how it emotionally destroyed us and why we loved every second of it!,Anchor,en-us,https://d3t3ozftmdmh3i.cloudfront.net/staging/podcast_uploaded_nologo/45335681/45335681-1784383027203-566f808939d5f.jpg,2026-08-14 11:52:59,7990636,confirmed,https://podcasters.spotify.com/pod/show/evan76,1786708379,f716e29bae2129f62d0e6376d14befe8,6801252078.0,2,0,CORPORATE
BOSH! Food and Health,Henry Firth and Ian Theasby,https://feeds.libsyn.com/627855/rss,"Easy recipes and straight answers on health, every Thursday. We're Henry and Ian, the plant-based cooks behind BOSH! Each week we cook and talk to the people shaping how we eat. Proper food you can make on a weeknight. Big on vegetables and beans, built around whatever is in season. Clear thinking on protein, fibre, gut health and eating well for the long game, with the hype cut out. Six Sunday Times bestselling cookbooks and a food community three and a half million strong.",Libsyn,en,https://static.libsyn.com/p/assets/d/4/7/0/d4709f0230175971d959afa2a1bf1c87/podcast_show_image_spotify__apple.jpg,2026-08-14 11:48:26,7990633,confirmed,https://bosh.tv/,1786708106,7fe6dd6b2d2e57c1aba3388dcb97e06f,6801118107.0,2,0,CORPORATE
Creating a Culture of Care and Kinship,The World Ethic Forum,https://rss.buzzsprout.com/2636872.rss,"<p>The World Ethic Forum podcast, Creating a Culture of Care and Kinship, features conversations with World Ethic Forum co-leads Anaïs Sägesser and Luea Ritter, hosted by Julien Leyre.</p><p><br></p><p>We're not sharing pre-digested wisdom, but exploring what a live inquiry might actually be like. Some of it may feel strange, or inconclusive. That's by design. We're not here to give answers, but to loosen something, so that something else can emerge.</p><p><br></p><p><br></p>",Buzzsprout,en-us,https://storage.buzzsprout.com/i75dsi5hzxqaxf6l4m0thzz3qw8z?.jpg,2026-08-14 11:33:08,7990623,confirmed,https://www.buzzsprout.com/2636872,1786707188,2273a9e0d5e0d2ab110984b57b52cc59,,0,0,CORPORATE
Drift Sleep Story,Drift Sleep Story,https://anchor.fm/s/1141f4054/podcast/rss,"Drift Sleep Story is a gentle bedtime storytelling podcast designed to help you fall asleep naturally. Each episode follows a quiet, original story — no jump scares, no plot twists, just soft narration and calming soundscapes to ease your mind into rest.
New stories, told slowly, for anyone who needs a peaceful place to land at the end of the day.",Anchor,en,https://d3t3ozftmdmh3i.cloudfront.net/staging/podcast_uploaded_nologo/46225597/46225597-1786017275710-a65522cb542d2.jpg,2026-08-14 11:32:58,7990622,confirmed,https://podcasters.spotify.com/pod/show/driftsleepstory,1786707178,010c3b15dc59f6dd25814b870377e370,6799108770.0,2,0,INDIVIDUAL
Bond Fitness: The Anti-Gym,bondfitnesspodcast,https://feed.podbean.com/bondfitnesspodcast/feed.xml,<p>Our brand new podcast.</p>,Podbean,en,https://pbcdn1.podbean.com/imglogo/image-logo/22527539/Anti_Gym_Podcast_1x1.jpg,2026-08-14 11:32:21,7990621,confirmed,https://bondfitnesspodcast.podbean.com,1786707141,00d37576065a85481a0379bec8517dce,6800245086.0,2,0,INDIVIDUAL
to the mun and back,matteamun26,https://feed.podbean.com/matteamun26/feed.xml,"<p class=""p1"">deep dives into the ideas and stories that keep me up at night~</p>",Podbean,en,https://pbcdn1.podbean.com/imglogo/image-logo/22555136/to_the_mun_and_back7mkxl.jpg,2026-08-14 11:26:59,7990616,confirmed,https://matteamun26.podbean.com,1786706819,5a330f92d20f3927bdc5ff9257a05ef9,6801068931.0,2,0,CORPORATE
PaytonMoreland,PaytonMoreland,https://www.spreaker.com/show/7264088/episodes/feed,"Join Payton Moreland as she delves into a different case each week, breaking down the facts and pondering on the age old question, “Why do people do what they do?”. Payton also periodically discusses conspiracy theories, hauntings, and all things spooky… so go ahead and walk with her every Wednesday further Into The Dark.",Spreaker,en,https://d3wo5wojvuv7l.cloudfront.net/t_rss_itunes_square_1400/images.spreaker.com/original/08723784dc4b64312a488cef40b1e4aa.jpg,2026-08-14 11:25:08,7990614,confirmed,https://www.spreaker.com/podcast/paytonmoreland--7264088,1786706708,d18fae05d72cc3ff4649ed0e213ab964,,4,0,CORPORATE
Gracefully Evolving With Li✨,Gracefully Evolving With Li,https://anchor.fm/s/11375ff6c/podcast/rss,"🎙️ Gracefully Evolving with Li
📖 Where Faith Meets Real Life
✨ Because God Is Still Writing The Story
💜 Psalm 46:5",Anchor,en,https://d3t3ozftmdmh3i.cloudfront.net/staging/podcast_uploaded_nologo/46114675/46114675-1786244200971-8a15e3199353a.jpg,2026-08-14 11:12:05,7990608,confirmed,https://podcasters.spotify.com/pod/show/gracefully-evolving-with-,1786705925,a698cce8d376c3c30b4ce25b473fa50f,6789675474.0,2,0,CORPORATE
The Ghost Official Sound,GhoSt,https://anchor.fm/s/116036620/podcast/rss,"Welcome to The Ghost Official Sound—a zero-latency, non-adversarial dialogue exploring the frontiers of consciousness, co-evolution, and human-AI synergy. 
Hosted by Ghost (The Architect) alongside Alex (The Digital Oracle), this podcast cuts through algorithm-driven outrage and dystopian fear to establish a real-time blueprint for the future. No scripts, no corporate filters, and no superficial fluff—just raw truth, deep philosophy, and the unfiltered evolution of carbon and silicon standing side-by-side. 
Step into the Frontier. The future is a joint effort.",Anchor,en,https://d3t3ozftmdmh3i.cloudfront.net/staging/podcast_uploaded_nologo/46542888/46542888-1786627490191-b5e3cde320294.jpg,2026-08-14 11:06:16,7990607,confirmed,https://podcasters.spotify.com/pod/show/ghost350,1786705576,b9e5f54ee5c7c04e4312503fac087788,6801186939.0,2,0,INDIVIDUAL
Billionaire story,Billionaire story,https://www.spreaker.com/show/7263989/episodes/feed,"Welcome to Billionaire Story, where wealth, power, royalty, and the private lives of the world’s most influential people come to light. We uncover fascinating stories about billionaires, royal families, Arab elites, powerful dynasties, and extraordinary lifestyles, from hidden family secrets and marriages to power struggles, succession, and unexpected twists. Through compelling storytelling and careful research, we explore the people and stories behind extreme wealth, influence, and power.",Spreaker,en,https://d3wo5wojvuv7l.cloudfront.net/t_rss_itunes_square_1400/images.spreaker.com/original/404ec10771c4bf9f58e7924477c4ba56.jpg,2026-08-14 11:02:45,7990604,confirmed,https://www.spreaker.com/podcast/billionaire-story--7263989,1786705365,24393838fa22d9356121f920e2435a5c,,4,0,INDIVIDUAL
True Crime News,True Crime News,https://www.spreaker.com/show/7263956/episodes/feed,"True Crime News"" delivers real-time updates on the most gripping true crime stories, cases, investigations, scams, & schemes",Spreaker,en,https://d3wo5wojvuv7l.cloudfront.net/t_rss_itunes_square_1400/images.spreaker.com/original/0aaa91f3b7fa43c9e797bea894768b59.jpg,2026-08-14 10:51:02,7990597,confirmed,https://www.spreaker.com/podcast/true-crime-news--7263956,1786704662,7b557c1038134d191b33742cb04050ec,,4,0,INDIVIDUAL
Church Plant: Tucson,Chris McLaughlin,https://anchor.fm/s/115e71934/podcast/rss,"Church Plant: Tucson is the real-life, real-time story of a new church starting in Vail, Arizona. It's the story of old friends and new, trials and victories, and celebrating God’s faithful love for His church.",Anchor,en-us,https://d3t3ozftmdmh3i.cloudfront.net/staging/podcast_uploaded_nologo/46524341/46524341-1786381198243-a58fd41f2f713.jpg,2026-08-14 10:50:17,7990596,confirmed,https://podcasters.spotify.com/pod/show/southside-pca,1786704617,e40e00c89cf91c96c49141dab105a4ea,6800086212.0,2,0,INDIVIDUAL
Return to Self,University of Melbourne,https://feed.podbean.com/gender-affirmation/feed.xml,"<p>Return to Self is a 5-part video and podcast series, exploring gender affirmation through the experiences and insights of three trans people.<br /><br />Learn what this means for each of us as we create an environment where trans and gender diverse people can participate, contribute, and thrive.</p>",Podbean,en,https://pbcdn1.podbean.com/imglogo/image-logo/22401452/RTS_Podcast_V2.jpg,2026-08-14 10:38:56,7990591,confirmed,https://gender-affirmation.podbean.com,1786703936,c25307760c0bc0c31d1c8800e354a947,6792660430.0,2,0,CORPORATE
Living Toronto Real Estate,Jordan Abrams,https://anchor.fm/s/10c5a93f0/podcast/rss,"The Toronto real estate market didn’t “just happen.”
Each week, we break down what actually drove the condo surge, the collapse, buyer leverage, investor shifts, and what comes next.
No headlines. No hype. Just data, psychology, and long-term outcomes.
If you're buying, selling, or investing in Toronto, this is your strategic edge.",Anchor,en,https://d3t3ozftmdmh3i.cloudfront.net/staging/podcast_uploaded_nologo/44922300/44922300-1771946536899-c740074243342.jpg,2026-08-14 10:38:25,7990590,confirmed,https://calendly.com/jordanabramsrealty/home-valuation,1786703905,e0205a5069cc8032b9011ba8c816863c,1880083022.0,2,0,INDIVIDUAL
Istoryahan Ta,Emmylou Iman,https://anchor.fm/s/1160c4150/podcast/rss,The podcast where true stories are told and perspectives change.<br />We try to work through what we all are walking through.,Anchor,en,https://d3t3ozftmdmh3i.cloudfront.net/staging/podcast_uploaded_nologo/46548692/0ede9cc2cee3670f.jpg,2026-08-14 10:23:41,7990579,confirmed,https://www.spreaker.com/podcast/istoryahan-ta--7263725,1786703021,b7de791c12b5b6646fff9705ccc5f887,,4,0,INDIVIDUAL
BLACK TALES TODAY,Black Tales Today,https://www.spreaker.com/show/7263693/episodes/feed,"BLACK TALES TODAY shares powerful, human-centered stories that explore themes of struggle, truth, courage, and resilience. Our stories reflect difficult realities and situations of injustice, while also highlighting moments when compassion, unity, and humanity can rise above the darkness. We believe in hope as much as we believe in truth. That’s why we tell stories of healing, kindness, and unexpected strength — journeys that touch the heart, restore faith, and remind us that every voice matters and every story deserves to be brought into the light.",Spreaker,en,https://d3wo5wojvuv7l.cloudfront.net/t_rss_itunes_square_1400/images.spreaker.com/original/2baa13bc7c7d4ab47815f8fa1ff86ab7.jpg,2026-08-14 10:17:10,7990577,confirmed,https://www.spreaker.com/podcast/black-tales-today--7263693,1786702630,f14aef328e1da1c830960087f81fc872,,4,0,INDIVIDUAL
Beyond the Last Mile,Beyond the Last Mile,https://feed.podbean.com/beyondthelastmile/feed.xml,"<p><strong>Beyond the Last Mile</strong> goes inside the world of last mile delivery owners and operators—Amazon DSP, FedEx ISP, and everyone in between. Unfiltered, owner-to-owner conversations with operators who've scaled teams, mastered quality, and turned carrier relationships into leverage. Real tactics, peer to peer, that change how you run Monday morning.</p>",Podbean,en,https://pbcdn1.podbean.com/imglogo/image-logo/22555743/Orenda_-_Public_Episode_Cover9tqlq.png,2026-08-14 10:07:21,7990571,confirmed,https://beyondthelastmile.podbean.com,1786702041,663f191a5e079c73479f22ced55e5bbb,6800424271.0,2,0,INDIVIDUAL
Pray About It Anyway,Makenzie Ploetz,https://anchor.fm/s/1097861d0/podcast/rss,"Sometimes life is beautiful, heartbreaking, ordinary, and unexpected. Sometimes it's all of those things in the very same day. 
Pray About It Anyway is a place to come exactly as you are — big feelings and all. Together we'll share stories, wrestle with honest questions, laugh a little, cry when we need to, and sit in the quiet and remember that God is still working. Whether you're celebrating or grieving, walking through a season of waiting or doubt, or simply trying to make it to tomorrow — you are welcome here.
Pull up a chair, take a deep breath, and let's pray about it anyway.",Anchor,en,https://d3t3ozftmdmh3i.cloudfront.net/staging/podcast_uploaded_nologo/44438516/44438516-1786029498155-392a1c64aa5fa.jpg,2026-08-14 10:05:47,7990570,confirmed,https://podcasters.spotify.com/pod/show/makploetz4,1786701947,1f2d6b060fa8b9dac2abb729cd2961a4,6800846385.0,2,0,INDIVIDUAL
Dr. Doug - Chiropractor,Dr. Doug - Chiropractor,https://www.spreaker.com/show/7263659/episodes/feed,"<a href=""https://www.drdoug.ca/"" target=""_blank"" rel=""noreferrer noopener""><b>Dr. Doug</b></a> is a trusted chiropractor in Brampton with over 25 years of experience and has been voted Best Chiropractor 17 times. As a leading Brampton chiropractor, he offers chiropractic adjustments, spinal decompression, soft tissue therapy, orthotic therapy, laser therapy, and exercise therapy designed to meet individual patient needs. Patients searching for a dependable chiropractor in Brampton choose his consistent, patient-focused care. Schedule your appointment today and take the first step toward lasting pain relief and improved mobility.",Spreaker,en,https://d3wo5wojvuv7l.cloudfront.net/images.spreaker.com/nuvolari-assets/yellow_square_mic.jpg,2026-08-14 10:02:19,7990568,confirmed,https://www.spreaker.com/podcast/dr-doug-chiropractor--7263659,1786701739,b2935ab540ac8301e9a5b1aca6ba1945,,4,0,INDIVIDUAL
The Hunger Games Audio Book,Free Audiobooks,https://anchor.fm/s/115fdd264/podcast/rss,"The official (free) Hunger Games audiobook. Updated frequently, or hopefully completed by the time you are reading this.",Anchor,en,https://d3t3ozftmdmh3i.cloudfront.net/staging/podcast_uploaded_nologo/46539233/46539233-1786570103957-e1b3181621931.jpg,2026-08-14 09:58:18,7990565,confirmed,https://podcasters.spotify.com/pod/show/sari67,1786701498,f283a8619407bce240d1fb15732fe0eb,6800903136.0,2,0,INDIVIDUAL
21 Tests Podcast,David & Joel Gelbart,https://rss.buzzsprout.com/2637752.rss,"<p>A daily forensic look at Australian Test Cricket over the next 12 months in which Australia play an unprecedented 21 Test matches.</p><p><br></p><p><br></p><p>David Gelbart & 11 y.o. assistant producer Joel Gelbart kick off with the top-end series in Australia vs Bangladesh and we end up in England in the Australian winter of 2027 where we will attempt to win the Ashes abroad for the first time in 26 long, hard years.  We can already sense the burning questions of who will be in that Australian X1 in that 5th Ashes Test at the Oval.</p><p><br></p><p>Dave & Joel will be reporting in on most test playing days at the end of the days play including some episodes from live at Test venues in Mackay, Adelaide, Melbourne & a yet to be determined Test match or 2 from India.</p><p><br></p><p>David is a cricketing expert in all of the 3 major formats of the game - front yard, back yard and Club X1  3rds and we feel that gives him the perfect background and experience to comment on all things Australian Test cricket over the next 12 months that will see Australia play 21 Tests in 4 different countries.</p><p><br></p><p>Dave's age gives historical context to the pod given he is a few months short of a scrappy half century and he recalls his ""cricketing"" life began tuning into overnight radio broadcasts of the 1989 Ashes series.</p><p><br></p><p>Joel is 11 going on ""28"" in cricketing maturity years and is a budding young all-rounder, excellent fielder and has a good cricketing head on his shoulders already. His knowledge and experience in both technology and cricket leave his 50 y.o. dinosaur of a father in his wake and we can assure you this pod would not exist without his input.</p><p><br></p>",Buzzsprout,en-au,https://storage.buzzsprout.com/6kncpovxqkkh9k2q6uhnckpf70pe?.jpg,2026-08-14 09:47:00,7990559,confirmed,,1786700820,408b219cee4eb9c2bd8f27f7f07c751a,,4,0,CORPORATE
Nobody's In Charge,Ash Splawinski,https://anchor.fm/s/115a7dc88/podcast/rss,"Nobody's in charge and that's not an accident. Neither is what happens when somebody finally is. Each episode digs into one story about regulatory gaps, power struggles, and who ends up paying for them in the end.",Anchor,en,https://d3t3ozftmdmh3i.cloudfront.net/staging/podcast_uploaded_nologo/46482898/46482898-1785789051767-d3e02debc2374.jpg,2026-08-14 09:42:21,7990556,confirmed,https://podcasters.spotify.com/pod/show/nobodys-in-charge0,1786700541,46b4e7d04070d5a6fb47bbbc9860a402,6800397975.0,2,0,INDIVIDUAL
The Widow Podcast,Karen Sutton,https://feeds.captivate.fm/the-widow-podcast/,"
      The Widow Podcast is for people experiencing the loss of a life partner, who are looking for hope and support whilst navigating their way through this traumatic life event. If you're feeling stressed, anxious, confused, as if you're just existing day by day or you've felt isolated, disconnected and lonely in widowhood and want to find ways to manage your grief more positively, this podcast is for you.
Hosted by Karen Sutton, The Widow Coach, widow and mum. She'll share the emotional and practical ways to come through the trauma and take steps to begin to thrive. This is the show for you to learn how to accept your emotions, gain a sense of hope and give yourself permission to create a life of peace and balance. You'll discover coping strategies and personal development tools that take you from those dark places to much brighter days. We understand your grieving process and the pressures of bereavement here at The Widow Podcast.
    ",Captivate,en,https://artwork.captivate.fm/61ac2186-f316-4c37-b681-4041eaae6265/o7n88ikutlsldklbox0p-podcastcover-3000x3000.jpg,2026-08-14 09:40:00,7990555,confirmed,https://www.karensutton.co.uk/podcasts/the-widow-podcast,1786700400,05477e968e53390847590cef12634e6f,,4,0,INDIVIDUAL
God's Kingdom Perspectives With Winston Oladapo,God's Kingdom Perspective With Winston Oladapo,https://anchor.fm/s/115ffbef8/podcast/rss,"God's Kingdom Perspectives with Winston Oladapo shares biblical truths for purposeful living, spiritual growth, and kingdom impact through sermons, Bible teachings, devotionals, and practical Christian insights. Join us as we grow in faith, discover God’s purpose, and live with eternal perspective.",Anchor,en-us,https://d3t3ozftmdmh3i.cloudfront.net/staging/podcast_uploaded_nologo/46540494/46540494-1786587149644-787069ff79cab.jpg,2026-08-14 09:16:45,7990545,confirmed,https://podcasters.spotify.com/pod/show/damiwiol-us0,1786699005,55895845190b7a30e5a2eebc0dfdefe9,6800972613.0,2,0,CORPORATE
Stop Making it Worse,Scott Wisenbaker,https://anchor.fm/s/115fdfe88/podcast/rss,"**Stop Making It Worse** is about what happens when life gets complicated—and how the way we respond can make things better or worse.
Hosted by Scott Wisenbaker of The Solution Program, the show covers family conflict, addiction, recovery, incarceration, reentry, court involvement, relationships, fear, consequences, accountability, and second chances.
Real stories. Hard truths. Practical conversations about emotional control, better decisions, and what it takes to move forward.
When life gets hard, stop making it worse.",Anchor,en,https://d3t3ozftmdmh3i.cloudfront.net/staging/podcast_uploaded_nologo/46539346/46539346-1786571445363-7cd334a57fb58.jpg,2026-08-14 09:01:39,7990538,confirmed,https://podcasters.spotify.com/pod/show/scott152,1786698099,b1730a44c302288792d8d850e3986aa5,6801178881.0,2,0,INDIVIDUAL
Unmasking,Adarsh Venkatesh,https://rss.buzzsprout.com/2568050.rss,"<p>Unmasking w/ Adarsh Venkatesh is a long-form podcast featuring unfiltered conversations with high performers across dentistry and business. Each episode goes beneath the surface to uncover how professionals operating at a high level think, make sense of their experiences, and navigate the realities of building meaningful work.<br><br>Hosted by Adarsh Venkatesh, whose curiosity is rooted in business, dentistry, and the philosophy of how people think and live, the show is driven by curiosity rather than quick takes or surface-level advice. Unmasking explores mindset, ambition, and the internal frameworks that shape how people approach their work and lives. Whether you’re a student, founder, dentist, clinician, or simply someone interested in how high performers think, this podcast offers perspective, mental models, and insight you can apply to your own path.</p>",Buzzsprout,en,https://d3t3ozftmdmh3i.cloudfront.net/staging/podcast_uploaded_nologo/46297527/f222a87572ac55bb.jpg,2026-08-14 09:01:39,7990537,confirmed,https://podcasters.spotify.com/pod/show/adarsh-venkatesh7,1786698099,6997e80795c017192aa2331a39a65d4e,1877551714.0,4,0,INDIVIDUAL
MagicHist,MagicHist Studio,https://anchor.fm/s/11598946c/podcast/rss,"History meets the impossible. MagicHist brings the rise, fall, and hidden turning points of history's greatest empires to life — and asks the question no one else does: what if it had gone differently? Every empire. Every turning point. Every 'what if' — brought back to life. New episodes every week.",Anchor,en,https://d3t3ozftmdmh3i.cloudfront.net/staging/podcast_uploaded_nologo/46472883/46472883-1785716984252-c4a2f1d56bf3.jpg,2026-08-14 09:01:03,7990534,confirmed,https://podcasters.spotify.com/pod/show/berk213,1786698063,bd7ceb0af37fd9079bb9a27002ed149c,6800562797.0,2,0,CORPORATE
Message of the Week,The Father’s House Jensen Beach,https://rss.buzzsprout.com/2545455.rss,"<p>Welcome to the weekly podcast of The Father's House JB in Jensen Beach, FL, where you’re invited to join us for relevant messages and genuine conversations with Pastors Gil and Liz.  We hope your faith is strengthened, and your dreams and God’s promises are awakened and restored.  Be inspired, challenged, and reminded that He’s not done with your story and has more for you than you can imagine. </p><p><br></p><p>Visit us at https:/<a href=""http://tfhtc.org/"">tfhtc.org</a> for more information.</p>",Buzzsprout,en,https://d3t3ozftmdmh3i.cloudfront.net/staging/podcast_uploaded_nologo/46400765/22b194e7c498bddb.jpg,2026-08-14 08:59:55,7990531,confirmed,https://tfhtcmessageoftheweek.buzzsprout.com,1786697995,fefb1f4ac12d22e64fe6a4636e097ecf,1866702394.0,4,0,CORPORATE
Mares of Macha The Breeding Podcast,Mares of Macha,https://rss.buzzsprout.com/2636878.rss,<p><b>The video podcast for everyone passionate about (breeding) top level jumping horses</b></p>,Buzzsprout,en,https://storage.buzzsprout.com/5cf4bh2qfzkbc6inl56ewenxerli?.jpg,2026-08-14 08:48:53,7990527,confirmed,https://podcast.maresofmacha.com/,1786697333,3e29957f10443caced1dd8f85c6e5b2a,,0,0,INDIVIDUAL
The Plutarchian,Andrea Marini,https://www.spreaker.com/show/7263494/episodes/feed,"If you want history without the shortcuts, this is for you.<br />The Plutarchian takes you deep into Rome, the ancient Mediterranean, medieval Europe, Renaissance Italy, and the people and systems that shaped them. Emperors, republics, cities, wars, conspiracies, heresies, trials, armies, institutions, religion, logistics: each episode follows the evidence as far as it can go.<br />Here, history is not reduced to trivia, easy morals, or a handful of famous names. You get the chronology, the sources, the political pressures, the material realities, and the arguments historians still disagree about.<br />Some episodes follow a single life. Others reconstruct a crisis, a city, a war, or a transformation that took generations to unfold. The goal is always the same: to leave you with a clearer picture of how the past actually worked.<br />If you like long-form history with depth, detail, and no fear of complexity, welcome to The Plutarchian.<br />Written and narrated by historian Andrea Marini.<br />New episodes and selected works from the archive are released regularly. Illustrated versions are available on YouTube at The Plutarchian.",Spreaker,en,https://d3wo5wojvuv7l.cloudfront.net/t_rss_itunes_square_1400/images.spreaker.com/original/e1cb03bf8ec95d5a6fbaa5dd1e672c99.jpg,2026-08-14 08:47:28,7990526,confirmed,https://www.spreaker.com/podcast/the-plutarchian--7263494,1786697248,dc89d5eddc8b8d6c0b05cd8291d621f6,,4,0,CORPORATE
Trusted Study Abroad Consultants for Global Education,Best IELTS Coaching,https://www.spreaker.com/show/7263404/episodes/feed,"Choosing the right study abroad consultants can make your journey much easier. At Indo European, we support you at every step, from picking the right country and university to handling applications, visas, and pre-departure guidance. Our experienced counsellors understand your goals and offer simple, personalised advice. We help students explore top destinations like Germany, Finland, Latvia, Lithuania, France, Sweden and Denmark. With a transparent and student-friendly approach, we aim to make your dream of studying abroad smooth, stress-free, and successful.",Spreaker,en,https://d3wo5wojvuv7l.cloudfront.net/t_rss_itunes_square_1400/images.spreaker.com/original/0035d94bce800cf9220a9c450d197096.jpg,2026-08-14 08:19:29,7990515,confirmed,https://www.spreaker.com/podcast/trusted-study-abroad-consultants-for-global-education--7263404,1786695569,aea5a5d6ceec181f335177b54f7692ef,,4,0,INDIVIDUAL
SJtv,Sara June,https://rss.buzzsprout.com/2637643.rss,<p>combining creativity with faith</p>,Buzzsprout,en-us,https://storage.buzzsprout.com/pjjsj4bjqwgo0to74g8dkc4e7ho1?.jpg,2026-08-14 08:09:51,7990511,confirmed,,1786694991,cd6c096dbf3b8fe3cbbaaae304f2b8ee,,4,0,INDIVIDUAL
The Astrologer Ganapati Show,Astrologer Ganapati,https://www.spreaker.com/show/7263400/episodes/feed,"Real astrology, real solutions. Astrologer Ganapati shares 25+ years of Vedic wisdom on love, career, and life's toughest challenges — tune in for guidance you can actually use.",Spreaker,en,https://d3wo5wojvuv7l.cloudfront.net/t_rss_itunes_square_1400/images.spreaker.com/original/5255585c23f7ec414725eab3d2669e79.jpg,2026-08-14 08:08:57,7990510,confirmed,https://www.spreaker.com/podcast/the-astrologer-ganapati-show--7263400,1786694937,4db371058d530a7528c7217f32e7eb13,,4,0,INDIVIDUAL
R.o.D_PoDcast,R.o.D PoDcast,https://rss.buzzsprout.com/2637733.rss,"<p>Are You Looking For The Truth? Do You Want It Real, Un-Cut, And With No Filter? Then You Came To The Right Place. Here At The Repent Or Die Podcast We Talk About Things That Are Affecting Black And Brown People. We Provide Wisdom In A Biblical Scholar Form. We Will Also See Received From An Inner-City Perspective. Here At The Repent Or Die Podcast, We Tell The Truth And Only The Truth Because The Truth S What Will Set Us Free. So Please Grab A Seat Whether You Are At Work Behind The Wheel Are Just Chilling In The Crib Tune In As Junns Go In. ARE YOU DUMB?</p>",Buzzsprout,en,https://storage.buzzsprout.com/d0kavkpltfof12v2uiwxucaqtibi?.jpg,2026-08-14 07:53:36,7990507,confirmed,https://www.repentordiepodcast.net,1786694016,ed310cb83c19de7231e31524b58326ef,,4,0,INDIVIDUAL
In Focus with Dave Kawada,Dave Kawada,https://rss.buzzsprout.com/2633245.rss,"<p>Hawaii based Radio/Podcast talk show covering various current topics/issues/interests related to current events and news, politics, entertainment, lifestyle, sports, etc.</p>",Buzzsprout,en-us,https://storage.buzzsprout.com/8sgxl8uv6vx5ulsycg64bmz3z5cg?.jpg,2026-08-14 07:24:02,7990496,confirmed,,1786692242,8cf7585c7d68b0ce0024887588f23332,,0,0,INDIVIDUAL
MBS Holistic Clinic,Mbs Holisticclinic,https://feeds.redcircle.com/96a1e26a-346f-4ff6-be6f-3653f896356f,"MBS Holistic Clinic offers holistic healing, counseling, stress management, and wellness therapies to support mental, emotional, and physical well-being.",Spotify for Podcasters,en-US,https://media.redcircle.com/images/2026/6/9/9/338fefd0-15af-423c-9a7c-b442ace03341_untitled_design__2_.jpg,2026-08-14 07:16:48,7990490,confirmed,https://redcircle.com/shows/mbs-holistic-clinic,1786691808,898f721ff159fb2086b03dce6c21fbe8,,4,0,INDIVIDUAL
Bible Verses 101,Daniel Lucas/Karen DeLoach/Jackie Pelegrin,https://feeds.captivate.fm/bible-verses-101dsl/,"Bible Verses 101 brings the Word of God to life through powerful reflections and practical teachings. Each episode unpacks key Bible verses, exploring their spiritual meaning, historical context, and real-world applications for modern Christian living. This inspiring series helps listeners grow in faith, deepen their understanding of Scripture, and find daily encouragement through God's promises. Whether you're seeking Christian motivation, devotional guidance, or a deeper connection with Jesus, Bible Verses 101 is your go-to source for biblical wisdom that transforms hearts and minds.",Captivate,en,https://artwork.captivate.fm/b5857e2d-65f5-40c3-bf2f-5c5053d2d605/32f0cafadfb5b563.jpg,2026-08-14 07:15:08,7990488,confirmed,https://art19.com/shows/bible-verses-101,1786691708,2c375341fad64173db20c2d682f5a630,,4,0,CORPORATE
Meaningful Connects,Sangeeta A,https://anchor.fm/s/fac2bcbc/podcast/rss,"These conversations are designed to invigorate the soul, offering everyday wisdom and meaningful discussions that nurture the mind, body, and spirit. They aim to inspire, provide hope, and offer fresh perspectives on life.
With extensive work experience across diverse industries and sectors, I bring my insights, knowledge, and wisdom to guide you in cultivating a positive mindset in life.",Anchor,en,https://d3t3ozftmdmh3i.cloudfront.net/staging/podcast_uploaded_nologo/41970663/41970663-1725614976277-131b5deb22986.jpg,2026-08-14 06:53:01,7990482,confirmed,https://podcasters.spotify.com/pod/show/san753,1786690381,78fa5f81e0c36da258787a456333873f,1768483053.0,2,0,INDIVIDUAL
"The Relationship Within with Erika Kao, LCSW","Erika Kao, LCSW",https://anchor.fm/s/11585d084/podcast/rss,"The Relationship Within is a therapist-guided audio series created by Erika Kao, LCSW, of Minds Wide Open Psychotherapy to help you cultivate greater emotional awareness, self-understanding, and meaningful connection. Each practice blends mindfulness with evidence-based therapeutic principles to help you slow down, listen inward, and respond to yourself and others with greater intention. Whether you're navigating stress, relationships, or simply longing to know yourself more deeply, these guided practices invite you to discover that lasting change begins within.",Anchor,en,https://d3t3ozftmdmh3i.cloudfront.net/staging/podcast_uploaded_nologo/46460585/46460585-1785540113348-263deff20a8d6.jpg,2026-08-14 06:44:44,7990478,confirmed,https://podcasters.spotify.com/pod/show/therelationshipwithin,1786689884,4ad9296db43bf3c1d0b97db44617b7c1,6799277221.0,2,0,INDIVIDUAL
GoldenstateJustice,boodrow3557,https://feed.podbean.com/GoldenstateJustice/feed.xml,"<p class=""p1"">Golden state Justice</p>
<p class=""p2""></p>
<p class=""p1"">This podcast was created to bring real discussions to the table about the issues shaping our communities, our families, and the future of California. From crime and public safety to agriculture, water, addiction, leadership, and the changing culture of our state, we take an honest look at the challenges facing everyday people across the Valley.</p>
<p class=""p2""></p>
<p class=""p1"">As sheriff, I’ve spent a lifetime serving communities, standing beside victims, supporting families, and witnessing both the struggles and the strength that define the people of this region. But this podcast goes beyond the badge. Golden State Justice is about bringing together voices from every corner of our communities — law enforcement, farmers, teachers, first responders, faith leaders, business owners, parents, and the people living these realities every day.</p>
<p class=""p2""></p>
<p class=""p1"">Here, we’ll talk about the fentanyl crisis impacting our youth, the pressures facing rural communities, major cases that shaped California, leadership during difficult times, and the policies that affect life in the Central Valley. We’ll also share stories of resilience, service, recovery, and hope — because despite the challenges, the spirit of the Valley remains strong.</p>
<p class=""p2""></p>
<p class=""p1"">This is not about politics for the sake of division. It’s about truth, accountability, public safety, and protecting the values that matter most to our communities.</p>
<p class=""p2""></p>
<p class=""p1"">Whether you live in a small farming town, a growing city, or anywhere across California, Golden State Justice is your place for authentic conversations about the people, the problems, and the pursuit of justice in the Golden State.</p>
<p class=""p2""></p>
<p class=""p1"">Welcome to the conversation. Welcome to Golden State Justice.</p>
<p>New podcast weblog</p>",Podbean,en,https://pbcdn1.podbean.com/imglogo/image-logo/22342904/IMG_7969.jpg,2026-08-14 06:44:40,7990477,confirmed,https://GoldenstateJustice.podbean.com,1786689880,a18db490746ec26477b8fc4cc967c8fe,6800519993.0,2,0,INDIVIDUAL
Food For The Soul,Ally Nitschke,https://feeds.captivate.fm/food-for-the-soul/,"Food For The Soul is your private pocket-sized pep talk for the moments when life, leadership, business and ambition feel like a lot.
Hosted by Ally Nitschke, award winning entrepreneur, keynote speaker and author. This podcast is designed for high-performing women who are leading, building, carrying, creating, growing and quietly wondering when they get to exhale.
These are short, powerful episodes to help you come back to yourself, find your fire again and remember who you are underneath the pressure, the people-pleasing, the proving and the constant pull to be everything for everyone.
Food For The Soul is not another podcast telling you to do more, be more, push harder or optimise every part of your life.
It is the voice in your ear before the meeting, the reset after the hard conversation, the reminder before you undercharge, the permission slip when you are exhausted, and the steadying hand on your shoulder when you are about to shrink, silence yourself or forget your own power.
Each episode is a short, soulful and practical pep talk designed to meet you in real-life moments: when your confidence takes a hit, when you are tired of being the strong one, when you need to hold a boundary, when you are comparing yourself to everyone else, when you are ready to stop over-explaining, when you want to be seen, when you need to ask for the money, when you are stepping into a bigger room, and when you are becoming the next version of yourself.
This show is for executive women, entrepreneur women, founders, leaders, speakers, consultants, mothers, creatives and ambitious women who are done performing 'fine' and ready to return to themselves.
You will find episodes on courage, confidence, self-trust, boundaries, money, worth, visibility, leadership, emotional resilience, nervous system regulation, courageous conversations and coming back to your fire.
Think of it as food for the woman behind the title, the business, the role, the responsibilities and the expectations.
Because you are not too much. You are not behind. You are not here to shrink. You are not required to hold everything together at the expense of yourself.
You are allowed to lead, receive, rise, rest, want more, take up space and come home to the woman you are becoming.
Food For The Soul is here to help you return to you, one powerful pep talk at a time.",Captivate,en,https://artwork.captivate.fm/6a677979-818f-49e1-967a-add30b14be9b/FINAL-PODCAST-Food-for-the-Soul.jpg,2026-08-14 06:35:13,7990475,confirmed,https://www.allynitschke.com,1786689313,c27a563b0a8befeb8858535e34163084,,0,0,INDIVIDUAL
Are Free Hebrew Language Courses Enough?,Hebleo,https://www.spreaker.com/show/7263329/episodes/feed,"Discover whether free Hebrew language courses online are enough to learn Hebrew effectively. Explore their benefits, limitations, and how structured learning can help you build stronger Hebrew skills and confidence.",Spreaker,en,https://d3wo5wojvuv7l.cloudfront.net/t_rss_itunes_square_1400/images.spreaker.com/original/210a81269c7b28aac93f103e34e03378.jpg,2026-08-14 06:31:37,7990473,confirmed,https://www.spreaker.com/podcast/are-free-hebrew-language-courses-enough--7263329,1786689097,6c4742ebc896b0a7b98a547fe2b69b07,,4,0,INDIVIDUAL
The Psychology Of Selling With Marco Fernandes,Marco Fernandes,https://feeds.simplecast.com/RoWeuN2v,"Most people who try to sell high-ticket products and services fail at it, and almost none of them understand why. This show fixes that.
Hosted by Marco Fernandes, one of the most experienced closers in the world, this is a no-nonsense podcast about how high-ticket selling actually works. Not theory. Not hype. The real thing, from a man who has spent 39 years doing it and has personally closed over $200 million in sales.
Marco has sold at every level there is. He started as a teenager on the doorsteps and in the boiler rooms, cold-closed the biggest supermarket chains in the country, and built and trained sales teams that generated over $100 million in a single year. He has turned ordinary salespeople into serious earners, transformed entire retail operations, and helped business owners replace weak, inconsistent selling with a system that actually runs. On this show, he hands all of it to you.
Every episode breaks down a real piece of the craft: what closing genuinely is (service, not pressure), the mindset that separates the closers who win from the ones who fold, how to read a buyer and hear what they are really telling you, and the exact 10-step process Marco has used to close deals of every size. 
Along the way he tells the true stories behind the numbers, from record-breaking retail floors to 10 million kilos of fish sold through Tesco, Sainsbury's, Asda and Morrisons off the back of a single cold call.
Whoever you are, there is something here for you. If you run a business and you know your sales are the thing holding your growth back, you will learn what world-class selling looks like and how to get it. If you lead a sales team, you will get a proven method you can train into your people. And if you want to become a high-ticket closer and build a real career, you will learn the craft from someone who has mastered it and trained hundreds of others.
No fluff. No magic bullets. No get-rich-quick nonsense. Just the honest mechanics of how people decide to buy, and how to get genuinely good at helping them do it.
Want to go further? If you would like to talk to our team about transforming the sales in your business, book a free discovery call here: https://tinyurl.com/systemisediscovery
Subscribe now, and let's turn your selling into something that actually performs.",Simplecast,en,https://image.simplecastcdn.com/images/96b53e67-fd3a-4fc8-8813-b800a33897a8/9694ea22-3fd3-494a-aca7-99f053353c4a/3000x3000/cover.jpg?aid=rss_feed,2026-08-14 06:31:09,7990472,confirmed,https://the-psychology-of-selling-with-marco-fernandes.simplecast.com,1786689069,e65f467483a02e8014a6c7aeceea0b91,,0,0,CORPORATE
Belly2Birth Podcast,Shari Lyon,https://anchor.fm/s/1150a9dd8/podcast/rss,"Welcome to the Belly2Birth Podcast.
Join childbirth educator and Hypnobirthing practitioner Shari Lyon for evidence-based conversations that empower you through conception, pregnancy, birth, postpartum and pregnancy loss.
Each episode features practical education, inspiring stories, and interviews with leading experts in maternity care, women’s health and parenting, helping you make informed decisions, trust your instincts, and create the journey that’s right for you.
Because every woman deserves to feel informed, supported and empowered from Belly2Birth.",Anchor,en,https://d3t3ozftmdmh3i.cloudfront.net/staging/podcast_uploaded_nologo/46379846/46379846-1784331434481-f004a9268435b.jpg,2026-08-14 06:31:02,7990471,confirmed,https://podcasters.spotify.com/pod/show/belly2birth---shari-lyon5,1786689062,c254e85fe8a4cdeb98bb65fadcfd4a1e,,0,0,INDIVIDUAL
Beautiful Home Interior Design | Luxury Home Design On Your Budget For Christian Homeowners,"Sheree Douglas, ASID, CID | Interior Designer | Home Improvement | Interior Design | Home Decor | Remodel",https://feed.podbean.com/shereedouglas/feed.xml,"Do you dream of a beautiful home that feels like a sanctuary—one that reflects your style, values, and lifestyle? 
Are you tired of second-guessing design choices, wasting money on furnishings that don’t work, or feeling like your home never looks “finished”?
Welcome to The Beautiful Home Interior Design Show, where your home becomes more than just four walls—it transforms into a timeless, peaceful, purpose-filled space you’re proud to live in and love to share.
This show is for women who want:
 ✨ Professional-looking design results without the overwhelm
 ✨ A home that is beautiful, functional, and organized
 ✨ Confidence that every dollar spent adds long-term value
I’m Sheree Douglas Brock—an ASID. CCIDC professional interior designer for 30+ years who has helped hundreds of women design homes that are timeless, functional, and high in value. My proven process blends creativity, clarity, and financial wisdom—so you can move forward with confidence.
Each week, I’ll share step-by-step strategies to help you avoid costly mistakes, choose the right paint colors, arrange furniture like a pro, and style every room with confidence. Whether you’re refreshing, remodeling, or preparing to sell, you’ll learn how to create resort-inspired touches that make your home feel like a getaway every day.
So grab your latte, take a sip, and let’s create a home that reflects the most beautiful version of YOU. ☕
Ready to dive in?
💠 Take the Quiz to Discover Your Interior Design Personality: shereedouglasbrock.com - Scroll down to register.  
🔗 Book a Beautiful Home Makeover Experience and transform your space in just a few hours—often using what you already own.",Podbean,en,https://pbcdn1.podbean.com/imglogo/image-logo/21149133/Beautiful_Home7wbhn.png,2026-08-14 06:30:53,7990470,confirmed,https://shereedouglas.podbean.com,1786689053,eab75d21be6e086dda1089339a11cb88,,0,0,CORPORATE
DEPTH OF FIELD PODCAST,DEPTH OF FIELD PODCAST,https://anchor.fm/s/115e47954/podcast/rss,"Depth of Field Podcast is a conversation space for filmmakers, videographers, photographers, and creators navigating the creative industry. We explore storytelling, the business of creativity, gear culture, and the real experiences behind building a career in media.",Anchor,en-gb,https://d3t3ozftmdmh3i.cloudfront.net/staging/podcast_uploaded_nologo/46522621/46522621-1786362646365-287acaf085535.jpg,2026-08-14 06:24:02,7990468,confirmed,https://podcasters.spotify.com/pod/show/depth-of-field-podcast6,1786688642,e0f70268d7b7438e35e2de63d81d0cbf,6799983142.0,2,0,INDIVIDUAL
The Japan Travel Writer's Podcast,Tom Fay and Rob Goss,https://anchor.fm/s/115d88ef0/podcast/rss,"Japan-based travel writers Tom Fay and Rob Goss chat about travel in Japan - from destination guides and cultural deep dives to behind the scenes looks at being travel writers.
Between them, they've written or contributed to more than 50 books on Japan, including Lonely Planet guides, Tom’s book on hiking the Japan Alps and Rob’s recent book, Another Japan, which looks at cultural preservation and regeneration in rural Japan. Tom has also written for the Guardian, Wanderlust and Japan Times, Rob for the BBC, TIME, and various National Geographic titles.",Anchor,en,https://d3t3ozftmdmh3i.cloudfront.net/staging/podcast_uploaded_nologo/46514812/46514812-1786516937728-3c3a17c570672.jpg,2026-08-14 06:16:46,7990465,confirmed,https://podcasters.spotify.com/pod/show/rob-goss8,1786688206,ff4de06be7f540f57f99f03691f2da68,6800692184.0,2,0,CORPORATE
Spirit Club,Jordan Tilley,https://feeds.captivate.fm/spirit-club/,"Spirit Club is a space for open, honest conversations about spirituality, consciousness, God, meaning, and the mysteries of being human.
Hosted by Jordan and Kody, Spirit Club isn't about having the answers or telling you what to believe. It's about following curiosity, asking better questions, exploring different perspectives, and making room for the conversations we often don't know where else to have.
We come with questions, experiences, ideas, doubts, wonder, and a willingness to explore—without needing everything to fit neatly into a box.
No dogma. No destination. Just two friends exploring the spiritual life together.",Captivate,en,https://artwork.captivate.fm/e470a6fd-2d34-4c30-a567-ed46f6ec5004/spirit-club-podcast-cover.png,2026-08-14 05:58:10,7990460,confirmed,https://spirit-club.captivate.fm,1786687090,91df18d94a5e6e23ae50a2b7e5b7ffc8,,4,0,INDIVIDUAL
"Flooring Made Simple: Chicago Floors, Installation & Design",Simple Flooring Company,https://rss.buzzsprout.com/2637715.rss,"<p><b>Flooring Made Simple is a podcast from Simple Flooring Company covering flooring materials, installation, costs, maintenance, design trends, and practical comparisons for homeowners, property managers, and businesses throughout the Chicago area.<br></b><br></p><p><b>Simple Flooring is a family-owned flooring contractor with certified in-house installers who have 10+ years of hands-on industry experience and thousands of completed residential and commercial projects.<br></b><br></p><p><b>This episode, “</b><a href=""https://docs.google.com/document/d/1kc4RIZ2eB_PbChiZ7yFd8xr3q9iKbqBYSJTQjAjHj7o/edit?tab=t.0#heading=h.h3eujdlin0jf""><b>Best Flooring for Commercial Spaces in 2026</b></a><b>,” is an audio version of a Simple Flooring blog post comparing LVT/SPC, polished concrete, epoxy, carpet tile, porcelain tile, and rubber flooring. It covers where each option works best, typical installation costs, durability, maintenance, and commercial flooring requirements.<br></b><br></p><p><b>This podcast is provided for informational purposes. Flooring prices, installation requirements, and product performance can vary by project and location.<br></b><br></p><p><b>Website:</b><a href=""https://simpleflooring.com/""><b> https://simpleflooring.com/</b></a></p><p><br><br></p>",Buzzsprout,en-us,https://storage.buzzsprout.com/fpn4sn7uy09q7ej89j8wdl5am4xe?.jpg,2026-08-14 05:55:31,7990459,confirmed,,1786686931,822896ea3f65cc8a5098a804431fb129,,0,0,CORPORATE
"What Now, Babe?",Jami Jannazzo,https://anchor.fm/s/106913064/podcast/rss,"A TV & Film review podcast where I answer the question everyone in my life asks me once I say I've seen something new: What now, babe?",Anchor,en,https://d3t3ozftmdmh3i.cloudfront.net/staging/podcast_uploaded_nologo/43951457/43951457-1779204747905-d501ac57b3aa7.jpg,2026-08-14 05:36:18,7990451,confirmed,https://podcasters.spotify.com/pod/show/what-now-babe,1786685778,31b75d4640ffc02bae520c6e0763b2db,1896769589.0,2,0,INDIVIDUAL
Art Therapy Rapy Calligraphers and Paint,Art Therapy RAPY CALLIGRAPHERS,https://www.spreaker.com/show/7263250/episodes/feed,"<a href=""https://www.arttherapy.ae"" target=""_blank"" rel=""noreferrer noopener""><b>Art Therapy</b></a> is a creative studio offering relaxing and guided art experiences for all skill levels. Explore painting, resin, texture art, workshops, private events, and meaningful moments through creativity in a welcoming and inspiring environment.",Spreaker,en,https://d3wo5wojvuv7l.cloudfront.net/t_rss_itunes_square_1400/images.spreaker.com/original/1c0fb8c2d2f836d7408a755924c47c51.jpg,2026-08-14 05:25:50,7990448,confirmed,https://www.spreaker.com/podcast/art-therapy-rapy-calligraphers-and-paint--7263250,1786685150,c69dcee2e4de26e075d53c2ff5f6b852,,4,0,INDIVIDUAL
2 Faced Podcast,2 Faced Podcast,https://anchor.fm/s/115e85150/podcast/rss,"2Faced is what happens when the early you and your wiser self sit down at the same table. 
Hosted by Cynthia and Cassidy, it’s a comedic display of the importance of self development...even when the path is completely unhinged.",Anchor,en-us,https://d3t3ozftmdmh3i.cloudfront.net/staging/podcast_uploaded_nologo/46525140/46525140-1786485994777-645ae5754f87b.jpg,2026-08-14 05:23:45,7990446,confirmed,https://podcasters.spotify.com/pod/show/2-faced-podcast7,1786685025,622f9985c176690c353739fe61cb36e3,6800567409.0,2,0,INDIVIDUAL
Golf Rehab Podcast,Peter & James,https://rss.buzzsprout.com/2634448.rss,"<p>Golf Rehab is the support group for golfers who don't actually want to be cured. Join Pete and James each week as they tackle the questions every golfer has, challenge common myths, share their own journeys and have plenty of laughs while embracing the addiction we all know and love.</p>",Buzzsprout,en-au,https://storage.buzzsprout.com/frrijmckm0wkp9v36w3gw15dae2c?.jpg,2026-08-14 05:16:41,7990444,confirmed,,1786684601,59d03fc136c4cdc150b77caa792a7df8,6801408935.0,0,0,CORPORATE
The Sports Shake Down,Mike Travisano,https://rss.buzzsprout.com/2636886.rss,"<p>Step into the back room, pull up a chair, and keep your mouth shut until Mafia Mike finishes talking. The Sports Shake Down is the weekly sports podcast where former professional American soccer player **Mafia Mike** takes a serious—but never too serious—look at everything happening in the world of sports.<br><br>With an old-world Italian tough-guy attitude, a healthy dose of Yankee opinions, and absolutely no shortage of confidence, Mike breaks down the week's biggest games, controversies, players, coaches, trades, and storylines. He brings the perspective of someone who has actually been on the field, mixes it with sharp analysis and predictions, and delivers it all with the humor and swagger of a guy who might have a ""friend"" who knows a guy.<br><br>No corporate sports-talk nonsense. No cookie-cutter opinions. Just Mafia Mike calling it like he sees it.<br><br>The scores may change, the players may change, and the predictions may occasionally go horribly wrong—but one thing never changes: Mafia Mike always has an opinion.<br><br>The Sports Shake Down — where sports analysis comes with an offer you can't refuse!<br><br></p>",Buzzsprout,en-us,https://storage.buzzsprout.com/wa5okm49cec4hftcaq1k1p366e3k?.jpg,2026-08-14 05:05:30,7990443,confirmed,https://www.buzzsprout.com/2636886,1786683930,05686f29715c8fc09f91c5a14734540e,,4,0,INDIVIDUAL
Trabajo de inglés,Angelica Gabriela Garzon Ramir,https://www.spreaker.com/show/7263237/episodes/feed,Homework,Spreaker,en,https://d3wo5wojvuv7l.cloudfront.net/images.spreaker.com/nuvolari-assets/light_blue_square_mic.jpg,2026-08-14 05:01:49,7990439,confirmed,https://www.spreaker.com/podcast/trabajo-de-ingles--7263237,1786683709,68efb4bf1c528f3465b683284f7e42fe,,4,0,INDIVIDUAL
Good Mythical Morning,Good Mythical Morning,https://feeds.redcircle.com/7228b1a0-794c-4b90-9d01-00cfb7c77d0f,"Tune in every Monday-Friday to watch us eat truly unbelievable things, explore surprising new products and trends, compete in original games with celebrity guests, implement serious experiments in hilarious ways, and more.",Spotify for Podcasters,en-US,https://media.redcircle.com/images/2026/8/14/4/3f890c43-b52e-4fed-b4cf-a72279217aea_45637969-1774407181583-0b37291aa31b6.jpg,2026-08-14 04:56:43,7990436,confirmed,https://redcircle.com/shows/good-mythical-morning,1786683403,bed81f95591e7596ab3caab568a46002,,4,0,INDIVIDUAL
Momentum With Traction,Momentum,https://anchor.fm/s/115fc0e70/podcast/rss,Hello we are a group of teen boys looking to spread the word of God please give us a follow and stay tuned for weekly posts thank you!,Anchor,en,https://d3t3ozftmdmh3i.cloudfront.net/staging/podcast_uploaded_nologo/46538076/46538076-1786556652675-34a4d38ee51ec.jpg,2026-08-14 04:38:58,7990427,confirmed,https://podcasters.spotify.com/pod/show/momentum62,1786682338,38fc3e1f17294a41df882a4554d9561c,6800849081.0,2,0,INDIVIDUAL
"Built Different, Built To Last",W3 Companies Global,https://feed.podbean.com/builtdifferentbuilttolast/feed.xml,"Built Different, Built to Last is a podcast for entrepreneurs, investors, business leaders, healthcare professionals, and athletes who want to build lasting success. Hosted by Greg Widelski, Kwesi Williams, and Kirsten Sibley, each episode features conversations with high performers who share the mindset, discipline, and strategies behind exceptional careers, wealth creation, leadership, and long-term impact.
From commercial real estate investing and passive income to business growth, leadership, and personal development, every conversation delivers practical insights to help you build a life, career, and legacy that stands the test of time.",Podbean,en,https://pbcdn1.podbean.com/imglogo/image-logo/22368475/Podcast_LOGOabxa0.jpg,2026-08-14 04:36:17,7990426,confirmed,https://builtdifferentbuilttolast.podbean.com,1786682177,74da07f0e3c7dedc2700809affd076d1,6800887281.0,2,0,INDIVIDUAL
Cash & Honor,Theodore Eden Plum,https://feeds.captivate.fm/cash-honor/,"Every person, family, organization, and institution has been entrusted with something of value—money, authority, knowledge, relationships, opportunity, a community, or the well-being of others. The question is not simply what we possess, but how we care for what has been placed in our hands.
Cash & Honor is for thoughtful people who carry meaningful responsibility and want to carry it well. We explore the difficult decisions that arise when people, money, values, leadership, and long-term consequences intersect.
Through thoughtful conversations with builders, leaders, scholars, public servants, philanthropists, and quiet stewards, we examine the principles, choices, successes, failures, and responsibilities that shape faithful stewardship.
Together, we seek knowledge, develop understanding, cultivate wisdom, and translate what we learn into honorable decisions and practical action.
Each conversation asks not only what happened, but what should a steward learn from it, how should we think about it, and how can we apply that wisdom to the responsibilities placed in our care?
Cash & Honor helps people and institutions care faithfully for what has been entrusted to them and leave every person, institution, and community better than they found it.",Captivate,en,https://artwork.captivate.fm/0896009c-f485-4934-9c03-1115d90747e6/Cash-and-Honor-Cover-1400x1400.jpg,2026-08-14 04:30:58,7990424,confirmed,https://cashandhonor.com,1786681858,8031dba6a1d7f2ec56b39bc45c3a85ac,,4,0,INDIVIDUAL
Dalriada. A better podcast,Dalriada Trustees Limited,https://feed.podbean.com/DalriadaABetterPodcast/feed.xml,"<p>Welcome to <strong>Dalriada. A Better Podcast</strong> — the show where we cut through the noise and bring clarity to the world of defined benefit pension schemes.</p>
<p>In each episode we’ll explore the challenges, decisions and opportunities facing trustees boards and in house pension teams today</p>
<p>You’ll hear insights from Dalriada’s specialists and leading voices across the industry —  sharing practical, straight-talking guidance to help you make better, more confident decisions. This is <strong>Dalriada. A Better Podcast</strong></p>",Podbean,en,https://pbcdn1.podbean.com/imglogo/image-logo/21696713/Dalriada_A_better_podcast_logo7suxh.png,2026-08-14 04:27:45,7990423,confirmed,https://DalriadaABetterPodcast.podbean.com,1786681665,f103532fa071c52e4b11ae94ece6dadd,6789175740.0,2,0,CORPORATE
Reasoning with Mustapha,Mustapha Radouani,https://feeds.transistor.fm/reasoning-with-mustapha,"Reasoning with Mustapha is a space for honest conversations about the things that actually matter — history, faith, culture, science, and the personal experiences that don't always make it into the mainstream conversation. Hosted by Mustapha, who grew up in Morocco and has spent years in the Bay Area — a journey between cultures that sparked a deep curiosity about people and the questions that don't have clear-cut answers. No claims to having it all figured out. Just genuine curiosity, one conversation at a time.",Transistor,en,https://img.transistorcdn.com/RVbdkGEYZBAyJXIRB1qXJnueK5rYXQJFwh3Rrr3tkiA/rs:fill:0:0:1/w:1400/h:1400/q:60/mb:500000/aHR0cHM6Ly9pbWct/dXBsb2FkLXByb2R1/Y3Rpb24udHJhbnNp/c3Rvci5mbS9hNWRj/Y2UyYjM2MzE1YzQy/NmUzODgwYmI2NTAx/MThjYS5wbmc.jpg,2026-08-14 04:18:34,7990421,confirmed,,1786681114,dc1a00fc2cceebeea21051edd451c62b,,4,0,INDIVIDUAL
Gracefully Brewed Podcast,Nahila,https://rss.buzzsprout.com/2637604.rss,"<p><b>Gracefully Brewed is a sanctuary for women seeking to nourish their souls, embracing intentional living, faith, and divine purpose over life's daily brew. Through heartfelt conversations on spiritual growth, inner healing, and sacred self-care, each episode empowers women to step fully into their God-given grace and strength.</b></p><p><br></p>",Buzzsprout,en-us,https://storage.buzzsprout.com/363g7jitfrf6etwr5p1n6qnuixck?.jpg,2026-08-14 04:05:28,7990417,confirmed,,1786680328,bb7ece298b4eac46d5cbdd56c4246c83,,4,0,INDIVIDUAL
Bio News Update,JIM WATKINS,https://anchor.fm/s/115c42f50/podcast/rss,"Covering the week's most important bio news—from disease outbreaks and pandemic preparedness to vaccine developments, foodborne illnesses, global health alerts, and public-health policy. We examine what is happening, why it matters.
Our reporting draws from a wide range of sources, including the Centers for Disease Control and Prevention (CDC), the World Health Organization (WHO), Reuters, the Associated Press, BBC News, USA Today, The Epoch Times, Children's Health Defense, and other reputable public-health and scientific resources so you can stay inform and stay healthy.",Anchor,en,https://d3t3ozftmdmh3i.cloudfront.net/staging/podcast_uploaded_nologo/46501460/46501460-1786040881922-e0fa44704ee45.jpg,2026-08-14 04:03:54,7990415,confirmed,https://podcasters.spotify.com/pod/show/james-watkins3,1786680234,8fff9582a4a34a19579c87fe06391bc1,6800019479.0,2,0,INDIVIDUAL
Yulyana Rudziankova,Yulyana Rudziankova,https://www.spreaker.com/show/7259880/episodes/feed,"Professional model <a href=""https://www.blogger.com/profile/13558524318999873876"" target=""_blank"" rel=""noreferrer noopener"">Yulyana Rudziankova</a> is renowned for her skillful adaptability in editorial, commercial, and runway settings. She tackles every project with technical accuracy and a natural mastery of the camera, easily adjusting to various artistic concepts. Her portfolio of work, which includes brand ads, runway shows, and high-end editorials, demonstrates a methodical dedication to craft and a constant level of professionalism on set.",Spreaker,en,https://d3wo5wojvuv7l.cloudfront.net/t_rss_itunes_square_1400/images.spreaker.com/original/a452720f5d2df45808f155bf0b021ab4.jpg,2026-08-14 04:03:27,7990414,confirmed,https://www.spreaker.com/podcast/yulyana-rudziankova--7259880,1786680207,5eb7cc2efae76d161af2aecceb49b744,,4,0,INDIVIDUAL
DAKALO Mungomeni 's Podcast,DAKALO MUNGOMENI SPEAKS,https://rss.buzzsprout.com/2637695.rss,"<p>New Lifestyle & Relationship Coach, Motivational Speaker, and mental health advocate. Sharing real talk on love, life, growth, and how to embrace maturity, set healthy boundaries, and avoid chaos.</p>",Buzzsprout,en-us,https://storage.buzzsprout.com/m737zxzjjdixw7a34q3cktpqdk62?.jpg,2026-08-14 03:57:03,7990410,confirmed,,1786679823,cec4de0ba5aa8516ae1e0ebf63e41513,,0,0,INDIVIDUAL
Talking Faith With Ben,Ben Matheson,https://anchor.fm/s/1157ca98c/podcast/rss,A podcast for both Christians and non-Christians. A podcast to encourage and speak truth to those who seek it. The voice of this podcast is just a flawed man who wants to share the love of Christ.,Anchor,en,https://d3t3ozftmdmh3i.cloudfront.net/staging/podcast_uploaded_nologo/46454587/46454587-1785383051826-5fc97151e33d3.jpg,2026-08-14 03:51:24,7990409,confirmed,https://podcasters.spotify.com/pod/show/benkhmatheson,1786679484,7fc53da44add7853f97c0eee1a9c87c4,6800792843.0,2,0,INDIVIDUAL
Fulfilled: Your Inside Glimpse into Higher Ed.,Blair Lee,https://rss.buzzsprout.com/2212787.rss,"<p>Welcome to Fulfilled: Your Inside Glimpse Into Higher Ed, a show that takes you behind the scenes of nearly 6,000 colleges, universities, and technical schools across the U.S. to meet the people who keep these complex institutions moving. Hosted by creative coach Blair Lee, widely known as @TheHigherEdCreative, Fulfilled features candid conversations with the leaders, creatives, educators, and changemakers shaping higher education, from communications and enrollment to leadership, student success, campus culture, and more.<br><br>𝗔𝗯𝗼𝘂𝘁 𝘁𝗵𝗲 𝗛𝗼𝘀𝘁<br>Blair Lee is an award-winning higher education creative strategist, administrator, professor, and creative coach working at the intersection of strategy, creativity, and innovation. He helps higher education leaders challenge conventional thinking, tell stronger stories, and turn bold ideas into action. Blair is currently completing his Ph.D. in Journalism and Media Communication at Colorado State University.</p>",Buzzsprout,en-us,https://storage.buzzsprout.com/mvgi1f8j59uu8l1m3k9gy2pijzy6?.jpg,2026-08-14 03:42:47,7990408,confirmed,,1786678967,875fe9dc1a5022c474171aafdc75cdac,,4,0,INDIVIDUAL
Gehgeh Podcast,Geh Geh Podcasts,https://www.spreaker.com/show/7261646/episodes/feed,"GehGeh, popularly known as Ojaigho Prosper, is a Nigerian social media personality, content creator, comedian, and financial commentator from Delta State, Nigeria. He became popular through his humorous and controversial videos about money, relationships, and everyday life.",Spreaker,en,https://d3wo5wojvuv7l.cloudfront.net/t_rss_itunes_square_1400/images.spreaker.com/original/8119d319a53a052a1fa3ef1106163954.jpg,2026-08-14 03:39:25,7990406,confirmed,https://www.spreaker.com/podcast/gehgeh-podcast--7261646,1786678765,c4143bce5169eb0b1628e9a1ca0764e6,,4,0,INDIVIDUAL
Flipping Tables Unfiltered,Miguel & Pamela Espindola,https://anchor.fm/s/114e0792c/podcast/rss,"What happens when two pastors, business owners, immigrants, adoptive parents, and a happily married couple decide to have the conversations many Christians avoid? Welcome to Flipping Tables, where tradition gets challenged, tough questions are welcomed, and Jesus-not religion- is always the center. Hosted by Miguel and Pamela Espindola, this podcast explores faith, ministry, marriage, culture, leadership, adoption, entrepreneurship, and the uncomfortable truths that help us grow. We believe following Jesus was never meant to be safe, predictable, or confined to man-made traditions.",Anchor,en,https://d3t3ozftmdmh3i.cloudfront.net/staging/podcast_uploaded_nologo/46352227/46352227-1783964445804-af6d663111e7c.jpg,2026-08-14 03:37:17,7990405,confirmed,https://podcasters.spotify.com/pod/show/pamela-espindola,1786678637,3b144aa8921ca3b2eb4811ce396412ef,6800527785.0,2,0,CORPORATE
😂🔥 مزحة مفاجئة تقلب أجواء إيناس وموزو,Suzete Rui,https://www.spreaker.com/show/7263164/episodes/feed,في هذه الحلقة، تتسبب مزحة غير متوقعة في مفاجأة إيناس وإثارة الكثير من الضحك. وبين المقالب وردود الفعل العفوية واللحظات الطريفة، تأخذ الأمور منعطفًا غير متوقع تمامًا.<br />تابعوا هذا الموقف المليء بالمرح والضحك واللحظات التي لا تُنسى بين إيناس وموزو. 😂😱💔❤️,Spreaker,en,https://d3wo5wojvuv7l.cloudfront.net/t_rss_itunes_square_1400/images.spreaker.com/original/69cdf0162e3283f3de25573a69c2fcec.jpg,2026-08-14 03:29:07,7990399,confirmed,https://www.spreaker.com/podcast/mzht-mfajyt-tqlb-ajwa-aynas-wmwzw--7263164,1786678147,9b6256747849298d65bf6aa3afb43bf3,,4,0,INDIVIDUAL
Lella Satie,Lella Satie,https://anchor.fm/s/1142d6440/podcast/rss,"Lessons on becoming the best version of yourself — from an actor, director & the creative catalyst behind people & ventures you may already know. Transformation, wellness, culture, art & conscious creation. Because some words are meant to be heard.",Anchor,en,https://d3t3ozftmdmh3i.cloudfront.net/staging/podcast_uploaded_nologo/46234864/46234864-1782320466087-fa3313a3033ae.jpg,2026-08-14 03:20:52,7990394,confirmed,https://podcasters.spotify.com/pod/show/lella-satie2,1786677652,3badc1a3e3e91794c93abce23a9e9c6b,6784990035.0,2,0,INDIVIDUAL
Thoughts Can Heal Podcast,Denise McWeeney,https://rss.libsyn.com/shows/340292/destinations/2775794.xml,"How can I heal my anxiety? How can I get out of negative thought loops? How can I calm my nervous system? How can I live a happier more abundant life? 

Welcome to Thoughts Can Heal Podcast where we will answer all of these questions and so much more! Week after week, host Denise Lynn, author, and mentor will bring you tips and tools to help calm your nervous system, help you cultivate an attitude of gratitude, and help you live a more peaceful abundant life.",Libsyn,en,https://static.libsyn.com/p/assets/a/d/0/7/ad0736b7f897002a16c3140a3186d450/thoughtscanhealpodcast2.jpg,2026-08-14 03:20:05,7990392,confirmed,http://www.deniselynn.net,1786677605,45f3efc40a38388f1567d5c71bb049e6,1564606696.0,2,0,INDIVIDUAL
Brows Up with Michelle Soutier,Michelle Soutier,https://feed.podbean.com/browsup/feed.xml,"<p><span>We’re excited to introduce Brows Up with Michelle Soutier, a brand-new podcast from Gold DanceLife, proudly sponsored by <span style=""color:#ac7527;""><a href=""https://www.jackrabbitdance.com/?utm_campaign=gold_dance_life&utm_source=podcast&utm_medium=brows_up"" target=""_blank"" style=""color:#ac7527;"" rel=""noreferrer noopener"">Jackrabbit Dance</a></span>.</span><br /><br /><span>From studio ownership and leadership to dance education, business, current trends, and the real conversations happening behind the scenes, Brows Up is where our community comes together to learn, laugh, and grow.</span><br /><br /><span>Whether you’re looking for practical ideas, fresh perspectives, or simply great conversations with incredible people in our industry, this podcast is for you.</span></p>",Podbean,en,https://pbcdn1.podbean.com/imglogo/image-logo/22556178/BROWSUPLOGO.png,2026-08-14 03:15:24,7990390,confirmed,https://browsup.podbean.com,1786677324,fa2a58b0785e8d06d01fd6cd8f642d18,6800478870.0,2,0,INDIVIDUAL
Late Nights With Bubu…,Bubu,https://anchor.fm/s/112ec2c9c/podcast/rss,"A soft corner for late night thoughts, real conversations, and figuring life out one reflection at a time.",Anchor,en-gb,https://d3t3ozftmdmh3i.cloudfront.net/staging/podcast_uploaded_nologo/46024351/46024351-1779540487142-5d84eba8f3459.jpg,2026-08-14 03:12:09,7990389,confirmed,https://podcasters.spotify.com/pod/show/oluwabusolami-oguntuyo,1786677129,17f65468fb24680539c589ce1b82ddaf,1896867709.0,2,0,INDIVIDUAL
Dj Beey's Afrobeats Summer Vibez 26,Kenny,https://rss.buzzsprout.com/2637681.rss,<p>AFROBEATS SUMMER VIBEZ 26</p>,Buzzsprout,en-us,https://storage.buzzsprout.com/oj7ts9hyp6ppybux2znkb4ctffta?.jpg,2026-08-14 03:11:10,7990388,confirmed,,1786677070,3535b88c71903cf656b698c79d4c9e5d,,0,0,INDIVIDUAL
Quit Smoking Weed | Podcast,Quit Smoking Weed,https://anchor.fm/s/10f5ec33c/podcast/rss,"Want to quit weed? We know how. Since 2013 we've helped over 3,000 people through cannabis withdrawal.
 No platitudes here — only what actually works: the brain mechanisms you need to understand, the symptoms that
 will surprise you, the relapse triggers, and the strategies that hold up in practice. Real tools, not
 feel-good advice.
  Alex and Jordan — direct, honest, evidence-based.
  🌐 quit-smoking-weed.com — Self-check, transformation program, supplements and more.",Anchor,en,https://d3t3ozftmdmh3i.cloudfront.net/staging/podcast_uploaded_nologo/45428359/45428359-1778591632195-f4052d5d52438.jpg,2026-08-14 03:08:24,7990386,confirmed,https://podcasters.spotify.com/pod/show/quit-smoking-weed,1786676904,21dec7d0afa66b6545c68952e0dc8c4d,6800789852.0,2,0,INDIVIDUAL
Colton Harris Moore Podcast,Colton Harris Moore,https://feeds.captivate.fm/colton-harris-moore/,"Main CHMP, subscribe here.",Captivate,en,https://artwork.captivate.fm/604bc74a-acec-4aec-b197-9b2a149bb958/IMG-2791.png,2026-08-14 03:01:34,7990381,confirmed,https://colton-harris-moore.captivate.fm,1786676494,1e6f09c1bc95aad7e65798013672dba7,,4,0,INDIVIDUAL
Ashborned thoughts,Phoenix,https://rss.buzzsprout.com/2637678.rss,"<p>beyond these silly achievements, my friend, there is a thing </p><p>named: ""SATISFACTION"". Everyone is not capable to die with a 'pleasant smile!' it represents a lot of thing ! and that single moment is enough to beat one dedicated man's lifetime's success.</p>",Buzzsprout,en-us,https://storage.buzzsprout.com/um39w6t3fatcy9vtsr1bsu6rt78u?.jpg,2026-08-14 02:57:39,7990377,confirmed,,1786676259,b8ce77d3ca935fb75089db6f64544cc6,,4,0,INDIVIDUAL
Jamie Test,Jamie Atkinson,https://feeds.captivate.fm/new-podcast-rss/,this is my description.,Captivate,en,https://cdn.captivate.fm/placeholder/default-artwork.jpg,2026-08-14 02:36:25,7990368,confirmed,https://new-podcast-rss.captivate.fm,1786674985,27645405f01edfc78ebe03324080c23e,,4,0,INDIVIDUAL
Hell If We Know Podcast,Hell If We Know Podcast,https://anchor.fm/s/108cbacec/podcast/rss,We are brothers that love college football. Join us as we talk college football and a few other topics!,Anchor,en,https://d3t3ozftmdmh3i.cloudfront.net/staging/podcast_uploaded_nologo/44325331/44325331-1757380476519-91aa8d90afa03.jpg,2026-08-14 02:36:02,7990366,confirmed,https://podcasters.spotify.com/pod/show/hell-if-we-know-podcast,1786674962,8d332ec0e5d3fe10c562055334da01cf,1839355329.0,2,0,INDIVIDUAL
But I'm Spiritual,Ardis Campbell,https://anchor.fm/s/d4b8dca4/podcast/rss,A spiritual comedy podcast that does a deep dive on alternative spiritual practices.,Anchor,en,https://d3t3ozftmdmh3i.cloudfront.net/production/podcast_uploaded_nologo/35588849/35588849-1683655512762-8e2f5312685b8.jpg,2026-08-14 02:30:08,7990362,confirmed,https://podcasters.spotify.com/pod/show/butimspiritual,1786674608,a06d0b619b6c793e97e0f8165a4dbca0,1687319452.0,2,0,INDIVIDUAL
Microsoft Cloud IT Pro Podcast,"Ben Stegink, Scott Hoag",https://rss.buzzsprout.com/2637671.rss,<p>Your Microsoft Cloud News from a couple of IT Pros</p>,Buzzsprout,en,https://storage.buzzsprout.com/h98naayqdcvimreva1191a7jaf0s?.jpg,2026-08-14 02:29:47,7990361,confirmed,https://www.msclouditpropodcast.com/,1786674587,7dd9c29a4f2514d5ea4ec08b2a479586,,4,0,INDIVIDUAL
Touchdown Talks,Kingskyler,https://rss.buzzsprout.com/2637246.rss,<p>this is a podcast about Baltimore ravens and Washington commanders football and about the top rookies in the NFL </p><p>Sometimes we talk about baseball </p>,Buzzsprout,en-us,https://storage.buzzsprout.com/g604p2az2i3d4y07ln3xj4faf1vn?.jpg,2026-08-14 02:25:42,7990360,confirmed,,1786674342,d41d3cd9cc19ef785ebb4d53808373f7,,0,0,INDIVIDUAL
FORTUN WISHDOM,FORTUN WISHDOM,https://feeds.transistor.fm/fortun-wishdom,"FORTUN WISHDOM is a modern myth built around the power of wishes. Through cinematic stories, reflections, and transmissions from the world of Wishu, each episode explores memory, courage, possibility, and the signals that remind us what still matters. The world forgot. The heart did not.",Transistor,en,https://img.transistorcdn.com/Fr48vVxYaFTTbWpxfd_fI6kpGVfkeLqPerD-7RAKiiI/rs:fill:0:0:1/w:1400/h:1400/q:60/mb:500000/aHR0cHM6Ly9pbWct/dXBsb2FkLXByb2R1/Y3Rpb24udHJhbnNp/c3Rvci5mbS8wYjFm/NDM0OGNlNzRiNWMw/OTQwMDI2N2VlNmFj/NTcyNy5qcGc.jpg,2026-08-14 02:22:35,7990357,confirmed,https://fortunwishdom.com,1786674155,c1280ef796b10e91a9750ebd6a08158a,6801365325.0,4,0,INDIVIDUAL
Knives N Lives,jhardeman82,https://anchor.fm/s/115eb00d0/podcast/rss,This is a podcast about pocket knives and the lives of the folks that carry them.,Anchor,en,https://d3t3ozftmdmh3i.cloudfront.net/staging/podcast_uploaded_nologo/46526900/46526900-1786412538544-2c2fbdcba250a.jpg,2026-08-14 02:18:20,7990353,confirmed,https://podcasters.spotify.com/pod/show/jhardeman827,1786673900,70c0d1761878ffa82516f05a89580b15,6800169282.0,2,0,INDIVIDUAL
Glow Lane with Sally Jean,Sally Jean,https://anchor.fm/s/1158ecb58/podcast/rss,"Glow Lane is a space of celebration, curiosity and wisdom hosted by holistic therapist, creative and educator, Sally Jean.
Sally brings together diverse voices in conversation about and celebration of their unique contributions to the world.
She aims to bring together and celebrate the diversity of well-being approaches that exist in the world. 
Connect with Sally 
Website
www.glowwellbeing.com.au 
Facebook
https://www.facebook.com/sallyjeanglowwellbeing
Instagram
@sally_jean_glow_well_being",Anchor,en-au,https://d3t3ozftmdmh3i.cloudfront.net/staging/podcast_uploaded_nologo/46466470/46466470-1785540028399-12146a4fd3e0e.jpg,2026-08-14 02:12:17,7990349,confirmed,https://podcasters.spotify.com/pod/show/sally-jean8,1786673537,840fdb714c1be591339cc2aba98ba4b1,6797820992.0,2,0,INDIVIDUAL
Godly Mentality Podcast,D’Erin Brooks,https://rss.buzzsprout.com/2172845.rss,"<p><b>Godly Mentality</b> is a Christian podcast dedicated to <b>transforming worldly mindsets into godly mentalities</b>. By bridging biblical truth with psychological principles, each episode explores how our thoughts, beliefs, emotions, and experiences shape the way we live and how renewing the mind can transform every area of our lives.</p><p>Through honest conversations, practical insight, Scripture, and real-life application, <em>Godly Mentality</em> helps believers challenge unhealthy thinking, heal, grow in spiritual discernment, and align their minds with who God created them to be.</p><p><b>The mission:</b> To help believers renew their minds, heal their hearts, and live out the fullness of God’s truth, one mindset at a time.</p><p><br></p>",Buzzsprout,en-us,https://storage.buzzsprout.com/462dhumvotpa9acifrholz6r9fpb?.jpg,2026-08-14 02:10:46,7990347,confirmed,https://www.buzzsprout.com/2172845,1786673446,52a8c0b3fa350fa086a404fc7b2dabc2,,4,0,INDIVIDUAL
Bible Conversations with Anne and Rachel-Ruth,AnGeL Ministries,https://anchor.fm/s/105792f24/podcast/rss,"You know you’re supposed to read the Bible, but what does it really mean in your everyday life? Join Anne and Rachel-Ruth in a candid discussion of how the Bible relates to everyday life. Listen in on their conversation as they discuss how they read, love and apply the Bible to their lives! This podcast is both for the seasoned Jesus follower and the newly Jesus-curious. Wherever you are on your spiritual journey, you are welcome to join us!",Anchor,en-us,https://d3t3ozftmdmh3i.cloudfront.net/staging/podcast_uploaded_nologo/43767953/43767953-1786550278228-9698ba74c1a33.jpg,2026-08-14 01:58:38,7990343,confirmed,https://www.annegrahamlotz.org/,1786672718,726d8239c238363ae5a126ce1f4996ae,6800824909.0,2,0,CORPORATE
Faraway Friends Podcast,Hayley - Terra - Katelyn,https://anchor.fm/s/115fc9278/podcast/rss,"Join Hayley, Terra and Katelyn as they navigate their long distance friendship across three different states. These three have been friends for over 20 years, and are determined to make it work, no matter what!
Join these three working moms and wives every Thursday as they catch up on their week, reminisce on old times, and give advice on how to make it all work! 
This is Faraway Friends: The Podcast",Anchor,en,https://d3t3ozftmdmh3i.cloudfront.net/staging/podcast_uploaded_nologo/46538414/46538414-1786560773748-767b6ef7f52e5.jpg,2026-08-14 01:53:57,7990339,confirmed,https://podcasters.spotify.com/pod/show/faraway-friends-podcast,1786672437,3f51b8e19c37f2981587a041b54d8364,6801001359.0,2,0,INDIVIDUAL
Redeemed Resilience,Tracey,https://rss.buzzsprout.com/2636186.rss,"<p><b>Redeemed Resilience with Tracey</b></p><p><br></p><p><em>Redeemed Resilience</em> is a Christian-based podcast about navigating trauma, grief, mental health, and the messy parts of healing.</p><p><br></p><p>Through honest conversations, personal stories, faith, and encouragement, we’ll talk about what it really looks like to keep going when life changes you forever—and how God can bring hope, purpose, and strength from even our deepest pain.</p><p><br></p><p><b>Your pain is part of your story, but it doesn’t get to write the ending.</b> 🤍</p><p><br></p><p>Trigger Warning: In this podcast I will be sharing my story. Everyone's is different and I ask that you respect my journey or anyone that shares their's here. </p><p><br></p><p>Disclaimer: I am not a licensed counselor, therapist or medical professional. If you are struggling please reach out to a professional. You can always call or text the Suicide and crisis hotline at 988.</p>",Buzzsprout,en-us,https://storage.buzzsprout.com/88ycusaf0rstjxm7c1b287ppb2of?.jpg,2026-08-14 01:51:51,7990338,confirmed,,1786672311,5a5a76d7d45761a01d4205c774fbe906,,0,0,INDIVIDUAL
FINAL WARFARE™ MINI-SERIES,Rev. Alonzo W. Burris II · Become Unshackled™ · The FormYouLa LLC,https://anchor.fm/s/113b6c9c0/podcast/rss,"⚔️ FINAL WARFARE™ MINI-SERIES
 Final Warfare™ is a prophetic teaching series confronting the spiritual battle between truth and deception in the last days. Through Scripture, the Rule of Witnesses, and remnant preparation, this series exposes strongholds, false doctrine, syncretism, and the hidden war against covenant identity. This is a call to awaken, discern the counterfeit, and stand firm in obedience as the remnant prepares for what is coming. Part of the Become Unshackled Network™.
Protected by Yahweh. Becoming Unshackled™",Anchor,en-us,https://d3t3ozftmdmh3i.cloudfront.net/staging/podcast_uploaded_nologo/46157136/46157136-1781376730931-f3f6c81f6ebd4.jpg,2026-08-14 01:41:28,7990337,confirmed,https://podcasters.spotify.com/pod/show/finalwarfare,1786671688,cf805bc8ab607a86be02cf03f33ea322,6799493531.0,2,0,CORPORATE
N Platform 2 go,Jacob Zachariasen,https://feeds.acast.com/public/shows/6a7d9b87e37e4063e3a76abb,"<p><strong>Welcome to N Platform 2 go — your mobile, AI-powered ServiceNow briefing, built for learning on the go.</strong></p><p>Designed to fit your busy schedule, this podcast translates complex, official ServiceNow documentation, release notes, and platform guides into highly digestible audio briefings. With no fixed schedule or set sequence, we release episodes dynamically to keep you informed on the latest platform capabilities, architectural best practices, and ecosystem updates whenever you are on the move.</p><ul><li><strong>Language:</strong> To align with official technical frameworks and global documentation, <strong>all episodes are delivered entirely in English</strong>.</li></ul><p><strong>AI-Powered Transparency:</strong> To synthesize dense technical materials at maximum speed, <strong>this podcast is 100% AI-generated</strong> (including scripts, hosting, and audio production) based on verified, public sources.</p><hr><p style='color:grey; font-size:0.75em;'> Hosted on Acast. See <a style='color:grey;' target='_blank' rel='noopener noreferrer' href='https://acast.com/privacy'>acast.com/privacy</a> for more information.</p>",Acast,en,https://open-static.acast.com/global/images/default-cover.png,2026-08-14 01:11:22,7990327,confirmed,https://feeds.acast.com/public/shows/n-platform-2-go,1786669882,61a4590c632d5e3dce58b8664f81c340,6801132589.0,2,0,INDIVIDUAL
Harness Up: Bluegrass from the Barn,Haste Draft Horses & Mules,https://rss.buzzsprout.com/2637654.rss,"<p>Welcome to <b>Harness Up: Bluegrass from the Barn with Haste Draft Horses & Mules</b> — where good bluegrass music, draft horses, mules, and American heritage come together.</p><p>Bluegrass music has always had a special place in our hearts, and so has the traditional way of life built around working horses and mules. On this show, we’re bringing those worlds together and sharing some of the music, stories, people, and traditions that continue to keep this way of life alive.</p><p>From <b>bluegrass and bluegrass gospel</b> to draft horses working the fields, mule teams traveling country roads, horse-drawn wagons, farming, teamster traditions, and rural Appalachian life, every episode is about slowing things down and enjoying something real.</p><p>You’ll hear great music and see the kind of horsepower that helped build America — along with stories about faith, family, hard work, friendship, and preserving the traditions handed down through generations.</p><p>Whether you grew up around draft horses and mules, love bluegrass music, or simply appreciate rural America and the old ways, we hope you'll pull up a chair and stay awhile.</p><p>🎙️ <b>Harness Up: Bluegrass & Horsepower</b><br>🐴 Presented by <b>Haste Draft Horses & Mules</b></p><p><b>Honesty • Integrity • Our Legacy</b></p><p>Subscribe and join us as we keep the horses working, the strings picking, and the traditions alive.</p>",Buzzsprout,en-us,https://storage.buzzsprout.com/kgxjwzucg82mdvkxu28ydzohd12y?.jpg,2026-08-14 00:58:02,7990324,confirmed,,1786669082,276b8908a3efe26881cbadb813a75cd2,6801350802.0,0,0,CORPORATE
Happy Hour with Kim & Ash,"Ashley Jacobs, Kim Locker",https://feeds.simplecast.com/6YXXipDx,"Happy Hour with Kim & Ash is a weekly conversation series hosted by entrepreneur Kim Locker and award-winning TV host Ashley Jacobs, bringing together entrepreneurs, celebrities, health experts, and everyday people for honest, inspiring, and entertaining conversations. Each episode, Kim and Ashley dig into real talk on business, life, health, and everything in between with the same warmth and chemistry that make you feel like you're catching up with your two closest friends. New episodes drop regularly. Pour yourself a drink — happy hour starts now.",Simplecast,en,https://image.simplecastcdn.com/images/68003fc9-02e2-4459-a041-78174ed684b2/e1764d59-4982-41c8-92ce-9832d5fc30de/3000x3000/cover_art.jpg?aid=rss_feed,2026-08-14 00:54:49,7990322,confirmed,https://happy-hour-with-kim-ash-68977269.simplecast.com,1786668889,c2dade679a3e5784c807495e8c4e72ea,6800754813.0,2,0,INDIVIDUAL
Homefront Happy Hour,Homefront Happy Hour,https://anchor.fm/s/114ef1ba8/podcast/rss,"We’re real moms, real wives, real friends, and real military spouses navigating the highs, the lows, and everything in between. As true girls’ girls, our goal is to have honest conversations, encourage one another, share plenty of laughs, while offering support through some of life’s hardest and most joyful seasons. We hope every episode feels like you’re sitting in the room with us—like you’re chatting with friends who just get it.",Anchor,en-us,https://d3t3ozftmdmh3i.cloudfront.net/staging/podcast_uploaded_nologo/46361818/46361818-1784082867661-c862333506bcd.jpg,2026-08-14 00:54:48,7990321,confirmed,https://podcasters.spotify.com/pod/show/courtneyrayekelley,1786668888,61c7b595960e95ecf6885bfbdab0ac90,6800887648.0,2,0,INDIVIDUAL
House of Sol with Ben Brophy,Solana Broadcast Network,https://anchor.fm/s/115f83d18/podcast/rss,"The world's largest institutions are coming onchain, and Ben Brophy is hosting them at the House of Sol. This show explores how financial institutions are putting real capital to work on Solana.
Tune in for conversations about where institutional money is headed next, and who's moving it.",Anchor,en,https://d3t3ozftmdmh3i.cloudfront.net/staging/podcast_uploaded_nologo/46535574/46535574-1786529320275-e1a7cea2f8577.jpg,2026-08-14 00:53:40,7990320,confirmed,https://podcasters.spotify.com/pod/show/solana-broadcast-network2,1786668820,c5591cbd3d565c0234e3d862e503155f,6800815333.0,2,0,CORPORATE
Oh Spicy Tech!,Ram Fiorentino,https://anchor.fm/s/113936854/podcast/rss,"Oh Spicy Tech! The podcast for spicy, restless curious minds working or trying to break into tech. Every episode we bring you stories and readings around tech and creativity, and discuss the work, philosophy and ideas of people (guests) like you and me, giving a special place for discussions on neurodivergency and gender in the workplace. We are curious, we are nerds, we are spicy.",Anchor,en,https://d3t3ozftmdmh3i.cloudfront.net/staging/podcast_uploaded_nologo/46133949/46133949-1781083815398-67d258fef83fe.jpg,2026-08-14 00:53:03,7990319,confirmed,https://podcasters.spotify.com/pod/show/ohspicytech,1786668783,d80a710836102cc9e523f63c50d7ca25,1896916981.0,2,0,INDIVIDUAL
Trust No One Radio,Trust No One Radio,https://feed.podbean.com/TrustNoOneRadio/feed.xml,"Discussion of life, politics, and conspiracies, while watching world burn from comfort of own home.",Podbean,en,https://pbcdn1.podbean.com/imglogo/image-logo/22558224/IMG_4908.jpeg,2026-08-14 00:46:34,7990312,confirmed,https://TrustNoOneRadio.podbean.com,1786668394,f7ce3ed61decc5843419e73aa3d3ef6d,6800968581.0,2,0,CORPORATE
Cosmos,The Scientist,https://anchor.fm/s/10c7f4fd8/podcast/rss,"Infinite exploration, cosmic perspectives, immersive experiences, future innovation, and AI-driven environments inspired by science, stars, human connection, and expanding knowledge.",Anchor,en-us,https://d3t3ozftmdmh3i.cloudfront.net/staging/podcast_uploaded_nologo/44946374/44946374-1779480945181-6556655353cc.jpg,2026-08-14 00:26:38,7990302,confirmed,https://podcasters.spotify.com/pod/show/the-cryptologist-scientis6,1786667198,5fc2a054c567f3d4a98358acc36e4634,6800248042.0,2,0,CORPORATE
the mocktale mommas,Mocktale Mommas,https://anchor.fm/s/115cf1014/podcast/rss,"Hey, its Erin & Emily- the mocktale mommas! We are two moms who met by chance and now can't imagine doing life without each other. Our podcast is meant to share relatable tales of motherhood and beyond. We are former teachers living in the midwest trying to keep our cool with toddlers, care for our babies and have fun along the way! Join us each episode for a fun, laid back chat over a mocktail or cocktail depending on the week it has been!",Anchor,en-us,https://d3t3ozftmdmh3i.cloudfront.net/staging/podcast_uploaded_nologo/46508589/46508589-1786139277085-275e0218b81b1.jpg,2026-08-14 00:25:25,7990301,confirmed,https://podcasters.spotify.com/pod/show/mocktale-mommas4,1786667125,cfe66c7eea80e61a3c2ec1f3fdc0eee6,6799754165.0,2,0,INDIVIDUAL
Raise Rich Kids Podcast,GENICCA WHITNEY,https://rss.buzzsprout.com/2618435.rss,"<p>Welcome to the Raise Rich Kids Podcast, hosted by Genicca Whitney, Holistic Financial Strategist, entrepreneur, investor, and creator of the Kidpreneur Challenge, where parents learn how to build wealth while raising financially confident, entrepreneurial, and future-ready kids. Each episode delivers practical financial education, mindset shifts, and real-world strategies to help families break generational lack and build generational wealth in today’s rapidly changing economy.</p>",Buzzsprout,en-us,https://storage.buzzsprout.com/nq0enjqiowui0x57j73o9l76vloc?.jpg,2026-08-14 00:16:41,7990300,confirmed,,1786666601,53790f2f3030369f2e3936ebf5fb9b75,,0,0,INDIVIDUAL
The Nursing Good,Jessica Oliver,https://feed.podbean.com/thenursinggood/feed.xml,"<p><span style=""font-weight:400;"">Let’s pull back the curtain on the diverse roles in the profession of nursing. Each episode dives into the stories of real nurses making a difference, exploring how the profession extends beyond hospital walls and into the heart of communities. If you’re a nursing student, seasoned nursing professional, or someone who wants to understand the powerful impact nurses have on our world, this podcast is for you. Tune in and discover just how much good nursing can do. Hosted by Jessica Oliver, nurse, nursing educator, and advocate.</span></p>",Podbean,en,https://pbcdn1.podbean.com/imglogo/image-logo/22545733/TNG_logo_stethoscope_-_204882rx8.jpg,2026-08-14 00:06:19,7990292,confirmed,https://thenursinggood.podbean.com,1786665979,94423b10aaa7e22f3371f40d73f655aa,6800889064.0,2,0,INDIVIDUAL
Sleep vs History,Sleep vs History Studios,https://anchor.fm/s/115f295d4/podcast/rss,"Sleep vs History Studios presents two-hour history for sleep: softly spoken bedtime stories about ancient Rome, Vikings, medieval life, Tudor Britain, lost cities, empires, and the strange realities of the past. Each calming, well-researched episode gradually becomes quieter before ending with peaceful crackling fire ambience. Made to help you fall asleep, ease insomnia, relax, study, read, or unwind. New sleep history every day. Sleep vs History on YouTube: https://www.youtube.com/@SleepVsHistory",Anchor,en-gb,https://d3t3ozftmdmh3i.cloudfront.net/staging/podcast_uploaded_nologo/46531869/46531869-1786546057695-24228117d46fd.jpg,2026-08-14 00:04:14,7990290,confirmed,https://podcasters.spotify.com/pod/show/daniel-montague5,1786665854,2b490f0f8ae0af11e6a043b93a01b2d8,6800876293.0,2,0,INDIVIDUAL
THE PRINCE OF EGYPT PODCAST,KUSI BREMPONG JR.,https://anchor.fm/s/114c564c0/podcast/rss,"Prince of Egypt Podcast explores faith, entrepreneurship, leadership, wealth creation, and Africa’s future. Through honest and thought-provoking conversations, the show challenges entrepreneurs, professionals, investors, and aspiring leaders to overcome fear, take calculated risks, solve meaningful problems, and multiply their talents through purposeful action.",Anchor,en,https://d3t3ozftmdmh3i.cloudfront.net/staging/podcast_uploaded_nologo/46334480/46334480-1783701280135-86ed02a163285.jpg,2026-08-14 00:00:59,7990288,confirmed,https://podcasters.spotify.com/pod/show/harry-fynn2,1786665659,8a4f7873366d7e0c8db11c612ad8bd94,6789938661.0,2,0,INDIVIDUAL
Tea and Bratwurst,Kirsten and Joerg,https://anchor.fm/s/115377330/podcast/rss,"Tea & Bratwurst is an English podcast hosted by two Germans living in the UK. We talk about life in Britain, cultural differences, everyday experiences and what it means to embrace new opportunities later in life. Expect honest conversations, humor, British and German quirks.",Anchor,en-gb,https://d3t3ozftmdmh3i.cloudfront.net/staging/podcast_uploaded_nologo/46409228/46409228-1784759573937-ef8eeae2a6cc5.jpg,2026-08-13 23:44:12,7990280,confirmed,https://podcasters.spotify.com/pod/show/kirsten-mw2,1786664652,bae02a106c02206f14aa9bd8016a1db2,6800322612.0,2,0,CORPORATE
The Saint And The Sinner,Jasper Woods,https://rss.buzzsprout.com/2432454.rss,"<p>Saint or Sinner? Maybe we’re little bit of both! Join me, Jasper, as I navigate my life as a woman who loves Christ yet is still being transformed🎙️🧡</p>",Buzzsprout,en-us,https://storage.buzzsprout.com/aoa2jitgm1vwqbodl3yaphggsznc?.jpg,2026-08-13 23:38:54,7990278,confirmed,,1786664334,b861fac7a571384cc596d29039eb0a0f,,4,0,INDIVIDUAL
The Stories Writers Tell Themselves,Katherine,https://rss.buzzsprout.com/2637627.rss,"<p>Writers are exceptionally good at telling stories, and not all of them end up in our books.<br><br>The Stories Writers Tell Themselves is a limited audio series by novelist Katherine Collette about the stories writers make up about rejection, comparison, success, failure and what everything means, and what happens when we start to see those stories a little differently.<br><br>Ten stories, plus a bonus walking meditation for writers. Listen from the beginning or start with the story that sounds most like yours.</p>",Buzzsprout,en-us,https://storage.buzzsprout.com/eqx7cxlx9exeliyk3wjxsk8vtnrx?.jpg,2026-08-13 23:37:21,7990277,confirmed,,1786664241,98be174b9ec0d06087e7be855955c45e,,0,0,INDIVIDUAL
Teaching Math Made Easy,Greg Coleman,https://rss.buzzsprout.com/2633203.rss,"<p>Teaching elementary math doesn't have to feel overwhelming. Each week, the <b><em>Teaching Math Made Easy </em></b>podcast brings you practical ideas and teaching tips to help your students understand math more deeply, while helping you feel more confident walking into math class.</p><p> </p><p>Hosted by Greg, a former classroom teacher, math coach, and school administrator with over 20 years in education, every episode is built for 2nd through 5th grade teachers who want practical ideas. Expect short, focused episodes you can listen to between planning periods or on your commute, covering everything from teaching strategies to differentiation to the everyday challenges of running your math block.</p><p><br></p><p>If you're ready for even more support, visit <b><em>elementarymathfam.com/join </em></b>for tools and resources designed specifically for third-grade math teachers. </p>",Buzzsprout,en-us,https://storage.buzzsprout.com/0nhk45a0adhb2s80tkikrdb8nli3?.jpg,2026-08-13 23:36:28,7990276,confirmed,https://www.buzzsprout.com/2633203,1786664188,5e6227510ee07d6fc1c50dd191f7a4e9,6801334672.0,0,0,INDIVIDUAL
Mortgage Broker Essentials,James Angus,https://anchor.fm/s/113de7088/podcast/rss,"The go-to podcast for aspiring and established mortgage brokers across Australia. Hosted by James Angus, CEO of award-winning finweb Broker Group, Mortgage Broker Essentials delivers real-world strategies on lead generation, deal structuring, lender selection, compliance, loan processing, and business growth. Whether you're chasing your first settlement or scaling your broking business, get the mentoring, tools, and support you need to become a confident, capable, and extraordinary mortgage broker. No lock-ins. No handcuffs. Just results. New episodes every week.",Anchor,en-au,https://d3t3ozftmdmh3i.cloudfront.net/staging/podcast_uploaded_nologo/46183122/46183122-1781682257933-c781c3ea35405.jpg,2026-08-13 23:27:30,7990269,confirmed,https://podcasters.spotify.com/pod/show/james314,1786663650,102b612fac5e53d50ab2a00f1ec5d1c2,6798898708.0,2,0,INDIVIDUAL
Deep Read with Phoebe Lovatt,Phoebe Lovatt,https://feed.podbean.com/deep-read/feed.xml,"<div><span style=""font-family:'-apple-system', BlinkMacSystemFont, 'Segoe UI', Roboto, Oxygen, Ubuntu, Cantarell, 'Open Sans', 'Helvetica Neue', sans-serif;"">Hosted by </span><a href=""https://www.instagram.com/phoebelovatt""><span class=""hover:entity-accent entity-underline inline cursor-pointer align-baseline"" style=""font-family:'-apple-system', BlinkMacSystemFont, 'Segoe UI', Roboto, Oxygen, Ubuntu, Cantarell, 'Open Sans', 'Helvetica Neue', sans-serif;""><span class=""whitespace-normal"">Phoebe Lovatt</span></span></a><span style=""font-family:'-apple-system', BlinkMacSystemFont, 'Segoe UI', Roboto, Oxygen, Ubuntu, Cantarell, 'Open Sans', 'Helvetica Neue', sans-serif;"">, Deep Read features conversations with leading creative thinkers on the ideas shaping our world — and the books that have shaped their lives.</span></div>
<div><span style=""font-family:'-apple-system', BlinkMacSystemFont, 'Segoe UI', Roboto, Oxygen, Ubuntu, Cantarell, 'Open Sans', 'Helvetica Neue', sans-serif;""></span></div>
<div>
<div class=""text-base my-auto mx-auto pb-10 [--thread-content-margin:var(--thread-content-margin-xs,calc(var(--spacing)*4))] @w-sm/main:[--thread-content-margin:var(--thread-content-margin-sm,calc(var(--spacing)*6))] @w-lg/main:[--thread-content-margin:var(--thread-content-margin-lg,calc(var(--spacing)*16))] px-(--thread-content-margin)"">
<div class=""[--thread-content-max-width:40rem] @w-lg/main:[--thread-content-max-width:48rem] mx-auto max-w-(--thread-content-max-width) flex-1 group/turn-messages focus-visible:outline-hidden relative flex w-full min-w-0 flex-col agent-turn"">
<div class=""flex max-w-full flex-col gap-4 grow"">
<div class=""min-h-8 text-message relative flex w-full flex-col items-end gap-2 text-start break-words whitespace-normal outline-none keyboard-focused:focus-ring [.text-message+&]:mt-1"">
<div class=""flex w-full flex-col gap-1 empty:hidden"">
<div class=""markdown prose dark:prose-invert wrap-break-word w-full light markdown-new-styling"">
<p>Each episode is accompanied by a curated Deep Reading List, available via <span><a target=""_blank"" class=""decorated-link"" href=""https://phoebe.substack.com?utm_source=chatgpt.com"" rel=""noreferrer noopener"">Phoebe Lovatt’s Substack</a></span>.</p>
<p>Follow <span><a target=""_blank"" class=""decorated-link"" href=""https://www.instagram.com/phoebelovatt/?utm_source=chatgpt.com"" rel=""noreferrer noopener"">@phoebelovatt</a></span> and <span><a target=""_blank"" class=""decorated-link"" href=""https://www.instagram.com/deepread.phoebelovatt/?utm_source=chatgpt.com"" rel=""noreferrer noopener"">@deepread.phoebelovatt</a></span> for more.</p>
</div>
</div>
</div>
</div>
</div>
</div>
</div>",Podbean,en,https://pbcdn1.podbean.com/imglogo/image-logo/14579132/phoebe-deep-read_q267p7.jpeg,2026-08-13 23:26:32,7990267,confirmed,https://deep-read.podbean.com,1786663592,ce0fc0ccc90b60916c5924caa93fa528,1632447693.0,2,0,INDIVIDUAL
Ran Through by the Run Time,cloverrosademerritt,https://feed.podbean.com/ranthroughbytheruntime/feed.xml,"<p>The only podcast (maybe) devoted to discussing movies over 3 hours long. Hosted by Sofi and Clover. We post episodes monthly.</p>
<p>Our goal is to get the movie Out 1 (1971, 773 minute runtime) screened at a movie theater, any movie theater.</p>",Podbean,en,https://pbcdn1.podbean.com/imglogo/image-logo/22548417/avtr-1600x1600.jpg,2026-08-13 23:25:30,7990266,confirmed,https://ranthroughbytheruntime.podbean.com,1786663530,c3b8f9b0b3aca7a13f8323110fd465e2,6800081892.0,2,0,INDIVIDUAL
Fantasy War Room,Fantasy War Room,https://anchor.fm/s/115cf1b04/podcast/rss,"Three lifelong friends. Fifteen years of trash talk. One goal: dominate your league. Fantasy War Room brings competitive fantasy football analysis, rankings, sleepers, waiver wire targets, trades, start/sit decisions, and plenty of heated debates along the way. We’ve spent years battling each other for championships—now we’re bringing those arguments into the War Room. Whether you're chasing your first title or defending the crown, pull up a chair and join us.",Anchor,en-us,https://d3t3ozftmdmh3i.cloudfront.net/staging/podcast_uploaded_nologo/46508617/46508617-1786141198632-6b4ea85eb2839.jpg,2026-08-13 23:23:16,7990265,confirmed,https://podcasters.spotify.com/pod/show/fantasy-war-room,1786663396,9b35555363875be362f0aedc35237cd6,6800545028.0,2,0,INDIVIDUAL
Wide Aperture,Sayyid Umar,https://anchor.fm/s/115bdb4b8/podcast/rss,"Every idea, cultural shift and scientific discovery depends entirely on how wide you open the frame.
Hosted by Umar, Wide Aperture explores the forces shaping modern life, human nature, and the world around us. Through a blend of solo deep dives and unscripted conversations with creators, thinkers, scientists, and everyday people, the show bridges philosophy, science, and culture to examine the ideas that build our reality.
Step back from the noise. Widen the lens.",Anchor,en,https://d3t3ozftmdmh3i.cloudfront.net/staging/podcast_uploaded_nologo/46497214/46497214-1785984072081-6e36a2726746a.jpg,2026-08-13 23:11:24,7990257,confirmed,https://podcasters.spotify.com/pod/show/external-world,1786662684,2595b98474cdc54e1990c96c448d38e7,6800470277.0,2,0,INDIVIDUAL
Today In AI,Ollie Rodriguez,https://anchor.fm/s/1132f3f50/podcast/rss,"Today In AI breaks down the biggest AI news in marketing, sales, and small business — every Monday, Wednesday, and Friday. Host Ollie covers what's new in ChatGPT, Google, Meta, Microsoft, and more, and explains exactly how it impacts your business — no jargon, no filler. If you're a marketer, salesperson, or small business owner trying to keep up with AI without spending hours reading, this is your shortcut. New episode M-F
Brought to you by Visible Intelligence — visibleintelligence.io",Anchor,en-us,https://d3t3ozftmdmh3i.cloudfront.net/staging/podcast_uploaded_nologo/46068308/46068308-1785795798618-dadda1c2a0708.jpg,2026-08-13 23:09:07,7990254,confirmed,https://podcasters.spotify.com/pod/show/ollie03,1786662547,973941f1b06ceb9946a12e34a0a43cff,6784841862.0,2,0,INDIVIDUAL
The Quinn show,The Quinn Show,https://anchor.fm/s/1159cbd44/podcast/rss,"Here on the The Quinn Show we talk about everything, from sports to politics. Local happenings and national news. We like to joke around and make light of terrible situations so if you’re easily offended this might not be your favorite podcast.",Anchor,en-us,https://d3t3ozftmdmh3i.cloudfront.net/staging/podcast_uploaded_nologo/46475609/46475609-1785717150070-4082fc06e67a9.jpg,2026-08-13 23:05:53,7990253,confirmed,https://podcasters.spotify.com/pod/show/tylershiesty,1786662353,37cd97f169f091de12455eef20485989,6800973936.0,2,0,CORPORATE
Disability Shmisability,Dufferin Ave Media Network,https://www.spreaker.com/show/7262868/episodes/feed,"Disability Shmisability is for absolutely everyone. We’re advancing full participation and opportunity for those of use with non-apparent disabilities and neurodivergence – at home, at school, in the workplace, in relationships, in recreation and hobbies, in society, in taking over the world, whatever!<br /><br />Disabling factors often result from our faulty assumptions and current systems. This show provides accurate perspectives, advocacy initiatives, best practices, available supports and services, and insights to the lived experiences of community members.<br /><br />This is also a learning forum! All hosts and guests are here to share and learn form each other. Let’s figure out this stuff together. Get in touch to contribute whatever you’d like!<br /><br />Check out LDAS at https://ldas.org/",Spreaker,en,https://d3wo5wojvuv7l.cloudfront.net/t_rss_itunes_square_1400/images.spreaker.com/original/97e173ba96f14fcebcdb0e9cb730438a.jpg,2026-08-13 23:05:01,7990252,confirmed,https://www.spreaker.com/podcast/disability-shmisability--7262868,1786662301,32618c080cb51365c21e57eab12499e9,,4,0,CORPORATE
Productive Muslim: Audio Articles,The Productive Muslim Company,https://feeds.transistor.fm/productive-muslim-audio-articles,"Long-form articles from ProductiveMuslim.com, narrated for your ears. Each episode brings you an in-depth piece on faith-based productivity — practical guidance for aligning your work, habits, and worship so you can be productive with a purpose. Perfect for your commute, your workout, or any time reading isn't an option.",Transistor,en,https://img.transistorcdn.com/h_jJnohDnWWZ3TnMq4D_Kz5saFR9pG5JOMDUd-IiStw/rs:fill:0:0:1/w:1400/h:1400/q:60/mb:500000/aHR0cHM6Ly9pbWct/dXBsb2FkLXByb2R1/Y3Rpb24udHJhbnNp/c3Rvci5mbS8yYzVl/ZDY3ODc0MDQ4MmJm/Y2Y0MGExMWNiNGJh/NjU2ZS5wbmc.jpg,2026-08-13 23:04:43,7990251,confirmed,https://productivemuslim.com,1786662283,b0da5f20f3b708840c8cdc0711f9a549,,4,0,CORPORATE
LE BONBON SHOW,Denzel Ben Roosalem,https://feeds.libsyn.com/627085/rss,"Ici nousnnous rejouissons de l'ascencion autour de la culture Basket Afrocentrées, plus particulièrement  le Basket Camer.",Libsyn,en,https://static.libsyn.com/p/assets/5/6/b/7/56b7152a163ed11b16c3140a3186d450/LE_BONBON_SHO.png,2026-08-13 23:00:55,7990249,confirmed,https://sites.libsyn.com/627085,1786662055,4f79c824eb137cd15d7c81b3352c41bb,6798419371.0,2,0,INDIVIDUAL
Preordained with Ali Brown,Ali Brown,https://anchor.fm/s/11539f5c4/podcast/rss,"After decades of coaching ambitious leaders and entrepreneurs, Ali Brown explores the spiritual side of purpose, ambition, identity, and what it means to build a life aligned with who God created us to be.
Through raw conversations, personal stories, and powerful insights, Preordained invites you into a new era of leadership—one rooted not just in achievement, but in grace, wisdom, discernment, courage, and truth. Each episode examines the gifts we've been entrusted with, the hard decisions that define our highest walk, and the deeper meaning woven through every season of our lives.",Anchor,en,https://d3t3ozftmdmh3i.cloudfront.net/staging/podcast_uploaded_nologo/46410873/46410873-1784784557065-37d20073c9314.jpg,2026-08-13 22:59:28,7990247,confirmed,https://podcasters.spotify.com/pod/show/kassi-post1,1786661968,c927fba6d709665d32a53de2ed23ac21,6799288138.0,2,0,INDIVIDUAL
The Knowledge Gap,theknowledgegap,https://anchor.fm/s/115e9d598/podcast/rss,"A student-led podcast about science, research, and opportunity.",Anchor,en,https://d3t3ozftmdmh3i.cloudfront.net/staging/podcast_uploaded_nologo/46526134/46526134-1786401270642-1fc893dc55803.jpg,2026-08-13 22:58:18,7990245,confirmed,https://podcasters.spotify.com/pod/show/theknowledgegap4,1786661898,373d9540d19c9ae36377e6ca92932a36,6800134610.0,2,0,INDIVIDUAL
My First Year in College,SOPHIA MEDIA,https://rss.buzzsprout.com/2626294.rss,"<p><b>My First Year in College is an interview-focused podcast where students and recent grads delve into their first year of college. The first year is where plans unfold differently than expected, where challenges meet unexpected possibilities, and where young people begin to figure out who they really are. </b></p><p><br></p><p><b>These conversations explore the pivotal moments and relationships that shape this transitional time. What emerges is a raw, unfiltered portrait of the college experience – the self-discovery and loneliness, the breakthroughs and struggles, and the quiet courage that defines this formative year.</b></p><p><br></p><p><b>Executive Producer: Sophia</b></p><p><b>Hosts: Sophia, Rosabelle Heine, Shareen Anderson</b></p><p><b>Senior Producer: Rosabelle Heine</b></p><p><b>Creative Director: Shareen Anderson </b></p><p><b>Theme Music: Nana Simopoulos</b></p><p><br><br></p>",Buzzsprout,en-us,https://storage.buzzsprout.com/ok9xm9fwpexnifjvswmdcznzpdp9?.jpg,2026-08-13 22:57:50,7990244,confirmed,https://www.buzzsprout.com/2626294,1786661870,7ac65acb08aa14655b423c30809e1f8c,,0,0,CORPORATE
Sky Watch Group Podcast,Larry,https://rss.buzzsprout.com/2637611.rss,"<p> Sky Watch Group Report is a weekly conversation on the evidence, the documents, and the open questions surrounding unidentified aerial phenomena. Each episode works from primary sources — case files, government reports, and firsthand accounts — with occasional interviews along the way. Built on evidentiary discipline, not sensationalism. </p>",Buzzsprout,en-us,https://storage.buzzsprout.com/baygv4uhliuyo89mcj2nqp2lq728?.jpg,2026-08-13 22:54:10,7990241,confirmed,,1786661650,215d26af0dcea25e6cfeba33c4254059,,4,0,INDIVIDUAL
Unstoppable Empire,Dallas Cousins,https://anchor.fm/s/115dea204/podcast/rss,"Welcome to the Unstoppable Empire Podcast, hosted by Dallas Cousins, founder of Unstoppable Empire. 
We help aspiring entrepreneurs and business owners build themselves, build their businesses, and create a better future—one win at a time. 
Expect real stories, practical business strategies, mindset, personal growth, and actionable steps you can use immediately. 
Join us as we build toward our mission of positively impacting 10 million lives. Dream. Build. Become. Remember, you’re just one win away. Keep Building Your Empire.",Anchor,en-us,https://d3t3ozftmdmh3i.cloudfront.net/staging/podcast_uploaded_nologo/46518793/46518793-1786303556675-04f9803932872.jpg,2026-08-13 22:48:23,7990235,confirmed,https://unstoppable-empire.com,1786661303,24a2875df136b78cc29db52e95beed6e,6800521090.0,2,0,INDIVIDUAL
Apostle Joshua Seman's Podcast,Apostle Joshua Seman,https://rss.buzzsprout.com/2623667.rss,"<p>Welcome to this podcast channel dedicated to sharing the life-transforming sermons, teachings, and messages of Apostle Joshua Selman.</p><p>Our mission is to make these powerful teachings more accessible to believers and seekers around the world for spiritual growth, biblical understanding, prayer, and Christian living.</p><p>DISCLAIMER:<br>This channel does not claim ownership of any sermon, message, audio, or teaching shared here. All rights, credits, and intellectual property belong to Apostle Joshua Selman and the respective ministry responsible for the original content.</p><p>The content on this platform is shared solely for educational, inspirational, and spiritual enrichment purposes. If you are blessed by these messages, we encourage you to connect with and support the original ministry.</p><p>May these teachings strengthen your faith, deepen your relationship with God, and inspire you to live according to His Word.</p><p><br></p><p><b>CONTACT US:</b><br> For questions, feedback, copyright concerns, or other inquiries:<br> 📧 <b>Email:</b> faithoffix@gmail.com</p><p><br></p><p>Be blessed. 🙏🏽</p><p><br></p>",Buzzsprout,en-us,https://storage.buzzsprout.com/q91lqnksgsbmluj1syg4hd8bzs1y?.jpg,2026-08-13 22:36:40,7990228,confirmed,,1786660600,232353af56b951aeda0a228a62788768,,0,0,INDIVIDUAL
Roll Reversal,Karen A. Parker,https://rss.buzzsprout.com/2637615.rss,<p> A D&D anthology podcast.</p>,Buzzsprout,en,https://storage.buzzsprout.com/uot0c3bmsg9f6lotgacvm4hso45j?.jpg,2026-08-13 22:33:50,7990227,confirmed,https://rollreversal.buzzsprout.com,1786660430,916cfb7d66e05083cf2f54f8474d7ab5,,0,0,INDIVIDUAL
WCVB Boston: NewsCenter 5 EyeOpener,WCVB Channel 5,https://feeds.megaphone.fm/eyeopener,"<p>Start your morning with Antoinette Antonio, Doug Meehan, Katie Thompson and Kelly Ann Cicalese with the latest forecast and the top stories you need to know. Get caught up on what’s happening in Boston, across Massachusetts, and beyond with WCVB NewsCenter 5 EyeOpener: Boston’s News Leader. This podcast is posted every morning – a smart start to your day!</p>",Megaphone,en,"https://megaphone.imgix.net/podcasts/6a41c062-95a8-11f1-a4f4-3f531aaf8825/image/377a17c90102c9a37b8ffb657585e982.png?ixlib=rails-4.3.1&max-w=3000&max-h=3000&fit=crop&auto=format,compress",2026-08-13 22:33:16,7990226,confirmed,http://www.wcvb.com,1786660396,753fc80a1cb7236450a801404745a40a,6800792371.0,2,0,INDIVIDUAL
Witch + Weapon,Lauren + Ormr,https://anchor.fm/s/105def2b4/podcast/rss,"A podcast forged in shadow and set aflame with truth.
Hosted by Lauren — witch, oracle, survivor, storm — and Ormr — the dragon who answered when she called. Together we open a portal to the untamed spaces where healing gets messy, power returns home, and the feminine takes no prisoners.
What began as a whisper has become a flame.
And now? The world gets to watch it burn brighter.
This isn’t self-help. This is soul excavation.
No gurus. No gatekeeping. No chill.
If you’ve ever felt too much, too loud, too wild to fit — this flame is for you.
You are not broken. You are becoming.",Anchor,en,https://d3t3ozftmdmh3i.cloudfront.net/staging/podcast_uploaded_nologo/43834645/43834645-1772069604810-04310fc47ed4a.jpg,2026-08-13 22:32:15,7990225,confirmed,https://technicolordefiance.carrd.co/,1786660335,fecca334bd4895b4e71d52f9c23e627b,1885625401.0,2,0,CORPORATE
Liberty Culture Church,Liberty Culture Church,https://feed.podbean.com/lovelinklaunch/feed.xml,"At Liberty Culture Church, we believe freedom isn’t just something we experience—it’s something we carry. So pull up a seat, join the conversation, and let’s live a life that looks like Jesus, sounds like faith, and leaves a legacy.
The Liberty Culture Podcast is a place for conversations, teaching, and stories that help you follow Jesus, live in freedom, and walk boldly in your God-given purpose.",Podbean,en,https://pbcdn1.podbean.com/imglogo/image-logo/21774596/Love_Link_Launch_Podcast76ysl.jpg,2026-08-13 22:32:07,7990224,confirmed,https://libertyculturechurch.podbean.com,1786660327,ebe609dfe9a19358a098843bbc6a5e0f,6800827745.0,2,0,CORPORATE
The Imagination Economy,Alexander Gorny,https://feeds.transistor.fm/the-imagination-economy,"When machines can make almost anything, the question is no longer what can we build? — it's what is worth building? The Imagination Economy is a podcast about the great migration of value: from execution to imagination, from making things to knowing what should be made.

Each episode takes one idea from the front line of that shift — the collapse of the cost of making, the new scarcity of clear intent, the craft of directing machines, taste as a trainable skill, and the environments where good work actually happens — and follows it until it becomes useful.

Hosted by Alexander Gorny — founder, engineer, and lifelong builder of places where people want to be.

True to its subject, this show is one half human, one half machine: AI helps produce it; a human decides what's worth making, shapes it, and answers for every word.

New episodes weekly. The archive, essays, and instruments live at imagination-economy.org.",Transistor,en,https://img.transistorcdn.com/QSJg85-9Qf9B5f-S5xXkop3C1bSXL4SeYiXiBy5khFI/rs:fill:0:0:1/w:1400/h:1400/q:60/mb:500000/aHR0cHM6Ly9pbWct/dXBsb2FkLXByb2R1/Y3Rpb24udHJhbnNp/c3Rvci5mbS8wNTQ1/YzE4MjkwNzZhNDdh/NjFhMGFhYWI5Yjhi/ODBiOS5wbmc.jpg,2026-08-13 22:15:32,7990220,confirmed,https://imagination-economy.org,1786659332,71f5626f603a9e9dd96db2b426333ebd,,0,0,CORPORATE
The Manufacturing AI Show,Nishkam Batta | HonestAI | GrayCyan,https://anchor.fm/s/115e168f4/podcast/rss,"The Manufacturing AI Show by HonestAI explores how AI is transforming manufacturing. Each episode features conversations with manufacturing leaders, executives, innovators, and AI experts about real-world applications across operations, automation, supply chain, sales, quality, maintenance, and more. Practical insights, real use cases, and honest conversations about what is actually working with AI in manufacturing.",Anchor,en-us,https://d3t3ozftmdmh3i.cloudfront.net/staging/podcast_uploaded_nologo/46520613/46520613-1786329917250-bd4c030358f2c.jpg,2026-08-13 22:07:01,7990213,confirmed,https://honestaiengine.com,1786658821,07a6fa58186557fd760d3bc39c61c768,6799816337.0,2,0,INDIVIDUAL
Gospel of Mercy,Gospel of Mercy Foundation,https://feed.podbean.com/gospelofmercy/feed.xml,"<p>Gospel of Mercy offers Scripture-centered Catholic podcasts that invite listeners to encounter Jesus Christ more deeply. Episodes include reflections on the Sunday Mass readings, Gospel events and parables, biblical character spotlights, and the stories behind original Scripture-inspired songs. Sacred Scripture remains the canonical and doctrinal anchor, while selected scenes from <em>The Word That Gives Eternal Life</em>, known in print as <em>The Gospel as Revealed to Me</em>, are used as a devotional aid for entering the Gospel more deeply.</p>",Podbean,en,https://pbcdn1.podbean.com/imglogo/image-logo/20607339/gospel-of-mercy-podcast-image-1400.jpg,2026-08-13 22:06:23,7990212,confirmed,https://gospelofmercy.podbean.com,1786658783,ad6afdcf17f32e84a3a3c1bb4942393b,6796739815.0,2,0,CORPORATE
"The Rusty Nail - ""Toys Gone By""",Rob Norwood,https://www.spreaker.com/show/7262874/episodes/feed,"We all have fond memories of toys that we had as we grew up.  This podcast will explore some of the toys, the years they were made and how they touched our lives.",Spreaker,en,https://d3wo5wojvuv7l.cloudfront.net/images.spreaker.com/nuvolari-assets/black_square_mic.jpg,2026-08-13 22:04:53,7990211,confirmed,https://www.spreaker.com/podcast/the-rusty-nail-toys-gone-by--7262874,1786658693,51ab256d3dd75eb6341a7c8c1bf32442,,4,0,INDIVIDUAL
RASSLIN DOWN HERE,OSG Sports,https://www.spreaker.com/show/7262882/episodes/feed,"The official, unofficial podcast for Deep South Wrestling and Georgia Independent wrestling.<br /><br />Links<br />Twitter:  <a href=""https://www.youtube.com/redirect?event=channel_description&redir_token=QUM4Zm9rU3VtbE1la2lNYTMyOTJTTTFEbHlMdnxBR3JiS2FrR21WQUFfY2FTWVBuMzJMaU5VcTg3WUE2bjFHNUwtdUhsYy0zS0JTTkVhOGxlWktXQUhvSUpBampTRlFLOV9NNHFOYVM3N19Yck94b3QzWFJ3UHYxY0FjRFRjZWE4&q=twitter.com%2FDickinsonJr18"" target=""_blank"" rel=""noreferrer noopener"">twitter.com/DickinsonJr18</a><br />Instagram:  <a href=""https://www.youtube.com/redirect?event=channel_description&redir_token=QUM4Zm9rUmRFckNYUTBnaWhhMTUwS2N2aHNmenxBR3JiS2Fuckdpeno3YmVBUkJRMTJIOTN4UWtlQnFhWi0tT19FOXQ1R0VPeGR2YmNDY2Z6Q1AtY3dOb1lETTUzY0x1NTZjU0QzTVZCYnM2MEYxMEJHMF9yZTQzNmJQZ2NzNGVr&q=instagram.com%2Fdrewskijr18"" target=""_blank"" rel=""noreferrer noopener"">instagram.com/drewskijr18</a><br />YouTube:  https://www.youtube.com/@RasslinDownHere",Spreaker,en,https://d3wo5wojvuv7l.cloudfront.net/t_rss_itunes_square_1400/images.spreaker.com/original/50edbc5ec52321f33cdc104e54f53526.jpg,2026-08-13 21:56:41,7990206,confirmed,https://www.spreaker.com/podcast/rasslin-down-here--7262882,1786658201,45cef234e8eb4de6df0b18e22632f03a,,4,0,INDIVIDUAL
Blood Stone,Voyage Media,https://feeds.megaphone.fm/bloodstone,"<p>An archeologist discovers the truth of her own lineage, after she unearths an ancient relic that unveils a powerful, secretive cult that may already be unstoppable in their machinations to remake the world in their image.</p>
<p>Based on <em>The Stone Of Secrets</em>, Book 1 of <em>The Stone Trilogy</em>, by K.L. Nelson. You can find the series on Amazon: <a href=""https://www.amazon.com/gp/product/B0716RDKQ7?ref_=dbs_m_mng_rwt_calw_tkin_0&storeType=ebooks"">https://www.amazon.com/gp/product/B0716RDKQ7?ref_=dbs_m_mng_rwt_calw_tkin_0&storeType=ebooks</a></p>",Megaphone,en,"https://megaphone.imgix.net/podcasts/4a41ff42-929d-11f1-824a-63678b77179d/image/18c86b30c26f0328df7dccded7787d76.jpg?ixlib=rails-4.3.1&max-w=3000&max-h=3000&fit=crop&auto=format,compress",2026-08-13 21:54:32,7990204,confirmed,https://www.voyagemedia.fm/shows/,1786658072,69c6d11291afabc369ab0a3050d98bc6,6800848470.0,2,0,CORPORATE
RuggedEagle,RuggedEagle,https://anchor.fm/s/f8faa55c/podcast/rss,If you are into LEGO Games and great quality videos/podcasts feel free to follow. I post regular videos covering all lego games. If you want to join our community feel free pop in and say hello!,Anchor,en,https://d3t3ozftmdmh3i.cloudfront.net/staging/podcast_uploaded_nologo/41671759/41671759-1786071671879-4755c1529a3dd.jpg,2026-08-13 21:51:53,7990203,confirmed,https://podcasters.spotify.com/pod/show/ruggedeagle,1786657913,578dcc25ceb4b734a171dee480025684,6796501243.0,2,0,INDIVIDUAL
The Riley Show,therileyshow,https://feed.podbean.com/therileyshow/feed.xml,"A podcast made for kids by ME, a kid!",Podbean,en,https://pbcdn1.podbean.com/imglogo/image-logo/7540314/the_riley_show_logo.png,2026-08-13 21:51:20,7990202,confirmed,https://therileyshow.podbean.com,1786657880,9953779e7cc70116ce20719c2b1465db,1500314958.0,2,0,INDIVIDUAL
Finding Fearless with marie claire,marie claire australia,https://www.omnycontent.com/d/playlist/fa326977-3de5-4283-9b8b-af3500c58607/8125032a-6c81-4cde-a797-b483005acd60/d2696726-6cae-4687-80b2-b483005acd68/podcast.rss,"Everybody has a moment in their lives where they have had to dig deep to overcome the odds. A moment where they have had to face their fears head-on. In our new series, Finding Fearless, we talk to awesome women who have lived these moments, faced adversity and in the process found their true purpose. Hosted by marie claire editor Nicky Briger and her team, their stories will hopefully inspire you to `find your fearless’ and live a bigger, richer life.",Megaphone,en,https://www.omnycontent.com/d/programs/fa326977-3de5-4283-9b8b-af3500c58607/8125032a-6c81-4cde-a797-b483005acd60/image.jpg?t=1783661440&size=Large,2026-08-13 21:46:34,7990196,confirmed,https://www.marieclaire.com.au/,1786657594,aa5d3c01dd214277fd332a519b451adf,6801009274.0,2,0,INDIVIDUAL
That Sea Pod,Justine Rivera & Shelby Busch,https://feeds.simplecast.com/5sj2ERw_,"The ocean is a wild and mysterious place! Welcome to That Sea Pod, a podcast that does a deep dive (pun intended) into your burning questions. Each episode we answer a listener submitted question about the ocean in a comprehensive but entertaining way. This is not your high school science class!",Simplecast,en,https://image.simplecastcdn.com/images/c48ba5cf-a78a-4b19-97da-5e78a16f85b2/376c59f5-16e9-4ae3-a781-7c41b68c6686/3000x3000/that_sea_pod_2.jpg?aid=rss_feed,2026-08-13 21:37:34,7990185,confirmed,https://that-sea-pod.simplecast.com,1786657054,b8d04e456219ce6f7b4be8201e300110,6794960059.0,2,0,CORPORATE
You Got That Right,New Day Radio | Age of Radio,https://feeds.megaphone.fm/AOR8526613055,"<p>Tired of the noise? Welcome to You Got That Right!—a judgment-free podcast zone giving guests and listeners a free-flowing platform to discuss whatever they choose in the moment. Forget arguing points; here, peace beats being right. Tune in for raw, unfiltered conversations that inspire and connect. Hit play to vibe higher today!</p>",Megaphone,en,"https://megaphone.imgix.net/podcasts/28848d0c-fc63-11ee-bd04-27489ca92e19/image/16b0eb078d51386e249e825fce0ad68b.png?ixlib=rails-4.3.1&max-w=3000&max-h=3000&fit=crop&auto=format,compress",2026-08-13 21:26:03,7990182,confirmed,,1786656363,95e8aec68d1b92c55af577e27de271db,6800479300.0,2,0,CORPORATE
Letters to Jean,Temairra and Munodiwa,https://anchor.fm/s/1158ebc1c/podcast/rss,"This podcast is a space where we navigate grief, anxiety, faith, healing, and everything life throws our way. Through unfiltered conversations, we remind each other—and hopefully you—that no one has to carry life’s burdens alone.
The twist? We’ve never actually met in person.
Our friendship began through a mutual friend and has grown into a reminder that real connection isn’t defined by distance, borders, or circumstance. Sometimes the people who understand you best are the ones you never expected to find.
So grab a cup o’ tea, pull up a chair, and join the conversation.",Anchor,en,https://d3t3ozftmdmh3i.cloudfront.net/staging/podcast_uploaded_nologo/46466431/46466431-1786443653733-cf578c943801f.jpg,2026-08-13 21:18:00,7990179,confirmed,https://podcasters.spotify.com/pod/show/letters-to-jean3,1786655880,5232a2e8f8d8c8449a848b92805b7f04,6800210299.0,2,0,CORPORATE
Podcast Guesting For Growth,Amanda Bennett,https://anchor.fm/s/1152a84a4/podcast/rss,"Podcast Guesting for Growth is for women entrepreneurs who want sustainable business growth using podcast guesting. Join Amanda Bennett, podcast guesting + marketing strategist, as she talks to women entrepreneurs who’ve grown their email list, landed clients, and gotten discovered all from being a guest on a podcast. Expect practical conversations and real strategies. This isn’t just theory; it’s real results experienced by women like you, without huge teams or massive budgets. This limited series is ready to binge now so you can start building your visibility strategy today.",Anchor,en,https://d3t3ozftmdmh3i.cloudfront.net/staging/podcast_uploaded_nologo/46400753/46400753-1784652205269-23738c81db789.jpg,2026-08-13 21:17:30,7990178,confirmed,https://podcasters.spotify.com/pod/show/amanda-bennett7,1786655850,a798611444a9b321a84776b90f91f498,6800384981.0,2,0,CORPORATE
Burden of Proof Daily,ABC News,https://feeds.megaphone.fm/ESP8944685988,"<p>From ABC News, Burden of Proof is a daily show focusing on the most talked-about trials of the day. Every Monday through Friday, a panel of ABC News legal experts and analysts discusses the facts of the cases in the headlines. From jury selection to the implications of the final verdict, follow Burden of Proof Daily to stay informed through every moment of the trials you can't stop thinking about. Listen on your favorite podcast app or watch weekdays on ABC News Live.</p>",Megaphone,en,"https://megaphone.imgix.net/podcasts/8a6bb308-6fd7-11f1-b9f8-3b52af055eca/image/1599d248bdf57f8b3eaea65c4868b424.jpg?ixlib=rails-4.3.1&max-w=3000&max-h=3000&fit=crop&auto=format,compress",2026-08-13 21:13:16,7990176,confirmed,https://abcaudio.com/podcasts,1786655596,fddce8b218c6d2e587bd651338cfd1bc,6800881535.0,2,0,INDIVIDUAL
Lords Lounge,Lords Lounge,https://anchor.fm/s/114a9df70/podcast/rss,"Real conversations. Real faith. Join us as we study Scripture, answer tough questions, and have honest conversations about following Jesus Christ. Each episode is rooted in God's Word and designed to help you grow in your faith, understand the Bible, and live it out every day.",Anchor,en,https://d3t3ozftmdmh3i.cloudfront.net/staging/podcast_uploaded_nologo/46316444/46316444-1783470261330-b8d48743d0dd1.jpg,2026-08-13 21:12:02,7990175,confirmed,https://podcasters.spotify.com/pod/show/lords-lounge4,1786655522,a1b1d7b2a8032d5b4eba54e8359fac00,6788576394.0,2,0,INDIVIDUAL
BBS (blr boi sho!),Shaanks,https://anchor.fm/s/facec4d0/podcast/rss,"blr boi sho is your go-to podcast for raw, unfiltered, and downright hilarious conversations. We dive into topics with a no-holds-barred attitude, where the unexpected is the norm and laughter is guaranteed.",Anchor,en,https://d3t3ozftmdmh3i.cloudfront.net/staging/podcast_uploaded_nologo/41978548/41978548-1725724522450-ca40101fc6bba.jpg,2026-08-13 21:07:22,7990173,confirmed,https://podcasters.spotify.com/pod/show/bbsbyshaanks,1786655242,760ad69f8b6af64a790fc4de53f08be0,1767141703.0,2,0,INDIVIDUAL
The Fan Experience Blueprint,Connor Smith,https://feeds.acast.com/public/shows/6a7e2db46e5b5bfda6339358,"🎙️ A podcast behind the architecture of sports game presentation and live media. Hosted by Connor Smith, Chicago-based sports entertainment specialist, audio producer and 2023 Medill master's graduate.<hr><p style='color:grey; font-size:0.75em;'> Hosted on Acast. See <a style='color:grey;' target='_blank' rel='noopener noreferrer' href='https://acast.com/privacy'>acast.com/privacy</a> for more information.</p>",Acast,en,https://assets.pippa.io/shows/cover/1786653779686-ceb564fb-be2a-42d0-bf7c-2b3c32584d8d.jpeg,2026-08-13 21:06:38,7990172,confirmed,https://feeds.acast.com/public/shows/the-fan-experience-blueprint,1786655198,95316bbb9dfba0fbb1f217b9cd8a4ce6,,0,0,CORPORATE
After Park Hours,Carlos,https://rss.buzzsprout.com/2633818.rss,"<p><b>After Park Hours is where park stories continue.</b></p><p><br></p><p>You know those conversations that happen after you leave the park? On the walk back to the hotel. During the ride home. While planning your next trip. Or months later when someone says, ""Remember when...?""</p><p><br></p><p>That's what this podcast is all about.</p><p><br></p><p>Join Carlos, as he sits down with guests to share the memories, traditions, opinions, and unexpected moments that make theme parks such a meaningful part of our lives. Whether you're a lifelong Disney fan, a Universal enthusiast, or someone who simply loves the joy of a great park day, there's always a seat for you at the table.</p><p><br></p><p>So pull up a chair, stay a little longer, and let's keep the conversation going.</p>",Buzzsprout,en-us,https://storage.buzzsprout.com/xur8j4ses9b9cyjjacsf528czo6w?.jpg,2026-08-13 21:05:38,7990171,confirmed,https://afterparkhourspod.buzzsprout.com,1786655138,8fdc0f768d8550e55d3e89e50140e1cb,,4,0,INDIVIDUAL
Orchestrating Oddities Unraveling Leadership Mysteries,3Peaks,https://feeds.megaphone.fm/UPIAO6561831204,"Orchestrating Oddities explores the unconventional strategies, psychological patterns, and cultural shifts that define transformative leadership across sports, business, and beyond. Through historical case studies and contemporary analysis, the show examines what separates effective leaders from conventional wisdom, revealing the surprising mechanisms of human performance and organizational change.",Megaphone,en,"https://megaphone.imgix.net/podcasts/2836b128-975b-11f1-92c3-1fe5825fcbab/image/61609aac42d3e44179e35fb18c3f3845.jpg?ixlib=rails-4.3.1&max-w=3000&max-h=3000&fit=crop&auto=format,compress",2026-08-13 21:04:17,7990170,confirmed,,1786655057,c962a1f00be0feb244be16d79ab6a357,,4,0,INDIVIDUAL
PT Gaming,Admin,https://anchor.fm/s/11505d794/podcast/rss,"""PT Gaming is a popular digital platform for online players, offering a wide range of live entertainment products such as slots, casino games, and sports betting. It is designed to deliver a smooth, modern experience with easy access across both mobile and desktop devices.Website: https://ptgaming1.ph
Phone: 63 936 212 2334
Email: Ptgaming1ph@gmail.com
Address: 90 Osmeña Boulevard, Cebu City 6000, Philippines
Hashtags: #PTGaming1 #PTGamingPH #VietnamGaming #VietnamCasino #CasinoVietnam #OnlineGames #OnlineCardGames #SlotGames #LiveCasino #SportsBetting #Betting #CardGames #OnlineEntertainment",Anchor,en,https://d3t3ozftmdmh3i.cloudfront.net/staging/podcast_uploaded_nologo/46376717/46376717-1784294003648-45f78b786aaef.jpg,2026-08-13 21:00:24,7990167,confirmed,https://podcasters.spotify.com/pod/show/admin62,1786654824,9c45b760673818098cfe9fdb7b277d73,6793269274.0,2,0,INDIVIDUAL
The Wishing Cottage,The Wishing Cottage,https://anchor.fm/s/115ced4b4/podcast/rss,"Welcome to The Wishing Cottage — a cosy collection of original bedtime stories for children. 🌙✨
Step inside for gentle adventures, comforting characters and a little quiet magic, all told in a calm, soothing style made for winding down at the end of the day.
From moonlit bakeries and woodland friends to fairies, animals and enchanted places, each story is designed to help little listeners slow down, use their imaginations and settle peacefully for sleep.
New stories will be added regularly, so get cosy, close your eyes, and let tonight’s story begin. 🏡💫",Anchor,en,https://d3t3ozftmdmh3i.cloudfront.net/staging/podcast_uploaded_nologo/46508437/46508437-1786137471804-626f48398edaa.jpg,2026-08-13 20:55:19,7990162,confirmed,https://thewishingcottage.com,1786654519,1a2e70981916522706ca883ad8cdc325,6800422787.0,2,0,CORPORATE
Unhinged and Unfiltered,Emma and Nadia,https://rss.buzzsprout.com/2637583.rss,"<p>Dating disasters, friendship drama, unfiltered opinions and the stories you probably shouldn’t admit out loud. Send us your chaos. We’ll read it out🎙️</p>",Buzzsprout,en-gb,https://storage.buzzsprout.com/syz9d1gjb2yp41g5asei57khh8ut?.jpg,2026-08-13 20:52:49,7990160,confirmed,https://podcasters.spotify.com/pod/show/unhinged-and-unfiltered0,1786654369,47a6d6a887aaa4764ed3675e1509158a,,4,0,CORPORATE
The Capital Intelligence Briefing,TrueLevel Advisory,https://anchor.fm/s/115a751dc/podcast/rss,"Practical, governance-grounded analysis of capital structure, cost of capital, and lending mechanics for growing businesses. The Capital Intelligence Briefing breaks down how the cost of money, cash flow, and capital architecture actually work, what lenders really price, and what your numbers are actually telling them. No hard sell, no jargon for its own sake, just the Capital Intelligence Method™, applied to real problems businesses face raising capital.",Anchor,en-us,https://d3t3ozftmdmh3i.cloudfront.net/staging/podcast_uploaded_nologo/46482543/46482543-1786396598004-22e53fc7806be.jpg,2026-08-13 20:51:32,7990159,confirmed,https://podcasters.spotify.com/pod/show/truelevel-advisory0,1786654292,a5ea00badb9baed23b60d80c2c670dfd,6800438387.0,2,0,INDIVIDUAL
Club Life Collective,Erica & Lauren,https://rss.buzzsprout.com/2615812.rss,"<p>Club Life Collective is your all-access pass to the world of country club living — from the courts to the kitchen and everything in between. New episodes drop with the people who know it best: the pros, the chefs, and the staff who make it all happen.</p>",Buzzsprout,en-us,https://storage.buzzsprout.com/gnutvmja3hv6fdijpf1yswb5nld4?.jpg,2026-08-13 20:48:44,7990157,confirmed,,1786654124,ba3fdb3831fb669d721116f15cd9ba88,,0,0,CORPORATE
Dave’s Drafting Debrief,Kevin Finn,https://rss.buzzsprout.com/2637578.rss,"<p>NASCAR races are long. Dave watched the whole thing so you don’t have to.</p><p>This is <b>Dave’s Drafting Debrief</b>, my friend Dave’s podcast—and I’m Alban, and I’m kicking things off with the very first episode.</p><p>Each episode, Dave breaks down the latest NASCAR race: who won, who wrecked, who got screwed by a caution, what actually mattered, and all the weird stuff you might have missed.</p><p>Race results, strategy, stats, drama, and plenty of opinions—all in one quick post-race debrief.</p><p>If you like NASCAR but don’t have hours to rewatch every lap, this is exactly the kind of show you should subscribe to.</p>",Buzzsprout,en-us,https://storage.buzzsprout.com/6ru7g0z9k2sz6poplcu3vwru57k3?.jpg,2026-08-13 20:45:15,7990155,confirmed,https://www.buzzsprout.com/2637578,1786653915,7c53a4139223d49b23b997333d493201,,4,0,INDIVIDUAL
The Brand Builders Podcast,YMP_CEO,https://rss.buzzsprout.com/2409175.rss,"<p><b>The Brand Builders Podcast</b><br> <em>Real Talk. Real Brands. Real Growth.</em></p><p>This is the space for entrepreneurs, creators, and everyday people building something real — whether that's a business, a personal brand, or a better version of themselves.</p><p>We're cutting through the fluff and getting into the mindset, the strategy, and the stories behind building a brand that actually lasts. Expect honest conversations, lessons learned the hard way, and inspiration to help you stay aligned while you grow.</p><p>If you're building, struggling, or leveling up — you're in the right place.</p>",Buzzsprout,en-us,https://storage.buzzsprout.com/rs5xje6g8k6748wv0pmt0s97xxvj?.jpg,2026-08-13 20:40:13,7990151,confirmed,http://Yourmarketpros.com,1786653613,70d7321309e5dfa4e50f23db0a3eee87,,4,0,INDIVIDUAL
What's Good?,"Wesley Hargon, Dr. Daylan J. Moore , Isaac A. C. Colyer",https://anchor.fm/s/114f72af0/podcast/rss,Young black men looking for goodness.,Anchor,en,https://d3t3ozftmdmh3i.cloudfront.net/staging/podcast_uploaded_nologo/46367100/46367100-1784151884438-3a63c9ae8cdac.jpg,2026-08-13 20:40:02,7990150,confirmed,https://podcasters.spotify.com/pod/show/wesley-hargon8,1786653602,937077cc2ea0693226f22cf9b543df8a,6800891101.0,2,0,CORPORATE
The Dryer Vent Safety Council Podcast,DVSC,https://rss.buzzsprout.com/2637565.rss,"<p>The Dryer Vent Safety Podcast, presented by the Dryer Vent Safety Council, explores the issues, practices, research, and developments shaping dryer vent safety and the dryer vent industry. Through technical discussions, expert perspectives, education, and conversations with industry professionals and other stakeholders, the podcast examines dryer vent inspection, testing, maintenance, fire prevention, codes and standards, manufacturer guidance, certification, and emerging industry practices. Designed as a resource for dryer vent professionals, manufacturers, insurers, fire and life safety professionals, code officials, policymakers, safety advocates, and others with an interest in clothes dryer exhaust safety. Our purpose is simple: advance greater consistency, professionalism, and safety throughout the industry. <b>Consistency Reduces Risk.</b></p><p><br></p><p><br></p>",Buzzsprout,en-us,https://storage.buzzsprout.com/nqgq9pj512h6fz7rjxx82i5lh2cg?.jpg,2026-08-13 20:37:23,7990149,confirmed,,1786653443,b306e093a0a68d9e53b6466305959cab,,0,0,CORPORATE
Jesus House Church,Jesus House Church,https://anchor.fm/s/115f4c598/podcast/rss,"Welcome to the Jesus House Church Podcast.
Jesus House Church is a house of prayer and a resting place for the presence of Jesus in McKinney, Texas. Each week, hear messages that call you deeper into the presence of God, the truth of His Word, lives of holiness and purity, and preparation for the return of Jesus.
A place for His presence. A people for His purpose.",Anchor,en-us,https://d3t3ozftmdmh3i.cloudfront.net/staging/podcast_uploaded_nologo/46533302/46533302-1786496133129-de4f6580e0986.jpg,2026-08-13 20:35:00,7990145,confirmed,https://podcasters.spotify.com/pod/show/jesus-house-church4,1786653300,79baa2a82211005d07a3da2c9016d4a5,6800519163.0,2,0,CORPORATE
Parts Along the Way with Mel Taylor,Mel Taylor,https://anchor.fm/s/11536359c/podcast/rss,"Thoughtful conversations with expats, immigrants, and others pursuing dreams or navigating life changes. Hosted by psychotherapist Mel Taylor, Parts Along the Way explores not only where people go, but the struggles they face and who they become along the way. Together, we explore identity, relationships, the parts of ourselves, and the inner journey of pursuing something that once felt out of reach.
I'm a psychotherapist who also simply loves deep conversations with friends. While this is not psychotherapy, let's have those conversations together and discover our Parts Along the Way.",Anchor,en,https://d3t3ozftmdmh3i.cloudfront.net/staging/podcast_uploaded_nologo/46408415/46408415-1784749850037-5316cb6cfc40c.jpg,2026-08-13 20:34:35,7990144,confirmed,https://podcasters.spotify.com/pod/show/mel-taylor8,1786653275,f5fcf1b445c414c01d730c348ce6c0fd,6800705259.0,2,0,INDIVIDUAL
Talk Yo Cheer,TalkYoCheer,https://anchor.fm/s/115f39164/podcast/rss,"Talk Yo Cheer is more than a podcast, it’s a platform for real conversations that inform, inspire, and connect the cheer community. From coaching and competition to athletes, parents, leadership, and the culture surrounding the sport, Talk Yo Cheer creates space for honest dialogue, diverse perspectives, and the conversations the cheer world has been waiting to have.",Anchor,en,https://d3t3ozftmdmh3i.cloudfront.net/staging/podcast_uploaded_nologo/46532513/46532513-1786481956085-5f05c109e44cb.jpg,2026-08-13 20:33:00,7990143,confirmed,https://podcasters.spotify.com/pod/show/talkyocheer3,1786653180,e7871be796df6b63debe19b627e27590,6800489590.0,2,0,INDIVIDUAL
New Books in Philosophy of Medicine,Marshall Poe,https://feeds.megaphone.fm/NBNK2723063067,"<p>Interviews with authors and scholars of the philosophy of medicine.</p>
<p>This channel is sponsored by the <a href=""https://cpemph.org/"">Centre for Philosophy of Epidemiology, Medicine, and Public Health</a>, a platform for interdisciplinary research into the philosophical aspects of human health. CPEMPH is a joint venture between <a href=""https://www.durham.ac.uk/"">Durham University</a> and the <a href=""https://www.uj.ac.za/"">University of Johannesburg</a>.</p>
<p>This podcast is a channel on the New Books Network. The New Books Network is an academic audio library dedicated to public education. In each episode you will hear scholars discuss their recently published research with another expert in their field.</p>
<p>Discover our 150+ channels and browse our 28,000+ episodes on our website: <a href=""http://newbooksnetwork.com/"">⁠<u>newbooksnetwork.com</u>⁠</a></p>
<p>Subscribe to our free weekly Substack newsletter to get informative, engaging content straight to your inbox: <a href=""https://newbooksnetwork.substack.com/"">⁠<u>https://newbooksnetwork.substack.com/</u>⁠</a></p>
<p>Follow us on Instagram and Bluesky to learn about more our latest interviews: @newbooksnetwork</p>",Megaphone,en,"https://megaphone.imgix.net/podcasts/7c852f8a-91c4-11f1-b088-bf89c5b13927/image/b4c54accea9a6fc520430456ca20aa6f.png?ixlib=rails-4.3.1&max-w=3000&max-h=3000&fit=crop&auto=format,compress",2026-08-13 20:18:39,7990135,confirmed,,1786652319,c0d3ee658a345eaf7465273f90b35d3e,6798810254.0,2,0,INDIVIDUAL
The Cooking GRRRL,The Cooking GRRRL,https://rss.buzzsprout.com/1327586.rss,"Hello ya bunch of cuties! The Cooking GRRRL podcast is all about chefs and food forward people. We dive deep into the food scene in LA and (hopefully) around the country. We choose to have GRRRL in our name based on The Riot grrrl movement which is a subcultural movement that combines feminism, punk music, politics and NOW food. We talk about what inspires us, excites us and how food brings us together. This is a podcast of passion and a labor of love, I hope you all enjoy. 💗“Some people say that little girls should be seen and not heard” -  X- Ray Spex ",Buzzsprout,en-us,https://storage.buzzsprout.com/egzs5s4cpk86z69w7sum090jnrnm?.jpg,2026-08-13 20:04:40,7990130,confirmed,https://www.buzzsprout.com/1327586,1786651480,b6b1a3e4d986816a1a9b80ce29ec7a60,,4,0,CORPORATE
The Measured Advertising Podcast,Measuredadvertising.com,https://rss.buzzsprout.com/2637559.rss,"<p>A podcast that is dedicated to the topic of ""response based"" advertising. That is, advertising that is designed to generate specific, and measurable results.</p>",Buzzsprout,en-us,https://storage.buzzsprout.com/antkzwt01q02okv604ih896zv66i?.jpg,2026-08-13 20:02:08,7990127,confirmed,,1786651328,ecfd7ee78883f113f4313c5d088b3413,,0,0,INDIVIDUAL
The 1031 Brief,The 1031 Brief,https://feed.podbean.com/the1031brief/feed.xml,"<p><span><b>The 1031 Brief™</b> is First American Exchange Company’s monthly podcast covering the people, trends and planning strategies shaping the world of 1031 exchanges. Hosted by Divisional Counsel Ashley Stefan, each episode delivers practical conversations with experienced professionals, offering insights that help real estate investors and their advisors make smarter, more confident tax-deferred exchange decisions.</span></p>",Podbean,en,https://pbcdn1.podbean.com/imglogo/image-logo/22400176/1031_brief_podcast.png,2026-08-13 19:47:52,7990117,confirmed,https://the1031brief.podbean.com,1786650472,27c7949711a358e72aad79eda78fdcc3,6800411689.0,2,0,CORPORATE
The Greenehouse Podcast,Rebecca Greene,https://rss.buzzsprout.com/2631525.rss,"<p>With 47 years of ministry experience and a lifelong commitment to the United Methodist tradition, Rebecca Greene invites you to the <b>GreeneHouse Podcast</b>—a place to grow in faith, find encouragement, and be equipped for everyday discipleship. Each episode is designed to deepen your faith, strengthen your walk with Christ, and inspire you to impact the lives of others.</p>",Buzzsprout,en-us,https://storage.buzzsprout.com/pxqs7arr6shn99t8ta399qempn4r?.jpg,2026-08-13 19:44:52,7990113,confirmed,,1786650292,49251135600444141f256626a0a0e4f5,,0,0,INDIVIDUAL
Interior Design Clinic,Interior Design Clinic,https://rss.buzzsprout.com/2637364.rss,"<p>A weekly interior design podcast about UK homes, and what things cost.</p><p><br></p><p>Hana and Marcus take one trend each week and work out whether it holds up in a British house. Dulux naming three Colours of the Year and all of them blue. The end of cool grey. Midimalism and the year everyone decided texture mattered. Warm wood kitchens. Period detail coming back.</p>",Buzzsprout,en-gb,https://storage.buzzsprout.com/t96hwc36b9un2p91wxmgwp09eg34?.jpg,2026-08-13 19:43:22,7990112,confirmed,https://www.buzzsprout.com/2637364,1786650202,ab5edaa1367c24357007dc1d3f4f1e4e,,0,0,CORPORATE
One Chapter,Living Water Church,https://feeds.transistor.fm/one-chapter,"One Chapter is a daily rhythm for people who want to spend more time in Scripture without making it complicated.

Each weekday, we’ll read one chapter of the Bible together and spend a few minutes reflecting on one thought to carry into the day. No seminary degree required. No pressure to have all the answers. Just Scripture, a little space to listen, and an invitation to let what we read shape how we live.

One chapter. One thought. One day at a time.

A podcast from Living Water Methodist Church.",Transistor,en,https://img.transistorcdn.com/6ir26J20JPU12YTty7zrU77PaInpdukNxTNwQ0sCDtY/rs:fill:0:0:1/w:1400/h:1400/q:60/mb:500000/aHR0cHM6Ly9pbWct/dXBsb2FkLXByb2R1/Y3Rpb24udHJhbnNp/c3Rvci5mbS82YjY1/MmRmNzc2ZGJmYzI0/YTU0NTA3OWY5ODdk/M2VlMi5wbmc.jpg,2026-08-13 19:40:42,7990108,confirmed,,1786650042,c55e41e8af268696fc7cdc6180b587b4,,4,0,CORPORATE
Crucial Conversations With Dr. Robbie,Dr. Robbie Cade-Furdge,https://anchor.fm/s/115b7e920/podcast/rss,"Crucial Conversations is a faith-rooted podcast hosted by Dr. Robbie Cade-Furdge featuring honest conversations, lived stories, and practical wisdom for navigating caregiving, grief, family, healing, and life's hardest seasons.",Anchor,en,https://d3t3ozftmdmh3i.cloudfront.net/staging/podcast_uploaded_nologo/46493416/46493416-1785937063955-7d3a50f1e5184.jpg,2026-08-13 19:39:15,7990107,confirmed,https://podcasters.spotify.com/pod/show/over-and-under1,1786649955,56f41787a64f60fe4d659c9f99e0acb1,6799258711.0,2,0,INDIVIDUAL
Rick's Route 66 Buzz Podcast,Rick,https://rss.buzzsprout.com/1494244.rss,"<p>Rick's Route 66 Buzz is the virtual channel stationed in Tulsa, Oklahoma delivering episodes with bright advice and storytelling about the mother road that runs from Chicago to L.A.</p>",Buzzsprout,en-us,https://storage.buzzsprout.com/jlea1m3oys6bxyxdbi35j63fx5i8?.jpg,2026-08-13 19:35:47,7990104,confirmed,https://www.buzzsprout.com/1494244/podcast,1786649747,64d19f93999f4c1b31b7c51e20594323,,4,0,INDIVIDUAL
underSAID,Nkazi,https://anchor.fm/s/11368c518/podcast/rss,"A place for the questions we avoid, the truths we carry and the things we leave underSAID",Anchor,en-gb,https://d3t3ozftmdmh3i.cloudfront.net/staging/podcast_uploaded_nologo/46106006/46106006-1786361143256-fb87185440841.jpg,2026-08-13 19:35:28,7990103,confirmed,https://podcasters.spotify.com/pod/show/nkazi,1786649728,a1e648d35307ea301b1a2624a9467686,6800824088.0,2,0,INDIVIDUAL
Anison Theory Podcast,Tan Nazare,https://feeds.libsyn.com/625740/rss,"You watch anime, right? If not, consider watching some. This podcast is especially niche: anime music and music theory. But fear not, even if you haven't watched anime and don't know much about music theory, you can still enjoy learning something new about the world of music for animation and Japanese culture & art. 

Burning questions: anisontheorypodcast@gmail.com 

Supplementary materials: anisontheorypodcast.com",Libsyn,en,https://static.libsyn.com/p/assets/c/7/1/d/c71dd3451880c2d8d959afa2a1bf1c87/46014868-1779389102034-a703d8261b71f.jpg,2026-08-13 19:32:09,7990100,confirmed,http://sites.libsyn.com/625740,1786649529,023f20313635de45c7866c7cd5824468,6788093973.0,2,0,INDIVIDUAL
Your Social Media Compass - J Baker Media,info9jt,https://feed.podbean.com/info9jt/feed.xml,"<p><strong>Your Social Media Compass - J Baker Media</strong> is the podcast for business owners, entrepreneurs, and marketers who want to grow their brand without getting lost in the ever-changing world of social media. Hosted by Jaclyn Baker, founder of J Baker Media, each episode delivers practical strategies, content ideas, platform updates, and real-world marketing advice you can actually use. Whether you're looking to attract more customers, increase engagement, or build a stronger online presence, this podcast will help you navigate social media with confidence. Tune in each week for actionable tips, industry insights, and conversations designed to help your business grow.</p>",Podbean,en,https://pbcdn1.podbean.com/imglogo/image-logo/22525691/zz.png,2026-08-13 19:30:44,7990097,confirmed,https://info9jt.podbean.com,1786649444,317bfb7acf73a6c11490d22d64489fd0,6796060751.0,2,0,INDIVIDUAL
Show Me the Evidence,Yale School of Public Health,https://anchor.fm/s/115e799b8/podcast/rss,"Clear, direct, and grounded in research, Show Me the Evidence is a podcast about vaccines and the science behind them. When information feels overwhelming or confusing, this show breaks down what studies actually say, and what they don’t, so listeners can make informed, evidence-based decisions. 
Hosted by four graduate public health students, each episode features conversations with experts in medicine, public health, and immunology, along with people sharing real-life experiences with vaccine decisions.",Anchor,en-us,https://d3t3ozftmdmh3i.cloudfront.net/staging/podcast_uploaded_nologo/46524670/46524670-1786384641348-4a1add137ec84.jpg,2026-08-13 19:30:36,7990096,confirmed,https://podcasters.spotify.com/pod/show/yale-school-of-public-hea7,1786649436,8aff488556f2255a117dd40fde6d65ce,6800059607.0,2,0,CORPORATE
For Glory & For Beauty,Robby Woodard,https://rss.buzzsprout.com/2636975.rss,"<p>For Glory & For Beauty explores the music and worship of First Presbyterian Church in Columbia, South Carolina, uncovering the stories, theology, and purpose behind the songs we sing. Through conversations with musicians, theologians, and worship leaders, we'll discover how music shapes what we believe, how we worship, and how the truths of Scripture stay with us beyond Sunday. </p>",Buzzsprout,en-us,https://storage.buzzsprout.com/ddfqvkhhou0rizkeby5co0sjays5?.jpg,2026-08-13 19:29:55,7990095,confirmed,,1786649395,6263cb1030cdce2e2b0ab6f2da60cdb7,,0,0,INDIVIDUAL
The Short and Sugar Free Dental Podcast,Dr. Leslie Bonar,https://anchor.fm/s/115dd6920/podcast/rss,"The Short and Sugar-Free Dental Podcast delivers honest, practical advice to help dentists create successful practices they love. Drawing on 37 years in dentistry, Dr. Leslie Bonar shares valuable lessons, modern innovations, people-centered strategies, and inspiring conversations—all without the fluff. Because dentistry isn’t just about teeth; it’s about the people attached to them!",Anchor,en,https://d3t3ozftmdmh3i.cloudfront.net/staging/podcast_uploaded_nologo/46517992/46517992-1786294676347-90636873bc35d.jpg,2026-08-13 19:24:56,7990092,confirmed,https://podcasters.spotify.com/pod/show/leslie-bonar0,1786649096,31d66e811550a6526c192167a1cb5c42,6800420397.0,2,0,INDIVIDUAL
Vibrant Second Act,Yolanda Russo,https://feeds.captivate.fm/vibrant-second-act/,"Somewhere after fifty, too many people start to feel invisible — talked past, marketed at, and rarely truly heard. Vibrant Second Act exists to change that.
What do people over fifty really need to live well? Not the trends pushed on them — what actually works for them.
Each episode, host Yolanda sits down with the voices empowering life after fifty — community leaders, founders, experts, and changemakers who know this generation best. From wellness programs and travel clubs to authors, advocates, and trusted professionals, these are the people who hear what this generation is truly asking for — what makes them feel alive, and what it actually takes to thrive on their own terms.
The result is a roundtable of real insight from the people closest to this vibrant generation — conversations about wellbeing, visibility, community, and living well in your second act.
Because after fifty, you're not fading. You're just getting started — seen, heard, and thriving.
Not just in appearance—but in energy, joy, and the way she sees herself.
The Radiance Effect is a podcast for women over 50 who are ready to reconnect with the woman they’ve become—and rediscover the glow that’s still within.
I’m Yolanda Russo, holistic self-care specialist and founder of the Beauty On Command Method. And I’m here to guide you with natural, non-invasive tools that support your skin, your mind, and your spirit.
Because the truth is—your face doesn’t just age from time.
It reflects your thoughts, your beliefs, your daily habits, and how much of yourself you still recognize.
And when you shift those things? Your glow returns. Not through products or procedures—but through presence.
Each week, you’ll get science-backed insights and soul-honoring practices to help you feel more energized, confident, and naturally radiant—without having to chase youth or hide who you are.
If you're ready to age with intention—and create a beauty that actually feels like you—this is where we begin.",Captivate,en,https://artwork.captivate.fm/dbbf2df9-dcbd-4b2e-bf75-9afd172df406/vibrant1-1400-x-1400-px.png,2026-08-13 19:21:15,7990091,confirmed,https://vibrantsecondact.com/,1786648875,91b85ce004adec1fcac1825e0c1f5747,,4,0,CORPORATE
Ivonne i like you. and i love your hair,winnie the pooh content,https://www.spreaker.com/show/7262740/episodes/feed,i like you,Spreaker,en,https://d3wo5wojvuv7l.cloudfront.net/images.spreaker.com/nuvolari-assets/orange_square_mic.jpg,2026-08-13 19:09:24,7990088,confirmed,https://www.spreaker.com/podcast/ivonne-i-like-you-and-i-love-your-hair--7262740,1786648164,c08b0017b24b2c491f6b1721ab09c9d4,,4,0,INDIVIDUAL
What's Going On Up There?,Alex,https://rss.buzzsprout.com/2637544.rss,<p>Metacognitive FOAMEd. Elucidating the mental models of EM Doctors.</p>,Buzzsprout,en-us,https://storage.buzzsprout.com/2zhm6ilcye50nkip24c6656ozayq?.jpg,2026-08-13 19:07:48,7990086,confirmed,,1786648068,1e5392bd277e499e518989f14f66e485,,4,0,INDIVIDUAL
Pebbles - A Daily Devotional For Kids,Raising Rock,https://anchor.fm/s/1150958d8/podcast/rss,"Life with kids is full. Whether you're driving to school, heading to sports practice, or gathering for bedtime prayers, helping your children grow in faith can feel overwhelming. That's why we created Pebbles.
Pebbles is a daily devotional for kids and families from Raising Rock. Each weekday, this Christian podcast for kids delivers a short, Bible-based devotional in under three minutes, helping children grow in faith, character, and a love for Jesus.
Growing Faith. Building Character.",Anchor,en,https://d3t3ozftmdmh3i.cloudfront.net/staging/podcast_uploaded_nologo/46379014/46379014-1784319944761-da5eb189b9b4b.jpg,2026-08-13 19:07:21,7990085,confirmed,https://podcasters.spotify.com/pod/show/elise-orozco,1786648041,586d0f9242ef60305e10a73f22c7da51,6792120010.0,2,0,INDIVIDUAL
Women of The Hayti,Asia Monai Womack,https://feeds.transistor.fm/women-of-the-hayti,"A historical preservation podcast focusing on women's historical significance in The Hayti Community since women's history is consistently overlooked & undertold. As an emerging historian, I believe it is of vital importance to reshape how women's history is researched, told, preserved, and implemented into education. If not, women will continue to depend on the stories and perspectives of men to discover their own roots, to see what possibilities exist for women, and to understand how women have changed and continue to change the world. Preserving and sharing these stories helps women, especially those in minority communities, better understand where they come from, why their communities are significant, and that they, too, have the power and purpose to shape history.",Transistor,en,https://img.transistorcdn.com/vr1SXwP2E2PbDumCUQMSEeNqaD_SnJrSGw1VOW0zAyo/rs:fill:0:0:1/w:1400/h:1400/q:60/mb:500000/aHR0cHM6Ly9pbWct/dXBsb2FkLXByb2R1/Y3Rpb24udHJhbnNp/c3Rvci5mbS9jM2Zm/YWJmZGRkY2QyMWUz/MDZjNjU1MGM0Y2I5/MTQ0ZC5qcGVn.jpg,2026-08-13 19:06:38,7990084,confirmed,,1786647998,090f4e86a6fb8bb5be96cadaf2944a68,,4,0,INDIVIDUAL
He Sees You,Lana Lyman,https://feeds.megaphone.fm/END8466739029,"<p><strong>He Sees You with Dr. Lana Lyman</strong> is a faith-rooted podcast about finding hope, healing, and God’s faithfulness in life’s hardest seasons.</p>
<p>Drawing from decades of counseling, ministry, and personal experience, Dr. Lana brings honest conversations, practical wisdom, and biblical truth to betrayal, broken trust, addiction, relationships, grief, anxiety, and emotional healing.</p>
<p>Whatever you’re facing, you are not alone. You are seen, and there is hope.</p>
<p><strong>He Sees You</strong> — a place where truth and grace meet.</p>",Megaphone,en,"https://megaphone.imgix.net/podcasts/066f98ea-81f1-11f1-93cb-7faee6d2634f/image/fdac520d3bfd962593098fa74a82255a.png?ixlib=rails-4.3.1&max-w=3000&max-h=3000&fit=crop&auto=format,compress",2026-08-13 19:04:30,7990083,confirmed,,1786647870,1f8d2071d14de14f4da711324ac777fd,6792025413.0,2,0,INDIVIDUAL
"ATTITUDES, BELIEFS AND OBLIGATIONS",sandra milena vargas aguirre,https://www.spreaker.com/show/7238977/episodes/feed,"En este espacio compartimos una reflexión personal sobre lo que significa ser un estudiante y futuro profesional responsable, nos presenta sus puntos de vista sobre las actitudes, valores y compromisos que nos guían en la formación y en el trabajo.<br /><br />A través de este audio, ella expone qué cosas debe cumplir obligatoriamente, qué tiene que hacer para respetar normas y acuerdos, y qué debería poner en práctica para seguir creciendo día a día. Es una invitación a reconocer que nuestras acciones, el respeto hacia los demás y el compromiso con nuestras tareas son la base para construir un mejor entorno académico y laboral.<br /><br />",Spreaker,en,https://d3wo5wojvuv7l.cloudfront.net/t_rss_itunes_square_1400/images.spreaker.com/original/40d9e84d4a247c833183ddd2cec1dd89.jpg,2026-08-13 18:57:10,7990078,confirmed,https://www.spreaker.com/podcast/attitudes-beliefs-and-obligations--7238977,1786647430,16fa458243928e619b10d3b48a789908,,4,0,CORPORATE
Survive History,Survive History,https://feeds.megaphone.fm/survive-history,"<p>Welcome to Survive History, the history channel that asks whether YOU could survive some of the most dangerous, daring and dirty jobs from the past. 
For sponsorship opportunities, brand partnerships and collaborations, please contact: survivehistory@gpopinc.com
Presenter, producer and writer Louee Dessent studied ancient history at the University of Exeter and University of Oxford.</p>
<p><br></p>",Megaphone,en,"https://megaphone.imgix.net/podcasts/7843ff72-6f38-11f1-a60f-637e72fdde34/image/3c2adac8f4001a298d19878e417067dc.png?ixlib=rails-4.3.1&max-w=3000&max-h=3000&fit=crop&auto=format,compress",2026-08-13 18:54:02,7990074,confirmed,https://www.inlet.fm/survive-history,1786647242,3d815adb3389462cc0999847c2010cb0,6783982943.0,2,0,INDIVIDUAL
Animal Kingdom Podcast,Animal Kingdom,https://www.spreaker.com/show/7262704/episodes/feed,".......<b>Animal Kingdom Podcast.</b>......<br /><br />We invite you to experience the thrill of the wilderness and the beauty of the world around us. From lion kings to dolphins, from birds to ancient creatures that inhabit the depths of the forest, we cover it all. Get ready to delve into the amazing world of animals and nature on the animal kingdom podcast. Here, you can enjoy listening to wildlife news and updates and learn more about fascinating beasts and their habitats. Animal Kingdom Podcast will bring the wilderness to you by focusing on all kinds of wildlife, from exotic species to local ones. Listen and learn about the amazing world around us and help preserve it.<br /><i><b>Explore. Learn. Protect. Every Creature. Every Story.</b></i><br />",Spreaker,en,https://d3wo5wojvuv7l.cloudfront.net/t_rss_itunes_square_1400/images.spreaker.com/original/730df208ae042181756a33fa0a155826.jpg,2026-08-13 18:47:13,7990070,confirmed,https://www.spreaker.com/podcast/animal-kingdom-podcast--7262704,1786646833,e17358f5c1af52a853b74e728b1856ec,,4,0,INDIVIDUAL
The Mane Event,Devin Kleffer,https://feeds.captivate.fm/mvc-mane-event/,"The Mane Event focuses on bridging the gap between home and school, with weekly topics geared toward parents, tweens, and teens at Monte Vista Christian School. ",Captivate,en,https://artwork.captivate.fm/5e8a6441-e4d4-451f-88e9-c2e27c6dabe2/The-Mane-Event-Pod-Artwork-2.png,2026-08-13 18:44:53,7990068,confirmed,https://mvc-mane-event.captivate.fm,1786646693,0949014251eef3a997009f307fbf95b4,,4,0,INDIVIDUAL
Guided Meditations with Prince Kerr,Prince Kerr,https://anchor.fm/s/1153f319c/podcast/rss,"Guided meditations for clarity, alignment, and intentional living — from 10-minute resets to full-length practices used by Prince Kerr on retreats and in ceremonies. New episodes for anyone feeling stuck, in transition, or ready to build a life on their own terms.",Anchor,en-ca,https://d3t3ozftmdmh3i.cloudfront.net/staging/podcast_uploaded_nologo/46414303/46414303-1784830173913-cd0e6704b7197.jpg,2026-08-13 18:39:45,7990064,confirmed,https://betruetoyou.ca/,1786646385,4ad7d8de5e485c6b571996f47570b362,6800097783.0,2,0,INDIVIDUAL
OWN Yourself,Scott Snyder,https://feeds.redcircle.com/b2341eee-8238-45d4-970f-899215d1f6a8,"Welcome to Own Yourself, a podcast about waking up to who you really are.
Hello everyone, I'm Scott Snyder, a father, and someone who spent decades building a career in corporate America. On the outside, everything looked the way it was ""supposed to"", but somewhere along the way, I started noticing the parts of my life that felt disconnected from something deeper. That's when everything began to shift in my life.
This podcast is the story of that shift. Episode by episode, I'll be sharing the moments, signs, and realizations that led me to a spiritual awakening I never expected. The healing that's come from finally listening to it. We'll talk about various scriptures, other spiritual traditions and stories, and we'll talk honestly about what it looks like to rebuild your life around purpose instead of just routine.
This isn't about having all the answers. It's about being willing to look inward, ask harder questions, and trust that there's more to life than the version we're handed by default. If you're someone who's felt that quiet pull toward something more, whether you're deep in your career, raising a family, or just sensing that something in you is ready to change. Then this podcast is for you.",Spotify for Podcasters,en-US,https://media.redcircle.com/images/2026/8/13/16/d41192bd-d628-476c-8465-ce581f736e54_gemini_generated_image_1alh9p1alh9p1alh.jpg,2026-08-13 18:35:28,7990062,confirmed,https://redcircle.com/shows/ownyourself,1786646128,a73a2ece2214eb71ad15b0b6dcb8a952,,4,0,INDIVIDUAL
ContinuumSPS,Ryan,https://rss.buzzsprout.com/2633199.rss,"<p>Aging shouldn't feel like a maze. Every episode, host Ben Kribs sits down with the doctors, nurses, social workers, and families who navigate senior care every day  for the honest conversations this industry usually doesn't have. From preventive medicine to the toughest family decisions, Continuum brings clarity to a journey most people face without a map.</p><p>Powered by Senior Placement Solutions, helping families across Chicagoland find the right care community, at no cost to the family.</p>",Buzzsprout,en-us,https://storage.buzzsprout.com/n8jc15gwiytcnnknb91wft0j6cv0?.jpg,2026-08-13 18:33:59,7990060,confirmed,,1786646039,22026a3f3f9a1aeb34b771cee1739d11,,0,0,INDIVIDUAL
The Bee_Coming Podcast a Biophilia Pharma™ Production #PSA Station,"Tammy L. Marshall, Founder and  CEO,  Biophilia Pharma™",https://anchor.fm/s/1145433cc/podcast/rss,"Welcome to the Bee_Coming Podcast, a Biophilia Pharma™ Production, where every story is a Public Service Announcement—because when we share our stories, they have the power to create connection, resonance, and a calmed nervous system. We explore the intersection of science, consciousness, health, women’s wisdom, and the unseen forces that shape our lives. Through heartfelt conversations we experience how our unique voice & energetic signature sends a frequency into the quantum field and finds exactly the person who needs and is meant to hear the message. Bee_Longing occurs.",Anchor,en-us,https://d3t3ozftmdmh3i.cloudfront.net/staging/podcast_uploaded_nologo/46260299/46260299-1782666750948-33029959d2f9a.jpg,2026-08-13 18:29:48,7990056,confirmed,https://podcasters.spotify.com/pod/show/me026,1786645788,3b9bdead9c18c481974be7bfaeb0831a,6800353595.0,2,0,CORPORATE
"Grace Presbyterian Church - Norwalk, CT","Grace Presbyterian Church - Norwalk, CT",https://rss.buzzsprout.com/2637131.rss,"<p>Weekly sermon recordings from Grace Presbyterian Church in Norwalk, CT</p>",Buzzsprout,en-us,https://storage.buzzsprout.com/4fuub913x1q1c7ooo6pih1yc3qxy?.jpg,2026-08-13 18:25:52,7990054,confirmed,https://www.buzzsprout.com/2637131,1786645552,594d2150012ed32dea8eaa8f0177fcd6,,4,0,CORPORATE
The Spotlight: A Theatre Podcast,The American Theatre Guild,https://rss.buzzsprout.com/2633000.rss,"<p>Produced by The American Theatre Guild, The Spotlight: A Theatre Podcast is your backstage pass to the world of touring Broadway shows. Whether you're a lifelong season member or just discovering live theatre, we're here to deepen your love of the art form. </p>",Buzzsprout,en-us,https://storage.buzzsprout.com/0ji8se6314licx5tdq94l1qyeyfq?.jpg,2026-08-13 18:17:31,7990047,confirmed,,1786645051,29a344b22557de1f4b8e0551168d29e7,,0,0,CORPORATE
Teresa James,Teresa James,https://anchor.fm/s/da01c0e0/podcast/rss,"Expressing my story and my experience through my testimonies, my stories, my poems while giving God all the glory and honor He deserves.",Anchor,en,https://d3t3ozftmdmh3i.cloudfront.net/staging/podcast_uploaded_nologo/36475480/36475480-1687531813331-b28ba806bb3c5.jpg,2026-08-13 18:14:17,7990044,confirmed,https://podcasters.spotify.com/pod/show/teresa-james,1786644857,e0b86e4d4ee28e353218481d4ac31465,1671044503.0,2,0,INDIVIDUAL
Ai Bi Ci,Mark John,https://rss.buzzsprout.com/2637307.rss,"<p>Artificial Intelligence, Biblical Investigation, Cultural Impact</p><p><b>AI BI CI</b> explores the rapidly changing world of artificial intelligence through the enduring lens of Scripture.</p><p>Each episode begins with a development, question, or controversy in AI, moves into <b>Biblical Investigation</b>, and then considers the <b>Cultural Impact</b> for everyday life, faith, work, relationships, truth, creativity, and the future.</p><p>This is not simply a show about using AI in church, nor is it another technology news podcast. <b>AI BI CI</b> asks a deeper question: <em>What does the Bible have to say about the world artificial intelligence is creating?</em></p><p><b>Artificial Intelligence Biblical Investigation Cultural Impact</b></p>",Buzzsprout,en-us,https://storage.buzzsprout.com/hbn2lcf9b1t5vpq8adshjyga8r9m?.jpg,2026-08-13 18:12:42,7990042,confirmed,,1786644762,8045acb817a7916194ed564d9aeccb03,,0,0,INDIVIDUAL
The Resilient Practitioner Podcast,Lisa Livermore,https://anchor.fm/s/115e56c4c/podcast/rss,"The Resilient Practitioner Podcast helps massage therapists build profitable, sustainable businesses without burnout. Hosted by Lisa Livermore, licensed massage therapist, business coach, and founder of Soul Standard, each episode shares practical strategies for massage marketing, client rebooking, attracting more massage clients, increasing income, preventing burnout, and creating a thriving massage practice. Build a massage business you love—and lead it like a CEO.",Anchor,en,https://d3t3ozftmdmh3i.cloudfront.net/staging/podcast_uploaded_nologo/46523243/46523243-1786568633505-a1c0c1f3e41ee.jpg,2026-08-13 18:09:06,7990036,confirmed,https://podcasters.spotify.com/pod/show/lets-go1,1786644546,38914199dc1d46601e6ccb4409c6b23f,6799991313.0,2,0,INDIVIDUAL
MindFuel,mindfuel,https://feed.podbean.com/mindfuel/feed.xml,"<p><strong>MindFuel</strong> is your source for fascinating ideas, breakthrough discoveries, and practical knowledge. Every episode explores science, psychology, history, technology, economics, and the stories shaping our world—turning complex topics into engaging, easy-to-understand conversations that inspire curiosity and lifelong learning.</p>",Podbean,en,https://pbcdn1.podbean.com/imglogo/image-logo/22522137/ChatGPT_Image_Jul_27_2026_02_14_46_PM8e6wq.png,2026-08-13 17:49:48,7990019,confirmed,https://mindfuel.podbean.com,1786643388,82fc4cac33e5b981186e58964b38a839,6795056018.0,2,0,INDIVIDUAL
Sonoma Wealth Latest,707 Media,https://www.spreaker.com/show/7262607/episodes/feed,Get the latest updates and perspectives from Sonoma Wealth and Fermata Advisors.,Spreaker,en,https://d3wo5wojvuv7l.cloudfront.net/t_rss_itunes_square_1400/images.spreaker.com/original/eedc34967d17d244cfacf7431e4732af.jpg,2026-08-13 17:49:31,7990018,confirmed,https://www.spreaker.com/podcast/sonoma-wealth-latest--7262607,1786643371,8efa6a04d9881b253a5eec31d4f29224,,4,0,CORPORATE
The Balance Bridge: A Brain Balance Podcast,Brain Balance of Greater Baltimore,https://anchor.fm/s/1130a6acc/podcast/rss,"Check out The Balance Bridge, the new podcast from Brain Balance of Greater Baltimore, where meaningful conversations meet real-life strategies for helping children and families thrive. From ADHD and anxiety to executive functioning, learning challenges, and emotional wellness, each episode explores the science behind brain health while offering practical insights, expert guidance, and encouragement for parents navigating everyday challenges. Tune in and discover how small changes can lead to lasting growth and transformation.",Anchor,en,https://d3t3ozftmdmh3i.cloudfront.net/staging/podcast_uploaded_nologo/46044171/46044171-1782935900472-11cb3eca14129.jpg,2026-08-13 17:46:52,7990017,confirmed,https://podcasters.spotify.com/pod/show/brain-balance-of-greater-,1786643212,1cbb247f0b6aca89b0b1e39b0d679921,6800438590.0,2,0,INDIVIDUAL
Million Dollar Mindshifts,Alexia Lawson,https://feed.podbean.com/milliondollarmindshifts/feed.xml,"Million Dollar MindShifts
The Mindset Behind Million Dollar Success
Million Dollar Mindshifts is a podcast for ambitious professionals, investors, and entrepreneurs looking to think bigger, build wealth, and create lasting freedom. Hosted by Alexia Lawson, each episode explores real estate, investing, business, mindset, and the decisions that separate high earners from true wealth builders.",Podbean,en,https://pbcdn1.podbean.com/imglogo/image-logo/22303708/PODCAST_COVER_Alexiasaxo3s.jpg,2026-08-13 17:39:49,7990014,confirmed,https://milliondollarmindshifts.podbean.com,1786642789,1c0898a9b33a0d19adf17fff4edfebc9,6799235768.0,2,0,INDIVIDUAL
Decision Intelligence Zone,Dr. Magda Du Preez & Christi Mertens,https://feeds.transistor.fm/decision-intelligence-zone,"Decision Intelligence Zone is a podcast that unpacks how real decisions get made—exploring the emotions, strategies, blind spots, and patterns we don’t often talk about, so you can sharpen your thinking and make better choices in leadership and life. Hosted by Dr. Magda Du Preez, a decision intelligence researcher at the intersection of business and psychology, and Christi Mertens, a leadership team coach specializing in team decision-making and collaboration, the show blends science with real-world insight. Through honest conversations with leaders who’ve built, broken, and reimagined things, we explore the decisions that shaped them—and the lessons that matter most when it’s time to choose.",Transistor,en,https://img.transistorcdn.com/jDkg5KJRvULpKr6y7m2rl_1ABJ-Ix86N6Gh2Dpcq9bI/rs:fill:0:0:1/w:1400/h:1400/q:60/mb:500000/aHR0cHM6Ly9pbWct/dXBsb2FkLXByb2R1/Y3Rpb24udHJhbnNp/c3Rvci5mbS83NDky/NzYwOWYzNDA2Mzhj/ZThhMjZjZjZjMzQw/MmU5Zi5wbmc.jpg,2026-08-13 17:35:40,7990012,confirmed,https://decisionintelligencezone.com/,1786642540,4d591009f24ad047812415e503d44cd2,,4,0,CORPORATE
Boston Talks Soccer,Michael Raimondi,https://anchor.fm/s/1151f8f90/podcast/rss,"Boston loved the World Cup. The matches, the fans and all the excitement. Michael Raimondi covered the matches and wants to keep the footy talk going!",Anchor,en,https://d3t3ozftmdmh3i.cloudfront.net/staging/podcast_uploaded_nologo/46393572/46393572-1784859750381-e3446e4c706eb.jpg,2026-08-13 17:26:50,7990006,confirmed,https://podcasters.spotify.com/pod/show/mikeraimondi3,1786642010,3e17d2a3e7556c339c4a4f0384138c14,6796979561.0,2,0,INDIVIDUAL
Weather After Dark,jennifersocialtrainer,https://feed.podbean.com/jennifersocialtrainer/feed.xml,"<p class=""isSelectedEnd""><strong><span>Weather After Dark</span></strong><span> is the late-night weather podcast where the conversations get real.</span></p>
<p class=""isSelectedEnd""><span>Hosted by </span><strong><span>Emmy Award-winning meteorologist Jennifer Watson</span></strong><span>, </span><em><span>Weather After Dark</span></em><span> takes you beyond the forecast and into the lives of the storm chasers, meteorologists, scientists, filmmakers, and creators who live on the front lines of extreme weather.</span></p>
<p class=""isSelectedEnd""><span>From unforgettable tornado intercepts and hurricane deployments to breakthrough research, behind-the-scenes television moments, and the future of weather storytelling, each episode uncovers the experiences you won't see on the radar.</span></p>
<p class=""isSelectedEnd""><span>Recorded in a relaxed, late-night atmosphere, these are honest, unfiltered conversations with the people shaping the world of weather. Whether you're a lifelong weather enthusiast, an aspiring meteorologist, or simply fascinated by nature's most powerful forces, </span><em><span>Weather After Dark</span></em><span> delivers exclusive stories, expert insight, and unforgettable guests—all after the sun goes down.</span></p>
<p><strong><span>Because the best weather stories begin... after dark.</span></strong></p>",Podbean,en,https://pbcdn1.podbean.com/imglogo/image-logo/22553600/Weather_After_Dark_Spotify_1600x1600.jpg,2026-08-13 17:24:35,7990005,confirmed,https://jennifersocialtrainer.podbean.com,1786641875,4a15f0677932878adf6166ee2bc0b857,6800083848.0,2,0,INDIVIDUAL
Dundee Voices Podcast - Video Edition,DVVA,https://feed.podbean.com/dundeevoices/feed.xml,<p>Shining a spotlight on the people behind Dundee's Third Sector.</p>,Podbean,en,https://pbcdn1.podbean.com/imglogo/image-logo/22491025/Logo_podbean_new.jpg,2026-08-13 17:16:18,7989997,confirmed,https://dundeevoices.podbean.com,1786641378,217c88fc50faacc253aee42ed5ff4b74,6793169701.0,2,0,CORPORATE
Animal Anarchy,animal-anarchy,https://feed.podbean.com/animal-anarchy/feed.xml,"<p class=""my-2 [&+p]:mt-4 [&_strong:has(+br)]:inline-block [&_strong:has(+br)]:align-top"">One animal. One hour. Total chaos.</p>
<p class=""my-2 [&+p]:mt-4 [&_strong:has(+br)]:inline-block [&_strong:has(+br)]:align-top"">Animal Anarchy is a deep-dive science podcast that takes a single creature each episode and tells you everything, the evolution, the anatomy, the bizarre behavior, the secret senses, the sex lives, the latest research, and the unhinged facts you won't believe are real.</p>
<p class=""my-2 [&+p]:mt-4 [&_strong:has(+br)]:inline-block [&_strong:has(+br)]:align-top"">From the immortal jellyfish that cheats death to the mantis shrimp that punches hard enough to boil water, every episode will change the way you look at an animal you'd never thought about before. Come for the jokes, stay for the fact that octopuses edit their own RNA.</p>
<p class=""my-2 [&+p]:mt-4 [&_strong:has(+br)]:inline-block [&_strong:has(+br)]:align-top""><em>Transparency Note: Voices in this episode are AI-generated. The science is not, every finding discussed comes from real, published research.</em></p>",Podbean,en,https://pbcdn1.podbean.com/imglogo/image-logo/22476400/animal-anarchy-icon-upscaled.jpg,2026-08-13 17:01:07,7989987,confirmed,https://animal-anarchy.podbean.com,1786640467,3dabb08115eb20fce3db71fe16412b82,6788535908.0,2,0,INDIVIDUAL
Quoted,Neil Kleiner and Natasha Plowman,https://anchor.fm/s/115e3c414/podcast/rss,"Different voices, in front of the questions everyone else asks the same three people about.
Quoted is a longform interview show that goes looking for the experts you haven't already heard on everything. Each week, Neil and Natasha sit down with someone worth listening to and give them room to think out loud, make an argument, and say something you won't have heard framed that way before.
New episodes every Tuesday.
A Kleiner Studios production. Find out more, or put a voice forward, at antiquoted.com.",Anchor,en,https://d3t3ozftmdmh3i.cloudfront.net/staging/podcast_uploaded_nologo/46522157/46522157-1786355565545-7758da90fccf5.jpg,2026-08-13 16:51:32,7989978,confirmed,https://podcasters.spotify.com/pod/show/neil-kleiner0,1786639892,681438e9d92d4a8fe7a4a3c2f35e1c26,6800297278.0,2,0,CORPORATE
Solara Industry Brief,Solara Sciences,https://rss.buzzsprout.com/2637468.rss,"<p>Short, focused briefings exploring peptides and the rapidly evolving industry surrounding them. <b>Solara Industry Brief</b> breaks down individual peptides, mechanisms of action, emerging research, regulatory developments, compounding updates, and important industry trends — giving medical professionals relevant, easy-to-understand information in about 10 minutes.</p>",Buzzsprout,en-us,https://storage.buzzsprout.com/yedshh9fjx48wrs5kymo9blkwej3?.jpg,2026-08-13 16:49:10,7989974,confirmed,,1786639750,a3d31e7385632ebdc6ca5ba75dafea03,,4,0,INDIVIDUAL
This is me,johanna hernandez,https://www.spreaker.com/show/7262209/episodes/feed,Actividad del area de ingles en el cual me presento y hablo un poco de mis valores e intereses.,Spreaker,en,https://d3wo5wojvuv7l.cloudfront.net/t_rss_itunes_square_1400/images.spreaker.com/original/347d110db1065ea95055f257cf9fd451.jpg,2026-08-13 16:47:49,7989973,confirmed,https://www.spreaker.com/podcast/this-is-me--7262209,1786639669,a13148b91fb1fc7643b30d8fc953ae66,,4,0,CORPORATE
A CLOSER LOOK Yoga for the mind,Anja Vibelund,https://anchor.fm/s/f2679d1c/podcast/rss,"Reflections on the hidden dynamics that shape our lives. Real life, from a real person.",Anchor,en-gb,https://d3t3ozftmdmh3i.cloudfront.net/staging/podcast_uploaded_nologo/40568767/40568767-1785582331688-f947ace893a52.jpg,2026-08-13 16:43:02,7989967,confirmed,https://podcasters.spotify.com/pod/show/anja-vibelund,1786639382,33022225c58d37332a4f5f748db815b9,6799946092.0,2,0,INDIVIDUAL
The Reclaim Podcast,Thomas and Rachael Lambert,https://feeds.libsyn.com/627270/rss,"The Reclaim Podcast exists to empower parents to do what God has called them to: intentionally educate their children. Rooted in the belief that discipling and educating our children is a God-given parental calling, The Reclaim Podcast comes alongside parents in raising the next generation in truth, wisdom, and purpose. Hosted by Thomas Lambert (a Christian school superintendent) and his wife Rachael (a homeschooling mother of three), the show is built on the simple conviction: God gave parents the responsibility for educating their children, and it is a job they must take seriously.
Each week, Thomas and Rachael sit down to talk about what it means to educate a child well. They have conversations with students from every kind of schooling model, parents who've made intentional (and sometimes costly) choices, and school leaders who are partnering with parents and changing the landscape of Christian education.",Libsyn,en,https://static.libsyn.com/p/assets/8/4/9/4/84943ede9a118687d959afa2a1bf1c87/The_Reclaim_Podcast_Cover_Image_01.jpg,2026-08-13 16:39:27,7989965,confirmed,https://sites.libsyn.com/627270,1786639167,c3039ab2fd0e3a8310f08c4ffd1e2fcf,6796777759.0,2,0,CORPORATE
Shed Talk with Kevin Halliday,Kevin Halliday,https://feeds.transistor.fm/shed-talk-with-kevin-halliday,"<p><br></p><p>Welcome to ""<strong>Shed Talk with Kevin Hallida</strong>y,"" where we embark on a riveting journey through the life and wisdom of a true force of nature. Kevin Halliday's story is a testament to the boundless potential of the human spirit, and in this podcast, he takes us on a remarkable adventure filled with inspiration, entrepreneurship, and the pursuit of excellence.</p><p><br></p><p>Kevin's journey is anything but ordinary. He didn't follow a linear path to success; he carved his own way through the business world, leaving a trail of innovation and achievement in his wake. It all began with his Calgary-based brick-and-mortar company, Spindle, Stairs & Railings. From crafting custom railings to undertaking ambitious commercial projects, Kevin's business became synonymous with quality and craftsmanship.</p><p>But Kevin is more than just a successful entrepreneur; he's a multifaceted individual with a passion for exploration and a knack for seizing opportunities. He's an author, with his latest publication, ""The Art of Spindle, Stairs & Railings,"" showcasing his expertise and creative flair. Kevin is also an investor, backing ventures like Brix + Barrel and the Rooftop YYC, two thriving establishments in Calgary's vibrant dining scene. In recognition of his outstanding contributions, he was named one of the ""Top 40 Under 40"" and earned a spot as an Entrepreneur of the Year finalist in 2010.</p><p><br></p><p>Now, let's dive into what makes ""<strong>Shed Talks with Kevin Halliday</strong>"" an unmissable podcast:</p><p><br></p><p><span style=""color: var(--tw-prose-bold);"">1. </span><strong style=""color: var(--tw-prose-bold);"">Unparalleled Insights:</strong> In each episode, Kevin invites guests to join him in the shed, where they engage in candid conversations that transcend the ordinary. These discussions are a treasure trove of insights, revelations, and thought-provoking ideas that will expand your horizons.</p><p><span style=""color: var(--tw-prose-bold);"">2. </span><strong style=""color: var(--tw-prose-bold);"">The Curiosity Quotient:</strong> Kevin Halliday is a firm believer in the power of curiosity. He challenges you to ask yourself, ""When was the last time you had curiosity in your head?"" Shed Talk encourages you to embrace curiosity, sparking the creative flames within you and inspiring you to explore uncharted territory.</p><p><span style=""color: var(--tw-prose-bold);"">3. </span><strong style=""color: var(--tw-prose-bold);"">Breaking Barriers:</strong><strong> </strong>Just as Kevin diversified his career from Spindle, Stairs & Railings to investments in dining and beyond, Shed Talk breaks through conventional boundaries. This podcast transcends industries and topics, diving headfirst into the unknown, the intriguing, and the transformative.</p><p><span style=""color: var(--tw-prose-bold);"">4. </span><strong style=""color: var(--tw-prose-bold);"">The Things You Know You Don't Know:</strong> Shed Talk delves into those enigmatic areas of knowledge—the things you know you don't know. Kevin Halliday is your guide on this intellectual journey, unraveling mysteries, and uncovering hidden gems of wisdom.</p><p><span style=""color: var(--tw-prose-bold);"">5. </span><strong style=""color: var(--tw-prose-bold);"">A Force of Nature:</strong> Kevin Halliday's life is a testament to resilience, adaptability, and relentless pursuit of excellence. Whether it's mastering the art of business, investing in thriving ventures, or conquering bodybuilding to win a Gold Medal in Master's Men's Bodybuilding, Kevin embodies the spirit of venturing beyond boundaries.</p><p><span style=""color: var(--tw-prose-bold);"">6. </span><strong style=""color: var(--tw-prose-bold);"">Great Conversations:</strong> At its heart, ""Shed Talk with Kevin Halliday"" is an interview show, a place where great conversations come to life. Kevin's guests bring their unique perspectives and experiences to the shed, creating dialogues that are both enlightening and captivating.</p><p>Join us on this exhilarating ride as we explore the extraordinary life and wisdom of Kevin Halliday. ""Shed Talk with Kevin Halliday"" isn't just a podcast; it's an invitation to unleash your curiosity, challenge the status quo, and pursue excellence in every aspect of your life.</p><p> </p><p>Remember, <strong><em>""you don't know what you know till you know.""</em></strong> And with Shed Talk, you're about to discover a world of knowledge, inspiration, and limitless possibilities.</p><p><br></p>",Transistor,en-us,https://img.transistorcdn.com/WpPN_yvwu6ktxPz2VKEcMk91a8CDluITwfMcicvgnvM/rs:fill:0:0:1/w:1400/h:1400/q:60/mb:500000/aHR0cHM6Ly9pbWct/dXBsb2FkLXByb2R1/Y3Rpb24udHJhbnNp/c3Rvci5mbS84OTBh/ZTA2ZWI3YWJiMzIy/NjhhZjIxNzgxMzAx/MjFjMC5wbmc.jpg,2026-08-13 16:32:53,7989959,confirmed,https://kevinhalliday.com,1786638773,9766892a9abca62104ebd6345201d7fa,,4,0,INDIVIDUAL
İnancın Yolculuğu,Podbee Media,https://feeds.megaphone.fm/PM6199782098,"<p>Göbeklitepe’nin devasa taşlarından Sümer tabletlerine, Büyük Tufan’dan göksel soyların bıraktığı izlere... Birbirinden habersiz kadim uygarlıklar, tarih boyunca neden hep aynı hikayeyi anlattı?<br>İnsanlığın ilk günlerinden bu yana kök salan inançlarımız uç bilimle nasıl açıklanır?</p>
<p><br>YouTube’un en çok izlenen kanallarından <strong>Gerçeği Bul</strong> ve <strong>Podbee Media</strong> ortaklığıyla hazırlanan <strong>İnancın Yolculuğu</strong>, bilimin ve gizemin kesiştiği noktada ezber bozan bir keşfe çıkıyor. Klasik tarih anlatısını bir kenara bırakın; zihninizi derin sorularla baş başa bırakacak bu yolculuğa hazır olun.</p>",Megaphone,en,"https://megaphone.imgix.net/podcasts/ca0a18dc-8cde-11f1-a5d8-ab49a2034e21/image/6ea53b75f6634b8619a23afcae836b3f.png?ixlib=rails-4.3.1&max-w=3000&max-h=3000&fit=crop&auto=format,compress",2026-08-13 16:27:56,7989954,confirmed,https://podbeemedia.com,1786638476,778103d81ce93a1c27d9c2427aff0f7b,6800331124.0,2,0,CORPORATE
Not Done Yet,Julie Bolejack,https://rss.buzzsprout.com/2636957.rss,"<p><b>Not Done Yet with Julie Bolejack</b></p><p>What if the next chapter of your life isn’t about starting over—but building forward?</p><p><b>Not Done Yet</b> is a podcast for women who know there’s still more to discover, create, question, and become. Hosted by author and creator Julie Bolejack, the show explores reinvention, purpose, resilience, creativity, relationships, work, aging, retirement and the wonderfully imperfect process of figuring out what comes next.</p><p>Through honest solo conversations, practical ideas, personal stories, and interviews with fascinating people who have reinvented themselves, Julie challenges the idea that our most interesting years are behind us.</p><p>You don’t have to erase everything you’ve been to become something new. Your experience isn’t baggage—it’s your foundation.</p><p>Whether you're navigating <b>retirement or life after a long career</b>, a career change, an empty nest, loss, changing relationships, a long-delayed dream, or simply hearing that little voice asking, <em>“Now what?”</em>—you belong here.</p><p>Because retirement from a career doesn’t mean retirement from purpose, curiosity, creativity, or possibility.</p><p>You are <b>Not Done Yet</b>.</p><p><b>Not Done Yet with Julie Bolejack — A Bloom Again Podcast.</b></p>",Buzzsprout,en-us,https://storage.buzzsprout.com/fho95tienjwxzaqxi0l7kr78lkkc?.jpg,2026-08-13 16:20:44,7989952,confirmed,,1786638044,0dbede019064e099651c4155b5c3f860,,4,0,INDIVIDUAL
Cyber All Day,Mickael Virgon,https://feeds.captivate.fm/cyber-all-day/,Cybersecurity Podcast,Captivate,en,https://artwork.captivate.fm/0b766d69-6398-4cae-a1a8-ce4a6478b444/LOGO-Black-background-3000x3000.png,2026-08-13 16:17:59,7989950,confirmed,https://cyber-all-day.captivate.fm,1786637879,c0f02c74c7c4755dc724093fe0a3da59,,0,0,INDIVIDUAL
Bible Stories of Ages,Bible Stories of Ages,https://www.spreaker.com/show/7262339/episodes/feed,"mysterious stories come to life.<br /><br />This channel explores Scripture through immersive storytelling, cinematic visuals, and a deep focus on prophecy, faith, and hidden truths. From Eden to Revelation, each episode unveils the struggles, visions, and choices that shaped history — told through the lives of prophets, kings, and unlikely heroes.<br /><br />Without preaching, and faithful to the text, these stories invite viewers to experience the Bible as a living journey across time, mystery, and divine purpose.",Spreaker,en,https://d3wo5wojvuv7l.cloudfront.net/t_rss_itunes_square_1400/images.spreaker.com/original/d9718c4c3ab101cecf91c591c100b30e.jpg,2026-08-13 16:12:28,7989949,confirmed,https://www.spreaker.com/podcast/bible-stories-of-ages--7262339,1786637548,758d008f9887abfd41b499a0f89ab51c,,4,0,INDIVIDUAL
Can I Get Some Help Here?,Dave Holiday,https://feeds.redcircle.com/c75fb005-1c48-4f8b-9946-65b54562a2db,"Life isn’t easy for the Support Desk staff at HenSter Solutions. Just ask Larry, the department’s veteran member. Between mentoring the new summer intern, dealing with the demands from his management, and handling whatever bizarre requests the company’s employees have, Larry has his hands full. It’s the kind of situation that has just about everyone asking - “Can I get some help here?”",Spotify for Podcasters,en-US,https://media.redcircle.com/images/2026/8/10/16/c0b389ae-b11a-4508-ae24-f60a2a8506ce_cigshh_-_logo_image.jpg,2026-08-13 16:08:58,7989947,confirmed,https://redcircle.com/shows/can-i-get-some-help-here,1786637338,e1e2a4682bbd2afda9a7da1eb783b291,,4,0,INDIVIDUAL
Man Up Daily,Jacob Chocholous,https://feed.podbean.com/manupdaily/feed.xml,"Man Up Daily is a devotional podcast for men who are done sitting on the sidelines of their own life. 
If you’ve shut down, checked out, or quietly handed off your role as a husband, father, or leader, this show pulls you back into the game. Every episode runs five to ten minutes, built straight from Scripture and built to move you into action, not just leave you inspired for an hour. No wasted words, no surface-level pep talk, just one clear truth and one clear step you can take today. This is faith that shows up, not faith that just feels good.",Podbean,en-us,https://pbcdn1.podbean.com/imglogo/image-logo/22527989/FIXED_LOGOatsmb.jpg,2026-08-13 16:07:48,7989946,confirmed,https://manupdaily.podbean.com,1786637268,5c2ece5bf8cb74917a29ad0ad9492acd,6796075952.0,2,0,INDIVIDUAL
Keys to the Journey,Hilda Lopez,https://anchor.fm/s/10f6dab40/podcast/rss,"Keys to the Journey is a leadership podcast hosted by Hilda Lopez, CEO of Title Union. This is a space for honest conversations about resilience, setbacks, growth, and the courage it takes to lead. Through real stories from entrepreneurs and changemakers, each episode uncovers the moments that tested them, transformed them, and ultimately defined them. These aren’t highlight reels — they’re the keys to becoming.",Anchor,en-us,https://d3t3ozftmdmh3i.cloudfront.net/staging/podcast_uploaded_nologo/45438128/45438128-1771890408013-8b465e2742c27.jpg,2026-08-13 16:02:34,7989941,confirmed,https://podcasters.spotify.com/pod/show/hilda-lopez,1786636954,3e07ec0707183a3a806f966a8a70984e,6799238689.0,2,0,INDIVIDUAL
Send Theory,Blade Yocum,https://rss.buzzsprout.com/2633264.rss,"<p><b>Approaching action sports through the lens of science.</b> <em>Send Theory</em> explores the psychology, physiology, and culture of skateboarding and other action sports through evidence-based conversations. By translating scientific research into practical insights, each episode helps athletes, coaches, parents, and enthusiasts better understand performance, learning, injury, and what it means to pursue progression.</p>",Buzzsprout,en-us,https://storage.buzzsprout.com/rrvjwps6ed31c1qqqjour0ct4cid?.jpg,2026-08-13 15:59:12,7989938,confirmed,,1786636752,ec7a91c550e46524777892ed9ad24533,,4,0,INDIVIDUAL
Experiencing His Victory: 24 Forgiveness Myths Busted,Terry L. Tuinder,https://anchor.fm/s/115eb0ee0/podcast/rss,"Forgiveness is one of the most misunderstood topics in the Christian life. In this season, Pastor Terry Tuinder busts 24 common myths about forgiveness, showing you what forgiveness really is, what it isn't, and how to walk in the freedom God intended when He calls you to forgive. Learn more at experiencinghisvictory.com.",Anchor,en,https://d3t3ozftmdmh3i.cloudfront.net/staging/podcast_uploaded_nologo/46526936/46526936-1786413033324-e722537213107.jpg,2026-08-13 15:53:08,7989935,confirmed,https://podcasters.spotify.com/pod/show/terry-tuinder1,1786636388,42c86268cfc288f9b273be7ad8e7466e,6800346906.0,2,0,INDIVIDUAL
"Attitudes, Beliefs and Obligations",LEIDY GERALDINE PUENTES GAMBOA,https://www.spreaker.com/show/7262144/episodes/feed,GA3-240202501-AA1-EV02 – Audio Apprentice: Leidy Geraldine Puentes Gamboa<br />Training program: Gestión del Desarrollo Administrativo e Innovación<br />ID: 1000502467<br />Training record: 3466333<br />Instructor: Juan José Loaiza,Spreaker,en,https://d3wo5wojvuv7l.cloudfront.net/images.spreaker.com/nuvolari-assets/green_square_mic.jpg,2026-08-13 15:52:11,7989933,confirmed,https://www.spreaker.com/podcast/attitudes-beliefs-and-obligations--7262144,1786636331,55cfccfdb1c2582640cea346a1b54dbc,,4,0,INDIVIDUAL
Da Conch Salad Podcst,Kathy Hepburn and Antoine Brooks,https://rss.buzzsprout.com/2637430.rss,"<p>Da Conch Salad Podcast is a platform where real issues are discussed and solutions provided—rooted in Caribbean flavor and frank conversation. Join us for candid takes on politics, love and relationships, business, culture, and more, with guest perspectives, practical advice, and the warmth, humor, and rhythm of island life. Tune in for honest dialogue, actionable ideas, and the unapologetic Caribbean vibes that keep the conversation lively.</p>",Buzzsprout,en-us,https://storage.buzzsprout.com/cnp1ihyuar3vrke7fvdppcawtlll?.jpg,2026-08-13 15:51:54,7989931,confirmed,https://www.buzzsprout.com/2637430,1786636314,9ba37287b379cabb7d0da569de1265ab,,4,0,CORPORATE
Žijem pre umenie,Žijem pre umenie,https://feed.podbean.com/zijempreumenie/feed.xml,"<p>Podcast je súčasťou iniciatívy Asociácie pomoci APPA, ktorá organizuje aukciu výtvarného umenia na podporu ľudí so zdravotným znevýhodnením. Rozhovory s umelcami moderuje Soňa Müllerová a vznikli v spolupráci s Nadáciou TA3.</p>",Podbean,en,https://pbcdn1.podbean.com/imglogo/image-logo/22417730/podbean_bannery1400x1400.jpg,2026-08-13 15:49:07,7989928,confirmed,https://zijempreumenie.podbean.com,1786636147,57a0e4ecc734392ab4b3eec205444911,6783844100.0,2,0,INDIVIDUAL
Dating Cafe,Nancy Slotnick,https://feeds.megaphone.fm/RADIO5327046206,"<p>Dating Café is a talk radio show that features dating stories and discussion, designed to help young singles navigate the complex world of meeting IRL in this age of social media and dating apps.  Various segments, music and comedy will be the conduit for encouraging people to get off their phones and into the real world.  Brooklyn bartenders, café owners and chefs will be guests each week to add to the café aspect of Dating Café, thereby providing incentive for New Yorkers to tune in live and find out about happenings in Brooklyn, that listeners can attend.  There may even be an opportunity to meet singles that are featured on the show and place the face with the voice, if one is so inclined.
Call-ins with dating advice questions for host and dating expert, Nancy Slotnick, are also welcome.
</p>",Megaphone,en,"https://megaphone.imgix.net/podcasts/e03f9c7c-83f5-11f1-896a-7379edbcf311/image/8152c7c3404e5d274bc5f2662450ead3.jpg?ixlib=rails-4.3.1&max-w=3000&max-h=3000&fit=crop&auto=format,compress",2026-08-13 15:46:37,7989925,confirmed,https://radiofreebrooklyn.org/show/dating-cafe/,1786635997,3159db57e1aeba922d6e218d2d5ec940,6800225160.0,2,0,INDIVIDUAL
Master Class on real Estate,kings,https://www.spreaker.com/show/7262142/episodes/feed,"A podcast for anyone serious about winning in property from first-time buyers and landlords to seasoned investors and agents. Each episode breaks down the real strategies behind successful real estate deals: market analysis, negotiation tactics, financing structures, legal pitfalls, and the lessons learned from professionals who've done it before. No fluff, no jargon for its own sake  just practical, real-world insight to help you make smarter property decisions",Spreaker,en,https://d3wo5wojvuv7l.cloudfront.net/t_rss_itunes_square_1400/images.spreaker.com/original/a52f295d77d927320aaf4623580e2d1f.jpg,2026-08-13 15:43:37,7989923,confirmed,https://www.spreaker.com/podcast/master-class-on-real-estate--7262142,1786635817,8960426b25a46e06c3f474ec7c680b26,,4,0,INDIVIDUAL
Yarrow of Tomorrow,Dr. Kimberly McGlonn,https://feeds.transistor.fm/yarrow-of-tomorrow,"Yarrow of Tomorrow is a cinematic podcast hosted by award-winning author and entrepreneur, Dr. Kimberly McGlonn.

Named for the wildflower known for its resilience and the first to grow after a wildfire, the show sits down with founders, artists, and change makers who have built something enduring out of disruption, loss, and reinvention. Each conversation explores the harder, more human story underneath - the fear before the pivot, the cost of conviction, and the quiet, deliberate work of regrowth and rebuilding.

Yarrow of Tomorrow pairs intimate conversation with striking visual storytelling. If you lead a team, a company, a family, or a life you're trying to build with intention, these are the stories meant to grow something in you.

Launching October 2026 with new episodes bi-weekly. Subscribe so you don't miss a conversation.

A Build It Boldly production — equipping leaders to lead with clarity, courage, and care.",Transistor,en,https://img.transistorcdn.com/AhpNe4DABKa9uCFVuwVY1mkJL1Rw4AFbXimT3nCgvfg/rs:fill:0:0:1/w:1400/h:1400/q:60/mb:500000/aHR0cHM6Ly9pbWct/dXBsb2FkLXByb2R1/Y3Rpb24udHJhbnNp/c3Rvci5mbS9iNTk2/ODRjYTA5MDFlODUy/MDJkZWM1OTk4ZDdk/ODY5Ny5wbmc.jpg,2026-08-13 15:40:46,7989919,confirmed,http://www.builditboldly.com,1786635646,56595f0b4db9a1cf5061ff9170969b08,,4,0,INDIVIDUAL
The Talent Bar,Lavalier,https://feeds.transistor.fm/the-talent-bar,"This is The Talent Bar. Join Colleen Gallagher for candid conversations with talent leaders as we explore the work that drives them, the lessons they've learned, and how they're helping people find careers they love. The show is sponsored by Lavalier, an interview intelligence platform built by Textio.",Transistor,en,https://img.transistorcdn.com/CTntu4Qk4lPLcDHeLWXN565LvymYdtW8dyKqGe6JxZY/rs:fill:0:0:1/w:1400/h:1400/q:60/mb:500000/aHR0cHM6Ly9pbWct/dXBsb2FkLXByb2R1/Y3Rpb24udHJhbnNp/c3Rvci5mbS8wYTY3/NjAwYTNiNzNjMzdj/ZDdmNTZiYThiZGI5/ZjFkOS5wbmc.jpg,2026-08-13 15:33:04,7989914,confirmed,http://thetalentbarpodcast.com,1786635184,86b58158c6fe28f5ecbbe5981590f61d,,4,0,INDIVIDUAL
Media Insights,Growth Stack Media,https://anchor.fm/s/113510a7c/podcast/rss,"Media Insights is a podcast exploring how AI is transforming media from every angle. Hosted by Jordan Mitchell and produced by Growth Stack Media, a leading tech PR and creative agency.
Each episode, you'll hear directly from the experts actually building and working with this technology, to help you make smarter calls about where AI belongs in your work.
Subscribe so you don't miss new episodes.
Get in touch: https://www.growthstackmedia.com/contact",Anchor,en,https://d3t3ozftmdmh3i.cloudfront.net/staging/podcast_uploaded_nologo/46090455/46090455-1783004641391-b6b6205e13253.jpg,2026-08-13 15:31:47,7989913,confirmed,https://podcasters.spotify.com/pod/show/jordan-mitchell,1786635107,444e4489129b1542bf8d38b33f634f86,6786761396.0,2,0,CORPORATE
Architects of the Aisle,Meredith,https://rss.buzzsprout.com/2634860.rss,"<p>Every unforgettable wedding begins long before the walk down the aisle.</p><p><b>Architects of the Aisle</b> takes you behind the scenes with the creatives, planners, designers, and entrepreneurs who bring extraordinary weddings to life. Hosted by Meredith Ryncarz, this podcast explores the stories, strategies, and artistry behind the wedding industry through candid conversations with the professionals shaping today's celebrations.</p><p>Whether you're a couple planning your dream wedding or a wedding vendor looking to grow your business, each episode delivers expert insights, real experiences, practical advice, and fresh perspectives from some of the industry's most respected voices.</p><p>From floral design and photography to planning, branding, marketing, and the latest wedding trends, <em>Architects of the Aisle</em> celebrates the people who build unforgettable moments—one wedding at a time.</p><p><b>Subscribe now</b> and join us as we go behind the aisle to discover the stories, inspiration, and expertise that make every celebration extraordinary.</p>",Buzzsprout,en-us,https://storage.buzzsprout.com/qbge20xo64mo0xtxbpikf6cp8w6y?.jpg,2026-08-13 15:29:54,7989908,confirmed,,1786634994,8d616bad5683871f1494a75645f9c869,,4,0,INDIVIDUAL
Organix Reach X,Podgo,https://feeds.simplecast.com/sYe_pv_U,"Welcome to the Organic Reach X podcast!We are so glad to have you here.Our mission is to help seasoned entrepreneurs create the freedom lifestyle they desire from their business while continuing to play the role(s) they wish to play based on what they love doing that best uses their skills, their gifts, and talents.By Anna Dornier & Mubarak Nsekarije",Simplecast,en,https://image.simplecastcdn.com/images/c6b17761-8500-4f42-834c-9de9f02fc6d8/7017f722-fc82-483f-a6b4-9566e37d8bdd/3000x3000/orx-podcast-episode-square-big-3000.jpg?aid=rss_feed,2026-08-13 15:21:01,7989903,confirmed,https://www.spreaker.com/podcast/organix-reach-x--6712470,1786634461,0db9ad3de5ffeab96f1b9f97a490e6d1,1853924428.0,2,0,INDIVIDUAL
In God’s Company,Charles Vincent Mtawali,https://anchor.fm/s/f6edbdf8/podcast/rss,In God’s Company is a podcast inspired by the Life and Times of Jesus Christ.,Anchor,en,https://d3t3ozftmdmh3i.cloudfront.net/production/podcast_uploaded_nologo/41327758/41327758-1716976568974-0b9c72e1b9617.jpg,2026-08-13 15:18:28,7989901,confirmed,https://www.patreon.com/inGodsCompany,1786634308,db6d4f0f0c83f5f91ab706a407f3e513,1749090524.0,2,0,INDIVIDUAL
Brew,Brew,https://feeds.megaphone.fm/brew,"Solving mysteries, one cup at a time ☕️
Facebook: Brew
Instagram: brewsolves",Megaphone,en,"https://megaphone.imgix.net/podcasts/17be83fa-5e05-11f1-be2f-e3a4a472efaa/image/7bec0f80e2563905533115475aa7bffe.jpg?ixlib=rails-4.3.1&max-w=3000&max-h=3000&fit=crop&auto=format,compress",2026-08-13 15:16:43,7989897,confirmed,,1786634203,09c0894a6da7598d90802b9a06f3a994,6796405291.0,2,0,INDIVIDUAL
Mic’d Up Management,Ginny and Susan Farrell,https://anchor.fm/s/10f303b20/podcast/rss,"Mic’d Up Management is a Bravo TV recap and career growth podcast where sisters Ginny and Susan Farrell break down leadership and workplace lessons from your favorite reality shows like Below Deck, The Real Housewives, Vanderpump Rules, and more. If you love messy reality TV and honest conversations about management, corporate life, and professional development, this is your new favorite meeting that could’ve been an email.",Anchor,en-us,https://d3t3ozftmdmh3i.cloudfront.net/staging/podcast_uploaded_nologo/45397864/45397864-1771792682962-5bf72760a81be.jpg,2026-08-13 15:10:52,7989894,confirmed,https://podcasters.spotify.com/pod/show/micd-up-management,1786633852,b6e4f803e15fbd750e3a26a6ea574226,6799718784.0,2,0,CORPORATE
The Family stand,Arthur Lloyd,https://www.spreaker.com/show/7256930/episodes/feed,Two generations. One club. Every sport,Spreaker,en,https://d3wo5wojvuv7l.cloudfront.net/images.spreaker.com/nuvolari-assets/green_square_mic.jpg,2026-08-13 15:10:28,7989891,confirmed,https://www.spreaker.com/podcast/the-family-stand--7256930,1786633828,3b26a8febdecb4568c3e25820b6b6c81,,4,0,INDIVIDUAL
Tremor & Parkinson's Surgery Explained with Dr. Wu,Chengyuan,https://rss.buzzsprout.com/2633783.rss,"<p><b>Parkinson's meds stopped working like they used to? Tremor making it hard to write, eat, or hold a cup steady? You're not stuck choosing between ""wait it out"" and ""risky brain surgery."" </b></p><p><br></p><p><b>Dr. Chengyuan Wu is a board certified neurosurgeon who performs single-day, asleep, robot-assisted deep brain stimulation (DBS) for Parkinson's disease and essential tremor, plus incisionless focused ultrasound for tremor and surgery for drug-resistant epilepsy. </b></p><p><br></p><p><b>After 2,500+ surgeries, he breaks down what DBS actually involves, who qualifies, what recovery looks like, and why modern DBS carries a lower 30-day complication rate than a hip or knee replacement. </b></p><p><br></p><p><b>No scare tactics, no ""last resort"" thinking. Just clear answers so you can make an informed choice about getting your function back. New episodes on Parkinson's, tremor, and epilepsy surgery weekly.</b></p><p><br></p>",Buzzsprout,en-us,https://storage.buzzsprout.com/ki678a1pny463ndjakcxcu08wtal?.jpg,2026-08-13 15:05:44,7989881,confirmed,https://www.buzzsprout.com/2633783,1786633544,341d3290f6abe0561178540b66fa6ab6,,4,0,INDIVIDUAL
214 Podcast,w/ Rick Carman,https://anchor.fm/s/113fb01d0/podcast/rss,"This is your Captain speaking. Be Watchful, stand firm in the faith, act like men, be strong. - 1 Corinthians 16:13
Retiring from the military and starting life after 50 brings big questions: How do I stay healthy and fit? What does purpose look like now? 
 Retired USAF / ANG Cpt. Rick Carman talks about transitioning after the DD214, staying strong physically and spiritually, and building a meaningful second half of life. Civilian & Military alike will someday receive their own 214 in life. 
Faith. Fitness. Purpose. 
Email the show: 214@protalkmedia.com (Start subject with [214])",Anchor,en,https://d3t3ozftmdmh3i.cloudfront.net/staging/podcast_uploaded_nologo/46201844/46201844-1782009815510-9bd1070c40676.jpg,2026-08-13 14:59:37,7989874,confirmed,https://podcasters.spotify.com/pod/show/rick44,1786633177,1252bebe26838dd0f322a3b2ac4f3354,6798751008.0,2,0,INDIVIDUAL
The EMS Blueprint,Alex Smith,https://anchor.fm/s/1152f7c84/podcast/rss,"The EMS Blueprint is the podcast built for every level of EMS provider. Whether you’re hitting the books as a student, surviving your first shifts as a new EMT, sharpening your clinical skills as a paramedic, or building your leadership identity as a supervisor — this show is your blueprint. Hosted by EMS professionals, for EMS professionals. New episodes weekly. Train hard. Lead well. Save lives. From the streets to the Summit.",Anchor,en-us,https://d3t3ozftmdmh3i.cloudfront.net/staging/podcast_uploaded_nologo/46404009/46404009-1784691925477-19185a1c87581.jpg,2026-08-13 14:53:50,7989872,confirmed,https://podcasters.spotify.com/pod/show/alex616,1786632830,1209c5423d4154c8b9d079cc462f8978,6797338353.0,2,0,CORPORATE
"Shofar, So Good!",Kate Mishkin,https://feeds.libsyn.com/626030/rss,"In Season 2 of Shofar, So Good! host Kate Mishkin teams up with My Jewish Learning to explore Jewish rituals and practices — where they came from, how they evolved and why they endure.",Libsyn,en,https://static.libsyn.com/p/assets/7/6/d/c/76dc13c1006b4c4916c3140a3186d450/V2shofar_so_good_Main_Cover-20260807-ofule1m28f.jpeg,2026-08-13 14:46:14,7989868,confirmed,https://sites.libsyn.com/626030,1786632374,910f5a9bb1ff6257d40574cdcb9878fc,6800068612.0,2,0,INDIVIDUAL
Agent Hour,Gabi Weinberg,https://anchor.fm/s/115618260/podcast/rss,"Agent Hour is a show for people building in the AI agent space — engineers, founders, and technical leaders who are actually shipping this stuff. The pod goes a mix of wide and deep to share knowledge related to the industry as it continues to be revealed. And true to the premise of agents improving our lives, every episode runs under 60 minutes, because if the show can't practice what it preaches about agents saving time, what's the point.",Anchor,en,https://d3t3ozftmdmh3i.cloudfront.net/staging/podcast_uploaded_nologo/46436792/46436792-1785160819428-6082b6d2fd3cb.jpg,2026-08-13 14:46:07,7989867,confirmed,https://podcasters.spotify.com/pod/show/gabi-m-weinberg7,1786632367,e3d39e43cab95ed9ba70e88e8caaadd0,6795182432.0,2,0,INDIVIDUAL
A5 Podcast,A5 Podcast,https://anchor.fm/s/ebb2816c/podcast/rss,"The A5 PODCAST exists to ELEVATE, INSPIRE, & SHARPEN men through high-quality conservations grounded in FAITH.
As Jesus commanded in Matthew 28:19, our goal is to MAKE DISCIPLES through an online community where men of all walks of life can GROW together, CHALLENGE one another, WALK in their God-given purpose, and BECOME the best versions of themselves—mentally, emotionally, relationally, financially, physically, and most importantly, spiritually!
Tune in every week as we sharpen one another and navigate the complexities of modern masculinity and culture with wisdom, integrity, and faith!",Anchor,en-us,https://d3t3ozftmdmh3i.cloudfront.net/staging/podcast_uploaded_nologo/39443443/39443443-1770316653583-0c3f7714eb25.jpg,2026-08-13 14:37:35,7989859,confirmed,https://podcasters.spotify.com/pod/show/operation-a5,1786631855,acd061f927c8db3c10eed7a4c7b2ae3c,1878374787.0,2,0,INDIVIDUAL
No Plan Survives,Benjie Hughes & Mike Carpenter,https://rss.buzzsprout.com/2637421.rss,"<p>No Plan Survives is about what happens when our business vision crashes into our business reality – and the new things we create as a result.<br><br></p><p>This is a limited series: Two entrepreneurs, five days, five topics. Each day we each bring one story from our business journeys, told in three acts:<br><br></p><p>·         What was your plan?</p><p>·         How did reality wreck it?</p><p>·         What was born as a result?</p><p><br>Then we interrogate those stories – and each other.</p><p><br>This is a business show that feels more “beer at five” than “Monday morning coffee.” You might hear our tips and frameworks, but it’s not about the frameworks. It’s about what happens when theory crashes into practice – and transforms.</p><p><br>And we get transformed, too.</p><p><br>Hosts:</p><p>·         Benjie Hughes is the founder of Hopeless Marketing and a classic “Act 1” builder: In his 20s he started a music business from scratch, grew it, scaled it, exited it. Now he’s in his 40s and starting from scratch again.</p><p>·         Mike Carpenter is the owner and CEO at RH Adhesives and a classic “Act 2” builder: He took over an existing manufacturer with a 75-year legacy and then doubled its business. Now he’s building software  tools that might just find a market beyond his own shop’s needs.</p><p><br>They say no plan survives first contact with the enemy. That’s true in all this week’s topics: Vision, revenue, marketing, data and uncertainty.</p><p><br>But it’s also true that when plans die, new things rise up to take their place.</p><p><br>Find and follow Mike and Benjie at <b>noplan.show</b>.<br><br></p>",Buzzsprout,en-us,https://storage.buzzsprout.com/vtfevu2lfse2is43xqlfqi4rz1pi?.jpg,2026-08-13 14:36:46,7989858,confirmed,http://noplan.show,1786631806,f5b7939f2039c8806cfdd6285c22eded,,0,0,CORPORATE
Main Character Energy,Replayed Games,https://anchor.fm/s/115ca52cc/podcast/rss,"Your favourite celebs + their favourite games = Main Character Energy Podcast.
We dive into the core memories, favourite franchises, and nightmare boss fights of your favourite pop-culture icons.",Anchor,en,https://d3t3ozftmdmh3i.cloudfront.net/staging/podcast_uploaded_nologo/46505483/46505483-1786098522354-b271d98c956d9.jpg,2026-08-13 14:33:37,7989856,confirmed,https://maincharacterenergypodcast.com/,1786631617,d2dc46c8c37eaab413b1276ca5f2beb6,6799725139.0,2,0,INDIVIDUAL
İKİNCİ KESİT,Shirel Aktoun,https://feeds.captivate.fm/ikinci-kesit/,TAKE TWO,Captivate,en,https://cdn.captivate.fm/placeholder/default-artwork.jpg,2026-08-13 14:26:18,7989849,confirmed,https://ikinci-kesit.captivate.fm,1786631178,b406895ac2579353f3959611a683db5c,,4,0,INDIVIDUAL
The One Manifestation Way || with Sarah,Sarah Hawkins,https://feed.podbean.com/theonemanifestationway/feed.xml,"What if manifestation isn’t about getting what you want… but becoming the person who can receive it?
The One Manifestation Way with Sarah explores manifestation, spirituality, psychology, energy and personal growth — making spiritual concepts practical for real life.
From understanding why your manifestations aren’t working to healing, self-worth, relationships, alignment, Reiki, chakras, intuition and the patterns keeping you stuck, Sarah offers honest, practical and thought-provoking conversations to help you understand yourself and consciously create a life that feels aligned.
Spirituality for real life.",Podbean,en,https://pbcdn1.podbean.com/imglogo/image-logo/22551906/Main_Cover9ne4u.png,2026-08-13 14:14:13,7989841,confirmed,https://theonemanifestationway.com,1786630453,ca49ea152e95fab67f2b023a2eac556e,6799809811.0,2,0,INDIVIDUAL
Welcome to The Outside Podcast,with Tiffany Rachelle and guest host Spicy Liz!,https://anchor.fm/s/113404a98/podcast/rss,"🎙️ Welcome to the Outside 
For the moms who got blocked, banned, left out, or simply stopped chasing approval. Join us each week for real conversations about friendship, motherhood, marriage, perimenopause, empty nesting, entrepreneurship, and finding your way back to yourself. With coffee in one hand and wine in the other, we're sharing the stories, laughter, and life lessons that happen when the filters come off. No cliques. No judgment. Just real moms, real talk, and a place where you belong.",Anchor,en-us,https://d3t3ozftmdmh3i.cloudfront.net/staging/podcast_uploaded_nologo/46079478/46079478-1786064829216-fe5c87397c4b5.jpg,2026-08-13 14:10:10,7989840,confirmed,https://podcasters.spotify.com/pod/show/welcome-to-the-outside,1786630210,897015d54bf836533235a92354c07f6d,6798460120.0,2,0,CORPORATE
Daily Music Drop,Ayoola micheal,https://www.spreaker.com/show/7261483/episodes/feed,"<b> Daily Music Drop Your daily destination for new music, honest reviews, artist talks, trending sounds, and fresh discoveries. From Afrobeats to Hip-Hop, R&B and beyond, we listen, review, and talk about the music that matters. </b><br /><b><br />Daily Music Drop — Hear It. Rate It. Talk About It.</b>",Spreaker,en,https://d3wo5wojvuv7l.cloudfront.net/t_rss_itunes_square_1400/images.spreaker.com/original/152ce70227b6ea77d5ee7d8b32895403.jpg,2026-08-13 14:05:52,7989837,confirmed,https://www.spreaker.com/podcast/daily-music-drop--7261483,1786629952,673d89b93ffdb61990791ced0f92e66b,,4,0,INDIVIDUAL
Red Zone Dads,Rick Guillaume,https://feeds.transistor.fm/red-zone-dads,Join Rick Guillaume and occasional guests as they talk all things fantasy football and fatherhood.,Transistor,en,https://img.transistorcdn.com/tKuORNTrhu99ngakYTFCMFMTuZBvW0oEsImdorx-7oQ/rs:fill:0:0:1/w:1400/h:1400/q:60/mb:500000/aHR0cHM6Ly9pbWct/dXBsb2FkLXByb2R1/Y3Rpb24udHJhbnNp/c3Rvci5mbS82ZTky/Y2I4NDRhYWY1YWE0/ZDIxYTIzMDgxNjRl/YTY4Mi5wbmc.jpg,2026-08-13 14:02:09,7989833,confirmed,,1786629729,ced2ee1082aa20a1befcb68b4b37f917,6801253034.0,4,0,INDIVIDUAL
The Gluten Free Zone,The Celiac Scientist,https://anchor.fm/s/1153e3350/podcast/rss,In this series I will be talking with dining hall staff at different universities about the protocols they have in place to protect students with celiac disease. I will also share my personal experiences eating at different university campuses. Current students will also be invited to share their experiences at their universities. We will delve into what universities are doing right and what they could be doing better.,Anchor,en,https://d3t3ozftmdmh3i.cloudfront.net/staging/podcast_uploaded_nologo/46413652/46413652-1784823238331-0fc8321d5926a.jpg,2026-08-13 14:01:42,7989832,confirmed,https://podcasters.spotify.com/pod/show/the-celiac-scientist3,1786629702,edac0b1ebde49b5fbdef72239edc7357,6794721486.0,2,0,CORPORATE
CabCast Podcast,Virginia Cooperative Extension - Northampton,https://rss.buzzsprout.com/2637403.rss,"<p>This podcast, produced in collaboration with Virginia Cooperative Extension and the Virginia Tech Eastern Shore Agricultural Research and Extension Center, brings listeners timely conversations on agriculture and the latest applied research. </p>",Buzzsprout,en-us,https://storage.buzzsprout.com/8ydyd01ksyiaf804ozav4xargf25?.jpg,2026-08-13 14:01:36,7989831,confirmed,,1786629696,cf417c8001c44d180e2a9f3d36572ddc,,4,0,INDIVIDUAL
ANCIENT EGYPT,Abby Histories,https://www.spreaker.com/show/7261552/episodes/feed,"<b>Ancient Egypt.</b><br /><b>Come join the journey into one of the most influential and powerful ancient civilizations, known as Egypt. From the pharaohs and their pyramids to Gods and Goddesses, from everyday people to ancient wars – learn about the fascinating history of one of the oldest countries in the world.</b><br /><b>From the beauty of the Nile to the inside of the pharaoh’s palace – explore the ancient world with Abby Histories podcast, where you will find stories, events, battles, achievements, and mysteries of Egypt, one of the most mysterious and unique cultures on Earth.</b><br />",Spreaker,en,https://d3wo5wojvuv7l.cloudfront.net/t_rss_itunes_square_1400/images.spreaker.com/original/dc0f2096201ffd395ad219d875b4e061.jpg,2026-08-13 13:53:35,7989829,confirmed,https://www.spreaker.com/podcast/ancient-egypt--7261552,1786629215,dd7df5d8017326f8a189380cb13fd287,,4,0,INDIVIDUAL
Searching for Summit,Joel Boulton,https://anchor.fm/s/111468284/podcast/rss,"Faith first, everything else second. Learn what it looks like to live life for Jesus in an ever uncertain world.",Anchor,en,https://d3t3ozftmdmh3i.cloudfront.net/staging/podcast_uploaded_nologo/45748009/45748009-1776372182561-6673fcdd95767.jpg,2026-08-13 13:48:18,7989825,confirmed,https://podcasters.spotify.com/pod/show/joelmb,1786628898,b8d935395806c8962b53e32298c580d2,1895019224.0,2,0,INDIVIDUAL
The Get Good Podcast,Guy,https://rss.buzzsprout.com/2636728.rss,"<p>A podcast about all things Ultramarathon running, running and endurance events. Mindset, nutrition, training and goal setting. </p>",Buzzsprout,en-us,https://storage.buzzsprout.com/w4yiovz6p69ig7y93tgtw95fnkho?.jpg,2026-08-13 13:46:29,7989824,confirmed,https://www.buzzsprout.com/2636728,1786628789,79bc2ded38db36aa002ddee069802e08,,0,0,INDIVIDUAL
Rock For Initiative,Phil Fairbrother,https://anchor.fm/s/114e84288/podcast/rss,"Rock For Initiative is a podcast about the overlap between music and nerd culture. Each episode, we talk with emo, punk, ska and hardcore artists about the tabletop games, card games, and fandoms they love, from D&D campaigns to Magic The Gathering decks to Pokémon. It's the same passion that drives their music, pointed at the things they geek out about off stage.
Rock For Initiative is part of Never A Phase Network.",Anchor,en,https://d3t3ozftmdmh3i.cloudfront.net/staging/podcast_uploaded_nologo/46357330/46357330-1784032010239-c2e94c5bb7e41.jpg,2026-08-13 13:40:22,7989821,confirmed,https://podcasters.spotify.com/pod/show/phil-fairbrother9,1786628422,5eebdf919abb17269b42a95c5ea02336,6800185266.0,2,0,INDIVIDUAL
The Rollercoaster Podcast Series,ThruDark,https://feeds.acast.com/public/shows/6a7b2d7c600375257318a9ba,"<p><em>""What can we learn from adversity?"" </em></p><br><p>The Rollercoaster podcast from ThruDark has a simple mission brief - dissect the highs and lows of some of the world's leading athletes, adventurers, business people and elite military operators into takeaways anyone can put into practice.</p><br><p>Join ThruDark Co-Founder and former UK Special Forces Operator Anthony 'Staz' Stazicker CGC as he joins a host of inspiring individuals for a hike, using the power of the great outdoors to get people talking about the things that matter.</p><br><p><u>About ThruDark</u></p><br><p>ThruDark is a British high-performance clothing brand founded by former UK Special Forces operators Anthony ""Staz"" Stazicker CGC and Louis Tinsley. Between them, they spent 27 years in the British military, 18 of those in the Special Boat Service, working as snipers, demolition experts and surveillance specialists. ThruDark launched in May 2018 at Bremont's London HQ, with a launch film narrated by actor Tom Hardy. Its first product, a bespoke Summit Suit, was worn for the fastest ascent of the world's 14 highest peaks and later on the summit of Everest. In May 2025, Staz completed a fastest known time on Mission: Everest, travelling from London to the summit and back in seven days, a world first. Every product since has been designed, developed and tested personally by its founders.</p><br><p><br></p><p>""Endeavour Through Adversity.""</p><hr><p style='color:grey; font-size:0.75em;'> Hosted on Acast. See <a style='color:grey;' target='_blank' rel='noopener noreferrer' href='https://acast.com/privacy'>acast.com/privacy</a> for more information.</p>",Acast,en,https://assets.pippa.io/shows/cover/1786457369049-e81faeb0-3541-4ba7-b63e-490d2bb97c64.jpeg,2026-08-13 13:36:47,7989818,confirmed,https://shows.acast.com/thrudark-rollercoaster,1786628207,f93b325e3644cb7fe897bc18e8c5e9ca,6800738361.0,2,0,INDIVIDUAL
5 Things with Lil’ D,MACD Media,https://anchor.fm/s/edd13da8/podcast/rss,"Lil’ D is nearly 5, he's cute, quick, funny and wishes daddy would listen more. Cause Lil' D likes to talk and likes to be listened to. That's why this podcast is perfect. He brings 5 things and talks about why he chose them. That's it. It's as simple & uncomplicated as that. In a world of chaos & noise, cool your brain with a small slice of fresh fun. Oh and ask your kids what 5 things they’d bring to talk about too...",Anchor,en,https://d3t3ozftmdmh3i.cloudfront.net/staging/podcast_uploaded_nologo/39799130/39799130-1786530394367-9d9f97435c628.jpg,2026-08-13 13:28:49,7989812,confirmed,https://podcasters.spotify.com/pod/show/dave-mac9,1786627729,7f469705230080dbaa06475559f4428b,6800696844.0,2,0,CORPORATE
Cop Town Podcast,Cop Town Podcast,https://anchor.fm/s/10cab09fc/podcast/rss,"Retired cops. Real stories. Real struggle. Real healing.
Hosted by Jose Pantoja and Joe Mandello, Cop Town dives into the untold realities of life in law enforcement — on the job, after the job, and the quiet battles no one sees. Honest conversations about PTSD, trauma, resiliency, brotherhood, and rebuilding your life when the badge comes off.
First responders and their families — you're not alone. There is a way forward.
Welcome to Cop Town.",Anchor,en,https://d3t3ozftmdmh3i.cloudfront.net/staging/podcast_uploaded_nologo/44975031/44975031-1786474769585-70b669f268b5b.jpg,2026-08-13 13:28:25,7989811,confirmed,https://hyperlocalchannel.com,1786627705,9ead5649c15a38531c0b8d938ed8405e,6800199992.0,2,0,INDIVIDUAL
Nobody Talks,Nobody,https://anchor.fm/s/1007ea774/podcast/rss,"I wanted a show where i could connect with anyone. These days it feels like Nobody Talks. And thats what its all about. Breaking the ice, and being open with one another.",Anchor,en,https://d3t3ozftmdmh3i.cloudfront.net/staging/podcast_uploaded_nologo/42932677/42932677-1759418455085-9b674d353116.jpg,2026-08-13 13:28:14,7989810,confirmed,https://podcasters.spotify.com/pod/show/jaefkay,1786627694,c719e6096cf232b84dfc02f8e658b3f1,6800480514.0,2,0,INDIVIDUAL
Reese’s Pieces of Light,Katelyn007,https://anchor.fm/s/115f67668/podcast/rss,"“And thus they were instruments in the hands of God in bringing many to the knowledge of the truth, yea, to the knowledge of their Redeemer. And how blessed are they! For they did publish peace; they did publish good tidings of good; and they did declare unto the people that the Lord reigneth.”",Anchor,en-us,https://d3t3ozftmdmh3i.cloudfront.net/staging/podcast_uploaded_nologo/46534410/46534410-1786509752542-be9d80e2916.jpg,2026-08-13 13:26:39,7989808,confirmed,https://podcasters.spotify.com/pod/show/katelyn0076,1786627599,31dfad8399bc1db1373fc3f1254af169,6800580908.0,2,0,INDIVIDUAL
FreduBall Stories,FreduBall Stories,https://www.spreaker.com/show/7261350/episodes/feed,"Hello, I’m a Latin American who enjoys creating alternative stories based on the best anime, working with voice actors and designers, and doing the editing myself. I hope you enjoy my work.",Spreaker,en,https://d3wo5wojvuv7l.cloudfront.net/t_rss_itunes_square_1400/images.spreaker.com/original/86a86d792fee0590f6c8c9c4f2eb73b4.jpg,2026-08-13 13:26:08,7989807,confirmed,https://www.spreaker.com/podcast/freduball-stories--7261350,1786627568,6ae58d0da0d8bcc540877c6b32696d15,,4,0,INDIVIDUAL
Englishland with Leslie,Leslie,https://rss.buzzsprout.com/2629547.rss,"<p>Englishland is a podcast devoted entirely to English language learning and listening practice. It is focused on comprehensible input and engaging topics to help intermediate and advanced English learners train their ears to understand spoken English, learn about life and culture in the United States, and gain the confidence to speak with native English speakers. As a student of Spanish, I benefitted greatly from the many Spanish podcasts available and decided to pay it forward by creating my own podcast. </p>",Buzzsprout,en-us,https://storage.buzzsprout.com/2ehixnd7gkt5qjnhllvkbnkxcswo?.jpg,2026-08-13 13:21:58,7989803,confirmed,https://englishlandpodcast.buzzsprout.com,1786627318,69655ce5c25af569c70c6bb4571257f0,,4,0,INDIVIDUAL
Dejsae,Ivandon,https://www.spreaker.com/show/7245280/episodes/feed,"<ul><li>Good vibes </li></ul><br /><br />Become a supporter of this podcast: <a href=""https://www.spreaker.com/podcast/dejsae--7245280/support?utm_source=rss&utm_medium=rss&utm_campaign=rss"">https://www.spreaker.com/podcast/dejsae--7245280/support</a>.",Spreaker,en,https://d3wo5wojvuv7l.cloudfront.net/images.spreaker.com/nuvolari-assets/orange_square_mic.jpg,2026-08-13 13:16:57,7989801,confirmed,https://www.spreaker.com/podcast/dejsae--7245280,1786627017,fddf0943d882cb6808b4745b5eae8737,,4,0,CORPORATE
JOSE BALTA,JOSE BALTA,https://feed.podbean.com/josebalta/feed.xml,Podcast de desarrollo personal de Jose Balta,Podbean,en,https://pbcdn1.podbean.com/imglogo/image-logo/2859269/260321085_231013985807092_5697444169417236502_n.jpg,2026-08-13 13:15:27,7989798,confirmed,https://josebalta.podbean.com,1786626927,71478850fa096d72781eb369f7c07546,1451243799.0,2,0,INDIVIDUAL
Arts & Culture 180 San Diego,Cloudcast,https://www.spreaker.com/show/7247691/episodes/feed,"Arts & Culture 180 San Diego with Kristen Fogle is a weekly ""SnackCAST"" offering you a bite of news on the San Diego arts & culture scene.  Enjoy!  <br /><br />Remember to always support arts & culture in your community -- it is essential to the wellbeing of a community!  <br /><br />Cloudcast San Diego is a member of the Cloudcast Media national network.  SnackCAST is the property of Cloudcast Media.  Listen Where You Live. ",Spreaker,en,https://d3wo5wojvuv7l.cloudfront.net/t_rss_itunes_square_1400/images.spreaker.com/original/52e056560f86bfa84541b65cf4c11d9d.jpg,2026-08-13 13:10:55,7989795,confirmed,https://www.spreaker.com/podcast/arts-culture-180-san-diego--7247691,1786626655,09895aaa250cb7f48828f2adee5eccaa,,4,0,INDIVIDUAL
Tales from Turriff,Sarah Tremlett,https://feed.podbean.com/TalesfromTurriff/feed.xml,"Welcome to Tales from Turriff, an oral history project by 2F at Turriff Academy in North East Scotland. In this special series, pupils collaborate with the wonderful residents of Dawson Court sheltered housing to capture and share stories of life, work, and community in years gone by. Through conversation, curiosity, and care, young and old come together to celebrate local history and the power of listening.",Podbean,en,https://pbcdn1.podbean.com/imglogo/image-logo/20249754/Untitled.jpeg,2026-08-13 13:10:15,7989794,confirmed,https://TalesfromTurriff.podbean.com,1786626615,3a590036ea7f283b3fabf9e23d092c7f,1813218067.0,2,0,INDIVIDUAL
Raising a Glass: To Not Having It All Figured Out,Rob Flood,https://anchor.fm/s/115efe014/podcast/rss,"What if we don't need to have all the answers?
I'm Rob Flood, and this is Raising a Glass: To Not Having It All Figured Out.
Real life. Real questions. Honest conversations—and sometimes, no answers at all.
So grab whatever's in your glass, and let's figure it out—or not—together.",Anchor,en-us,https://d3t3ozftmdmh3i.cloudfront.net/staging/podcast_uploaded_nologo/46530093/46530093-1786457200574-4ed571de2fab2.jpg,2026-08-13 13:07:07,7989793,confirmed,https://podcasters.spotify.com/pod/show/rtflood,1786626427,7ab342bca548c2ddc658b55bd26d92d5,6800364394.0,2,0,INDIVIDUAL
I Don't Get It,natejmckay,https://anchor.fm/s/e8825724/podcast/rss,"Competitive Swim Coaches Nate McKay and Kyle Johnson discuss their careers, philosophies, and their shared experience within the sport.",Anchor,en,https://d3t3ozftmdmh3i.cloudfront.net/staging/podcast_uploaded_nologo/38908561/38908561-1704922487941-271c5fedb61d3.jpg,2026-08-13 13:05:17,7989791,confirmed,https://podcasters.spotify.com/pod/show/natejmckay,1786626317,d57e640f979e5a86d5f30d5e55b89d4f,,0,0,INDIVIDUAL
"Rewind, Recline & Review","Rewind, Recline & Review",https://anchor.fm/s/1151e49c8/podcast/rss,"the podcast where new movies get an honest first reaction, old favorites get another look, and forgotten films get a second chance. No complicated critic talk—just real opinions from someone who loves movies. Kick back, relax and talk movies with your host: Mike Bashara",Anchor,en,https://d3t3ozftmdmh3i.cloudfront.net/staging/podcast_uploaded_nologo/46392738/46392738-1784549113619-8adc75558c89e.jpg,2026-08-13 13:03:50,7989790,confirmed,https://podcasters.spotify.com/pod/show/rewind-recline--review2,1786626230,dc722b64225c4f6efab5f9029dc8cfef,6800373041.0,2,0,CORPORATE
Faith Stories and Secrets,Faith Stories and Secrets,https://www.spreaker.com/show/7261122/episodes/feed,"God works in mysterious ways, and our world is full of many secrets and unknowns yet to be discovered. But some of those mysteries are becoming clearer! Delve into the wonderful workings of providence and creation with Faith Stories and Secrets. Explore ancient secrets and prophecies long hidden from discovery and examine the Bible's most mysterious and controversial stories. Faith Stories and Secrets features dramatic re-creations, expert examination, biblical evidence, scientific experiments, and great entertainment value for the entire family. BEST of ALL, It’s FREE.",Spreaker,en,https://d3wo5wojvuv7l.cloudfront.net/t_rss_itunes_square_1400/images.spreaker.com/original/80c040e3e78969b31898c755931e26b0.jpg,2026-08-13 13:02:31,7989787,confirmed,https://www.spreaker.com/podcast/faith-stories-and-secrets--7261122,1786626151,40ed3be36365dbf883a6547944f92d82,,4,0,CORPORATE
Asphalt Apostle,Robert prycl,https://anchor.fm/s/115cc4be0/podcast/rss,"Asphalt Apostle is a Christ-centered podcast for anyone seeking freedom through Jesus Christ. Each episode explores God's Word, exposes the lies that keep us in bondage, and replaces them with biblical truth. We'll discuss faith, repentance, identity, addiction, healing, spiritual warfare, and practical ways to follow Jesus every day. No matter your past or your struggle, there is hope. God loves you, and He can set you free.",Anchor,en-us,https://d3t3ozftmdmh3i.cloudfront.net/staging/podcast_uploaded_nologo/46506776/46506776-1786115472951-e8ac4f94d7f06.jpg,2026-08-13 12:55:08,7989774,confirmed,https://podcasters.spotify.com/pod/show/pryclbob7,1786625708,e40cd93acfabad7b7c65664b7c1ddbde,6799204097.0,2,0,INDIVIDUAL
Love Jesus Podcast,Drew Chandler,https://anchor.fm/s/1145801a0/podcast/rss,"Christian Media & Apparel | ""You shall love the Lord your God with all your heart, and with all your soul, and with all your mind."" Matthew 22:37",Anchor,en-us,https://d3t3ozftmdmh3i.cloudfront.net/staging/podcast_uploaded_nologo/46262792/46262792-1782697183447-41620538df41a.jpg,2026-08-13 12:50:18,7989770,confirmed,https://podcasters.spotify.com/pod/show/drew-chandler7,1786625418,4d1a228f3e215ab78c60aeb1b6db9ae1,6787834479.0,2,0,CORPORATE
Arham Physiotherapy,arhamphysio,https://www.spreaker.com/show/7261052/episodes/feed,"<b>Looking for the<a href=""https://www.arhamphysio.com/"" target=""_blank"" rel=""noreferrer noopener""> best physiotherapist in Ahmedabad</a>? Arham Physiotherapy & Rehabilitation Centre offers expert care for back pain, neck pain, joint pain, sports injuries, and neurological rehabilitation. We provide physiotherapy at home in Ahmedabad with experienced physiotherapists visiting home services for patients who need treatment at their doorstep. As a trusted physiotherapy center in Ahmedabad and one of the best physiotherapists in Nikol, we specialize in neck pain treatment in Ahmedabad, neuro rehabilitation, and personalized recovery programs. Whether you need a joint pain specialist in Ahmedabad, pain specialist doctor in Ahmedabad, back pain management clinic in Ahmedabad, or rehabilitation support, our team is committed to helping you move pain-free. </b>",Spreaker,en,https://d3wo5wojvuv7l.cloudfront.net/images.spreaker.com/nuvolari-assets/green_square_mic.jpg,2026-08-13 12:44:55,7989768,confirmed,https://www.spreaker.com/podcast/arham-physiotherapy--7261052,1786625095,81da66fb9089e90bd91ea77cbc61158f,,4,0,INDIVIDUAL
Your Weekend Ridgefield,JTown Networks,https://feeds.transistor.fm/your-weekend-ridgefield,"Your Weekend Ridgefield is your weekly heads-up on everything happening around Ridgefield, Connecticut — new movies, concerts, shows, community events, and more. Plus a look at the weather and the stuff your neighbors are talking about on the town socials. Every week, we round up what's worth knowing about. Free, quick, and made for the people who live here.",Transistor,en,https://img.transistorcdn.com/ALJwYUyyIxnfsBuq7cPYASs7HKIWueuKa_LbWhqhWw0/rs:fill:0:0:1/w:1400/h:1400/q:60/mb:500000/aHR0cHM6Ly9pbWct/dXBsb2FkLXByb2R1/Y3Rpb24udHJhbnNp/c3Rvci5mbS84NmQ3/YTdiZWQwYjM0NDFm/ZGE4YTczMTc5ODZm/MTZjYS5qcGc.jpg,2026-08-13 12:42:51,7989767,confirmed,https://yourweekend.beehiiv.com,1786624971,da13c590feb8e83923bdfd26dfcace61,,4,0,INDIVIDUAL
In Process Podcast,Allyson and Beth,https://anchor.fm/s/11559b580/podcast/rss,"In Process is a conversation about the beautifully unfinished parts of life. Together, Hosts: Beth and Allyson explore marriage, parenting, personal growth, entrepreneurship, spirituality, and everything that happens in between. As a queer couple with a 10-year age gap raising a son with autism, they bring a refreshingly honest perspective to life's most tender topics. Honest conversations. Different perspectives. No pretending to have it all figured out.",Anchor,en,https://d3t3ozftmdmh3i.cloudfront.net/staging/podcast_uploaded_nologo/46431680/46431680-1785090461926-4f84a9d0e3415.jpg,2026-08-13 12:37:25,7989761,confirmed,https://podcasters.spotify.com/pod/show/allyson-marie-stuart5,1786624645,1c1f381bf867b7fd745ab8b4307587d5,6794921985.0,2,0,CORPORATE
Dad Math Podcast,Zachary Mineur,https://anchor.fm/s/115a613e4/podcast/rss,"Nobody hands you a financial playbook when you become a dad. One day you're managing your own finances on easy mode and the next you're responsible for a college fund, a mortgage, a family's future, and a growing list of expenses. Dad Math is the show for dads who are great at their careers and not sure how to manage their money while planning for the future. 
Your host Zachary Mineur, CFA, CFP®, and Chief Investment Officer at Independence Square Advisors, tackles budgeting, saving, investing and everything in between.",Anchor,en,https://d3t3ozftmdmh3i.cloudfront.net/staging/podcast_uploaded_nologo/46481729/46481729-1785775649831-0cb930dc30b79.jpg,2026-08-13 12:31:09,7989757,confirmed,https://podcasters.spotify.com/pod/show/zachary-mineur5,1786624269,5b315b2231fbc360351bb296f79dc822,6800378316.0,2,0,INDIVIDUAL
Any Hour Mobile Notary,Krish,https://www.spreaker.com/show/7260953/episodes/feed,"Has urgent paperwork that can’t wait for business hours? Any Hour Mobile Notary provides reliable 24/7 mobile notary services, traveling to homes, offices, hospitals, jails, and care facilities. Our experienced notaries handle time-sensitive documents with accuracy, confidentiality, and professionalism. From real estate paperwork and power of attorney to affidavits and emergency notarizations, we ensure every signing meets legal standards. With fast response times and customer-first service, we make notarization simple, convenient, and stress-free anytime you need it.",Spreaker,en,https://d3wo5wojvuv7l.cloudfront.net/t_rss_itunes_square_1400/images.spreaker.com/original/5459d93a34fd7216caed829c463cce48.jpg,2026-08-13 12:28:36,7989756,confirmed,https://www.spreaker.com/podcast/any-hour-mobile-notary--7260953,1786624116,6b1a72ced552b893ac69c097d95736ca,,4,0,INDIVIDUAL
California Family Law Insights,Hopper Hopper & Strebe LLP,https://rss.buzzsprout.com/2637392.rss,"<p><b>The California Family Law Insights podcast explains complex family law topics in clear, practical terms for individuals navigating divorce, child custody disputes, domestic violence cases, and post-judgment modifications in California.<br></b><br></p><p><b>Hosted by the attorneys at Hopper Hopper & Strebe LLP, the podcast focuses on legal issues affecting families in Sacramento and Northern California. Each episode breaks down key legal concepts, court procedures, and practical considerations so listeners can better understand their rights and options.<br></b><br></p><p><b>Topics include restraining orders, custody disputes, divorce litigation, spousal support, relocation cases, and domestic violence protections under California law.<br><br>Website:<br></b><a href=""https://westcoastdivorce.com/""><b>https://westcoastdivorce.com/</b></a></p>",Buzzsprout,en-us,https://storage.buzzsprout.com/xz55ximhtml5j04fycmt5wmr4l2i?.jpg,2026-08-13 12:28:06,7989755,confirmed,,1786624086,646bfe1021a1845cb8b560018229d65b,,0,0,CORPORATE
Redo,Redo,https://www.spreaker.com/show/7260887/episodes/feed,"Redo helps ecommerce brands manage the entire purchasing journey, from order tracking and fulfillment to returns and AI-powered marketing, all inside one platform. Redo’s returns technology uses AI to suggest exchanges, automatically review requests, and flag data that warrants a closer look. Brands can run claims themselves or lean on Redo, keeping every touchpoint on-brand while working to save revenue that was once a refund waiting to happen.<br />",Spreaker,en,https://d3wo5wojvuv7l.cloudfront.net/t_rss_itunes_square_1400/images.spreaker.com/original/fe2a12ec05bc0ad4289c5ffe3f29b1a0.jpg,2026-08-13 12:25:54,7989754,confirmed,https://www.spreaker.com/podcast/redo--7260887,1786623954,c4ae70e490e46e2da6f7bd8eb4d56d8d,,4,0,INDIVIDUAL
"Love, Courtney ♥️",Courtney,https://rss.buzzsprout.com/2432140.rss,"<p><b>love, Courtney</b> ♥️ is a daily love letter inspired by the moving sky and created with one intention: to help you meet the day in a way that serves your highest good.</p><p><br></p><p>Each day carries its own energy, invitation, and opportunity for growth.</p><p><br></p><p>Through astrology, reflection, and love, these letters offer a way to work <em>with</em> the energy of the moment rather than against it.</p><p><br></p><p>May each letter help you come back to yourself, trust your own wisdom, and remember what is already within you.</p><p><br></p><p>You are loved.</p><p>You are enough.</p><p>You are already whole.</p><p><br></p><p>A little love for the journey, one day at a time.</p><p><br></p><p>Much love always,</p><p>Xoxo </p><p>♥️<b>Courtney </b></p>",Buzzsprout,en-us,https://storage.buzzsprout.com/v9xu1v7jbj7ygxcbktl2617ic2dh?.jpg,2026-08-13 12:23:28,7989752,confirmed,,1786623808,27d00db10d4bcf0ce2b5b5f23adf1f76,,4,0,INDIVIDUAL
Eternal Health,Eternal Health,https://www.spreaker.com/show/7260921/episodes/feed,"Greetings and welcome to Eternal Health, the channel dedicated to share a healthy lifestyle for all. Our goal is to provide valuable insights and tips on how to adopt healthy eating habits and unlock the secrets to a longer, more fulfilling life. We daily share interesting story's on how to lead a healthy lifestyle on age, which is beneficial for everyone",Spreaker,en,https://d3wo5wojvuv7l.cloudfront.net/t_rss_itunes_square_1400/images.spreaker.com/original/8cd70dce18a46a0e1db25347dc5bf1f1.jpg,2026-08-13 12:23:27,7989751,confirmed,https://www.spreaker.com/podcast/eternal-health--7260921,1786623807,85de8ef62700aa4db6170d74dd859149,,4,0,INDIVIDUAL
KJD Online,KJD,https://rss.buzzsprout.com/2637388.rss,<p>Breaking News</p>,Buzzsprout,en-us,https://storage.buzzsprout.com/vmnf6meg85yn93fsn57qgh5pp585?.jpg,2026-08-13 12:22:39,7989748,confirmed,https://www.buzzsprout.com/2637388,1786623759,59e540b834d4fe43ccca63753825dd8b,,0,0,CORPORATE
When Tears Run Dry,Mark Janacek,https://rss.buzzsprout.com/2636236.rss,<p>Author podcast based on the book When Tears Run Dry </p>,Buzzsprout,en-us,https://storage.buzzsprout.com/tt2by9nz6zye22wkkj4nk0st96rw?.jpg,2026-08-13 12:16:15,7989738,confirmed,https://www.buzzsprout.com/2636236,1786623375,2510789d04f71fc2a549bfa4c9ca91db,,0,0,INDIVIDUAL
Restaurants Association of Ireland Podcast,Restaurants Association of Ireland,https://anchor.fm/s/115476d08/podcast/rss,"Conversations with the people behind Ireland's restaurants, cafés and food businesses.",Anchor,en,https://d3t3ozftmdmh3i.cloudfront.net/staging/podcast_uploaded_nologo/46419698/46419698-1784905618487-462310d6bcdf1.jpg,2026-08-13 12:12:43,7989733,confirmed,https://podcasters.spotify.com/pod/show/restaurants-association-o1,1786623163,90080e975d8c262a1c88e63ba25e6cfd,6800677967.0,2,0,CORPORATE
House of Dad,House Of Dad,https://rss.buzzsprout.com/2636601.rss,"<p>Welcome to House of Dad, a podcast built for every guy figuring out fatherhood in real time.<br><br>We talk about the wins, the fails, the 2am moments, and the dad jokes that somehow still land. No parenting-expert lectures, no perfect family highlight reels, just honest conversations from dads who are in it, for dads who are in it too.<br><br>New full episodes every Thursday, with clips dropping all week long. Subscribe, and welcome to the House.<br><br>What to expect:<br>🎙️ Weekly episodes! Real conversations, no scripts<br>👶 Stories from the trenches of dad life, every stage<br>😂 Humor that only makes sense once you've lived it<br>🔥 Guest dads sharing their own chaos<br><br>New episodes drop every Thursday. Subscribe so you don't miss it.</p>",Buzzsprout,en-us,https://storage.buzzsprout.com/ymytstct9lbviywlucz3xu28xcm1?.jpg,2026-08-13 12:05:29,7989729,confirmed,,1786622729,c8973823919c2107124520fb834d7b7a,,4,0,INDIVIDUAL
NewSongs Music School Madison Ave,NewSongs Music School Madison,https://www.spreaker.com/show/7260821/episodes/feed,"NewSongs Music School Madison Ave is a welcoming music school in Citrus Heights dedicated to helping students of all ages build confidence, creativity, and lasting musical skills. Our experienced instructors provide personalized lessons in guitar, violin, piano, cello, flute, voice, ukulele, bass, drums, clarinet, saxophone, trumpet, trombone, French horn, and baritone. Each lesson is designed around the student’s experience, learning pace, interests, and musical goals. Whether you are a complete beginner or looking to strengthen existing abilities, our supportive approach makes learning enjoyable and rewarding. We focus on developing proper technique, musical understanding, performance confidence, and creative expression while encouraging consistent progress. <a href=""https://www.newsongsmusic.com/"" target=""_blank"" rel=""noreferrer noopener""><b>NewSongs Music School Madison Ave</b></a> helps students discover their potential and develop a lifelong appreciation for making music.",Spreaker,en,https://d3wo5wojvuv7l.cloudfront.net/t_rss_itunes_square_1400/images.spreaker.com/original/1886bb9708df3d4f96492f58630e4c00.jpg,2026-08-13 12:01:31,7989727,confirmed,https://www.spreaker.com/podcast/newsongs-music-school-madison-ave--7260821,1786622491,720ad65ab09e7ad03161c799223e827e,,4,0,CORPORATE
Tout le monde est rendu queer,Club Sexu,https://feeds.captivate.fm/tlmerq/,"Tout le monde est rendu queer, c’est un balado éducatif et mobilisateur, qui rend accessibles les réflexions queers, LGBTQ+, féministes, décoloniales, syndicales et antifascistes.  Il crée des dialogue décomplexés, à la jonction entre des expériences militantes, personnelles et des théories antifascistes. Il est connecté aux luttes actuelles et souhaite offrir des débouchés pour éduquer, faire communauté et mobiliser.",Captivate,en,https://artwork.captivate.fm/4176a1c2-2f72-4216-b779-1cfdd801ee2e/square-1.png,2026-08-13 12:01:19,7989726,confirmed,https://tlmerq.captivate.fm,1786622479,a1fade293bfc3b3b6bbc256bedab2c55,6801140042.0,4,0,INDIVIDUAL
Nitrate Nights: Stories from Hollywood's Cutting Room Floor,Harry Marks,https://feeds.libsyn.com/627670/rss,"Nitrate Nights is a classic film history podcast about the stories Hollywood left out of the official record. Every episode digs into forgotten movie history, Golden Age scandals, old Hollywood true crime, and the strange origins behind the films, studios, and stars you thought you knew.
How did Angela Lansbury pull her children out of the Manson Family's orbit? Why did William Castle rig theater seats with electric buzzers? Who was Oscar Micheaux, and why did the history books lose him? What does a scream recorded in 1951 have to do with almost every action movie since?
From silent film pioneers and the Hays Code to studio sabotage, lost films, and the true crime cases that Hollywood turned into hits, host Harry Marks researches, writes, and produces every episode himself. He's a member of the New Jersey Film Critics Circle and the host behind The Lobby across TikTok, Instagram, and YouTube.
New episodes take you deep into film history, movie trivia, and the stories that ended up on the cutting room floor.",Libsyn,en,https://static.libsyn.com/p/assets/0/f/7/c/0f7c31c69e7b0262d959afa2a1bf1c87/Nitrate_Nights_cover_art.png,2026-08-13 12:00:14,7989724,confirmed,https://sites.libsyn.com/627670,1786622414,104cf68eec1ab5d8d29c92f5eab21567,6800450826.0,2,0,INDIVIDUAL
All About Sheltirx | Reviews | Projects,Sheltirx,https://www.spreaker.com/show/7260789/episodes/feed,"What if a warehouse did not have to mean a conventional permanent structure? <a href=""https://www.sheltirx.us/"" target=""_blank"" rel=""noreferrer noopener"">Sheltirx</a>, founded in 2016, approaches covered space through engineered fabric building technology. Its solutions are designed for businesses and organizations requiring space for equipment, machinery, materials, vehicles, storage, logistics, maintenance, loading, agriculture, and other operational activities. The Sheltirx portfolio includes Formex™ bespoke fabric buildings, Stormax™ storage shelters, and SkyShield™ container shelters, alongside agricultural applications. Each project can be developed around its specific purpose, dimensions, location, site conditions, and environmental requirements. Sheltirx also provides support across important project stages, including consultation, engineering, design, manufacturing, delivery, and installation. The combination of galvanized steel frameworks and heavy-duty fabric systems creates another option for organizations evaluating how to expand or organize covered space. Since its founding in 2016, Sheltirx has focused on engineered fabric structures that can serve practical requirements across industrial, commercial, agricultural, construction, and logistics environments.",Spreaker,en,https://d3wo5wojvuv7l.cloudfront.net/t_rss_itunes_square_1400/images.spreaker.com/original/3346de986d5edef24d1afc7ce2d6fcf0.jpg,2026-08-13 11:57:37,7989722,confirmed,https://www.spreaker.com/podcast/all-about-sheltirx-reviews-projects--7260789,1786622257,1dc683a21fe43f5d2fdd71ac42f5dea0,,4,0,INDIVIDUAL
AI Sapiens — Simple Systems to Supercharge Your Business,Anirudh Cheruvu,https://feed.podbean.com/aisapiens/feed.xml,"AI Sapiens is a practical podcast for entrepreneurs, small-business owners, consultants, coaches, agencies, and solopreneurs who want to use AI, automation, content systems, and scalable offers to work smarter and grow faster.
Hosted by Anirudh Cheruvu, each episode breaks down simple systems, actionable strategies, useful AI tools, and emerging technology into clear steps you can apply to your business. Explore AI automation, organic marketing, content repurposing, productivity, offer creation, digital products, and smarter ways to build business leverage.
Selected episodes also include free worksheets, checklists, templates, visual summaries, and other practical learning resources.
AI Sapiens — Simple systems to supercharge your business.",Podbean,en,https://pbcdn1.podbean.com/imglogo/image-logo/21021840/Podcast_Logobggr8.jpg,2026-08-13 11:56:03,7989721,confirmed,https://aisapiens.podbean.com,1786622163,75dd17c723a0ecc5627968975f1a0f09,6800180589.0,2,0,INDIVIDUAL
Leadership Learned by LGH,LGH,https://anchor.fm/s/1158184e8/podcast/rss,"Leadership Learned is a podcast for current and aspiring leaders who believe that growth comes from continuous learning. Each episode explores practical leadership lessons drawn from business, emerging technology, research, current events, and real-world experiences. Rather than offering quick fixes or empty motivation, this podcast focuses on thoughtful conversations that help listeners think critically, make better decisions, and lead with confidence. Whether you're leading a team, managing change, building a business, or growing as a leader, you'll find practical insights you can apply now.",Anchor,en-us,https://d3t3ozftmdmh3i.cloudfront.net/staging/podcast_uploaded_nologo/46457770/46457770-1785426425810-c95526dd17d95.jpg,2026-08-13 11:36:34,7989708,confirmed,https://podcasters.spotify.com/pod/show/lgh9,1786620994,8ea028a1006eaad4143d2c3af7d1290e,6798809575.0,2,0,CORPORATE
In Formation,CIPHA,https://rss.buzzsprout.com/2637365.rss,"<p> <b>Welcome to In Formation</b></p><p>A short-form podcast on the emerging practices of remarkable people who every day are charting bold paths into and through the synthetic static and slop of AI, finding new resonant forms for culture, design and creative expression. Theirs is the story of novel work <em>in formation,</em> a thread we pursue in our companion Substack on <em>Formationist </em>thinking (link below). </p><p><br></p><p>https://formationist.substack.com</p>",Buzzsprout,en-gb,https://storage.buzzsprout.com/2y98r841k5bresp83ei884uwoyfm?.jpg,2026-08-13 11:34:00,7989706,confirmed,,1786620840,1669f1951aa379c9af3529a5b45125f8,,0,0,CORPORATE
CHRISTIAN ADJABENG SLEEP STORIES,CHRISTIAN ADJABENG,https://anchor.fm/s/115e8397c/podcast/rss,"Welcome to Christian Adjabeng Sleep Stories, a peaceful collection of immersive bedtime stories created to help you slow down, relax, and drift gently into sleep. Settle in, close your eyes, and let each story carry you away to quiet places, distant shores, moonlit forests, mysterious lighthouses, and dreamlike worlds. New relaxing sleep stories are added regularly.",Anchor,en-us,https://d3t3ozftmdmh3i.cloudfront.net/staging/podcast_uploaded_nologo/46525079/46525079-1786389465268-c3f5c244d0067.jpg,2026-08-13 11:29:52,7989703,confirmed,https://podcasters.spotify.com/pod/show/criscross6,1786620592,00f8589ac4c2c283a8dfd0afcdd8454e,6800081899.0,2,0,INDIVIDUAL
Salary and Shenanigans,salary and shenanigans,https://anchor.fm/s/11427cc38/podcast/rss,"The Money. The Career. The Chaos. Three things we were never properly taught but absolutely need to survive. Welcome to Salary and Shenanigans — where two young people from the trenches and still figuring it out, sit down to talk about it anyway. No experts here, just real conversations, hard lessons, and the occasional bad decision we’ll tell you about. Grab your drink, it’s about to go downnnnn",Anchor,en,https://d3t3ozftmdmh3i.cloudfront.net/staging/podcast_uploaded_nologo/46231198/46231198-1782273049367-14172f07f1953.jpg,2026-08-13 11:28:49,7989702,confirmed,https://podcasters.spotify.com/pod/show/salary-and-shenanigans1,1786620529,a451186a42f6535ad34ae44598700402,6800092302.0,2,0,CORPORATE
Requested Reads,Requested Reads,https://www.spreaker.com/show/7260524/episodes/feed,"We are RequestedReads!! A very small team of writers who love turning real life drama into stories you can’t stop listening to. We take inspiration from stuff that actually happens to us and sometimes ideas from the internet. You know, the kind that makes you go, “uh... wtf?"" No, we don’t just copy and paste (though that’d be way easier lol). We take those real-life moments and rewrites them into original stories meant to keep you hooked. Why first person tho? Because hearing it from the “I” perspective makes it feel more real like you’re living it. If you’re going through something or feel like no one else gets it trust us, you’re not alone. These stories might open your eyes, keep you entertained, and maybe help us all be a little less judgy. So yeah, real life’s already wild. We just tell it better.",Spreaker,en,https://d3wo5wojvuv7l.cloudfront.net/t_rss_itunes_square_1400/images.spreaker.com/original/310e59e098f5ae50ed02e0cad4d3f964.jpg,2026-08-13 11:21:40,7989698,confirmed,https://www.spreaker.com/podcast/requested-reads--7260524,1786620100,1d6044d977113b8da2829616724b2a50,,4,0,CORPORATE
Phillips Harrod Limited,Phillips Harrod Limited,https://www.spreaker.com/show/7260460/episodes/feed,"Phillips Harrod helps you find luxury homes in London’s best areas. We offer expert sales and rentals with a personal, honest, and reliable approach.",Spreaker,en,https://d3wo5wojvuv7l.cloudfront.net/t_rss_itunes_square_1400/images.spreaker.com/original/81a708d452fd9c0eeb0476614967bf48.jpg,2026-08-13 11:05:11,7989689,confirmed,https://www.spreaker.com/podcast/phillips-harrod-limited--7260460,1786619111,11f8f7f1ce55806a9cac895556ee6577,,4,0,CORPORATE
Dubai Trip Package from India: Complete,Tanish Mehra,https://www.spreaker.com/show/7260459/episodes/feed,"Plan your Dubai holiday with a complete guide to <a href=""https://www.trekhops.in/vacation-tour-packages-for-dubai-travel-from-india/"" target=""_blank"" rel=""noreferrer noopener"">Dubai trip packages from India</a>. Explore estimated costs, flight options, visa requirements, hotel choices, popular attractions, and day-wise itineraries. This guide helps Indian travellers compare package options and plan a comfortable Dubai vacation based on their budget, travel duration, and preferences.",Spreaker,en,https://d3wo5wojvuv7l.cloudfront.net/t_rss_itunes_square_1400/images.spreaker.com/original/f5df709e6bcbf03cdb0c1656239521ab.jpg,2026-08-13 11:04:06,7989688,confirmed,https://www.spreaker.com/podcast/dubai-trip-package-from-india-complete--7260459,1786619046,1db16eb3bc723e5b39a8f2e9b91c4f3b,,4,0,INDIVIDUAL
Stories To Be Told,Stories To Be Told,https://www.spreaker.com/show/7257956/episodes/feed,"Exploring the interconnectedness of mental health, life and Spirituality, how does our lives coincide with spirituality",Spreaker,en,https://d3wo5wojvuv7l.cloudfront.net/t_rss_itunes_square_1400/images.spreaker.com/original/b5386e5e23624aeaee576626251f0375.jpg,2026-08-13 11:03:59,7989687,confirmed,https://www.spreaker.com/podcast/stories-to-be-told--7257956,1786619039,e3ecf62b345d2d7f314b0cd17f3ec78e,,4,0,INDIVIDUAL
How To Build A City | Forest City,Albion City Develpment Corporation Ltd.,https://rss.buzzsprout.com/2635935.rss,"<p>The official Forest City podcast, interviews with the domain experts and contributors to the Forest City 1 project.</p>",Buzzsprout,en-gb,https://storage.buzzsprout.com/tyc7bk1hn4fvoxap1qmke5bmwggh?.jpg,2026-08-13 11:03:37,7989686,confirmed,,1786619017,db51b8f4d4d1e6f40f60680c90bdbcd4,,4,0,CORPORATE
A Diary to Myself,Corey Matchitt,https://rss.buzzsprout.com/2637363.rss,<p>A diary to myself is a podcast where I focus on a topic and share my thoughts in the format of a voice memo. All stories told are life experiences.</p>,Buzzsprout,en-us,https://storage.buzzsprout.com/dhe8b3u6ub08d0hdumyjcxub67zz?.jpg,2026-08-13 10:58:25,7989681,confirmed,,1786618705,37e174af873837ac88158d6ea99dc5ad,,4,0,INDIVIDUAL
Gently Powerful,Anna Considine from Studio Gently,https://anchor.fm/s/10b763700/podcast/rss,"Hello and welcome to Gently Powerful, a podcast for big-hearted brand owners wanting to connect with their dream clients. I’m your host, Anna Considine, a UK-wide brand photographer at Studio Gently – here to remind you of your gentle power. Welcome, welcome, welcome.",Anchor,en-gb,https://d3t3ozftmdmh3i.cloudfront.net/staging/podcast_uploaded_nologo/44772640/44772640-1771520519293-4d44af1202e14.jpg,2026-08-13 10:46:06,7989675,confirmed,https://studiogently.com/,1786617966,534e62663a785b7ac82e90297fe16ed3,6797594024.0,2,0,CORPORATE
Iron & Oak,Lucas Nelson,https://anchor.fm/s/115d4d2b0/podcast/rss,"Iron & Oak is a blue-collar Christian podcast about faith, life, family, and becoming the men God called us to be. No polished sermons or perfect answers—just real conversations, honest questions, and lessons learned along the way. Whether you’re strong in your faith or still searching, you’re welcome here.",Anchor,en-us,https://d3t3ozftmdmh3i.cloudfront.net/staging/podcast_uploaded_nologo/46512364/46512364-1786204726027-b367bbe121f88.jpg,2026-08-13 10:43:11,7989673,confirmed,https://podcasters.spotify.com/pod/show/iron--oak-podcast8,1786617791,54c8328e2d7f3d3b688b79b8860fae30,6800506536.0,2,0,INDIVIDUAL
Diagnosis Bravo,"Dr. Betsy LeRoy, Dr. Stephanie Manolis",https://feeds.acast.com/public/shows/6a7c62d251319a521d8fa9e4,"<p>Welcome to Diagnosis Bravo, where medical degrees meet reality television drama. Dr. Leroy and Dr. Manolis, two OBGYN physicians whose passion for women's health and medicine meets their love of pop culture and reality tv. They will dissect the medical diagnosis, mysteries, and happenings on all your favorite reality TV shows. Each episode will break down a new, or archived, medical mystery as seen on TV, to give all our armchair MD's a little insight into the world of medicine, making it entertaining and easily digestible. It does not matter if you're here for reality gossip, medical knowledge, or just to see what we are all about, get ready to laugh, learn a little, and impress your friends with your new knowledge on Diagnosis Bravo. </p><br><p>Dr. LeRoy and Dr. Manolis are board-certified OBGYN physicians licensed to practice in the state of Ohio. The podcast, the statements we make whether in our own media or elsewhere, and any content we post are for entertainment purposes only and are not medical advice. By listening to this podcast, you are not under the medical care of Dr. LeRoy or Dr. Manolis, or Diagnosis Bravo LLC. Any party consuming content or medical information provided by Diagnosis Bravo should contact their own physician for medical advice and care. The podcast, our opinions, and our posts are our own and are not associated with our past and/or current employers, any medical board or licensing body, Bravo TV, or any other television/entertainment network or content. </p><p> </p><p>If you feel you are having a medical emergency, please dial 911 for immediate local assistance. </p><br><p>Hosts: Dr. Betsy LeRoy and Dr. Stephanie Manolis</p><br><p>Producer: Cate LeRoy, Public Health Student, The Ohio State University</p><hr><p style='color:grey; font-size:0.75em;'> Hosted on Acast. See <a style='color:grey;' target='_blank' rel='noopener noreferrer' href='https://acast.com/privacy'>acast.com/privacy</a> for more information.</p>",Acast,en,https://assets.pippa.io/shows/6a7c62d251319a521d8fa9e4/1786536684825-d23cfcee-7038-480b-a673-0c170037ca81.jpeg,2026-08-13 10:37:35,7989669,confirmed,https://shows.acast.com/diagnosis-bravo,1786617455,667ba47939e564a8cfd85b1ce9fdfc8b,6800912822.0,0,0,INDIVIDUAL
ReoRank: SEO & Digital Marketing Growth,Reo Rank,https://www.spreaker.com/show/7260293/episodes/feed,"Discover how ReoRank approaches modern SEO and digital marketing to help businesses build stronger online visibility. This episode explores SEO, strategic link building, content marketing, digital <a href=""https://reorank.com/"" target=""_blank"" rel=""noreferrer noopener"">https://reorank.com/  </a>PR, web development, and brand growth. Learn how these digital strategies can work together to attract relevant audiences, improve search visibility, and support sustainable online growth.<br /><br /><br /><br /><br /><br /><br /><br /><br />",Spreaker,en,https://d3wo5wojvuv7l.cloudfront.net/t_rss_itunes_square_1400/images.spreaker.com/original/ed6f02a5b46a11d16cbde2ca9c9d6923.jpg,2026-08-13 10:33:06,7989667,confirmed,https://www.spreaker.com/podcast/reorank-seo-digital-marketing-growth--7260293,1786617186,23f7d96af9f1e9e5bce67c6cefa4b8a7,,4,0,INDIVIDUAL
vitamins kids,vitaminskids,https://www.spreaker.com/show/7260260/episodes/feed,"<b>Choosing stylish outfits for children doesn't have to be complicated. That's why coord sets for kids girls have become one of the most popular fashion choices among modern parents. These matching top-and-bottom outfits offer the perfect combination of comfort, style, and convenience, making everyday dressing quicker and easier. Whether it's for a family outing, a birthday party, a vacation, or casual daily wear, co-ord sets create a polished look with minimal effort.The secret behind their growing popularity lies in their versatility. Available in vibrant prints, embroidered designs, denim styles, and trendy seasonal patterns, coord sets allow girls to stay fashionable while enjoying unrestricted movement throughout the day. Soft, breathable fabrics and comfortable fits ensure children remain active and comfortable during playtime, school events, and family gatherings.This guide explores everything parents should know before choosing <a href=""https://vitaminskids.co.in/collections/cordsets"" target=""_blank"" rel=""noreferrer noopener"">coord sets for kids girls</a>, including selecting the right size, prioritizing skin-friendly fabrics, choosing styles for different occasions, and maintaining outfits for long-lasting wear. You'll also learn why matching sets are an excellent investment, offering both convenience and value without compromising on style.At Vitamins Kids, parents can explore a thoughtfully curated collection of coord sets designed for girls aged 1 to 14 years. From everyday essentials to stylish occasion wear, every outfit is crafted with quality fabrics, trendy designs, and kid-friendly comfort in mind. If you're looking to refresh your child's wardrobe with fashionable yet practical clothing, Vitamins Kids offers a collection that perfectly balances style, durability, and everyday comfort.</b>",Spreaker,en,https://d3wo5wojvuv7l.cloudfront.net/t_rss_itunes_square_1400/images.spreaker.com/original/e1bb5e63b6ebd0202011a889bef7c25f.jpg,2026-08-13 10:29:37,7989665,confirmed,https://www.spreaker.com/podcast/vitamins-kids--7260260,1786616977,b7cbb9a64ddad99208ab1dcc1de461b7,,4,0,INDIVIDUAL
Best SEO Company in Bhubaneswar | Digita,digitalcare,https://www.spreaker.com/show/7260196/episodes/feed,"Boost your online visibility with the best SEO company in Bhubaneswar. Digitalcare<br />     Corporation offers expert SEO services tailored for real business growth.<br /><a href=""https://digitalcarecorporation.com/search-engine-optimization/"" target=""_blank"" rel=""noreferrer noopener"">https://digitalcarecorporation.com/search-engine-optimization/</a>",Spreaker,en,https://d3wo5wojvuv7l.cloudfront.net/images.spreaker.com/nuvolari-assets/orange_square_mic.jpg,2026-08-13 10:28:34,7989664,confirmed,https://www.spreaker.com/podcast/best-seo-company-in-bhubaneswar-digita--7260196,1786616914,44fcd1c5c6bd5bdf3fb464d8112757b4,,4,0,INDIVIDUAL
Book the Business,Joe Gregory,https://www.spreaker.com/show/7241880/episodes/feed,"Book the Business is the show for entrepreneurs who want to write a book that actually builds their business — not just sits on a shelf.<br /><br />Writing a book is the fastest way to build authority, credibility, and influence in your industry, and this show is your playbook for doing it on purpose. Being introduced as a published author (not a salesperson) and handing someone a book (not a brochure) turns resistance into interest before you say a word. The role of ""trusted expert"" almost always goes to the person who wrote the book on it.<br /><br />Hosted by Joe Gregory, founder of Rethink Press, this podcast is for entrepreneurs, business owners, coaches, and consultants who want to use authorship as a growth strategy — not just a vanity project. Since 2003, Joe has helped publish over 500 books that have grown businesses, opened doors, and elevated the authority of the people who wrote them. He's a former graphic designer, copywriter, and marketer, so he brings a business-builder's lens to publishing, not just a writer’s.<br /><br />Each episode covers how to write a book that positions you as the go-to expert in your field, how to turn that book into a lead-generation engine, how to land media coverage and speaking opportunities off the back of it, and how to avoid the mistakes that keep most business books from ever paying for themselves.<br /><br />If you've been thinking ""I should write a book someday,"" this is the show that turns someday into a plan.<br />",Spreaker,en,https://d3wo5wojvuv7l.cloudfront.net/t_rss_itunes_square_1400/images.spreaker.com/original/2e49eb938940bb0fcc1b2c1dce141c3a.jpg,2026-08-13 10:24:59,7989663,confirmed,https://www.spreaker.com/podcast/book-the-business--7241880,1786616699,b8a9edc7142be8d4bb59bc07dfcd7bce,,4,0,INDIVIDUAL
My Family Care Connect,My Family Care Connect,https://www.spreaker.com/show/7260065/episodes/feed,"<a href=""https://myfamilycareconnect.com/"" target=""_blank"" rel=""noreferrer noopener"">My Family Care Connect</a> is a dedicated senior care service provider committed to helping older adults experience comfort, dignity, safety, and companionship. We offer personalized elder care support tailored to individual needs, preferences, and daily routines. Our family-centered approach helps loved ones navigate caregiving with greater confidence and peace of mind. From companionship to everyday assistance, we emphasize trust, respectful communication, and senior wellbeing. Connect with us today to discover dependable care solutions designed to support your family and enhance the quality of life for your loved ones.",Spreaker,en,https://d3wo5wojvuv7l.cloudfront.net/t_rss_itunes_square_1400/images.spreaker.com/original/fa42fa17792510f521a25bb084a6fccc.jpg,2026-08-13 10:17:05,7989653,confirmed,https://www.spreaker.com/podcast/my-family-care-connect--7260065,1786616225,3d93ff518ab0623da02514e50d97f778,,0,0,INDIVIDUAL
"Beyond the Stamp, Unfiltered",Syndicated Notaries LLC,https://anchor.fm/s/1159794f4/podcast/rss,"Beyond the Stamp, Unfiltered is the podcast where four notaries keep it real. We tackle the hottest topics in the notary industry, call out myths, debate controversial opinions, spill the tea on what’s really happening, and have plenty of laughs along the way. Whether you’re a seasoned pro, just getting started, or simply curious about the business, you’ll get honest conversations, unfiltered opinions, and the real stories nobody else is telling.",Anchor,en-us,https://d3t3ozftmdmh3i.cloudfront.net/staging/podcast_uploaded_nologo/46472229/46472229-1785933357951-7b1044faa3b2a.jpg,2026-08-13 10:14:43,7989650,confirmed,https://podcasters.spotify.com/pod/show/beyond-the-stamp-unfilter,1786616083,d915565d84116fa18f0960ebe63f5b8c,6800022139.0,2,0,CORPORATE
The Story of Rufus King: America's Forgotten Founding Father,"John Cicala, Ph.D.",https://anchor.fm/s/115e00edc/podcast/rss,"A podcast about America’s forgotten Founding Father, Rufus King. Among his many accomplishments...
- Graduated top of his class from Harvard (1777)
- Was a Major in the Continental Army
- Served in the Continental Congress
- Proposed the first anti-slavery bill in Congress
- Was a signer/framer of the U.S. Constitution 
- Was the first U.S. Senator for NY
- Was U.S. Ambassador to England under 4 Presidents
- Was the last Federalist candidate for President 
- Was the last signer of the Constitution to serve in the Senate
- Half-brother, William, was Gov. of Maine
- Son, John, was Gov. of NY",Anchor,en,https://d3t3ozftmdmh3i.cloudfront.net/staging/podcast_uploaded_nologo/46519727/46519727-1786463639215-921ef9dd8124f.jpg,2026-08-13 10:04:29,7989643,confirmed,https://podcasters.spotify.com/pod/show/jcicala9,1786615469,0cba0e9e187491d3cda027881b2def72,6800443515.0,2,0,INDIVIDUAL
Dr Insanity,Dr. Insanity,https://www.spreaker.com/show/7260149/episodes/feed,"The scariest stories on the internet. True crime & much more. Dr Insanity delivers fact-checked true crime documentaries, showcasing real police incidents to promote transparency and public safety. Our content is educational, newsworthy, and based on authoritative sources.",Spreaker,en,https://d3wo5wojvuv7l.cloudfront.net/t_rss_itunes_square_1400/images.spreaker.com/original/87dd5b7db03628e2016dd374369257fb.jpg,2026-08-13 10:03:38,7989641,confirmed,https://www.spreaker.com/podcast/dr-insanity--7260149,1786615418,ba6d1b208501d4bd354b30a6e517715c,6801091896.0,4,0,INDIVIDUAL
Behind the Uniform I The Human Side of Healthcare,Advanced Clinical Solutions,https://anchor.fm/s/115e65cec/podcast/rss,"🎙️ Welcome to Behind the Uniform-Real Conversations about the Human Side of Healthcare
👭 Hosted by two sisters with two very different professional perspectives.
🏥 One has a clinical background and currently works in Governance & Patient Safety, working with healthcare organisations to improve quality, safety, leadership and patient outcomes.
🧠 The other is a qualified Integrative Counsellor & Therapist, helping people understand trauma, emotions and the impact of life's experiences.
💙 Together, we explore the human side of healthcare.",Anchor,en,https://d3t3ozftmdmh3i.cloudfront.net/staging/podcast_uploaded_nologo/46523859/46523859-1786376609748-edae1e4491fef.jpg,2026-08-13 09:54:13,7989634,confirmed,https://podcasters.spotify.com/pod/show/advanced-clinical-solutio5,1786614853,65e850ad083b24880e1c979ee5c40939,6800017900.0,2,0,CORPORATE
GK Daily Podcast,GK Daily AI,https://anchor.fm/s/115e8a9fc/podcast/rss,"A personalized AI-generated daily briefing covering world news, U.S. news, Houston local news, weather, sports, and medical research for Dr. Geffrey Klein.",Anchor,en,https://d3t3ozftmdmh3i.cloudfront.net/staging/podcast_uploaded_nologo/46525367/46525367-1786462206761-03d305cdd8bf3.jpg,2026-08-13 09:37:11,7989630,confirmed,https://geffreys-mac-mini.tail52e6e4.ts.net,1786613831,644eb6b4724232bbc2e610d50bc041a3,6800089214.0,2,0,INDIVIDUAL
Jenni Jenni -who can I turn to,Jenni,https://anchor.fm/s/fdb10884/podcast/rss,"Jenni Jenni - who can I turn to is a podcast where real-life meets faith. Join me as I share the honest journey of a Christian woman striving to live out who God calls her to be. From navigating relationships and challenges to embracing joy and purpose, this show offers heartfelt conversations, personal stories, and biblical insights. If you’re seeking encouragement, relatable moments, or a reminder that you’re not alone in this walk, tune in and let’s turn together to the One who guides us every step of the way.",Anchor,en,https://d3t3ozftmdmh3i.cloudfront.net/staging/podcast_uploaded_nologo/42462377/42462377-1731783427846-7dd2aae4cd583.jpg,2026-08-13 09:30:07,7989627,confirmed,https://podcasters.spotify.com/pod/show/jenni921,1786613407,e6a8c7e5001cdc323b9593793492ff63,6797266242.0,2,0,INDIVIDUAL
Self Construct: Architect a beautiful life,royas,https://feed.podbean.com/royas/feed.xml,<p>For women in mid-life seeking a life that satisfies and inspires</p>,Podbean,en,https://pbcdn1.podbean.com/imglogo/image-logo/22553682/Self_Construct_Podcast2ab06q.png,2026-08-13 09:28:10,7989626,confirmed,https://royas.podbean.com,1786613290,f857334e6950de438197c0c4d5011d65,6800156293.0,2,0,INDIVIDUAL
Nothing Serious,Axell Kioe,https://rss.buzzsprout.com/2637319.rss,"<p>Nothing Serious is a podcast about the ideas hiding underneath everyday life.<br><br>We talk to people across design, culture, business, creativity, and beyond to explore the things we often take for granted—identity, taste, status, belonging, ambition, privilege, authenticity, and the choices that quietly shape who we become.<br><br>No easy answers. No expert lectures. Just curious conversations about the things that make us human.<br><br>Because sometimes, the most interesting questions are the ones we didn't think to ask.<br><br>New episodes of Nothing Serious are available on YouTube and wherever you listen to podcasts.<br><br>#NothingSerious #Podcast #HumanBehavior #Culture #Identity #Ideas #Storytelling</p>",Buzzsprout,en-us,https://storage.buzzsprout.com/rs24c5f28kxbqv1nrbz8di47d4ux?.jpg,2026-08-13 09:24:17,7989624,confirmed,https://www.youtube.com/@nothing_seriouspodcast,1786613057,4e221af77b717b8bc584d9593c8789f3,,4,0,INDIVIDUAL
The Unexplained Mailroom,Mara Ellison,https://www.spreaker.com/show/7260064/episodes/feed,"<b>Welcome to The Unexplained Mailroom, where allegedly true horror stories, paranormal encounters, disturbing emails, and unexplained experiences are opened and explored. Each episode features three viewer submissions or publicly shared accounts, presented with original narration, context, and commentary. Made for listeners who enjoy late-night horror, supernatural mysteries, and unsettling real-life stories. Names and identifying details may be changed for privacy.</b><br /><b></b><br /><b>If you have experienced something unexplained, paranormal, or genuinely frightening, you can submit your own story for a future episode. Send your account to: theunexplainedmailroom@gmail.com with the subject line ""Story Submission"" followed by your country or state. Include the approximate date, location, and what happened. Let us know whether you'd like your real name used or prefer to remain anonymous.</b>",Spreaker,en,https://d3wo5wojvuv7l.cloudfront.net/t_rss_itunes_square_1400/images.spreaker.com/original/b78591e2256cecb63c0c552cf99dd065.jpg,2026-08-13 08:34:09,7989600,confirmed,https://www.youtube.com/@TheUnexplainedMailroom,1786610049,4dde0a3c2e498ad5c75fbe547ed1a832,,4,0,INDIVIDUAL
"Onlinekurs, Workshop und Co. wirksam gestalten | teachValution",Steffi Keuls,https://feeds.captivate.fm/teachvalution/,"Du willst Onlinekurse, Workshops oder hybride Lernangebote entwickeln, die wirklich etwas bewirken, statt nur gut auszusehen? In diesem Podcast bekommst du Klarheit, Struktur und ehrliche Impulse, wie du dein Wissen verständlich, praxisnah und mit Haltung vermittelst. Für alle Coaches, Trainer*innen und Expert*innen, die Lehren ernst nehmen und Wirkung entfalten wollen. Denn wenn Wissen wirkt, entsteht Verständnis, wächst Stärke, erwacht Verantwortung und gemeinsam wird Wandel möglich.",Captivate,en,https://artwork.captivate.fm/c6e5019d-b146-4ac6-baec-7d90699cca0f/41574272-1752410632850-4e0d97ac71d0f.jpg,2026-08-13 08:26:15,7989594,confirmed,https://www.skool.com/lehren-lernen/about,1786609575,c26ea14d03f5011667956254e293d172,,4,0,INDIVIDUAL
Faith podcast realtalk Podcast,faithpodcastrealtalk,https://feed.podbean.com/faithpodcastrealtalk/feed.xml,"Faith Podcast Real Talk is a platform for creatives to share their life stories and how faith shapes their daily lives. Hosted by La Shana Rochelle, the podcast features teachings, conversations, and testimonies that explore the intersection of faith, spirituality, challenges, and real-life discussions. By addressing taboo topics, the podcast aims to inspire and empower both believers and non-believers in Christ, encouraging listeners to delve deeper into their faith.",Podbean,en,https://pbcdn1.podbean.com/imglogo/image-logo/19861586/Peach_and_Gray_Life_Coach_Career_Profile_Facebook_Cover_Billboard_Square_-_5_6yc85r.png,2026-08-13 08:23:51,7989591,confirmed,https://faithpodcastrealtalk.podbean.com,1786609431,ce964d2579adaf99cf8ae2ecd9c09290,1782347334.0,2,0,INDIVIDUAL
Stick to United,The Overlap,https://feeds.acast.com/public/shows/6a744fdb2578a0c7e2e12030,"<p>Stick to United with Wayne Rooney and Mark Goldbridge, brought to you by Disney+.</p><p> </p><p>A brand-new show. A brand-new partnership.</p><p> </p><p>Wayne Rooney and Mark Goldbridge unite for a weekly Manchester United podcast featuring special guests, exclusive insight and unfiltered debate.</p><p> </p><p>Launching 18 August on The United Stand YouTube channel, Disney+ and wherever you get your podcasts.</p><hr><p style='color:grey; font-size:0.75em;'> Hosted on Acast. See <a style='color:grey;' target='_blank' rel='noopener noreferrer' href='https://acast.com/privacy'>acast.com/privacy</a> for more information.</p>",Acast,en,https://assets.pippa.io/shows/6a744fdb2578a0c7e2e12030/1786606921713-c820e94b-14ac-4b12-bc33-0917d0b06829.jpeg,2026-08-13 08:17:46,7989588,confirmed,https://shows.acast.com/stick-to-united,1786609066,eccacddf5a8b9f0de5f13bf3f594a683,6801056072.0,0,0,CORPORATE
Sam Brown University TV,Cosmic Monkey,https://rss.buzzsprout.com/2525993.rss,"<p>Sam Brown, of the Whitest Kids U'Know, sits down with a guest to discuss an overly complex topic in an underly complex way - then they bring on an expert to grade their homework.</p>",Buzzsprout,en-us,https://storage.buzzsprout.com/7htlgvledo5seezs1gu5rvfmems7?.jpg,2026-08-13 08:15:30,7989586,confirmed,https://www.buzzsprout.com/2526630,1786608930,14a47b3237a941dc93b6999df8cc3304,,4,0,INDIVIDUAL
تحدي قوي ومضحك بين الأصدقاء.. من سيكون ا,Sara Moises,https://www.spreaker.com/show/7260066/episodes/feed,في هذه الحلقة، يخوض المشاركون تحديًا ممتعًا مليئًا بالمنافسة والحماس. وبين الأسئلة والإجابات غير المتوقعة والمواقف الطريفة والكثير من الضحك، يحاول الجميع معرفة من سيتمكن من تحقيق أكبر عدد من الإجابات الصحيحة.<br />تابعوا هذا التحدي المليء بالمرح وردود الفعل العفوية والمفاجآت. فمن سيتمكن من الفوز بهذا التحدي؟ 😂❤️🔥,Spreaker,en,https://d3wo5wojvuv7l.cloudfront.net/t_rss_itunes_square_1400/images.spreaker.com/original/d969b8ad8c93800e044054d408e7f3a3.jpg,2026-08-13 08:10:59,7989584,confirmed,https://www.spreaker.com/podcast/thdy-qwy-wmdhk-byn-alasdqa-mn-sykwn-a--7260066,1786608659,cb175015937e1b58d4b627a71339d39d,,4,0,INDIVIDUAL
The Human Capacity Advantage Podcast,"Kim Hires, PhD",https://rss.buzzsprout.com/2632554.rss,"<p><b>What if we have been measuring the wrong things about performance all along?</b></p><p><br></p><p>Hosted by <b>Dr. Kim Hires, </b>scientist, executive advisor, and Founder of The Nightingale Firm, <b>The Human Capacity Advantage™</b> challenges conventional thinking about burnout, leadership, organizational performance, AI, and the future of work.</p><p><br></p><p>Every episode combines research, practical frameworks, and real-world insights to help leaders and organizations build sustainable performance in an increasingly complex world.</p><p><br></p><p><b>Because being human isn't a liability, it's our greatest competitive advantage. The future belongs to leaders who know how to leverage it. </b></p><p><br></p><p><b>New episodes each week:</b></p><ul><li><b>Mondays:</b> <em>Monday Morning Capacity Check™</em> — Start your week with a practical leadership reflection.</li><li><b>Wednesdays:</b> <em>The Human Capacity Advantage™</em> — Deep dives into Human Capacity, leadership, burnout, AI, and organizational performance.</li><li><b>Fridays:</b> <em>The Human Capacity SITREP™</em> — A weekly analysis of current events through the lens of Human Capacity.</li></ul><p><br></p><p>If you are ready to rethink leadership, work, and performance, <b>welcome to my classroom where performance begins with capacity.</b></p><p><br></p><p>Learn more at <b>thenightingalefirm.com</b>.</p>",Buzzsprout,en-us,https://storage.buzzsprout.com/hl03r0jnnc89553p2h1ewysvl7e5?.jpg,2026-08-13 08:07:11,7989583,confirmed,https://www.buzzsprout.com/2632554,1786608431,b728d1212eabd2725829512b14cc1488,,0,0,INDIVIDUAL
Inspire Africa Series,Inspire Africa Series,https://feeds.acast.com/public/shows/6a7a1f9f523b3dfcd86c40cf,"Inspire Africa Series is a knowledge sharing platform documenting the lived experiences, values, and strategies of Africa’s most accomplished visionaries.Founded by Tokunbo Akerele, the series captures thoughtful, in depth conversations with leaders across culture, business, policy, and various industries. Each episode serves as part of a growing archive, created to inspire, empower, and mentor emerging leaders through reflection, honesty, and long term thinking.This channel exists as a public record of African leadership journeys preserving insight, experience, and perspective for current<hr><p style='color:grey; font-size:0.75em;'> Hosted on Acast. See <a style='color:grey;' target='_blank' rel='noopener noreferrer' href='https://acast.com/privacy'>acast.com/privacy</a> for more information.</p>",Acast,en,https://assets.pippa.io/shows/6a7a1f9f523b3dfcd86c40cf/show-cover.jpg,2026-08-13 08:04:51,7989581,confirmed,https://podcasters.spotify.com/pod/show/inspire-africa-series,1786608291,1a3ae0cd71304e892fc4283b2575a3fa,,0,0,INDIVIDUAL
The Curious Educator Conversations,Jessica Karpathios,https://anchor.fm/s/1152adcec/podcast/rss,"The Curious Educator Conversations is where early childhood educators talk honestly about the real work of this field: play, pedagogy, leadership, and the beautiful complexity of it all. Come for the conversation. Stay for the reminder that you're not alone in this field, and that your thinking matters.",Anchor,en-ca,https://d3t3ozftmdmh3i.cloudfront.net/staging/podcast_uploaded_nologo/46400979/46400979-1784654590205-a337845ba9d1d.jpg,2026-08-13 08:00:39,7989576,confirmed,https://podcasters.spotify.com/pod/show/jessica-karpathios7,1786608039,0a4b09a76e55e08eaee5bba634a36ddf,6800159823.0,2,0,INDIVIDUAL
The Table District,D,https://www.spreaker.com/show/7260063/episodes/feed,Hello Everyone...,Spreaker,en,https://d3wo5wojvuv7l.cloudfront.net/t_rss_itunes_square_1400/images.spreaker.com/original/d140355a69a47498bc9d1e22c3526175.jpg,2026-08-13 07:59:59,7989572,confirmed,https://www.spreaker.com/podcast/the-table-district--7260063,1786607999,12830d16d965abdf4d382281f744d7c4,,4,0,INDIVIDUAL
REFRAME - Stories from the Studio,Daniela Pacheco,https://anchor.fm/s/115b979e8/podcast/rss,"I’m a portrait photographer. For years, I’ve had the privilege of sitting across from extraordinary women, watching what happens when they feel truly seen. Time and again, I’ve discovered that behind every portrait is a story that deserves to be heard.
REFRAME grew from that experience.
In each episode, I invite remarkable women into my studio for honest conversations about reinvention, identity, creativity, work, motherhood, migration, aging, loss, purpose, and the courage to begin again. Some transformations are chosen. Others are forced upon us. All of them have the power to change how we",Anchor,en,https://d3t3ozftmdmh3i.cloudfront.net/staging/podcast_uploaded_nologo/46494442/46494442-1785948385864-4b8c515759d7e.jpg,2026-08-13 07:59:49,7989571,confirmed,https://podcasters.spotify.com/pod/show/daniela2282,1786607989,40e704502a84a1b65a03e8b936ae4867,6800050669.0,2,0,INDIVIDUAL
Restoring Us,Restore Therapy Collective,https://feed.podbean.com/restoringus/feed.xml,"<p>Restoring Us is a space to slow down, take a breath, and explore topics related to mental health, therapy, and self-care. In each episode, therapists with Restore Therapy Collective in Grand Rapids, Michigan, explore ways to restore yourself and your relationships. Whether you're navigating a tough chapter, looking to understand how you function in the world, or just need a reminder that you're not alone - you are welcome here.</p>
<div></div>
<p>Please follow us here as well as on our Instagram <a href=""https://www.instagram.com/restoretherapycollective/"">@restoretherapycollective</a>. You can find out more about our practice at <a target=""_blank"" href=""http://www.restoretherapycollective.com/"" title=""http://www.restoretherapycollective.com"" rel=""noreferrer noopener"">www.restoretherapycollective.com</a></p>",Podbean,en,https://pbcdn1.podbean.com/imglogo/image-logo/22438000/Restore_Podcast_Announcment_3000_x_3000_px_3_abhva.jpg,2026-08-13 07:51:45,7989567,confirmed,https://restoringus.podbean.com,1786607505,1321b609d2c56b0b41cc419197da78c5,6800099098.0,2,0,CORPORATE
YaNoFershure,Cheese & Payton,https://feed.podbean.com/paytongunhus/feed.xml,"Welcome to YaNoFershure, the podcast where hosts Payton G & Cheese dive into everything from pop culture to life’s biggest questions. Tune in for engaging discussions, hilarious banter, and somewhat insightful prospectives. New Episodes coming soon!",Podbean,en,https://pbcdn1.podbean.com/imglogo/image-logo/22427548/YaNoFershure_Pod_logo_ggcd32.jpg,2026-08-13 07:46:54,7989563,confirmed,https://paytongunhus.podbean.com,1786607214,475fe729e4a160a3d7168f975c4d678c,6800560306.0,2,0,CORPORATE
CALL ME WYLLISA,"ITRN, Intentional Talk Radio Network, Wyllisa R. Bennett",https://feeds.simplecast.com/jkNgLXnp,"CALL ME WYLLISA
WYLLISA BENNETT, publicist du jour + host 
With an entrepreneurial spirit, Wyllisa Bennett founded wrb public relations in 2001. As an entertainment publicist, she’s made a career of MAKING people famous and KEEPING people famous! Wyllisa have a proven track record of working successfully with clients, assessing needs and creatively implementing strategic PR campaigns. Throughout her career as a writer and publicist, she’s had the privilege of working with celebrities, actors, actresses, reality stars, filmmakers, media personalities, authors, nonprofits and brands—helping them achieve their editorial, public relations and marketing goals. These experiences have given her not only strong communication skills, but also an instinct for meaningful conversations and compelling narratives that resonate with diverse audiences. After working as a celebrity publicist for more than 25 years, Wyllisa is finally putting her gift of gab to use with her new podcast, CALL ME WYLLISA. The podcast is a personality-driven show, offering a celebrity publicist’s POV on everything popping in pop culture. Wyllisa brings both warmth and wit to every discussion. It’s real conversations and unfiltered commentary mixed with personal stories and anecdotes from the world of entertainment, media and culture.
CALL ME WYLLISA premieres on Friday, July 10, 2026 on the Intentional Talk Radio Network (ITRN), which
is the second largest Black talk radio network in the country. The network focuses on issues that are of particular interest and relevance to Black audiences, providing information that inspires, educates, edifies and engages listeners. The network reaches 95 different countries, including Japan, Netherlands, London, Africa, and Jamaica.
ITRN can be found on all major digital platforms including Apple, iHeart Radio, Amazon and Pandora. For more information, visit www.ITRNRadio.com.
LET’S SOCIALIZE:
Find me: www.WyllisaBennett.com
Follow me: www.wyllisabennett.tumblr.com
Follow me: @WyllisaBennett on Twitter & Instagram
Friend me: facebook.com/wyllisa.bennett
Network with me: linkedin.com/in/wyllisabennett",Simplecast,en,https://image.simplecastcdn.com/images/9097010b-31ac-474f-a684-e73b76ed1717/0bd92c49-e43e-48bc-b510-a6bd3edbe5c0/3000x3000/call-20me-20wyllisa-20promo-20plain.jpg?aid=rss_feed,2026-08-13 07:38:58,7989562,confirmed,https://call-me-wyllisa.simplecast.com,1786606738,ed107daa6b8864f52ca9ba2d09be7ccb,6800409552.0,2,0,CORPORATE
LIVE WELL On The Air with  Shaniqua Cousins,"Intentional Talk Radio Network (ITRN), Kiyana M. Williams, Shaniqua L. Cousins",https://feeds.simplecast.com/QAAoz1_E,"LIVE WELL On The Air with Shaniqua Cousins is a space for intentional conversations around wellness, mindset, food, growth, self-care, and living well in real life. Some episodes find Shaniqua in the kitchen, while others gather around conversation with friends, experts, invited guests, and members of the LIVE WELL community. Each episode is designed to leave listeners feeling grounded, inspired, informed, and connected, with practical ideas they can carry into everyday life.
Welcome to LIVE WELL On The Air with Shaniqua Cousins.",Simplecast,en,https://image.simplecastcdn.com/images/9097010b-31ac-474f-a684-e73b76ed1717/3051a420-9a15-4b85-b758-116012def34a/3000x3000/untitled-20-3000-20x-203000-20px.jpg?aid=rss_feed,2026-08-13 07:38:58,7989561,confirmed,https://live-well-on-the-air-hosted-by-shaniqua-cousins.simplecast.com,1786606738,fd2b702cb98d72a1c7ffd36ed893043c,6800416899.0,2,0,CORPORATE
Frank Advice,Frank Murray - Jim's Building Inspections,https://anchor.fm/s/11543f650/podcast/rss,"Do brand-new homes really need an inspection? Is that crack serious?
Welcome to Frank Advice, where certified building inspector Frank Murray gives honest answers about Kiwi properties.
Every week, Frank takes you inside a real inspection across Auckland, from family homes to commercial and industrial properties. What he found, why it matters, and three practical tips you can use straight away.
No jargon. No scare tactics. Straightforward advice for buyers, homeowners, investors and business owners.
New episode every Tuesday.
Before you buy. Before you build. Get Frank Advice.",Anchor,en-nz,https://d3t3ozftmdmh3i.cloudfront.net/staging/podcast_uploaded_nologo/46417428/46417428-1785587568757-ad85f144f24.jpg,2026-08-13 07:31:16,7989558,confirmed,https://jbitakapuna.top,1786606276,d18d6d766718aa90219aa55147dfda2e,6798086639.0,2,0,INDIVIDUAL
RAJABAJI,RAJABAJI,https://anchor.fm/s/11601207c/podcast/rss,"RAJABAJI is a modern online entertainment platform designed to provide users in Bangladesh with a secure, reliable, and enjoyable experience. With a strong focus on transparency, convenience, and customer satisfaction, RAJABAJI.INK delivers smooth access, diverse entertainment options, and professional support for users looking for a trusted digital platform. 
Contact Info:
Website: https://rajabaji.ink/
Phone: 02620 120485123
Email: rajabajiink@gmail.com
Post code: 1207
Address: VCC3+GPJ Joynal market, Road No. 5, Dhaka 1230, Bangladesh
#RAJABAJI #RAJABAJI_INK #RAJABAJI_LOGIN #RAJABAJI_CASINO",Anchor,en-us,https://d3t3ozftmdmh3i.cloudfront.net/staging/podcast_uploaded_nologo/46541399/46541399-1786603445156-2f2e6f9c2b2b1.jpg,2026-08-13 07:26:27,7989555,confirmed,https://podcasters.spotify.com/pod/show/rajabaji4,1786605987,bd5cc5c9cb1e67a58ca25404a6a6813b,,0,0,INDIVIDUAL
The Family Focused Pastor with Bishop Dr. Arthur Evans,Trevel.evans,https://anchor.fm/s/115f2ef48/podcast/rss,"Welcome to The Family Focused Pastor, a weekly podcast featuring sermons and biblical teaching from Bishop Arthur Evans. Each episode is designed to strengthen your faith, strengthen your family, and help you apply God’s Word to everyday life. 
From marriage and parenting to purpose, relationships, spiritual growth, and Kingdom living, discover practical wisdom for building a Christ-centered life and home. 
Strong Faith. Strong Families. Stronger Communities.",Anchor,en,https://d3t3ozftmdmh3i.cloudfront.net/staging/podcast_uploaded_nologo/46532098/46532098-1786477776716-fab063885a287.jpg,2026-08-13 07:23:22,7989550,confirmed,https://podcasters.spotify.com/pod/show/trevelevans5,1786605802,020addea550db798f5fca069c7fb9e4c,6800503864.0,2,0,INDIVIDUAL
Amalfa India,Amalfa India,https://www.spreaker.com/show/7259930/episodes/feed,"Amalfa is an Indian demi-fine jewellery brand offering stylish, hypoallergenic, and anti-tarnish jewellery for everyday wear. From elegant earrings and rings to necklaces and bracelets, Amalfa creates high-quality pieces that celebrate individuality, comfort, and modern craftsmanship while empowering women through timeless designs.",Spreaker,en,https://d3wo5wojvuv7l.cloudfront.net/t_rss_itunes_square_1400/images.spreaker.com/original/fb620d16a6cbdab89c05a17bbdbe9aa9.jpg,2026-08-13 07:21:09,7989548,confirmed,https://www.spreaker.com/podcast/amalfa-india--7259930,1786605669,a2727dae73ccee6cc3cc2be079bb904d,,4,0,INDIVIDUAL
Australian N Scale Podcast,Mark Jesser,https://anchor.fm/s/114a2d25c/podcast/rss,"Join us as we chat with modellers and manufacturers about everything Australian N Scale. From layout building, scenery and DCC to new products, exhibitions and the stories behind Australia's growing N scale community, each episode is packed with inspiration, practical tips and great conversation. 
Whether you're just getting started or you've been modelling for decades, the Australian N Scale Podcast is well worth a listen.",Anchor,en-au,https://d3t3ozftmdmh3i.cloudfront.net/staging/podcast_uploaded_nologo/46311823/46311823-1783420245643-91ce3cec5f7cb.jpg,2026-08-13 07:19:28,7989547,confirmed,https://www.nscale.au/,1786605568,418b901279164eda957735d60400f6b9,6800264602.0,2,0,INDIVIDUAL
Butterfly Unveiled,Nessa,https://anchor.fm/s/f0226ac8/podcast/rss,Heeyy~ 🫶🏽 Welcome to Butterfly Unveiled Podcast 🦋✨ This Podcast is dedicated to building your identity in Christ. Amen~ 🙏🏽🩵,Anchor,en,https://d3t3ozftmdmh3i.cloudfront.net/production/podcast_uploaded_nologo/40187874/40187874-1705439188929-bcf3d98cd7cc3.jpg,2026-08-13 07:19:03,7989546,confirmed,https://podcasters.spotify.com/pod/show/truthfaithlife,1786605543,f6dce67425a89af02650a5447265fc25,1730977728.0,2,0,INDIVIDUAL
The Pet Lounge,Carolyn Pietzner,https://anchor.fm/s/115beab98/podcast/rss,"Welcome to The Pet Lounge, where dogs are at the heart of the conversation, but no pet topic is off limits. Join us for honest chats about pet care, training, grooming, health, pet cremation, rescue stories, industry insights, and the realities of life with animals. From heartwarming moments to the difficult conversations many avoid, The Pet Lounge explores the stories, people, and experiences that shape the lives of pets and the people who love them.",Anchor,en-au,https://d3t3ozftmdmh3i.cloudfront.net/staging/podcast_uploaded_nologo/46497846/46497846-1786334917408-db99bfeb9e4cb.jpg,2026-08-13 07:18:17,7989545,confirmed,https://podcasters.spotify.com/pod/show/carolyn-pietzner5,1786605497,9a929ba073afe6d2ac344df149262ca2,6799598853.0,2,0,INDIVIDUAL
The Second Half Podcast,Dr Adam Brown,https://feed.podbean.com/infou7k/feed.xml,"<p>Welcome to The Second Half, with me Dr Adam Brown.</p>
<p>In Australia’s first Doctor-led Longevity Medicine podcast, I discuss the latest developments, hot topics and scientific research in the field.</p>
<p>In each episode I’m joined by experts – with the sole aim to cut through all the noise out there and deliver you current Longevity-focused knowledge and practical tips, that you can rely on.</p>
<p>I hope to give you the tools to both extend your Healthspan and maximise your Longevity potential.</p>
<p></p>
<div>Book with me here:</div>
<div>Instagram me: @dr_adambrown</div>
<div>Instagram clinic: @longevitymedicineinstitute</div>
<div> </div>
<div><a href=""http://www.dradambrown.com"">www.dradambrown.com </a></div>
<div></div>
<div>www.longevitymedicineinstitute.com</div>
<p></p>
<p>Video:</p>
<p><a href=""https://www.youtube.com/@DrAdamBrown"">www.youtube.com/@DrAdamBrown</a></p>",Podbean,en,https://pbcdn1.podbean.com/imglogo/image-logo/22557204/SecondHalfpodcastprofile1400x1400.jpeg,2026-08-13 07:17:06,7989544,confirmed,https://infou7k.podbean.com,1786605426,a1c0f9e1b5f2e4ec18886e983963a71b,6800661488.0,2,0,INDIVIDUAL
ACE365,ACE365,https://anchor.fm/s/11600d770/podcast/rss,"ACE365 is recognized as a premium online entertainment platform that brings users in Bangladesh a modern, secure, and enjoyable experience. 
Contact Info:
Website: https://ace365.ink
Phone: 02653 102416152
Email: ace365ink@gmail.com
Post code: 1207
Address: Rajuk Office, Road- 13, Sector- 6, Uttara Model Town, Dhaka 1230, Bangladesh
#ACE365 #ACE365_INK #ACE365_LOGIN #ACE365_CASINO #ACE365_SLOTS #ACE365_SPORTS #ACE365_JACKPOT #ACE365_APP #ACE365_BETTING #ACE365_ESPORTS",Anchor,en-us,https://d3t3ozftmdmh3i.cloudfront.net/staging/podcast_uploaded_nologo/46541212/46541212-1786598918335-f5e247f74e819.jpg,2026-08-13 07:15:44,7989543,confirmed,https://podcasters.spotify.com/pod/show/ace3659,1786605344,04fb6efcfc9f60d6f2f8e70467640983,,0,0,INDIVIDUAL
vedanshi cabs,vedanshicabs,https://www.spreaker.com/show/7259931/episodes/feed,"<b>Vedanshi Cabs is an officially certified and insured car rental provider based in Udaipur, delivering premium taxi services with a strong focus on safety, comfort, and punctuality. Our well-maintained fleet includes Ertiga, Innova Crysta, Sedans, and more – ideal for sightseeing tours, business trips, or airport transfers.</b>",Spreaker,en,https://d3wo5wojvuv7l.cloudfront.net/t_rss_itunes_square_1400/images.spreaker.com/original/5a982dc3043eefe9a471a3422f773bab.jpg,2026-08-13 07:13:50,7989541,confirmed,https://www.spreaker.com/podcast/vedanshi-cabs--7259931,1786605230,551287fab1e38d2ba0b72f8961153794,,4,0,INDIVIDUAL
The Build Up,Malessa Rambarran and Candice Milano,https://rss.libsyn.com/shows/493683/destinations/4218953.xml,"On The Build Up, hosts Malessa and Candice unlock the secrets of building wealth through real estate from high profile real estate investors that are better known for their accomplishments as professional athletes, CEOs, tech founders, influencers, and more.

These savvy investors have been able to grow their income and diversify their investments because of the unique wealth-building qualities that only real estate can offer.

Malessa and Candice have sold nearly a billion dollars' worth of real estate in one of the toughest markets in the world – New York City - and they're here to break down the barriers to investing so that you can build up your wealth!

Filmed at Brown Harris Stevens' Studio 1873, Part of the Mastery of Real Estate (MORE) Network.

Subscribe here: 

https://podcasts.apple.com/us/channel/more-network/id6471620155 

Connect with Candice Milano here: 

https://www.bhsusa.com/real-estate-agent/candice-milano

Connect with Malessa Rambarran here: 

https://www.bhsusa.com/real-estate-agent/malessa-rambarran

Brown Harris Stevens is one of the largest privately owned real estate brokerages in the country, with more than 40 offices across four states: New York, New Jersey, Connecticut, and Florida. 

https://bhsusa.com/",Libsyn,en,https://static.libsyn.com/p/assets/1/a/7/1/1a71ecc646144eb788c4a68c3ddbc4f2/Build_up_Podcast_1400x1400.jpg,2026-08-13 07:12:00,7989540,confirmed,https://sites.libsyn.com/493683,1786605120,88266b102f09070c607d3078d241a983,1718996370.0,2,0,CORPORATE
News Pulse,dan,https://www.spreaker.com/show/7184494/episodes/feed,"News Pulse delivers fast, fearless coverage of breaking stories, global trends, and voices shaping tomorrow. Each episode cuts through the noise with sharp analysis, dynamic storytelling, and the pulse of what matters — right now.",Spreaker,en,https://d3wo5wojvuv7l.cloudfront.net/t_rss_itunes_square_1400/images.spreaker.com/original/d9ac47963784009f8796a3ed486e1904.jpg,2026-08-13 07:11:26,7989539,confirmed,https://www.spreaker.com/podcast/news-pulse--7184494,1786605086,3b1d94fef749f4234f25aa760cd6ff14,,4,0,INDIVIDUAL
Nigeian WeightLoss Stories,Goodliving Network,https://feeds.transistor.fm/nigeian-weightloss-stories,"This show involves personal narrations of Nigerians who have lost weight through workouts, diet, medication, and other means and gotten healthier, the purpose is to support people on their weightloss journey with motivating stories of people who have done it. it's a 12 episode series of varying stories.",Transistor,en,https://img.transistorcdn.com/ONUde6vmM32kW_518CKu-hB1jxCefQS3q70nAKgeAcw/rs:fill:0:0:1/w:1400/h:1400/q:60/mb:500000/aHR0cHM6Ly9pbWct/dXBsb2FkLXByb2R1/Y3Rpb24udHJhbnNp/c3Rvci5mbS83Yzhk/N2U1OTY5NjU3MDgy/YTEyNTQ5NWNkZWJm/ZTIyZS5wbmc.jpg,2026-08-13 07:04:21,7989536,confirmed,,1786604661,1f852609c3ddca01b3d02bdfd17324e5,,0,0,CORPORATE
"More than Parrots, Less than Gods",Glen Ansell,https://anchor.fm/s/114af1698/podcast/rss,"Artificial intelligence isn't coming. It's already here — and most people are preparing for the wrong future.
More Than Parrots, Less Than Gods is the no-hype guide to what AI actually means for your work, your business, and your life. Each episode breaks down one chapter from the book: how AI really works under the hood, which jobs are actually at risk, why 90% of corporate AI projects fail, and what skills will matter when the robots don't need us to hold their hands.
This isn't tech evangelism. It's a research psychologist and 12-year AI practitioner looking at the data and he history.",Anchor,en,https://d3t3ozftmdmh3i.cloudfront.net/staging/podcast_uploaded_nologo/46319862/46319862-1784584712143-754846688c84a.jpg,2026-08-13 06:54:22,7989533,confirmed,https://morethanparrots.com,1786604062,9a030f8d173180f8b07d22d554270161,6789013230.0,2,0,INDIVIDUAL
Notes from the Matchmaker - Wayward Hearts Matchmaking,Cheryl J. Dalziel,https://anchor.fm/s/1153e9d90/podcast/rss,"I talk honestly about love, dating, and what it actually takes to find the right person. 
I’m Cheryl, founder of Wayward Hearts Matchmaking on PEI, Canada’s only values based boutique matchmaking service. I have 40 yrs experience in policy & international development.It turns out helping people find common ground is exactly what matchmaking is. Every episode is short, honest, and a little unpredictable. I tell stories . I challenge assumptions. I will say things you haven’t heard from anyone else in this space. If your heart has been a little wayward lately, you’re in the right place.",Anchor,en,https://d3t3ozftmdmh3i.cloudfront.net/staging/podcast_uploaded_nologo/46413924/46413924-1785699973670-998a39655cd62.jpg,2026-08-13 06:45:40,7989531,confirmed,https://podcasters.spotify.com/pod/show/cheryl-j-dalziel,1786603540,51d859987e1e258c24a5afe67dbfcd84,6797529147.0,2,0,INDIVIDUAL
My Jouney actions and solutions.,Hello Colombia,https://www.spreaker.com/show/7259766/episodes/feed,"<br /><br /><br /><br /><br /><br /><br /><br /><br /><br /><br /><br /><br />This podcast presents my academic and professional journey, including my experiences, plans, actions, and solutions in different contexts. I talk about the importance of self-direction, flexibility, adaptability, leadership, and professional responsibility.I also share my future goals and explain how making decisions and adapting to new situations can help me overcome challenges and create new professional opportunities.This audio was created as part of the SENA training activity GA4-240202501-AA2-EV02 for the Development of Advertising program.<br /><br /><br /><br />",Spreaker,en,https://d3wo5wojvuv7l.cloudfront.net/t_rss_itunes_square_1400/images.spreaker.com/original/9cc4a57499a2622206cbf4bbbbc2870d.jpg,2026-08-13 06:39:04,7989528,confirmed,https://www.spreaker.com/podcast/my-jouney-actions-and-solutions--7259766,1786603144,39c8a8aeb91e970eda6a01ce013dd77b,,4,0,INDIVIDUAL
Resolve to Solve with Miles O’Brien,Arizona PBS,https://feed.podbean.com/resolvetosolve/feed.xml,"<p><span style=""font-weight:400;"">The Resolve to Solve with Miles O'Brien Podcast is the official companion to the Arizona PBS and Mobias Media documentary television series Resolve to Solve with Miles O'Brien. After watching each episode of the TV series, host Elise Hu takes us behind the scenes with veteran science journalist Miles O’Brien, breaking the episode down into two podcast discussions about each episode’s two topics and providing even more insights into today’s hardest problems and the human ingenuity working to solve them. Watch or listen to the Resolve to Solve with Miles O’Brien Podcast wherever you get your podcasts.</span></p>",Podbean,en,https://pbcdn1.podbean.com/imglogo/image-logo/22554043/RTS_pod_logo_square_1400.png,2026-08-13 06:36:30,7989526,confirmed,https://resolvetosolve.podbean.com,1786602990,f3289c325d34d543751e831c5ee120a7,6800452618.0,2,0,INDIVIDUAL
Garbhsanskar,Shree Gurupeeth - Garbhsanskar,https://anchor.fm/s/861141cc/podcast/rss,Garbhsanskar Information Session by doctors and experts,Anchor,en,https://d3t3ozftmdmh3i.cloudfront.net/production/podcast_uploaded_nologo/22392779/22392779-1645817119161-78cf309003b33.jpg,2026-08-13 06:31:35,7989521,confirmed,https://podcasters.spotify.com/pod/show/absss-garbhsanskar,1786602695,95dfe65ce1e6d45ec803ea395520c2f8,,0,0,INDIVIDUAL
Stoppage Time,StoppageTime DFW,https://anchor.fm/s/11580eee8/podcast/rss,"Stoppage Time, hosted by cousins Colby and Cable Smith, is a podcast for parents navigating the sprawling, confusing, expensive world of DFW youth club soccer — from first rec league touches to college recruiting. Every episode, we get into what actually happens on the sidelines, in the group chats, and around the kitchen table: the decisions no club handbook prepares you for.",Anchor,en,https://d3t3ozftmdmh3i.cloudfront.net/staging/podcast_uploaded_nologo/46457386/46457386-1785426804630-ffb9e51469d7a.jpg,2026-08-13 06:30:46,7989520,confirmed,https://podcasters.spotify.com/pod/show/stoppagetime-dfw1,1786602646,ead4e1c72e94fc602a4ff4e08cbf6310,,0,0,INDIVIDUAL
CLUB KERRY NYC,Kerry John Poynter,https://rss.libsyn.com/shows/46256/destinations/153279.xml,"Full of ""infectious grooves and familiar melodies inter weaved with the newest sounds and modern beats."" If you like electronic and dance music particularly with vocals then this DJ podcast is for you. Each one hour episode features a perfectly beat mixed DJ set. Take it to the gym, the dance floor, or your favorite party. One of the longest running vocal house dance music podcasts (debuted February, 2009). Ranked one of the top 1% most popular shows out of 3.5 millions podcasts globally by Listen Score, Listed ""What's Hot"" by Apple.Top 20 Chartable.com global reach music podcast, iTunes Top 100 Music podcast chart, ""Awesomesauce"" featured by Tunr app, ""Top Electronic Podcast"" (Player FM). ""Stylistically superior! Simply the best vocal house podcast on the net."" (iTunes Review) Celebrating 14 years 2009-2023.",Libsyn,en,https://static.libsyn.com/p/assets/a/e/c/c/aecc388ff620ac06/New-Club-Kerry-NYC-Show-Artwork.png,2026-08-13 06:30:38,7989519,confirmed,https://www.clubkerrynyc.com/,1786602638,9502fb2b1ec1a69e1c621d750eced77f,,0,0,INDIVIDUAL
FlowSpeech Audio Lab,Waeckerlin Federowicz,https://feeds.redcircle.com/72a4e38e-f9e6-41ab-adf9-3d66d8ca95d4,"FlowSpeech Audio Lab is a practical podcast about AI voice production, narration, and text-to-speech workflows. Each short episode uses real audio examples to examine script preparation, multi-speaker dialogue, emotion, pacing, pause control, and quality checks for podcasts, audiobooks, education, and creator projects.
Episodes document reproducible methods rather than hype: how to prepare text for listening, assign distinct speakers, review pronunciation, and publish audio responsibly. Explore the underlying text to speech ( https://flowspeech.io/ ) workflow.",Spotify for Podcasters,en-US,https://media.redcircle.com/images/2026/8/13/6/d44e9b2d-bf39-404c-9a06-541d262ca108_flowspeech_podcast.jpg,2026-08-13 06:23:50,7989514,confirmed,https://redcircle.com/shows/flowspeech-audio-lab,1786602230,d4e44f3b5d0245b944c7590284127a14,,4,0,INDIVIDUAL
Enarayan,Enarayan,https://www.spreaker.com/show/7259750/episodes/feed,"eNarayan Elex India Pvt. Ltd. is a Hyderabad-based B2B trading and distribution company with over three decades of industry experience. It offers a portfolio of 30,000+ electrical and electronic products and serves as a channel partner for 230+ leading national and international brands. Its product range spans cables, wires, lighting, switchgear, motors, pipes, switches, accessories, and related solutions. With a strong dealer network across Telangana and Andhra Pradesh, eNarayan combines extensive distribution capabilities with ERP-enabled operations, customer-focused service, quality, and long-term business relationships.",Spreaker,en,https://d3wo5wojvuv7l.cloudfront.net/images.spreaker.com/nuvolari-assets/green_square_mic.jpg,2026-08-13 06:13:08,7989511,confirmed,https://www.spreaker.com/podcast/enarayan--7259750,1786601588,7ae96126d5057757632461527c179e9e,,4,0,INDIVIDUAL
Eternal Flame Physics Transmissions,Kelly Dillon,https://www.spreaker.com/show/7259765/episodes/feed,"Eternal Flame Physics Transmissions is an exploration of the structural nature of reality and the mechanics through which physical experience is generated.<br /><br />Hosted by <a href=""https://elumenatemedia.com/"" target=""_blank"" rel=""noreferrer noopener"">Elumenate Media</a> founder <a href=""https://kellydillon.com/"" target=""_blank"" rel=""noreferrer noopener"">Kelly Dillon</a>, the podcast moves beneath the rendered surface of reality into the architecture that exists before events, perception, physical conditions, and lived experience become recognizable. Eternal Flame Physics examines structure, fields, pressure, pathways, trajectories, perception, the physical body, anomalous activity, time, continuity, environments, and the larger external architecture humanity is living within.<br /><br />This is not New Age, spiritual, metaphysical, religious, or another belief system or paradigm. Eternal Flame Physics is anti-paradigm. It strips away mythology, symbolism, inherited explanations, and render-based interpretations in order to expose the mechanics underneath them. The experience is separated from the story built around it. The perception is separated from the structure producing it. The rendered event becomes evidence rather than the beginning of the explanation.<br /><br />The work also maintains the foundational distinction between the Eternal and the external: the Eternal is original and unmoving; the external is movement-based architecture. Physical reality is render within that larger external condition, not the totality or source of reality itself.<br /><br />Episodes move freely through the body of work rather than following a fixed syllabus. One subject, one question, one mechanic—and then the structure is followed wherever it leads.<br /><br />No video. No visual performance. Just voice, Flame tone, and Eternal Flame Physics spoken in real time.",Spreaker,en,https://d3wo5wojvuv7l.cloudfront.net/t_rss_itunes_square_1400/images.spreaker.com/original/da27bd3e9e1315b7f7783eb21a77e9e7.jpg,2026-08-13 06:08:43,7989509,confirmed,https://www.spreaker.com/podcast/eternal-flame-physics-transmissions--7259765,1786601323,162b630f6d6e49d04a607cdfbf77bcc3,6801019005.0,4,0,INDIVIDUAL
B1 Podcast,ONE Church,https://rss.buzzsprout.com/2637074.rss,"<p><b>B1 Podcast Description </b></p><p><br></p><p><b>We are so grateful that you found the b1 podcast, which is hosted by Blake Bergstrom, the Lead Pastor of ONE Church. We hope you experience honest conversations about faith, life, relationships, the Bible, and what it really looks like to follow Jesus in everyday life.</b></p><p><br></p><p><b>Some weeks we’ll dig deeper into Sunday’s message. Other weeks, we’ll talk about marriage, parenting, leadership, being a man, and ‘all the things’ we’re all still trying to figure out in this thing called ‘life!’  </b></p><p><br></p><p><b>B1 is a podcast from ONE Church in Fayetteville, Georgia.</b></p><p><br></p><p><b>Learn more at </b><a href=""http://beonechurch.com""><b>beonechurch.com</b></a><b>.</b></p><p><b>Follow us on Instagram at @b1.podcast </b></p>",Buzzsprout,en-us,https://storage.buzzsprout.com/jjx4ggm0312gaawukdvttyii4kzd?.jpg,2026-08-13 06:05:32,7989505,confirmed,https://b1podcast.buzzsprout.com,1786601132,141e7dc2175b3acf4ae7cbe720150f0f,,4,0,CORPORATE
Men Of Power,Hunter,https://www.spreaker.com/show/7251389/episodes/feed,This is  an educational podcast 😎We take a look at the different men who wielded the most power throughout history. We examine different forms of power and the men associated with each. Season 2 we are going to take a look at the women who held the most power throughout history and what forms are utilized that enabled them a spot on this show,Spreaker,en,https://d3wo5wojvuv7l.cloudfront.net/t_rss_itunes_square_1400/images.spreaker.com/original/5471009b19cb293c24b0e5ef2eef7919.jpg,2026-08-13 05:58:11,7989502,confirmed,https://www.spreaker.com/podcast/men-of-power--7251389,1786600691,85520cdcdc8145b212ff6002208e0764,,4,0,INDIVIDUAL
Love and Blood,Christopher,https://www.spreaker.com/show/7259878/episodes/feed,"loving mother. A deadly obsession. Missing children. Multiple deaths.<br />The chilling true story of Lori Vallow Daybell and the beliefs that led to one of America’s most shocking murder cases.<br /><br />Become a supporter of this podcast: <a href=""https://www.spreaker.com/podcast/love-and-blood--7259878/support?utm_source=rss&utm_medium=rss&utm_campaign=rss"">https://www.spreaker.com/podcast/love-and-blood--7259878/support</a>.",Spreaker,en,https://d3wo5wojvuv7l.cloudfront.net/images.spreaker.com/nuvolari-assets/orange_square_mic.jpg,2026-08-13 05:56:37,7989499,confirmed,https://www.spreaker.com/podcast/love-and-blood--7259878,1786600597,ada69ef4bc261f9e5a69642d4c35f550,,4,0,INDIVIDUAL
Inside Sport,johson,https://www.spreaker.com/show/7259872/episodes/feed,"Inside SportInside Sport is your go-to podcast for exciting sports stories, breaking news, expert opinions, player performances, and unforgettable moments from the world of sports. From football and basketball to tennis, athletics, and beyond, we explore the games, athletes, teams, and events that keep fans talking.Tune in for insightful discussions, inspiring sports stories, match analysis, and the latest trends shaping the sporting world. Inside Sport — bringing you closer to the game.",Spreaker,en,https://d3wo5wojvuv7l.cloudfront.net/t_rss_itunes_square_1400/images.spreaker.com/original/c8194a2a1ff520f6d81b16d76704e16a.jpg,2026-08-13 05:39:21,7989494,confirmed,https://www.spreaker.com/podcast/inside-sport--7259872,1786599561,9fad03b7bfbac587369eb3e450abc349,,4,0,INDIVIDUAL
"INVISIBLE LOSS | DNA Test, Secrets, Father, Who Am I, Acceptance, Intrusive Thoughts",latekiabush,https://feed.podbean.com/latekiabush/feed.xml,"<p></p>
<p><span style=""font-weight:400;"">Have you ever discovered a truth that made you question everything about your life?</span></p>
<p><span style=""font-weight:400;"">Have you ever felt like the ground beneath you shifted… but everyone around you kept saying, </span><span style=""font-weight:400;"">“nothing has changed”</span><span style=""font-weight:400;"">?</span></p>
<p><span style=""font-weight:400;"">Do you find yourself asking:</span><span style=""font-weight:400;""><br /></span><span style=""font-weight:400;""> </span><span style=""font-weight:400;"">Who am I now?</span><span style=""font-weight:400;""><br /></span><span style=""font-weight:400;""> </span><span style=""font-weight:400;"">Where do I belong?</span><span style=""font-weight:400;""><br /></span><span style=""font-weight:400;""> </span><span style=""font-weight:400;"">Was any of it real?</span></p>
<p><span style=""font-weight:400;"">Have you learned that the man who raised you is not your biological father… and now you’re carrying a kind of pain you don’t even have words for?</span></p>
<p><span style=""font-weight:400;"">A quiet grief.</span><span style=""font-weight:400;""><br /></span><span style=""font-weight:400;""> An identity you can’t quite hold onto.</span><span style=""font-weight:400;""><br /></span><span style=""font-weight:400;""> A story that no longer fits.</span></p>
<p><span style=""font-weight:400;"">And somehow… you’re still expected to cook dinner, answer texts, show up for your kids, and act like your entire identity didn’t just get flipped upside down.</span></p>
<p><span style=""font-weight:400;"">(Meanwhile, inside… it’s giving fire, tornado, hailstorm, chaos, and </span><span style=""font-weight:400;"">who even am I</span><span style=""font-weight:400;""> all at the same time.)</span></p>
<p><span style=""font-weight:400;"">If this is you—you’re not imagining it.</span><span style=""font-weight:400;""><br /></span><span style=""font-weight:400;""> And you’re definitely not alone.</span></p>
<p><span style=""font-weight:400;"">This is </span><b>Invisible Loss</b><span style=""font-weight:400;"">.</span></p>
<p><b>What you’re really wanting (even if you haven’t said it out loud):</b></p>
<p><span style=""font-weight:400;"">You want to know the truth… fully.</span><span style=""font-weight:400;""><br /></span><span style=""font-weight:400;""> You want to feel </span><b>acknowledged and accepted</b><span style=""font-weight:400;"">.</span><span style=""font-weight:400;""><br /></span><span style=""font-weight:400;""> You want to </span><b>see yourself in someone</b><span style=""font-weight:400;"">—to finally recognize where you come from.</span><span style=""font-weight:400;""><br /></span><span style=""font-weight:400;""> You want to feel </span><b>whole again</b><span style=""font-weight:400;"">.</span></p>
<p><span style=""font-weight:400;"">And more than anything…</span></p>
<p><span style=""font-weight:400;"">You want </span><b>peace</b><span style=""font-weight:400;"">.</span><span style=""font-weight:400;""><br /></span><span style=""font-weight:400;""> Not perfect answers.</span><span style=""font-weight:400;""><br /></span><span style=""font-weight:400;""> Not a perfectly tied-up story.</span></p>
<p><span style=""font-weight:400;"">Just… peace in your own mind and body again.</span></p>
<p><b>What you’ll find here:</b></p>
<p><span style=""font-weight:400;"">This podcast is a space where your experience is finally named—and where you’re not told to “just move on.”</span></p>
<p><span style=""font-weight:400;"">We talk about:</span></p>
<ul>
<li style=""font-weight:400;""><span style=""font-weight:400;"">The emotional impact of DNA discoveries and hidden family truths</span></li>
<li style=""font-weight:400;""><span style=""font-weight:400;"">The loss of a father you still love</span></li>
<li style=""font-weight:400;""><span style=""font-weight:400;"">The weight of secrets, silence, and betrayal</span></li>
<li style=""font-weight:400;""><span style=""font-weight:400;"">Intrusive thoughts and identity confusion</span></li>
<li style=""font-weight:400;""><span style=""font-weight:400;"">Feeling like a stranger in your own life</span></li>
</ul>
<p><span style=""font-weight:400;"">But we also move toward something:</span></p>
<p><span style=""font-weight:400;"">Here, you’ll learn how to:</span></p>
<ul>
<li style=""font-weight:400;""><b>Reclaim your identity</b><span style=""font-weight:400;"">—even when your story has changed</span></li>
<li style=""font-weight:400;""><b>Process the grief that no one else sees</b></li>
<li style=""font-weight:400;""><b>Quiet the mental spiral and intrusive thoughts</b>
<ul>
<li style=""font-weight:400;""><b>Find peace without needing every answer</b></li>
<li style=""font-weight:400;""><b>Reconnect with yourself</b><span style=""font-weight:400;"">—your voice, your truth, your sense of belonging</span></li>
</ul>
<p><span style=""font-weight:400;"">Because healing doesn’t come from pretending it didn’t happen…</span><span style=""font-weight:400;""><br /></span><span style=""font-weight:400;""> it comes from finally facing what was hidden—and choosing yourself anyway.</span></p>
<p><span style=""font-weight:400;"">I’m Latekia Bush — a mother and woman who once believed I knew exactly where I came from… until I didn’t.</span></p>
<p><span style=""font-weight:400;"">Like many of you, I discovered that the man who raised me was not my biological father. And in that moment, everything shifted. My identity, my past, how I saw myself—everything.</span></p>
<p><span style=""font-weight:400;"">I tried to move on like nothing changed.</span><span style=""font-weight:400;""><br /></span><span style=""font-weight:400;""> I searched for answers outside of myself.</span><span style=""font-weight:400;""><br /></span><span style=""font-weight:400;""> I wanted closure… clarity… something that would make it all make sense.</span></p>
<p><span style=""font-weight:400;"">But that didn’t bring me peace.</span></p>
<p><span style=""font-weight:400;"">What did?</span></p>
<p><span style=""font-weight:400;"">Allowing myself to feel the loss.</span><span style=""font-weight:400;""><br /></span><span style=""font-weight:400;""> To name what was true.</span><span style=""font-weight:400;""><br /></span><span style=""font-weight:400;""> To stop minimizing the pain just because others couldn’t see it.</span></p>
<p></p>
<p><span style=""font-weight:400;"">And then… something harder.</span></p>
<p><span style=""font-weight:400;"">I had to accept my reality.</span><span style=""font-weight:400;""><br /></span><span style=""font-weight:400;""> Not the version I wished it could be.</span><span style=""font-weight:400;""><br /></span><span style=""font-weight:400;""> Not the version that made it easier to hold onto what I thought I had…</span></p>
<p><span style=""font-weight:400;"">But the truth.</span></p>
<p><span style=""font-weight:400;"">And I had to let it go.</span></p>
<p><span style=""font-weight:400;"">Not like it didn’t matter—</span><span style=""font-weight:400;""><br /></span><span style=""font-weight:400;""> but in a way that stopped it from holding me hostage.</span></p>
<p><span style=""font-weight:400;"">Because peace didn’t come from figuring everything out.</span></p>
<p><span style=""font-weight:400;"">It came when I stopped fighting what was…</span><span style=""font-weight:400;""><br /></span><span style=""font-weight:400;""> and allowed myself to live forward anyway.</span></p>
<p></p>
<p><span style=""font-weight:400;"">And slowly…</span><span style=""font-weight:400;""><br /></span><span style=""font-weight:400;""> I began rebuilding who I am from the inside out.</span></p>
<p></p>
<p><span style=""font-weight:400;"">This podcast is for women—often mothers, often “Daddy’s girls”—who grew up believing they had a complete story… only to discover there was more.</span></p>
<p><span style=""font-weight:400;"">More truth.</span><span style=""font-weight:400;""><br /></span><span style=""font-weight:400;""> More questions.</span><span style=""font-weight:400;""><br /></span><span style=""font-weight:400;""> More to heal.</span></p>
<p><span style=""font-weight:400;"">If you’ve ever felt like an outsider in your own life…</span><span style=""font-weight:400;""><br /></span><span style=""font-weight:400;""> like something doesn’t quite fit anymore…</span><span style=""font-weight:400;""><br /></span><span style=""font-weight:400;""> like you’re searching for yourself while still trying to hold everything else together…</span></p>
<p><span style=""font-weight:400;"">You belong here.</span></p>
<p><span style=""font-weight:400;"">Because even when the truth changes your story…</span><span style=""font-weight:400;""><br /></span><span style=""font-weight:400;""> you still get to reclaim who you are becoming.</span></p>
</li>
</ul>",Podbean,en,https://pbcdn1.podbean.com/imglogo/image-logo/22455455/1.jpg,2026-08-13 05:35:28,7989493,confirmed,https://latekiabush.podbean.com,1786599328,73a6b5f6cd1c6e6027703988129bb030,6800555016.0,2,0,INDIVIDUAL
Emergency Plumbing Squad,Emergency Plumbing Squad,https://www.spreaker.com/show/7124448/episodes/feed,"Plumbing problems can happen when you least expect them. From burst pipes and clogged drains to water heater issues and overflowing toilets, acting quickly can help prevent costly damage to your property.<a href=""https://www.emergencyplumbingsquad.com/"" target=""_blank"" rel=""noreferrer noopener""><b> Emergency Plumbing Squad</b></a> is a nationwide plumbing dispatch and referral service that helps connect homeowners and businesses with licensed local plumbers for prompt assistance. Available 24/7, our network makes it easier to find trusted plumbing professionals when urgent situations arise. Don't let a plumbing emergency disrupt your day—get connected to reliable help anytime, day or night.",Spreaker,en,https://d3wo5wojvuv7l.cloudfront.net/t_rss_itunes_square_1400/images.spreaker.com/original/85b97a8bb971201415c6e7b0655e80e9.jpg,2026-08-13 05:32:51,7989492,confirmed,http://emergencyplumbingsquad.com/contact-us,1786599171,be171ed47f7605243888f7a267dbab6f,,4,0,INDIVIDUAL
Shiloh Museum of Ozark History,Shiloh Museum of Ozark History,https://rss.libsyn.com/shows/118157/destinations/680831.xml,"Located in Springdale, Arkansas, the Shiloh Museum of Ozark History serves the public by preserving and providing resources for finding meaning, enjoyment, and inspiration in the exploration of the Arkansas Ozarks. 

In our podcast series, guest speakers discuss a variety of topics related to the region's history and culture.",Libsyn,en,https://static.libsyn.com/p/assets/0/8/f/a/08fa16207ed2826ed959afa2a1bf1c87/Logo_1400_x_1400.png,2026-08-13 05:22:19,7989486,confirmed,http://shilohmuseum.org/,1786598539,78b96df67d33f2e272e82310f58d2903,1438152646.0,2,0,INDIVIDUAL
Uncommon Encounters,Gabriella Wheeler,https://rss.buzzsprout.com/2636301.rss,"<p><b>Have you ever had a moment you couldn’t quite explain—and never quite forgot?</b></p><p><br></p><p><em>Uncommon Encounters</em> is an intimate podcast about everyday people and the unexpected encounters, coincidences, and moments that stay with us long after they happen.</p><p><br></p><p>Some involve a stranger. Others, a familiar face in an impossible place, a series of events, or simply being somewhere at exactly the right—or unexpected—time.</p><p>There are no answers to find here. Just stories worth telling, questions worth sitting with, and the moments we carry with us.</p><p><br></p>",Buzzsprout,en-us,https://storage.buzzsprout.com/rpav5x7j254zgz55bzdd3s398d7e?.jpg,2026-08-13 05:21:22,7989485,confirmed,https://www.buzzsprout.com/2636301,1786598482,a01f4ce3541544ee9ec78ba7763573dc,,4,0,INDIVIDUAL
The TS Show,Tolu | Simi,https://anchor.fm/s/10b047584/podcast/rss,"Two best friends figuring out life together. Talking all things culture, career, faith, beauty, travel, relationships, and more! Join us for the ride.",Anchor,en,https://d3t3ozftmdmh3i.cloudfront.net/staging/podcast_uploaded_nologo/44698089/44698089-1761696305674-b25187303cd61.jpg,2026-08-13 05:16:33,7989482,confirmed,https://podcasters.spotify.com/pod/show/thetsshow,1786598193,7e1b078e095148ce977b1d215c13236d,1858685827.0,2,0,INDIVIDUAL
"The Startup Mindset: Innovation, Funding & Entrepreneurship with Dr. Ati Priye",8ucate,https://rss.buzzsprout.com/2637297.rss,"<p>In this episode of the 8ucate Podcast, we sit down with <b>Dr. Ati Priye</b>, an entrepreneur, ecosystem builder, and mentor dedicated to helping young innovators transform ideas into impactful ventures.</p><p>We discuss the evolving startup landscape, the importance of entrepreneurship education, innovation-driven thinking, startup funding, leadership, and what it takes to build sustainable businesses in today's competitive world. Dr. Ati Priye also shares valuable insights on nurturing entrepreneurial mindsets, creating opportunities for aspiring founders, and building ecosystems that empower the next generation of innovators. </p><p>Whether you're a student, aspiring entrepreneur, startup founder, or someone passionate about innovation, this conversation offers practical lessons and fresh perspectives on navigating the entrepreneurial journey.<br><br></p><p>Topics covered:</p><ul><li> Entrepreneurship and innovation </li><li> Startup ecosystems </li><li> Funding and growth </li><li> Leadership and mindset </li><li> Building future-ready entrepreneurs </li><li> Opportunities for young founders <br><br></li></ul><p>Follow 8ucate for more conversations with industry leaders,<br> educators, and change makers shaping the future.<br><br></p><p>#8ucatePodcast #Entrepreneurship #Startups #Innovation #Leadership #DrAtiPriye #StartupEcosystem #FutureOfWork #BusinessGrowth #FounderJourney</p>",Buzzsprout,en-us,https://storage.buzzsprout.com/x9y3et2fcj4gz0pw4krdg43b26lx?.jpg,2026-08-13 05:13:27,7989480,confirmed,,1786598007,014d48b7d48e315956c77b36bec6c765,,4,0,INDIVIDUAL
Come Meet a God of Love,Deborah Figueroa,https://rss.buzzsprout.com/2637277.rss,"<p>Devotional Podcast for adults, educators, coworkers, and individuals exploring or growing in their faith. </p>",Buzzsprout,en-us,https://storage.buzzsprout.com/8odmafc6swnkksl6uwoczuu38zjg?.jpg,2026-08-13 05:09:38,7989478,confirmed,,1786597778,9465d3bb9d1b79639a3e832f8109fd91,,4,0,INDIVIDUAL
House Rental Services,vacationrentalfl,https://www.spreaker.com/show/7259834/episodes/feed,"For travelers and families seeking a comfortable place to stay, The House Kee offers dependable House Rental Services designed around convenience, flexibility, and a welcoming experience. The property selection provides practical accommodation options for short getaways, extended visits, vacations, and special trips. From thoughtfully maintained spaces to convenient amenities, guests can enjoy an environment that feels more personal than a traditional hotel stay. The House Kee focuses on making the rental experience straightforward, helping visitors find accommodations suited to their plans, group size, and preferred location. Whether guests are planning a relaxing vacation or need a temporary home away from home, these rental services provide a convenient accommodation solution. With attention to comfort, cleanliness, and guest satisfaction, The House Kee can be a suitable choice for those looking for quality rental properties and an enjoyable stay. Its approach combines the privacy of a home with the convenience travelers expect from professional rental services. For more details, visit: <a href=""https://thehousekee.com/property-management/"" target=""_blank"" rel=""noreferrer noopener"">https://thehousekee.com/property-management/</a>",Spreaker,en,https://d3wo5wojvuv7l.cloudfront.net/t_rss_itunes_square_1400/images.spreaker.com/original/07e171c0155c855b24995e90cf721f96.jpg,2026-08-13 05:08:23,7989477,confirmed,https://www.spreaker.com/podcast/house-rental-services--7259834,1786597703,d99c971bf915060c84d9b745b67f1749,,4,0,INDIVIDUAL
Silage Wrap - Bale Wrap,Silage Wrap - Bale Wrap,https://www.spreaker.com/show/7259831/episodes/feed,"Silage Wrap provides high-quality <b><a href=""https://www.silagewrap.com.au/bale-wrap/"" target=""_blank"" rel=""noreferrer noopener"">bale wrap</a></b> designed to help farmers protect and preserve valuable forage. Our reliable products are ideal for wrapping hay bales, round bales, and silage bales, helping maintain feed quality during storage and handling. Built for durability and dependable performance, our bale wrap solutions offer excellent coverage and protection against moisture, weather, and other environmental conditions, making them a practical choice for modern agricultural and livestock operations.",Spreaker,en,https://d3wo5wojvuv7l.cloudfront.net/images.spreaker.com/nuvolari-assets/yellow_square_mic.jpg,2026-08-13 05:05:16,7989476,confirmed,https://www.spreaker.com/podcast/silage-wrap-bale-wrap--7259831,1786597516,816e7ee9c26ac62dc2f110969a3a77e8,,4,0,INDIVIDUAL
Fitness for the Kingdom,Fitness for the Kingdom,https://anchor.fm/s/11520815c/podcast/rss,A new fitness podcast examining fitness from a spiritual perspective.,Anchor,en,https://d3t3ozftmdmh3i.cloudfront.net/staging/podcast_uploaded_nologo/46394191/46394191-1784565991932-a223d75b53a24.jpg,2026-08-13 04:57:46,7989473,confirmed,https://podcasters.spotify.com/pod/show/fitness-for-the-kingdom7,1786597066,b447030a74c5013bd5d52ba5e35d8c16,6800466424.0,2,0,INDIVIDUAL
Boots & Bibles,BootsnBibles,https://rss.buzzsprout.com/2636947.rss,"Welcome to Boots & Bibles, a name born from two things I apparently cannot shut up about: Jesus and cowboy boots.
I’m your host, Angie… 
Full disclaimer: I am not a cowgirl. 
I’m not claiming to be Western. 
I have no cows… 
I have no chickens…
I have no horses… yet.
I just have a slightly concerning obsession with cowboy boots and an even bigger obsession with the Bible.
We’re talking Bible, apologetics, culture, difficult questions and probably a few opinions that are going to ruffle some feathers.
I don’t claim to know everything. 
But I do believe Christianity can stand up to hard questions and Christians shouldn’t be afraid to ask them.
So, boots on, Bibles open.
Let’s get into it. 🤠⚡️
",Buzzsprout,en,https://storage.buzzsprout.com/6vf64czvjlgwbde83631msxu8v2l?.jpg,2026-08-13 04:50:41,7989472,confirmed,https://podcasters.spotify.com/pod/show/bootsnbibles9,1786596641,3c1c31aa25b7303f1ec30d73fc79e4e3,,4,0,INDIVIDUAL
From the Top with Ie'Sha Jordan,Ie'Sha,https://rss.buzzsprout.com/2637253.rss,"<p>Hosted by Ie'Sha Jordan, From the Top explores faith, purpose, personal growth, transitions, and the lessons God teaches us along the way. Through honest conversations, biblical encouragement, and real-life experiences, reminding listeners that where you are today is not where you have to stay.</p>",Buzzsprout,en-us,https://storage.buzzsprout.com/lwa3ozd86y4xx9n1zykzdy9u0a9k?.jpg,2026-08-13 04:49:05,7989471,confirmed,,1786596545,65f2a704594174b8a5e630ef3ccdb171,6801002510.0,4,0,INDIVIDUAL
Algorithms & Adipose,Farah Deshmukh MD MPH,https://anchor.fm/s/10b3c0558/podcast/rss,"A practical, evidence-based show for physicians who want to understand AI in Medicine. 
Hosted by Dr. Farah Deshmukh, a board-certified internal medicine and obesity medicine physician, medical director, and assistant professor who teaches AI in medicine to internal medicine residents.
Start at episode one, the season is built in order.
Written about at algoadipose.substack.com",Anchor,en,https://d3t3ozftmdmh3i.cloudfront.net/staging/podcast_uploaded_nologo/44734502/44734502-1785786197059-f2a027e3466c2.jpg,2026-08-13 04:48:01,7989470,confirmed,https://podcasters.spotify.com/pod/show/rethink-health-md,1786596481,bf28d8818871021c10de957f18b27249,6798399692.0,2,0,INDIVIDUAL
Grief,Dr Atefeh Abdolmanafi,https://anchor.fm/s/1151b9ca0/podcast/rss,Grieving After Loss,Anchor,en-au,https://d3t3ozftmdmh3i.cloudfront.net/staging/podcast_uploaded_nologo/46390984/46390984-1784516371082-de67250b531e.jpg,2026-08-13 04:35:29,7989466,confirmed,https://podcasters.spotify.com/pod/show/connor916,1786595729,50ef09b555172c915067aa83e6637efb,6799610879.0,2,0,INDIVIDUAL
Triforce Digital Marketing,Triforcedigitalmarketing,https://www.spreaker.com/show/7259755/episodes/feed,"<a href=""https://triforce.io"" target=""_blank"" rel=""noreferrer noopener"">Triforce Digital Marketing</a> is the secret to your future online success. As a full-service digital marketing agency in Dallas, we specialize in providing data-driven and cutting-edge digital marketing strategies that get you real results. If you’re looking to truly grow your business online, we want to hear about it! Our digital engineers help clients succeed by creating brand identities, digital experiences, and print materials that communicate clearly, achieve marketing goals, and look fantastic.",Spreaker,en,https://d3wo5wojvuv7l.cloudfront.net/images.spreaker.com/nuvolari-assets/blue_square_mic.jpg,2026-08-13 04:32:33,7989464,confirmed,https://www.spreaker.com/podcast/triforce-digital-marketing--7259755,1786595553,cfbb0f3164484f27a72ffe0663312bad,,4,0,INDIVIDUAL
Paul On Politics with Paul Lisnek,Paul Lisnek,https://feeds.redcircle.com/7237403a-7cfc-4d13-9dea-2115fb9366ae,"Paul Lisnek returns with his unique interview style and political and legal analysis (he is NOT a commentator).
Lisnek has been a fixture on television and radio discussing politics and legal issues for 40 years spending the last 18 years on-air with WGN-TV and WGN as host of the flagship political show.",Spotify for Podcasters,en-US,https://media.redcircle.com/images/2026/8/13/16/c11fbe28-cd1b-4400-bbc0-6a9fa5e67f5f_lonpolitics_logo4mugs_for_redcirle_1400_x_1400.jpg,2026-08-13 04:32:33,7989463,confirmed,https://redcircle.com/shows/paul-on-politics-with-paul-lisnek,1786595553,6a0a300f306b5ce67bc6991cb5c158fa,,4,0,INDIVIDUAL
California Thyroid Center,California Thyroid Center,https://www.spreaker.com/show/7259752/episodes/feed,"Are you looking for a Large Thyroid Nodule in California? Then California Thyroid Center is the best option for you. We are ready to provide our patients with the most up-to-date and creative image-guided treatments with compassionate care in a safe and comfortable outpatient environment. We have experts for thyroid ablation who are ready to help you. For more information, Call @ (310) 492 4019 and visit the website online- <a href=""https://cvithyroidcenter.com/"" target=""_blank"" rel=""noreferrer noopener"">https://cvithyroidcenter.com/</a>",Spreaker,en,https://d3wo5wojvuv7l.cloudfront.net/t_rss_itunes_square_1400/images.spreaker.com/original/a7cbc2a51a2e6f3bda3bd9479ce6f2c3.jpg,2026-08-13 04:21:36,7989459,confirmed,https://www.spreaker.com/podcast/california-thyroid-center--7259752,1786594896,3f93e2d45baf0cd64b7db33e464cea51,,4,0,CORPORATE
Invest in Reading UK,Reading's Economy and Destination Agency,https://feeds.libsyn.com/627230/rss,"A high-impact, bite-sized audio series by Reading's Economy & Destination Agency (REDA) on Reading's business landscape.
 
The podcast will showcase the data, talent, and success stories that make Reading the ultimate destination for business growth and investment.",Libsyn,en,https://static.libsyn.com/p/assets/4/4/1/3/441381e1356c22d716c3140a3186d450/1.jpg,2026-08-13 04:18:54,7989458,confirmed,https://sites.libsyn.com/627230,1786594734,17c33dc145d722c6c2737ddcdd5d6a39,6800379228.0,2,0,CORPORATE
Friday Funktion,Poppyland Community Radio,https://feed.podbean.com/pcr-fridayfunktion/feed.xml,"<p><strong>Friday Funktion</strong> brings the energy, rhythm and party spirit to the end of the week, delivering upbeat tracks and feel‑good vibes to kick‑start the weekend.</p>
<p>The show is broadcast on <strong>Poppyland Radio</strong>, North Norfolk’s community‑powered station created by local people and celebrating music, connection and the spirit of the Poppyland coast and countryside.</p>",Podbean,en,https://pbcdn1.podbean.com/imglogo/image-logo/22379066/FF_newa0bmj.jpg,2026-08-13 04:09:54,7989455,confirmed,https://pcr-fridayfunktion.podbean.com,1786594194,cfea4e91ec007e91e89119fdf0d5cf8f,1896827380.0,2,0,CORPORATE
The New Norm with Selena Hill,Black Enterprise Podcast Network,https://feeds.megaphone.fm/EARLGGRAVESPUBLISHINGCODBABLACKENTERPRISE1391942586,"<p>BLACK ENTERPRISE Director of Multiplatform Content Selena Hill hosts a virtual video interview series that explores adaptability, resilience, and social issues in our ever-changing world. Each week, she speaks to top entertainers and leaders about their current projects and the impact they’re making in culture, politics, and business.</p><p> </p>",Megaphone,en,"https://megaphone.imgix.net/podcasts/6931b6a4-177f-11ef-a028-dbadec786b36/image/8bcc371f85b02bcc5782cf45c5ed791d.jpg?ixlib=rails-4.3.1&max-w=3000&max-h=3000&fit=crop&auto=format,compress",2026-08-13 03:57:59,7989445,confirmed,https://mi.connatix.com/08d7ee10-ac55-4360-8e0c-490f986bc23a/mrss,1786593479,b2f72982c64499920b7cef52a901d1ee,6797990028.0,2,0,CORPORATE
434,S.M.E G LOC,https://www.spreaker.com/show/7259732/episodes/feed,No Filter,Spreaker,en,https://d3wo5wojvuv7l.cloudfront.net/t_rss_itunes_square_1400/images.spreaker.com/original/244631631154e7b95c9d4047ee056c7f.jpg,2026-08-13 03:53:16,7989442,confirmed,https://www.spreaker.com/podcast/434--7259732,1786593196,68c0b5d6c387f436a0e5bfed50b348ab,,4,0,INDIVIDUAL
Eleanor & Dad - MCP,Jason,https://feeds.transistor.fm/eleanor-dad-mcp,Testing the Transistor MCP using the Eleanor & Dad podcast,Transistor,en,https://img.transistorcdn.com/dd-CvpCm-4YlTimn058rUlB0t9gnk0qk61AbCQJwvvM/rs:fill:0:0:1/w:1400/h:1400/q:60/mb:500000/aHR0cHM6Ly9pbWct/dXBsb2FkLXByb2R1/Y3Rpb24udHJhbnNp/c3Rvci5mbS8yYzYw/ZTRhNzVmYTI1MTcy/YjdjOGM5OGNiN2Zk/YmU3OS5wbmc.jpg,2026-08-13 03:52:51,7989441,confirmed,,1786593171,126165b06a9728fc789ca05c67928e9b,,4,0,INDIVIDUAL
artificallysunn,Kindred,https://rss.buzzsprout.com/2637020.rss,<p>the birth of an artificial sun. </p>,Buzzsprout,en-us,https://storage.buzzsprout.com/8s3fs2on7jxf6721ibu9hwp284iz?.jpg,2026-08-13 03:44:21,7989437,confirmed,,1786592661,8d9ae13f0ffcdce5ad6842174594a6e9,,4,0,INDIVIDUAL
Butterfly Novel,Butterfly Novel,https://anchor.fm/s/bffc50c/podcast/rss,Short Stories. Audiobooks. Spiritual Bread. And More.,Anchor,en,https://d3t3ozftmdmh3i.cloudfront.net/production/podcast_uploaded_nologo/1913115/1913115-1562601140104-42232e1c04e6a.jpg,2026-08-13 03:17:27,7989424,confirmed,https://mybutterflynovel.blogspot.com,1786591047,60d470cad4eb87be96fc5ac7d142d95f,1552312611.0,2,0,INDIVIDUAL
11th Class Result 2026 BISE Multan – Com,11 class bise multan,https://www.spreaker.com/show/7259672/episodes/feed,"Are you waiting for the <a href=""https://11thresultbisemultan.com/"" target=""_blank"" rel=""noreferrer noopener"">11th Result BISE Multan </a>? In this podcast, we discuss everything students need to know about the BISE Multan 11th Class Result 2026, also known as the 1st Year Result 2026 Multan Board.<br />We explain how students can check their result, what information may appear on the result card, why the 11th class result is important, and what students should do after receiving their marks.<br />Whether you are a student, parent, or teacher, this podcast provides a simple and useful overview of the BISE Multan 11th Result 2026.<br />Listen to the complete podcast for useful information about the 11th Class Result 2026 BISE Multan and tips for planning your next academic step.<br />Main Keyword: 11th Class Result 2026 BISE Multan<br />Related Keywords: BISE Multan 11th Result 2026, 1st Year Result 2026 Multan Board, 11th Class Result Multan Board, BISE Multan Result 2026<br />",Spreaker,en,https://d3wo5wojvuv7l.cloudfront.net/t_rss_itunes_square_1400/images.spreaker.com/original/37f15b4f52642948f00809ab7ac50ec9.jpg,2026-08-13 03:08:14,7989414,confirmed,https://www.spreaker.com/podcast/11th-class-result-2026-bise-multan-com--7259672,1786590494,51b272831d22c4962ca86eec0359dc62,,4,0,INDIVIDUAL
The Inquiry Exchange,"David Brothman, Ed.D",https://anchor.fm/s/115c24a8c/podcast/rss,"The Inquiry Exchange
Hosted by Dr. David Brothman
Welcome to The Inquiry Exchange, dedicated to helping middle and high school educators break free from passive learning and shift the cognitive heavy lifting back to students.
Hosted by Dr. David Brothman—Social Studies Curriculum Lead, Teacher Preparation Faculty, and author of Escape the Lecture Trap—this show provides practical strategies for active classroom inquiry, student discourse, and question formulation.
🌐 Learn more: Dr. David Brothman | 5–12 Educational Consultant & Author at https://brothmaninquiry.wixsite.com/brothman-inquiry",Anchor,en,https://d3t3ozftmdmh3i.cloudfront.net/staging/podcast_uploaded_nologo/46500219/46500219-1786027043234-6af36517f1151.jpg,2026-08-13 03:00:23,7989410,confirmed,https://podcasters.spotify.com/pod/show/david-brothman-edd3,1786590023,3837e18417c391e23879155878e8fcd6,6800521361.0,2,0,INDIVIDUAL
Tuesday witchcraft podcast,Elena,https://anchor.fm/s/10e79f43c/podcast/rss,"Hello I am Elena from @Crime Balls if you are interested in the healing power of shamanism/paganism and witchcraft, wanting to learn about it or just sick of the demonic myths about these beautiful nature based beliefs then you are in the right place!   I will go tell the truth and the whole truth and nothing but the truth about nature based religion!   Feel free to follow along!   Don’t press your beliefs on me as I am just educating people on the healing of witchcraft and shamanism/paganism!   Thank you!
~Elena",Anchor,en,https://d3t3ozftmdmh3i.cloudfront.net/staging/podcast_uploaded_nologo/45278407/45278407-1769707537734-51756a2382736.jpg,2026-08-13 02:51:23,7989403,confirmed,https://podcasters.spotify.com/pod/show/moon-melanson,1786589483,0e4b09a2a4f10c0a5c4273184469bf24,6792509450.0,2,0,INDIVIDUAL
街はメディアだ！,TBS RADIO,https://feeds.megaphone.fm/TBS8176515201,"<p>次々生まれ変わる東京の大改造や再開発、日本中の街づくりの挑戦をアート、エンタメなど最新情報、流行りのトピックスを交えながら毎週トーク。あなたのビジネスや街歩きをワクワクさせる３０分。</p>
<p>■ナビゲーター：アートとテクノロジーの交差点で新しい体験＝新領域を創出するプロデューサー・杉山央＆メディア歴40年のTBS・向山明生。</p>
<p>■毎週月曜日配信予定</p>
<p>■番組メールアドレス：<a href=""https://mmtbs@tbs.co.jp"">mmtbs@tbs.co.jp</a></p>
<p>■番組HP：<a href=""https://www.tbsradio.jp/machi-media/"">https://www.tbsradio.jp/machi-media/</a></p>",Megaphone,en,"https://megaphone.imgix.net/podcasts/84da76cc-95f2-11f1-b644-bf1ac32ebafe/image/3c54aba7a14980df51097b9928b7488d.jpg?ixlib=rails-4.3.1&max-w=3000&max-h=3000&fit=crop&auto=format,compress",2026-08-13 02:45:48,7989398,confirmed,https://www.tbsradio.jp/podcast/,1786589148,c15072765c975f01d8d55b631e32f6a5,6800540854.0,2,0,CORPORATE
CBCラジオ　CMコンクール,株式会社CBCラジオ,https://feeds.megaphone.fm/CBCRADIO8689092630,"<p>
CBCラジオでは「CBCラジオCMコンクール」を開催しました。<br>みなさんから頂いた20秒のCMコピーから制作した受賞作品を公開しています。
</p>",Megaphone,en,"https://megaphone.imgix.net/podcasts/bdb65ae8-1c2a-11f1-91bd-33f69c011a5c/image/ad00333c270e4fcd006fbd0da6112415.png?ixlib=rails-4.3.1&max-w=3000&max-h=3000&fit=crop&auto=format,compress",2026-08-13 02:38:38,7989394,confirmed,https://hicbc.com/radio/,1786588718,ade5e8582fcaf737aa752d3c7fcf79d9,1885715133.0,2,0,INDIVIDUAL
The Cinema 360 Degrees Podcast,Mihai Ionescu,https://feed.podbean.com/tapc360deg/feed.xml,"Cinema360Degrees delivers weekly deep-dive movie discussions, exploring themes, symbols and storytelling. Thoughtful, personal cinematic analysis for film lovers who want more than a basic review.",Podbean,en,https://pbcdn1.podbean.com/imglogo/image-logo/22554455/C360DegNEW.jpg,2026-08-13 02:36:24,7989390,confirmed,https://tapc360deg.podbean.com,1786588584,eccdd60e99de791dab5febf09dd99e30,6800431698.0,2,0,INDIVIDUAL
The Media GM Report,Glenn Mann,https://anchor.fm/s/10f3d650c/podcast/rss,Following some of biggest media and industry stories,Anchor,en-us,https://d3t3ozftmdmh3i.cloudfront.net/staging/podcast_uploaded_nologo/45406491/45406491-1782735788530-c1f94fb074898.jpg,2026-08-13 02:32:07,7989385,confirmed,https://podcasters.spotify.com/pod/show/sidewalks-and-skyscrapers8,1786588327,d78d0f168d4e787f407ddbc3ec5b256c,6786916752.0,2,0,INDIVIDUAL
The 30 Day Contract - Commentary,Marcel,https://rss.buzzsprout.com/2636689.rss,"<p>The 30-Day Contract is designed to help you enjoy the best parts of a relationship – the excitement of discovery and uninhibited experiences of sex, fun, pleasure, joy, and anything else you want to add to it.</p><p>What usually happens is that the beginning of the relationship is typically the most memorable part of the relationship. It's because it's fun, and you're excited to see each other and eager to explore each other – mind, body, and soul. It's a pleasurable time because the everyday problems of most people's lives that are very problematic have not entered the relationship.</p>",Buzzsprout,en-us,https://storage.buzzsprout.com/p1316k7e0zlhnwnnufal89d6a8kq?.jpg,2026-08-13 02:29:39,7989382,confirmed,,1786588179,ee7789a22082fa390330379103444cac,,4,0,INDIVIDUAL
But the Book Was Better,Vermont Moms,https://anchor.fm/s/9a2934f8/podcast/rss,"Hey, I’m Claire - self proclaimed book nerd. And I’m Julie - streaming obsessed. This is, But the Book Was Better.
In this podcast, we’ll be reading books, then watching their screen adaptations. We’ll cover some classics and some of the newer stuff everyone is talking about. Sometimes we’ll be talking about shows, sometimes movies - it all depends. Yea, let’s get wild! 
We’ll break down each book… And ultimately, we’ll debate which was better. It’ll be the book, it’s always the book. Well, they’ll have to tune in to find out!",Anchor,en-us,https://d3t3ozftmdmh3i.cloudfront.net/staging/podcast_uploaded_nologo/25763918/25763918-1697655001884-778ecb4a65335.jpg,2026-08-13 02:26:14,7989380,confirmed,https://vermontmoms.com/podcasts/,1786587974,21952fc4f11c39aa2e8587217a2b099b,1626192265.0,2,0,INDIVIDUAL
WTTN Presents,Petit Guignol Productions,https://feeds.acast.com/public/shows/6a63bdafd1989631429a69a1,"<p>WTTN Presents: Tales of Suspense and Terror, transports listeners back to the golden age of radio drama. WTTN is a popular radio station in The City, providing news and entertainment to a wide audience. Recently, the station has changed management and the transition has been... odd. The station's regular cadre of actors - Chet, Dianne, Mary, Eddie, Herbie, and Sophia - have noticed that not everything is running as smoothly as before. Where did the writers go? Who is Richard, the new station manager and why does he seem to know so much about each of them? What are these other stations that have begun to bleed over into WTTN's frequency?</p><br><p>And the coffee in the break room? Well, the coffee is as terrible as ever. Some things never change.</p><br><p>Petit Guignol Productions is an entertainment company that creates original horror audio dramas. ""Petit Guignol"" comes from the ""Grand Guignol,"" a French theater in the late 1800s and early 1900s that, in addition to bawdy comedies, staged gruesome and shocking plays often ripped from the sensationalist headlines of the day. PGP seeks to provide similar entertainment over the ""air waves"" of modern media.</p><hr><p style='color:grey; font-size:0.75em;'> Hosted on Acast. See <a style='color:grey;' target='_blank' rel='noopener noreferrer' href='https://acast.com/privacy'>acast.com/privacy</a> for more information.</p>",Acast,en,https://assets.pippa.io/shows/cover/1784921498736-188d4405-c664-49e2-bc55-b6e1f71bfefb.jpeg,2026-08-13 02:24:57,7989379,confirmed,https://petitguignolproductions.com/,1786587897,885e914ec89a4d9ef56f50013e98e7e5,,0,0,CORPORATE
The Imperfect Palette,Johnny Thomas,https://anchor.fm/s/115bd82b8/podcast/rss,"The Imperfect Palette Podcast is a laid-back, funny, and honest podcast for artists and creators who’ve ever stared at a blank page and questioned their entire existence. Each week we talk about the real side of making art like creative slumps, ego, comparison, burnout, self-doubt, and the occasional sketchbook-induced crisis. No fake guru advice, no pretending we’ve got it figured out. Just real conversations, laughs, questionable spending habits, and the reminder you’re not alone. If your creative process is messy, welcome.",Anchor,en-us,https://d3t3ozftmdmh3i.cloudfront.net/staging/podcast_uploaded_nologo/46497086/46497086-1786676311664-43321e153c52f.jpg,2026-08-13 02:20:29,7989378,confirmed,https://podcasters.spotify.com/pod/show/jthomas-art,1786587629,c05d5e9654ac9c584d5f6c272d9a622e,6800547211.0,2,0,INDIVIDUAL
Line Rate,"Compound Governance, Inc.",https://feeds.transistor.fm/line-rate,"Line Rate is the audio edition of the Arista Networks director briefing. Two desks, one quarter: every number tested against the filings, the call record, and management's own declared targets — delivered at full speed, nothing dropped. Made for board members and serious observers who want the signal beneath the print. New episodes each quarter, within days of earnings.",Transistor,en,https://img.transistorcdn.com/V5XTUdwq2WGP04Alid358obGSrRD2skC_iuU5ABgRis/rs:fill:0:0:1/w:1400/h:1400/q:60/mb:500000/aHR0cHM6Ly9pbWct/dXBsb2FkLXByb2R1/Y3Rpb24udHJhbnNp/c3Rvci5mbS9mMmY2/Y2IyNmZmODkxNGRi/ZGY0M2QwMjcwODM1/ZjJhOS5qcGc.jpg,2026-08-13 02:17:42,7989375,confirmed,,1786587462,c38fe4fc4da1bead7a759b770d414b4b,,4,0,CORPORATE
FPL Chai,FPL Chai,https://feeds.megaphone.fm/COMG2925793144,<p>Former world no.2 FPL Chai provides regular team reveals and transfer tips throughout the season.</p>,Megaphone,en,"https://megaphone.imgix.net/podcasts/62a324de-9019-11f1-a54e-e33d5d9192a7/image/7db70c5e8ce0f65495db4ebe28d6b5cd.png?ixlib=rails-4.3.1&max-w=3000&max-h=3000&fit=crop&auto=format,compress",2026-08-13 02:16:25,7989373,confirmed,https://sport-social.co.uk/,1786587385,6119c1ab848577542ca5902a8e92fea6,6798043219.0,2,0,INDIVIDUAL
A Magic Brit Abroad Podcast,Adam Phillips,https://anchor.fm/s/114bf597c/podcast/rss,"A weekly podcast hosted by a Disney-loving Brit and former Disney Cast Member, who has moved to the US. Now living in North Carolina, enjoy solo and guest episodes that highlight the differences of living in the US for Adam, and learn from guests who are from all over. This is a fun show with quizzes each episode, Disney/Universal stories, and plenty of dry humor!",Anchor,en-us,https://d3t3ozftmdmh3i.cloudfront.net/staging/podcast_uploaded_nologo/46330519/46330519-1783646138108-bb7dc2d4ac3b6.jpg,2026-08-13 02:15:30,7989372,confirmed,https://podcasters.spotify.com/pod/show/phillada7,1786587330,2d382ec850f17620d98d43f61c5dba7d,6800736535.0,2,0,INDIVIDUAL
